id,collection,category,title_en,title_es,date,year,language,format,size_kb,meeting_type,district,committee,source,publish,anonymity_flag,drive_path,url,notes
"# One row per document in the library (/documents/). The site shows a row only when publish = yes AND it has a link (url, or a drive_path that scripts/drive_ids.py turns into a link). Full guide: scripts/README-documents.md.",,,,,,,,,,,,,,,,,,
"# id = short unique name (never change it). collection = Current | Archive (documents from the previous panel's first year on are always Current). category = the shelf: Minutes, Agendas, Motions, Reports, Delegate, Finances, Guidelines, Conference, GSO, Workbooks, Service, Forms, Calendar, Contributions, Newsletters, District, Flyers, PRAASA, Archives, Misc. title_en / title_es = titles (Spanish one optional). date = 2026-10-11 or 2026-10 (year alone goes in year). language = English | Spanish | Bilingual. format = PDF | Word | Excel | PowerPoint.",,,,,,,,,,,,,,,,,,
"# meeting_type = ASC | ASA | Board (Area minutes and agendas — with the exact date they are matched to /service/area-meetings/). district = d01-03, d05 … committee = committee slug. publish = yes | review (held for an anonymity check — never shown) | no (never shown). anonymity_flag = why it is held. drive_path = path in the Area Drive starting with docs/. url = Drive link. ANONYMITY: run python scripts/scan-documents.py --file <your.pdf> before adding a file.",,,,,,,,,,,,,,,,,,
archive-districts-d5-2019-district-5-guidelines-revision-h-december-2019-en,Archive,District,"District 5 Guidelines, Revision H (December 2019)","Guías del Distrito 5, revisión H (diciembre de 2019)",2019-12-12,2019,English,PDF,458,,d05,,msca09aa.org (media library),yes,,docs/archive/districts/d5/2019/district-5-guidelines-revision-h-december-2019-en.pdf,https://drive.google.com/file/d/1DPJM6lrFuhb6RJHqJp36Bz_afXjOcBeE/view,
archive-districts-d5-2019-2019-12-12-d5-event-grapevine-spkr-ed-l-en,Archive,District,2019 12 12 District 5 Event Grapevine Spkr Ed L,,2019-12-12,2019,English,PDF,265,,d05,,area09.org (legacy site),yes,,docs/archive/districts/d5/2019/2019-12-12-d5-event-grapevine-spkr-ed-l-en.pdf,https://drive.google.com/file/d/1DHS0HqDB_jlzfUVytCdSGR1-kn-i8W3v/view,
archive-minutes-2019-december-2019-en,Archive,Minutes,Minutes – December 2019,Actas – diciembre de 2019,2019-12-09,2019,English,PDF,81,,,,area09.org (legacy site),yes,,docs/archive/minutes/2019/december-2019-en.pdf,https://drive.google.com/file/d/1dERzn5K4lqPbjS2YOXjQrEl2L7rQGpbH/view,
archive-minutes-2019-minutes-asc-2019-12-08-final-spanish-rev-es,Archive,Minutes,ASC Minutes – December 2019 (rev),Actas del CSA – diciembre de 2019 (rev),2019-12-08,2019,Spanish,PDF,164,ASC,,,area09.org (legacy site),yes,,docs/archive/minutes/2019/minutes-asc-2019-12-08-final-spanish-rev-es.pdf,https://drive.google.com/file/d/1DNg87ESrqbdkYGIKoslgsxNxKtzc3Owp/view,
archive-minutes-2021-12-minutes-asc-december-2019-final-spanish-2019-12-es,Archive,Minutes,ASC Minutes – December 2019,Actas del CSA – diciembre de 2019,2019-12-08,2019,Spanish,PDF,197,ASC,,,msca09aa.org,yes,,docs/archive/minutes/2021/12-minutes-asc-december-2019-final-spanish-2019-12-es.pdf,https://drive.google.com/file/d/1uJozwTdcYhqJQ6XG2YXjukjnAlIOz6t1/view,
archive-districts-d8-2019-dec-2019-minutes-en-redacted,Archive,District,District 8 Minutes – December 2019,Actas del Distrito 8 – diciembre de 2019,2019-12,2019,English,PDF,159,,d08,,area09.org (legacy site),yes,,docs/archive/districts/d8/2019/dec-2019-minutes-en-redacted.pdf,https://drive.google.com/file/d/15sZY-iIIkE7dJ8bmb3jUuJifrTDq_vhb/view,"Anonymity-redacted copy: full names shortened to first name + last initial, personal e-mails and phone numbers removed. Original (held for review): docs/archive/districts/d8/2019/dec-2019-minutes-en.pdf Re-redacted 2026-10-06: names shortened to first name + initial; personal contact details, addresses and sobriety dates removed (scripts/scan-documents.py)."
archive-misc-gsb-strategic-plan-11-22-19-en,Archive,Misc,"GSB Strategic Plan November 22, 2019",,2019-11-22,2019,English,PDF,225,,,,area09.org (legacy site),yes,,docs/archive/misc/gsb-strategic-plan-11-22-19-en.pdf,https://drive.google.com/file/d/1J_hz7cUaEQQNuhCbIlp_IkTFzSYJ0zZF/view,
archive-minutes-2019-minutes-asc-november-2019-final-spanish-es,Archive,Minutes,ASC Minutes – November 2019 (version 2),Actas del CSA – noviembre de 2019 (versión 2),2019-11-10,2019,Spanish,PDF,292,ASC,,,area09.org (legacy site),yes,,docs/archive/minutes/2019/minutes-asc-november-2019-final-spanish-es.pdf,https://drive.google.com/file/d/11whr6jTbBoioI38-WA17rfqti47AR-U-/view,
archive-minutes-2021-11-minutes-asc-november-2019-final-spanish-es,Archive,Minutes,ASC Minutes – November 2019,Actas del CSA – noviembre de 2019,2019-11-10,2019,Spanish,PDF,244,ASC,,,msca09aa.org,yes,,docs/archive/minutes/2021/11-minutes-asc-november-2019-final-spanish-es.pdf,https://drive.google.com/file/d/1Z1BUFrnkt2T3oORpMBhN5dJg38donBps/view,
archive-minutes-2019-minutes-asc-november-2019-final-english-en-redacted,Archive,Minutes,ASC Minutes – November 2019,Actas del CSA – noviembre de 2019,2019-11-10,2019,English,PDF,256,ASC,,,area09.org (legacy site),yes,,docs/archive/minutes/2019/minutes-asc-november-2019-final-english-en-redacted.pdf,https://drive.google.com/file/d/1uZB9Sw8WLK_1jvlkbWHreTl2F64cSqUG/view,"Anonymity-redacted copy: full names shortened to first name + last initial, personal e-mails and phone numbers removed. Original (held for review): docs/archive/minutes/2019/minutes-asc-november-2019-final-english-en.pdf"
archive-districts-d8-2019-nov-2019-district-8-msca-09-en,Archive,District,Nov 2019 District 8 MSCA 09,,2019-11,2019,English,PDF,158,,d08,,area09.org (legacy site),yes,,docs/archive/districts/d8/2019/nov-2019-district-8-msca-09-en.pdf,https://drive.google.com/file/d/1UWZxcJSG0D2ax8vxmQto40S0rembr4FS/view,
archive-minutes-2019-minutes-asa-october-election-2019-final-english-en-redacted,Archive,Minutes,Assembly (ASA) Minutes – October 2019,Actas de la Asamblea (ASA) – octubre de 2019,2019-10-13,2019,English,PDF,93,ASA,,,area09.org (legacy site),yes,,docs/archive/minutes/2019/minutes-asa-october-election-2019-final-english-en-redacted.pdf,https://drive.google.com/file/d/1jhrlTS84toLaEZ-JYdZX8PtKTYQGgsFk/view,"Anonymity-redacted copy: full names shortened to first name + last initial, personal e-mails and phone numbers removed. Original (held for review): docs/archive/minutes/2019/minutes-asa-october-election-2019-final-english-en.pdf Re-redacted 2026-10-06: names shortened to first name + initial; personal contact details, addresses and sobriety dates removed (scripts/scan-documents.py)."
archive-minutes-2021-10-minutes-asa-october-election-2019-final-spanish-es-redacted,Archive,Minutes,Assembly (ASA) Minutes – October 2019,Actas de la Asamblea (ASA) – octubre de 2019,2019-10-13,2019,Spanish,PDF,111,ASA,,,msca09aa.org,yes,,docs/archive/minutes/2021/10-minutes-asa-october-election-2019-final-spanish-es-redacted.pdf,https://drive.google.com/file/d/1rOsvMHYqRkQ2A4lpM3BkxykGDpgW3UTc/view,"Anonymity-redacted copy: full names shortened to first name + last initial, personal e-mails and phone numbers removed. Original (held for review): docs/archive/minutes/2021/10-minutes-asa-october-election-2019-final-spanish-es.pdf Re-redacted 2026-10-06: names shortened to first name + initial; personal contact details, addresses and sobriety dates removed (scripts/scan-documents.py)."
reports-treasurer-ap-2019-budget-vs-actual-through-september-13-2019-en,Archive,Finances,"Budget vs. actual – through September 13, 2019",Presupuesto frente a gastos reales – hasta el 13 de septiembre de 2019,2019-09-13,2019,English,PDF,640,,,treasurer-ap,msca09aa.org (media library),yes,,docs/reports/Treasurer AP/2019/budget-vs-actual-through-september-13-2019-en.pdf,https://drive.google.com/file/d/1deVuzaPa1RVLyjFzX9PNhOW3sAwB4FA4/view,
archive-minutes-2021-09-minutes-asa-september-2019-final-english-en-redacted,Archive,Minutes,Assembly (ASA) Minutes – September 2019,Actas de la Asamblea (ASA) – septiembre de 2019,2019-09-08,2019,English,PDF,303,ASA,,,msca09aa.org,yes,,docs/archive/minutes/2021/09-minutes-asa-september-2019-final-english-en-redacted.pdf,https://drive.google.com/file/d/1HEiPQ1b4_e4TgP9A0lvz3Tm9NQQ5PIDh/view,"Anonymity-redacted copy: full names shortened to first name + last initial, personal e-mails and phone numbers removed. Original (held for review): docs/archive/minutes/2021/09-minutes-asa-september-2019-final-english-en.pdf"
archive-minutes-2021-09-minutes-asa-september-2019-final-spanish-es-redacted,Archive,Minutes,Assembly (ASA) Minutes – September 2019,Actas de la Asamblea (ASA) – septiembre de 2019,2019-09-08,2019,Spanish,PDF,262,ASA,,,msca09aa.org,yes,,docs/archive/minutes/2021/09-minutes-asa-september-2019-final-spanish-es-redacted.pdf,https://drive.google.com/file/d/12eS3YJfLkqDQHlVEJCpheBoW2IQ_Q-cu/view,"Anonymity-redacted copy: full names shortened to first name + last initial, personal e-mails and phone numbers removed. Original (held for review): docs/archive/minutes/2021/09-minutes-asa-september-2019-final-spanish-es.pdf"
archive-minutes-2019-september-2019-en,Archive,Minutes,Minutes – September 2019,Actas – septiembre de 2019,2019-09,2019,English,PDF,373,,,,area09.org (legacy site),yes,,docs/archive/minutes/2019/september-2019-en.pdf,https://drive.google.com/file/d/1obkYA5aTOJHx-j079oQBg2A9ouqvL0Ii/view,
archive-districts-d8-2019-sept-2019-minutes-of-district-8-en,Archive,District,District 8 Minutes – September 2019,Actas del Distrito 8 – septiembre de 2019,2019-09,2019,English,PDF,159,,d08,,area09.org (legacy site),yes,,docs/archive/districts/d8/2019/sept-2019-minutes-of-district-8-en.pdf,https://drive.google.com/file/d/1Ct30C8Ni-UTk6_4qZQl5EtEKaMVON3D9/view,
archive-districts-d5-2019-2019-sept-12-d5-reportback-flyer-en,Archive,District,2019 Sept 12 District 5 Report Back Flyer,,2019-09,2019,English,PDF,185,,d05,,area09.org (legacy site),yes,,docs/archive/districts/d5/2019/2019-sept-12-d5-reportback-flyer-en.pdf,https://drive.google.com/file/d/1a10sr_QP9mLK02_rxidvE9h_rDcWCr3D/view,
archive-minutes-2019-minutes-asc-august-2019-final-english-en,Archive,Minutes,ASC Minutes – August 2019,Actas del CSA – agosto de 2019,2019-08-11,2019,English,PDF,257,ASC,,,area09.org (legacy site),yes,,docs/archive/minutes/2019/minutes-asc-august-2019-final-english-en.pdf,https://drive.google.com/file/d/1Lf9VnjtAOOhIYmd8wLHrqn9In7md1MDV/view,
archive-minutes-2021-08-minutes-asc-august-2019-final-spanish-es,Archive,Minutes,ASC Minutes – August 2019,Actas del CSA – agosto de 2019,2019-08-11,2019,Spanish,PDF,238,ASC,,,msca09aa.org,yes,,docs/archive/minutes/2021/08-minutes-asc-august-2019-final-spanish-es.pdf,https://drive.google.com/file/d/1cPpVydwl_XN3bwTZrat24SBxzK6G8YE-/view,
archive-misc-2021-district-5-elections-info-2019-08-07-en,Archive,Misc,District 5 Elections Info 2019 08 07 2021,,2019-08-07,2019,English,PDF,560,,d05,,msca09aa.org,yes,,docs/archive/misc/2021/district-5-elections-info-2019-08-07-en.pdf,https://drive.google.com/file/d/1q3V5NyD8C2HJZFTq4kXFbvyVQ0GCxvwX/view,
archive-minutes-2019-august-2019-en,Archive,Minutes,Minutes – August 2019,Actas – agosto de 2019,2019-08,2019,English,PDF,414,,,,area09.org (legacy site),yes,,docs/archive/minutes/2019/august-2019-en.pdf,https://drive.google.com/file/d/1d8h9ljhc0UJm09zEm3JaF1HlD00wt911/view,
archive-districts-d8-2019-august-2019-district-8-en,Archive,District,August 2019 District 8,,2019-08,2019,English,PDF,142,,d08,,area09.org (legacy site),yes,,docs/archive/districts/d8/2019/august-2019-district-8-en.pdf,https://drive.google.com/file/d/1Vr3c7zIaVRtABy475ZqwAp5jvdHHGM8w/view,
reports-2019-area-foro-2019-round-table-summaries-es,Archive,Reports,Area Foro 2019 – round-table summaries,Foro del Área 2019 – resúmenes de las mesas redondas,2019-07-14,2019,Bilingual,PDF,120,,,,msca09aa.org (media library),yes,,docs/reports/2019/area-foro-2019-round-table-summaries-es.pdf,https://drive.google.com/file/d/1kKL5ZdkzbM6kkN2q5bfppurIqB9Jnu_X/view,"Re-redacted 2026-10-06: names shortened to first name + initial; personal contact details, addresses and sobriety dates removed (scripts/scan-documents.py)."
archive-newsletters-2019-la-vina-news-jul-aug-2019-en,Archive,Newsletters,La Viña News – July 2019,Noticias de La Viña – julio de 2019,2019-07,2019,Spanish,PDF,229,,,,area09.org (legacy site),yes,,docs/archive/newsletters/2019/la-vina-news-jul-aug-2019-en.pdf,https://drive.google.com/file/d/1SG7dukd3qIRvBThP-01ecOyOt0JpC_XU/view,language detected from text: Spanish (was English)
archive-districts-d5-2019-d5-service-in-july-2019-color-en,Archive,District,District 5 Service in July 2019 Color,,2019-07,2019,English,PDF,317,,d05,,area09.org (legacy site),yes,,docs/archive/districts/d5/2019/d5-service-in-july-2019-color-en.pdf,https://drive.google.com/file/d/1bbkF9FdIuuQ_J7KpG-RALc-aREUsmE_n/view,
archive-newsletters-2019-grapevine-news-for-july-2019-en,Archive,Newsletters,Area Newsletter – July 2019,Boletín del Área – julio de 2019,2019-07,2019,English,PDF,380,,,,area09.org (legacy site),yes,,docs/archive/newsletters/2019/grapevine-news-for-july-2019-en.pdf,https://drive.google.com/file/d/1ECxvV3k5LjSkzldM0Rmj0sYOSRBJBQkL/view,
archive-minutes-2019-minutes-asc-june-2019-final-english-en,Archive,Minutes,ASC Minutes – June 2019,Actas del CSA – junio de 2019,2019-06-09,2019,English,PDF,179,ASC,,,area09.org (legacy site),yes,,docs/archive/minutes/2019/minutes-asc-june-2019-final-english-en.pdf,https://drive.google.com/file/d/1AAJbGUdKLfBskMgOoZsPIGWogJxhXNu9/view,
archive-minutes-2021-06-minutes-asc-june-2019-final-spanish-es,Archive,Minutes,ASC Minutes – June 2019,Actas del CSA – junio de 2019,2019-06-09,2019,Spanish,PDF,188,ASC,,,msca09aa.org,yes,,docs/archive/minutes/2021/06-minutes-asc-june-2019-final-spanish-es.pdf,https://drive.google.com/file/d/1BqxWiNO_m5rsCXqwEwhLg1JZAblwgEWG/view,
archive-districts-d8-2019-june-2019-minutes-en,Archive,District,District 8 Minutes – June 2019,Actas del Distrito 8 – junio de 2019,2019-06,2019,English,PDF,122,,d08,,area09.org (legacy site),yes,,docs/archive/districts/d8/2019/june-2019-minutes-en.pdf,https://drive.google.com/file/d/1aXdeMm6bVkl8BQuJaRVeIj6K7u6aQclX/view,
archive-minutes-2019-may-2019-en,Archive,Minutes,Minutes – May 2019,Actas – mayo de 2019,2019-05,2019,English,PDF,429,,,,area09.org (legacy site),yes,,docs/archive/minutes/2019/may-2019-en.pdf,https://drive.google.com/file/d/1fsZ89foZK9shAVCETFEspFj3u6xecrQn/view,
archive-districts-d8-2019-may-2019-minutes-en,Archive,District,District 8 Minutes – May 2019,Actas del Distrito 8 – mayo de 2019,2019-05,2019,English,PDF,89,,d08,,area09.org (legacy site),yes,,docs/archive/districts/d8/2019/may-2019-minutes-en.pdf,https://drive.google.com/file/d/1AGUKKKkUUaLtum44P4OKWk_E_c4aTfyI/view,
archive-newsletters-2019-news-19-may-sp-es-redacted,Archive,Newsletters,Area Newsletter – May 2019,Boletín del Área – mayo de 2019,2019-05,2019,Spanish,PDF,512,,,,area09.org (legacy site),yes,,docs/archive/newsletters/2019/news-19-may-sp-es-redacted.pdf,https://drive.google.com/file/d/1JC6gzPRi7Aml-7y9Rq0i7BTeeE1MFU7E/view,"Anonymity-redacted copy: full names shortened to first name + last initial, personal e-mails and phone numbers removed. Original (held for review): docs/archive/newsletters/2019/news-19-may-sp-es.pdf"
archive-newsletters-2019-news-19-may-en-en-redacted,Archive,Newsletters,Area Newsletter – May 2019,Boletín del Área – mayo de 2019,2019-05,2019,English,PDF,634,,,,area09.org (legacy site),yes,,docs/archive/newsletters/2019/news-19-may-en-en-redacted.pdf,https://drive.google.com/file/d/1A7VNYbX-obh_8MEMUorzLbrypmQuFUnv/view,"Anonymity-redacted copy: full names shortened to first name + last initial, personal e-mails and phone numbers removed. Original (held for review): docs/archive/newsletters/2019/news-19-may-en-en.pdf"
minutes-2019-apr-2019-asa-minutes-en-redacted,Archive,Minutes,Assembly (ASA) Minutes – April 2019,Actas de la Asamblea (ASA) – abril de 2019,2019-04-14,2019,English,PDF,252,ASA,,,msca09aa.org,yes,,docs/minutes/2019/apr-2019-asa-minutes-en-redacted.pdf,https://drive.google.com/file/d/1SsN4ONBP43F7Q97G1873nBNc_bpcb_gs/view,"Anonymity-redacted copy: full names shortened to first name + last initial, personal e-mails and phone numbers removed. Original (held for review): docs/minutes/2019/apr-2019-asa-minutes-en.pdf Re-redacted 2026-10-06: names shortened to first name + initial; personal contact details, addresses and sobriety dates removed (scripts/scan-documents.py)."
archive-minutes-2021-04-minutes-asa-april-2019-final-spanish-es-redacted,Archive,Minutes,Assembly (ASA) Minutes – April 2019,Actas de la Asamblea (ASA) – abril de 2019,2019-04-14,2019,Spanish,PDF,240,ASA,,,msca09aa.org,yes,,docs/archive/minutes/2021/04-minutes-asa-april-2019-final-spanish-es-redacted.pdf,https://drive.google.com/file/d/1u3_TXFc4lpEyjKuYNXcmYfOnkbuxwKnv/view,"Anonymity-redacted copy: full names shortened to first name + last initial, personal e-mails and phone numbers removed. Original (held for review): docs/archive/minutes/2021/04-minutes-asa-april-2019-final-spanish-es.pdf"
archive-minutes-2019-april-2019-en,Archive,Minutes,Minutes – April 2019,Actas – abril de 2019,2019-04,2019,English,PDF,459,,,,area09.org (legacy site),yes,,docs/archive/minutes/2019/april-2019-en.pdf,https://drive.google.com/file/d/1KxNMV1vJ4SFusTQMyVz-eqWm8X7hPoCu/view,
archive-districts-d8-2019-april-2019-of-district-8-msca-09-en-redacted,Archive,District,April 2019 of District 8 MSCA 09,,2019-04,2019,English,PDF,81,,d08,,area09.org (legacy site),yes,,docs/archive/districts/d8/2019/april-2019-of-district-8-msca-09-en-redacted.pdf,https://drive.google.com/file/d/15y8PeE5pHgSe_1KheIAt2agRasA32I1U/view,"Anonymity-redacted copy: full names shortened to first name + last initial, personal e-mails and phone numbers removed. Original (held for review): docs/archive/districts/d8/2019/april-2019-of-district-8-msca-09-en.pdf"
archive-minutes-2021-03-minutes-asc-march-2019-final-spanish-es,Archive,Minutes,ASC Minutes – March 2019,Actas del CSA – marzo de 2019,2019-03-10,2019,Spanish,PDF,208,ASC,,,msca09aa.org,yes,,docs/archive/minutes/2021/03-minutes-asc-march-2019-final-spanish-es.pdf,https://drive.google.com/file/d/1vvpyV0-j3GnsVYbvEbOmmqhDOXbxTFPS/view,
archive-minutes-2019-march-2019-en,Archive,Minutes,Minutes – March 2019,Actas – marzo de 2019,2019-03,2019,English,PDF,1147,,,,area09.org (legacy site),yes,,docs/archive/minutes/2019/march-2019-en.pdf,https://drive.google.com/file/d/1j5T_wV_dfSrGtHMER1FSeIi7oy2kUGl6/view,
archive-districts-d8-2019-mar-2019-minutes-en,Archive,District,District 8 Minutes – March 2019,Actas del Distrito 8 – marzo de 2019,2019-03,2019,English,PDF,77,,d08,,area09.org (legacy site),yes,,docs/archive/districts/d8/2019/mar-2019-minutes-en.pdf,https://drive.google.com/file/d/1Oh62RtSkoIa-YSmEdq-aPXQb3BVaGQVa/view,
archive-guidelines-2019-guidelines-finance-committee-spanish-draft-2019-02-13-es,Archive,Guidelines,Finance Committee Guidelines (2019),Guías del Comité de Finanzas (2019),2019-02-13,2019,Spanish,PDF,185,,,finance,area09.org (legacy site),yes,,docs/archive/guidelines/2019/guidelines-finance-committee-spanish-draft-2019-02-13-es.pdf,https://drive.google.com/file/d/10ir_n2MxoZqn8cmMMLfT9CNaMbn6fngY/view,
archive-minutes-2019-minutes-asc-february-2019-final-english-en-redacted,Archive,Minutes,ASC Minutes – February 2019,Actas del CSA – febrero de 2019,2019-02-10,2019,English,PDF,260,ASC,,,area09.org (legacy site),yes,,docs/archive/minutes/2019/minutes-asc-february-2019-final-english-en-redacted.pdf,https://drive.google.com/file/d/1-usAaP1a4I7lALz4uf7TqIdmvY3QAsuc/view,"Anonymity-redacted copy: full names shortened to first name + last initial, personal e-mails and phone numbers removed. Original (held for review): docs/archive/minutes/2019/minutes-asc-february-2019-final-english-en.pdf Re-redacted 2026-10-06: names shortened to first name + initial; personal contact details, addresses and sobriety dates removed (scripts/scan-documents.py)."
archive-guidelines-2019-guidelines-msca-yppa-ver1-spanish-2019-01-15-es,Archive,Guidelines,Guidelines MSCA YPAA Ver 1 Spanish 2019.01.15,Guías MSCA YPAA Ver 1 (español) 2019.01.15,2019-01-15,2019,Spanish,PDF,17,,,,area09.org (legacy site),yes,,docs/archive/guidelines/2019/guidelines-msca-yppa-ver1-spanish-2019-01-15-es.pdf,https://drive.google.com/file/d/1bdDtxflyWf8KuYOJbeU9TjvTZU5gVeP4/view,
archive-minutes-2019-minutes-asa-january-2019-final-english-en-redacted,Archive,Minutes,Assembly (ASA) Minutes – January 2019,Actas de la Asamblea (ASA) – enero de 2019,2019-01-13,2019,English,PDF,339,ASA,,,area09.org (legacy site),yes,,docs/archive/minutes/2019/minutes-asa-january-2019-final-english-en-redacted.pdf,https://drive.google.com/file/d/1YxPpejfAxkQyAS-xcGWZeL-Z6gC4k_UT/view,"Anonymity-redacted copy: full names shortened to first name + last initial, personal e-mails and phone numbers removed. Original (held for review): docs/archive/minutes/2019/minutes-asa-january-2019-final-english-en.pdf"
archive-minutes-2021-01-minutes-asa-january-2019-final-spanish-es-redacted,Archive,Minutes,Assembly (ASA) Minutes – January 2019,Actas de la Asamblea (ASA) – enero de 2019,2019-01-13,2019,Spanish,PDF,339,ASA,,,msca09aa.org,yes,,docs/archive/minutes/2021/01-minutes-asa-january-2019-final-spanish-es-redacted.pdf,https://drive.google.com/file/d/1sebfbNxGUPcn3_mzGPJwZrUV1qYIIWck/view,"Anonymity-redacted copy: full names shortened to first name + last initial, personal e-mails and phone numbers removed. Original (held for review): docs/archive/minutes/2021/01-minutes-asa-january-2019-final-spanish-es.pdf Re-redacted 2026-10-06 after the pre-launch scan (personal phone numbers removed; checked again with both scanners and OCR)."
archive-guidelines-2019-guidelines-msca-yppa-ver1-english-2019-01-15-en,Archive,Guidelines,YPAA Committee Guidelines (2019),Guías del Comité de YPAA (jóvenes en A.A.) (2019),2019,2019,English,PDF,74,,,ypaa,area09.org (legacy site),yes,,docs/archive/guidelines/2019/guidelines-msca-yppa-ver1-english-2019-01-15-en.pdf,https://drive.google.com/file/d/1H5eabF43s8Nb_aiiVqaLknF4-nr58N0X/view,
archive-finances-2019-2019-first-quarter-group-contributions-en-redacted,Archive,Finances,Group contributions – 1st quarter 2019,Contribuciones de los grupos – 1.er trimestre de 2019,2019,2019,English,PDF,187,,,,area09.org (legacy site),yes,,docs/archive/finances/2019/2019-first-quarter-group-contributions-en-redacted.pdf,https://drive.google.com/file/d/1EwhuP6SaeAygWbc7Yb9FTVZ6IjqsdbFl/view,"Anonymity-redacted copy: full names shortened to first name + last initial, personal e-mails and phone numbers removed. Original (held for review): docs/archive/finances/2019/2019-first-quarter-group-contributions-en.pdf Re-redacted 2026-10-06: names shortened to first name + initial; personal contact details, addresses and sobriety dates removed (scripts/scan-documents.py)."
archive-guidelines-2019-guidelines-finance-committee-english-draft-2019-02-13-en,Archive,Guidelines,Finance Committee Guidelines (2019),Guías del Comité de Finanzas (2019),2019,2019,English,PDF,82,,,finance,area09.org (legacy site),yes,,docs/archive/guidelines/2019/guidelines-finance-committee-english-draft-2019-02-13-en.pdf,https://drive.google.com/file/d/1T4ilDJR6Yv7yNLcRExr8mZKwOfyPtXLe/view,
archive-reports-2019-gsc-69th-final-summary-tables-english-2019-en,Archive,Reports,Final Summary Tables 2019,,2019,2019,English,PDF,181,,,,area09.org (legacy site),yes,,docs/archive/reports/2019/gsc-69th-final-summary-tables-english-2019-en.pdf,https://drive.google.com/file/d/1oB5RShf_Qb2YyovqnyK0ka_gNeC7CJQu/view,
archive-conference-2019-2019-final-list-of-agenda-items-en-en,Archive,Conference,Final Agenda Items 2019,,2019,2019,English,PDF,38,,,,area09.org (legacy site),yes,,docs/archive/conference/2019/2019-final-list-of-agenda-items-en-en.pdf,https://drive.google.com/file/d/1IvARtW1t645cMgubMR0wh4tN3TeU97Tn/view,
archive-districts-d5-2019-newsletter-2019-4th-qtr-issue-15-en-redacted,Archive,District,District 5 Newsletter – 2019 (4th quarter),Boletín del Distrito 5 – 2019 (4th trimestre),2019,2019,English,PDF,2415,,d05,,area09.org (legacy site),yes,,docs/archive/districts/d5/2019/newsletter-2019-4th-qtr-issue-15-en-redacted.pdf,https://drive.google.com/file/d/1AP2uZi6xDBaGKl6Ddd0Phbq155rvghNu/view,"Anonymity-redacted copy: full names shortened to first name + last initial, personal e-mails and phone numbers removed. Original (held for review): docs/archive/districts/d5/2019/newsletter-2019-4th-qtr-issue-15-en.pdf Re-redacted 2026-10-06 after the pre-launch scan (personal phone numbers, personal e-mail addresses, sobriety dates / birthday-list years removed; checked again with both scanners and OCR)."
archive-districts-d5-2019-newsletter-2019-2nd-qtr-issue-13-en-redacted,Archive,District,"District 5 Newsletter – 2019 (2nd quarter, issue 13)","Boletín del Distrito 5 – 2019 (2nd trimestre, número 13)",2019,2019,English,PDF,3036,,d05,,area09.org (legacy site),yes,,docs/archive/districts/d5/2019/newsletter-2019-2nd-qtr-issue-13-en-redacted.pdf,https://drive.google.com/file/d/1K6_roTvkiNJA-xX_YXVO7tZY_U6to8kn/view,"Anonymity-redacted copy: full names shortened to first name + last initial, personal e-mails and phone numbers removed. Original (held for review): docs/archive/districts/d5/2019/newsletter-2019-2nd-qtr-issue-13-en.pdf Re-redacted 2026-10-06 after the pre-launch scan (personal phone numbers, personal e-mail addresses, sobriety dates / birthday-list years removed; checked again with both scanners and OCR)."
archive-districts-d5-2019-newsletter-2019-1st-qtr-issue-12-en-redacted,Archive,District,District 5 Newsletter – 2019 (1st quarter),Boletín del Distrito 5 – 2019 (1st trimestre),2019,2019,English,PDF,2823,,d05,,area09.org (legacy site),yes,,docs/archive/districts/d5/2019/newsletter-2019-1st-qtr-issue-12-en-redacted.pdf,https://drive.google.com/file/d/1L5eBRIhbBHYK5k6H3W8cnXXCDEcBzvEv/view,"Anonymity-redacted copy: full names shortened to first name + last initial, personal e-mails and phone numbers removed. Original (held for review): docs/archive/districts/d5/2019/newsletter-2019-1st-qtr-issue-12-en.pdf Re-redacted 2026-10-06 after the pre-launch scan (personal phone numbers, personal e-mail addresses, sobriety dates / birthday-list years removed; checked again with both scanners and OCR)."
archive-finances-2019-quarterly-contribution-report-q1-2019-en,Archive,Finances,By District Report By Groups Report 2019,,2019,2019,English,PDF,437,,,,area09.org (legacy site),yes,,docs/archive/finances/2019/quarterly-contribution-report-q1-2019-en.pdf,https://drive.google.com/file/d/16jE64UgWvFn9FbObrVu7LcE0IxSPZiwn/view,
archive-reports-2019-gsc-69th-blank-casting-ballots-pre-conference-workshops-english-en,Archive,Reports,Blank Ballots for Pre-Conference Workshops 2019,,2019,2019,English,PDF,129,,,,area09.org (legacy site),yes,,docs/archive/reports/2019/gsc-69th-blank-casting-ballots-pre-conference-workshops-english-en.pdf,https://drive.google.com/file/d/1MgEAkUMT74jqsszNCAX3WocZRdMKKvL3/view,
archive-newsletters-2019-august-msca09-newsletter-english-en-redacted,Archive,Newsletters,August MSCA 09 Newsletter 2019,,2019,2019,English,PDF,418,,,,area09.org (legacy site),yes,,docs/archive/newsletters/2019/august-msca09-newsletter-english-en-redacted.pdf,https://drive.google.com/file/d/1orMHTeEnCqfyDCRaTGWqha8D8K7urBH1/view,"Anonymity-redacted copy: full names shortened to first name + last initial, personal e-mails and phone numbers removed. Original (held for review): docs/archive/newsletters/2019/august-msca09-newsletter-english-en.pdf Re-redacted 2026-10-06: names shortened to first name + initial; personal contact details, addresses and sobriety dates removed (scripts/scan-documents.py)."
archive-newsletters-2019-august-msca09-newsletter-spanish-es-redacted,Archive,Newsletters,August MSCA 09 Newsletter 2019,Agosto MSCA 09 Boletín 2019,2019,2019,Spanish,PDF,472,,,,area09.org (legacy site),yes,,docs/archive/newsletters/2019/august-msca09-newsletter-spanish-es-redacted.pdf,https://drive.google.com/file/d/18hcMaFFMjU_FPv3IUeQzJP7BTt1tlj6-/view,"Anonymity-redacted copy: full names shortened to first name + last initial, personal e-mails and phone numbers removed. Original (held for review): docs/archive/newsletters/2019/august-msca09-newsletter-spanish-es.pdf Re-redacted 2026-10-06: names shortened to first name + initial; personal contact details, addresses and sobriety dates removed (scripts/scan-documents.py)."
archive-calendars-2019-2019-msca09-calendar-en,Archive,Calendar,Area calendar 2019,Calendario del Área 2019,2019,2019,English,PDF,110,,,,area09.org (legacy site),yes,,docs/archive/calendars/2019/2019-msca09-calendar-en.pdf,https://drive.google.com/file/d/11pXJw0ph4gxZNfbjrVzBIPlL65T4j8GS/view,
archive-finances-2019-final-2019-msca09-budget-en,Archive,Finances,Area budget 2019,Presupuesto del Área 2019,2019,2019,English,PDF,76,,,finance,area09.org (legacy site),yes,,docs/archive/finances/2019/final-2019-msca09-budget-en.pdf,https://drive.google.com/file/d/15AXTzRMaR2VZNlsWCdMpwLdeTsnfQHQn/view,
archive-flyers-2019-anonymity-fragile-sp-es,Archive,Flyers,Anonymity Fragile SP 2019,,2019,2019,Spanish,PDF,357,,,,area09.org (legacy site),yes,,docs/archive/flyers/2019/anonymity-fragile-sp-es.pdf,https://drive.google.com/file/d/199Dn_wOZztNGm39U6Q3Msz7C7qZ68NF-/view,
archive-reports-2019-summary-ballot-2019-pre-conference-workshops-2019-05-05-en,Archive,Reports,69th General Service Conference 2019,,2019,2019,English,PDF,329,,,,area09.org (legacy site),yes,,docs/archive/reports/2019/summary-ballot-2019-pre-conference-workshops-2019-05-05-en.pdf,https://drive.google.com/file/d/1ZPa8yYJlvhwZI_1AnNPsHQHR3wirmPk8/view,
archive-reports-2019-servathon-roundtable-summaries-2019-11-16-en,Archive,Reports,2019 Servathon Roundtable Summaries,,2019,2019,English,PDF,121,,,,area09.org (legacy site),yes,,docs/archive/reports/2019/servathon-roundtable-summaries-2019-11-16-en.pdf,https://drive.google.com/file/d/1IHPLahmvz4lqHWIeScyAnf41AHn5yROV/view,
archive-reports-2019-2019-inventory-resultsenglish-en,Archive,Reports,2019 Inventory ResultsEnglish,,2019,2019,English,PDF,177,,,,area09.org (legacy site),yes,,docs/archive/reports/2019/2019-inventory-resultsenglish-en.pdf,https://drive.google.com/file/d/1HtYJ2_D0bFZNXUCWfwAKvA-vhJLXEl9K/view,
archive-conference-2019-2019-final-list-of-agenda-items-sp-es,Archive,Conference,2019 Final List of Agenda Items SP,2019 Lista final de puntos de agenda SP,2019,2019,Spanish,PDF,31,,,,area09.org (legacy site),yes,,docs/archive/conference/2019/2019-final-list-of-agenda-items-sp-es.pdf,https://drive.google.com/file/d/1kHhlbHjPuFdIXHU8lGdKH5qzkUfwiTRN/view,
archive-workbooks-2019-area-workbook-2019-es,Archive,Workbooks,2019 Area Workbook,Libro de trabajo del Área 2019,2019,2019,Spanish,PDF,990,,,literature,msca09aa.org (media library),yes,,docs/archive/workbooks/2019/area-workbook-2019-es.pdf,https://drive.google.com/file/d/1-483j-vWkZOgxEKr3qd5CTlwxQ2EO7-6/view,"Re-redacted 2026-10-06: names shortened to first name + initial; personal contact details, addresses and sobriety dates removed (scripts/scan-documents.py)."
archive-districts-d5-2019-2019-3rd-qtr-issue-14-en-redacted,Archive,District,2019 3rd Quarter Issue 14,,2019,2019,English,PDF,2763,,d05,,area09.org (legacy site),yes,,docs/archive/districts/d5/2019/2019-3rd-qtr-issue-14-en-redacted.pdf,https://drive.google.com/file/d/1B7l4snJtD7bELOYgLWokvB1PBD5a2IWr/view,"Anonymity-redacted copy: full names shortened to first name + last initial, personal e-mails and phone numbers removed. Original (held for review): docs/archive/districts/d5/2019/2019-3rd-qtr-issue-14-en.pdf Re-redacted 2026-10-06 after the pre-launch scan (personal phone numbers, personal e-mail addresses, sobriety dates / birthday-list years removed; checked again with both scanners and OCR)."
archive-minutes-2018-12-minutes-december-asc-final-2018-english-en,Archive,Minutes,ASC Minutes – December 2018,Actas del CSA – diciembre de 2018,2018-12-09,2018,English,PDF,218,ASC,,,area09.org (legacy site),yes,,docs/archive/minutes/2018/12-minutes-december-asc-final-2018-english-en.pdf,https://drive.google.com/file/d/1T5tjlV-iWLjohcNeaS8gZ5zfC_qmynlZ/view,
archive-minutes-2018-12-minutes-december-asc-final-2018-spanish-es,Archive,Minutes,ASC Minutes – December 2018,Actas del CSA – diciembre de 2018,2018-12-09,2018,Spanish,PDF,265,ASC,,,area09.org (legacy site),yes,,docs/archive/minutes/2018/12-minutes-december-asc-final-2018-spanish-es.pdf,https://drive.google.com/file/d/1E7D0cyQk5kNiYaO7gF-Vh0jtwg7wVhd-/view,
archive-minutes-2018-10-minutes-october-asc-2018-final-english-en-redacted,Archive,Minutes,ASC Minutes – October 2018,Actas del CSA – octubre de 2018,2018-10-14,2018,English,PDF,213,ASC,,,area09.org (legacy site),yes,,docs/archive/minutes/2018/10-minutes-october-asc-2018-final-english-en-redacted.pdf,https://drive.google.com/file/d/1bfMiLCOg-Rm5-SSO7qUsiawgEou5PzHM/view,"Anonymity-redacted copy: full names shortened to first name + last initial, personal e-mails and phone numbers removed. Original (held for review): docs/archive/minutes/2018/10-minutes-october-asc-2018-final-english-en.pdf Re-redacted 2026-10-06: names shortened to first name + initial; personal contact details, addresses and sobriety dates removed (scripts/scan-documents.py)."
archive-minutes-2018-09-minutes-assembly-final-english-2018-09-16-en-redacted,Archive,Minutes,Assembly (ASA) Minutes – September 2018,Actas de la Asamblea (ASA) – septiembre de 2018,2018-09-16,2018,English,PDF,279,ASA,,,area09.org (legacy site),yes,,docs/archive/minutes/2018/09-minutes-assembly-final-english-2018-09-16-en-redacted.pdf,https://drive.google.com/file/d/1BEHdJyOPZFUIinTgZBGhosjnhsduy-dC/view,"Anonymity-redacted copy: full names shortened to first name + last initial, personal e-mails and phone numbers removed. Original (held for review): docs/archive/minutes/2018/09-minutes-assembly-final-english-2018-09-16-en.pdf Re-redacted 2026-10-06: names shortened to first name + initial; personal contact details, addresses and sobriety dates removed (scripts/scan-documents.py)."
archive-minutes-2018-09-minutes-assembly-final-spanish-2018-09-16-es-redacted,Archive,Minutes,Assembly (ASA) Minutes – September 2018,Actas de la Asamblea (ASA) – septiembre de 2018,2018-09-16,2018,Spanish,PDF,228,ASA,,,area09.org (legacy site),yes,,docs/archive/minutes/2018/09-minutes-assembly-final-spanish-2018-09-16-es-redacted.pdf,https://drive.google.com/file/d/1OD3fUt_0ueamg1Df21nyIXyNj9Hp-hLe/view,"Anonymity-redacted copy: full names shortened to first name + last initial, personal e-mails and phone numbers removed. Original (held for review): docs/archive/minutes/2018/09-minutes-assembly-final-spanish-2018-09-16-es.pdf"
archive-reports-2018-aaws-highlights-september-2018-spanish-es,Archive,Reports,A.A.W.S. Highlights September 2018 (Spanish),A.A.W.S. Highlights septiembre de 2018 (español),2018-09,2018,Spanish,PDF,112,,,,area09.org (legacy site),yes,,docs/archive/reports/2018/aaws-highlights-september-2018-spanish-es.pdf,https://drive.google.com/file/d/18gqgLaDFrgcTglrHUg6Dn1eNwHhF0AxY/view,
archive-guidelines-2018-dcm-overview-area09-august-2018-en,Archive,Guidelines,D.C.M. Overview Area 09 August 2018,,2018-08,2018,English,PDF,257,,,,area09.org (legacy site),yes,,docs/archive/guidelines/2018/dcm-overview-area09-august-2018-en.pdf,https://drive.google.com/file/d/1COKwRDTUW15P5iaBDE6PRjpOV0Nu6_M5/view,
archive-minutes-2021-08-minutes-august-asc-2018-final-spanish-es,Archive,Minutes,ASC Minutes – August 2018,Actas del CSA – agosto de 2018,2018-08,2018,Spanish,PDF,204,ASC,,,msca09aa.org,yes,,docs/archive/minutes/2021/08-minutes-august-asc-2018-final-spanish-es.pdf,https://drive.google.com/file/d/1LEQHKHeAB39a2zOncnDD7G2qkV5lrD8g/view,
archive-minutes-2021-08-minutes-august-asc-final-2018-english-en-redacted,Archive,Minutes,ASC Minutes – August 2018,Actas del CSA – agosto de 2018,2018-08,2018,English,PDF,200,ASC,,,msca09aa.org,yes,,docs/archive/minutes/2021/08-minutes-august-asc-final-2018-english-en-redacted.pdf,https://drive.google.com/file/d/11h1DTOPV3apMNUoefWcqozzppFAe0X1q/view,"Anonymity-redacted copy: full names shortened to first name + last initial, personal e-mails and phone numbers removed. Original (held for review): docs/archive/minutes/2021/08-minutes-august-asc-final-2018-english-en.pdf Re-redacted 2026-10-06: names shortened to first name + initial; personal contact details, addresses and sobriety dates removed (scripts/scan-documents.py)."
reports-2018-area-foro-2018-round-table-summaries-en,Archive,Reports,Area Foro 2018 – round-table summaries,Foro del Área 2018 – resúmenes de las mesas redondas,2018-07-08,2018,English,PDF,277,,,,msca09aa.org (media library),yes,,docs/reports/2018/area-foro-2018-round-table-summaries-en.pdf,https://drive.google.com/file/d/19oSHGLggdtoYmpFB4ru43iHgswydKBif/view,"Re-redacted 2026-10-06: names shortened to first name + initial; personal contact details, addresses and sobriety dates removed (scripts/scan-documents.py)."
reports-2018-area-foro-2018-round-table-summaries-es,Archive,Reports,Area Foro 2018 – round-table summaries,Foro del Área 2018 – resúmenes de las mesas redondas,2018-07-08,2018,Spanish,PDF,278,,,,msca09aa.org (media library),yes,,docs/reports/2018/area-foro-2018-round-table-summaries-es.pdf,https://drive.google.com/file/d/159VL5DZGNGhAk3GNl926p4ccn2CEsrNf/view,"Re-redacted 2026-10-06: names shortened to first name + initial; personal contact details, addresses and sobriety dates removed (scripts/scan-documents.py)."
minutes-2018-jun-2018-asc-minutes-en-redacted,Archive,Minutes,ASC Minutes – June 2018,Actas del CSA – junio de 2018,2018-06-10,2018,English,PDF,189,ASC,,,msca09aa.org,yes,,docs/minutes/2018/jun-2018-asc-minutes-en-redacted.pdf,https://drive.google.com/file/d/1cxwMR7p84aMScuYdAjAIUJ-jd22VpyQ8/view,"Anonymity-redacted copy: full names shortened to first name + last initial, personal e-mails and phone numbers removed. Original (held for review): docs/minutes/2018/jun-2018-asc-minutes-en.pdf"
minutes-2018-jun-2018-asc-minutes-es-redacted,Archive,Minutes,ASC Minutes – June 2018,Actas del CSA – junio de 2018,2018-06-10,2018,Spanish,PDF,194,ASC,,,msca09aa.org,yes,,docs/minutes/2018/jun-2018-asc-minutes-es-redacted.pdf,https://drive.google.com/file/d/1E9b-QxgO37q77mWMAKSPxlwbYzEcFqg5/view,"Anonymity-redacted copy: full names shortened to first name + last initial, personal e-mails and phone numbers removed. Original (held for review): docs/minutes/2018/jun-2018-asc-minutes-es.pdf Re-redacted 2026-10-06: names shortened to first name + initial; personal contact details, addresses and sobriety dates removed (scripts/scan-documents.py)."
archive-minutes-2018-may-2018-asa-minutes-english-en-redacted,Archive,Minutes,Assembly (ASA) Minutes – May 2018 (version 2),Actas de la Asamblea (ASA) – mayo de 2018 (versión 2),2018-05-20,2018,English,PDF,163,ASA,,,area09.org (legacy site),yes,,docs/archive/minutes/2018/may-2018-asa-minutes-english-en-redacted.pdf,https://drive.google.com/file/d/1hirThPBxXaY6af_HkeFM8ct1Bb1CiueI/view,"Anonymity-redacted copy: full names shortened to first name + last initial, personal e-mails and phone numbers removed. Original (held for review): docs/archive/minutes/2018/may-2018-asa-minutes-english-en.pdf"
archive-minutes-2018-may-2018-asa-minutes-spanish-es-redacted,Archive,Minutes,Assembly (ASA) Minutes – May 2018 (version 2),Actas de la Asamblea (ASA) – mayo de 2018 (versión 2),2018-05-20,2018,Spanish,PDF,173,ASA,,,area09.org (legacy site),yes,,docs/archive/minutes/2018/may-2018-asa-minutes-spanish-es-redacted.pdf,https://drive.google.com/file/d/1VygxdDSgpO34HSF6u6lLPM03l83_aj8T/view,"Anonymity-redacted copy: full names shortened to first name + last initial, personal e-mails and phone numbers removed. Original (held for review): docs/archive/minutes/2018/may-2018-asa-minutes-spanish-es.pdf"
archive-minutes-2021-05-minutes-asa-20-may-2018-final-english-en-redacted,Archive,Minutes,Assembly (ASA) Minutes – May 2018,Actas de la Asamblea (ASA) – mayo de 2018,2018-05-20,2018,English,PDF,208,ASA,,,msca09aa.org,yes,,docs/archive/minutes/2021/05-minutes-asa-20-may-2018-final-english-en-redacted.pdf,https://drive.google.com/file/d/1jtG_li1tyww0lH9lpyREBl-uW90nX5iL/view,"Anonymity-redacted copy: full names shortened to first name + last initial, personal e-mails and phone numbers removed. Original (held for review): docs/archive/minutes/2021/05-minutes-asa-20-may-2018-final-english-en.pdf"
archive-minutes-2021-05-minutes-asa-may-2018-final-spanish-es-redacted,Archive,Minutes,Assembly (ASA) Minutes – May 2018,Actas de la Asamblea (ASA) – mayo de 2018,2018-05-20,2018,Spanish,PDF,192,ASA,,,msca09aa.org,yes,,docs/archive/minutes/2021/05-minutes-asa-may-2018-final-spanish-es-redacted.pdf,https://drive.google.com/file/d/18h11a9Vby1HFPXrudF6teKp-vCCm_6Cg/view,"Anonymity-redacted copy: full names shortened to first name + last initial, personal e-mails and phone numbers removed. Original (held for review): docs/archive/minutes/2021/05-minutes-asa-may-2018-final-spanish-es.pdf"
archive-districts-d1-2018-dist-1-gdlns-05-09-2018-copya-en,Archive,District,"District 1 Gdlns. May 9, 2018 Copy A",,2018-05-09,2018,English,PDF,482,,d01-03,,area09.org (legacy site),yes,,docs/archive/districts/d1/2018/dist-1-gdlns-05-09-2018-copya-en.pdf,https://drive.google.com/file/d/1cZ-g59w-MLaMrVxgwX6X6LhUqVAnMOjj/view,
archive-minutes-2019-minutes-asa-april-2019-final-english-2018-04-14-en-redacted,Archive,Minutes,Assembly (ASA) Minutes – April 2018,Actas de la Asamblea (ASA) – abril de 2018,2018-04-14,2018,English,PDF,252,ASA,,,area09.org (legacy site),yes,,docs/archive/minutes/2019/minutes-asa-april-2019-final-english-2018-04-14-en-redacted.pdf,https://drive.google.com/file/d/1KlOjBmBPnImuxUC2KNUMlag8tUvKZQQK/view,"Anonymity-redacted copy: full names shortened to first name + last initial, personal e-mails and phone numbers removed. Original (held for review): docs/archive/minutes/2019/minutes-asa-april-2019-final-english-2018-04-14-en.pdf Re-redacted 2026-10-06: names shortened to first name + initial; personal contact details, addresses and sobriety dates removed (scripts/scan-documents.py)."
archive-minutes-2019-minutes-asa-april-2019-final-spanish-2018-04-12-es-redacted,Archive,Minutes,Assembly (ASA) Minutes – April 2018,Actas de la Asamblea (ASA) – abril de 2018,2018-04-12,2018,Spanish,PDF,240,ASA,,,area09.org (legacy site),yes,,docs/archive/minutes/2019/minutes-asa-april-2019-final-spanish-2018-04-12-es-redacted.pdf,https://drive.google.com/file/d/1Ifq4vTCQkgI2TOqEFTV5NximZLGWE3ju/view,"Anonymity-redacted copy: full names shortened to first name + last initial, personal e-mails and phone numbers removed. Original (held for review): docs/archive/minutes/2019/minutes-asa-april-2019-final-spanish-2018-04-12-es.pdf"
archive-minutes-2021-03-minutes-march-2018-asc-final-spanish-es-redacted,Archive,Minutes,ASC Minutes – March 2018,Actas del CSA – marzo de 2018,2018-03-11,2018,Spanish,PDF,145,ASC,,,msca09aa.org,yes,,docs/archive/minutes/2021/03-minutes-march-2018-asc-final-spanish-es-redacted.pdf,https://drive.google.com/file/d/1sb-nSOwj9eC8R8CTdqA0jA_YYp5qLbiN/view,"Anonymity-redacted copy: full names shortened to first name + last initial, personal e-mails and phone numbers removed. Original (held for review): docs/archive/minutes/2021/03-minutes-march-2018-asc-final-spanish-es.pdf Re-redacted 2026-10-06: names shortened to first name + initial; personal contact details, addresses and sobriety dates removed (scripts/scan-documents.py)."
archive-praasa-2018-treasurer-round-table-march-2-2018-en,Archive,PRAASA,"Treasurer Round Table March 2, 2018",,2018-03-02,2018,English,PDF,23,,,,area09.org (legacy site),yes,,docs/archive/praasa/2018/treasurer-round-table-march-2-2018-en.pdf,https://drive.google.com/file/d/17ywpBkh13u-scxQUTgcw2y07uabtYfqY/view,
archive-minutes-2021-02-minutes-asc-february-2018-final-english-en-redacted,Archive,Minutes,ASC Minutes – February 2018,Actas del CSA – febrero de 2018,2018-02,2018,English,PDF,335,ASC,,,msca09aa.org,yes,,docs/archive/minutes/2021/02-minutes-asc-february-2018-final-english-en-redacted.pdf,https://drive.google.com/file/d/1tIvph_ZRUQ01XurzFrfwps5DzNfkcYRv/view,"Anonymity-redacted copy: full names shortened to first name + last initial, personal e-mails and phone numbers removed. Original (held for review): docs/archive/minutes/2021/02-minutes-asc-february-2018-final-english-en.pdf"
archive-minutes-2021-02-minutes-asc-february-2018-final-spanish-es-redacted,Archive,Minutes,ASC Minutes – February 2018,Actas del CSA – febrero de 2018,2018-02,2018,Spanish,PDF,151,ASC,,,msca09aa.org,yes,,docs/archive/minutes/2021/02-minutes-asc-february-2018-final-spanish-es-redacted.pdf,https://drive.google.com/file/d/1h6MDPFW0mUew3C1OMSqdbLArm23CcKdQ/view,"Anonymity-redacted copy: full names shortened to first name + last initial, personal e-mails and phone numbers removed. Original (held for review): docs/archive/minutes/2021/02-minutes-asc-february-2018-final-spanish-es.pdf Re-redacted 2026-10-06: names shortened to first name + initial; personal contact details, addresses and sobriety dates removed (scripts/scan-documents.py)."
archive-minutes-2021-01-minutes-jan-2018-asa-final-spanish-es-redacted,Archive,Minutes,Assembly (ASA) Minutes – January 2018,Actas de la Asamblea (ASA) – enero de 2018,2018-01,2018,Spanish,PDF,121,ASA,,,msca09aa.org,yes,,docs/archive/minutes/2021/01-minutes-jan-2018-asa-final-spanish-es-redacted.pdf,https://drive.google.com/file/d/1BSNjz0P5k8Drr9sMRhDbAauZ0d4eYdsd/view,"Anonymity-redacted copy: full names shortened to first name + last initial, personal e-mails and phone numbers removed. Original (held for review): docs/archive/minutes/2021/01-minutes-jan-2018-asa-final-spanish-es.pdf Re-redacted 2026-10-06: names shortened to first name + initial; personal contact details, addresses and sobriety dates removed (scripts/scan-documents.py)."
archive-newsletters-2018-january-newsletter-2018-english-en,Archive,Newsletters,Area Newsletter – January 2018,Boletín del Área – enero de 2018,2018-01,2018,English,PDF,312,,,,area09.org (legacy site),yes,,docs/archive/newsletters/2018/january-newsletter-2018-english-en.pdf,https://drive.google.com/file/d/1ZyGSgFtwn2pkLUSo652YmZlDYVWwlIPC/view,
archive-newsletters-2018-january-newsletter-2018-spanish-es,Archive,Newsletters,Area Newsletter – January 2018,Boletín del Área – enero de 2018,2018-01,2018,Spanish,PDF,298,,,,area09.org (legacy site),yes,,docs/archive/newsletters/2018/january-newsletter-2018-spanish-es.pdf,https://drive.google.com/file/d/1qf7J6LVqCF1KCdDPALagfrNrTCYfooz1/view,
archive-praasa-2018-young-people-round-table-en,Archive,PRAASA,Young People Round Table 2018,,2018,2018,English,PDF,21,,,ypaa,area09.org (legacy site),yes,,docs/archive/praasa/2018/young-people-round-table-en.pdf,https://drive.google.com/file/d/1El395pk7ZgweKDS-XgFVp_TllaXV_60H/view,
archive-praasa-2018-the-god-word-en,Archive,PRAASA,The God Word 2018,,2018,2018,English,PDF,209,,,,area09.org (legacy site),yes,,docs/archive/praasa/2018/the-god-word-en.pdf,https://drive.google.com/file/d/1tLbEPGEZNwUw_WeQQM9gUQwpmUG8J8ZJ/view,
archive-praasa-2018-treatment-and-accessibilities-committee-notes-en-redacted,Archive,PRAASA,TREATMENT and ACCESSIBILITIES COMMITTEE NOTES 2018,,2018,2018,English,PDF,43,,,accessibilities,area09.org (legacy site),yes,,docs/archive/praasa/2018/treatment-and-accessibilities-committee-notes-en-redacted.pdf,https://drive.google.com/file/d/193QNxkLAIGYDqCOG1_vZWyHIG0ZVJtmY/view,"Anonymity-redacted copy: full names shortened to first name + last initial, personal e-mails and phone numbers removed. Original (held for review): docs/archive/praasa/2018/treatment-and-accessibilities-committee-notes-en.pdf"
archive-praasa-2018-senior-topics-round-table-en,Archive,PRAASA,Senior Topics Round Table 2018,,2018,2018,English,PDF,18,,,,area09.org (legacy site),yes,,docs/archive/praasa/2018/senior-topics-round-table-en.pdf,https://drive.google.com/file/d/1vzydH8a4Co0giwfFPZCcXCafExxSFHTH/view,
archive-praasa-2018-remote-communities-round-table-en,Archive,PRAASA,Remote Communities Round Table 2018,,2018,2018,English,PDF,20,,,remote-communities,area09.org (legacy site),yes,,docs/archive/praasa/2018/remote-communities-round-table-en.pdf,https://drive.google.com/file/d/1PVJztD0DCwlRrD840XdveS5zK5XBRSMm/view,
archive-praasa-2018-registration-committee-round-table-notes-en,Archive,PRAASA,Registration Committee Round Table Notes 2018,,2018,2018,English,PDF,17,,,registration,area09.org (legacy site),yes,,docs/archive/praasa/2018/registration-committee-round-table-notes-en.pdf,https://drive.google.com/file/d/1RcDgFfI4x9l8BW_K9139QaR_FKLOms3U/view,
archive-conference-2018-68th-gsc-recommendations-and-floor-actions-not-resulting-in-advi-en,Archive,Conference,Recommendations 2018,,2018,2018,English,PDF,15,,,,area09.org (legacy site),yes,,docs/archive/conference/2018/68th-gsc-recommendations-and-floor-actions-not-resulting-in-advi-en.pdf,https://drive.google.com/file/d/10c3JR4qQRcaiWUfRn_8Ga7oM7qqpSn8w/view,
archive-praasa-2018-public-information-round-table-en-redacted,Archive,PRAASA,Public Information Round Table 2018,,2018,2018,English,PDF,27,,,public-information,area09.org (legacy site),yes,,docs/archive/praasa/2018/public-information-round-table-en-redacted.pdf,https://drive.google.com/file/d/1JUDtAwXixZ1ycPs2TlTN_T0g45IinYlj/view,"Anonymity-redacted copy: full names shortened to first name + last initial, personal e-mails and phone numbers removed. Original (held for review): docs/archive/praasa/2018/public-information-round-table-en.pdf"
archive-praasa-2018-newsletter-round-table-notes-en,Archive,PRAASA,Newsletter Round Table Notes 2018,,2018,2018,English,PDF,28,,,,area09.org (legacy site),yes,,docs/archive/praasa/2018/newsletter-round-table-notes-en.pdf,https://drive.google.com/file/d/1VpQ7WpGIUULVNyHM4RwVZW3wNej3Flcw/view,
archive-praasa-2018-literature-round-table-en-redacted,Archive,PRAASA,Literature Round Table 2018,,2018,2018,English,PDF,53,,,literature,area09.org (legacy site),yes,,docs/archive/praasa/2018/literature-round-table-en-redacted.pdf,https://drive.google.com/file/d/1synJGUCAMtHiIqjoPN4qiw3lXRFxL7Gc/view,"Anonymity-redacted copy: full names shortened to first name + last initial, personal e-mails and phone numbers removed. Original (held for review): docs/archive/praasa/2018/literature-round-table-en.pdf"
archive-praasa-2018-h-i-correections-round-table-en,Archive,PRAASA,H & I Correections Round Table 2018,,2018,2018,English,PDF,18,,,hospitals-institutions,area09.org (legacy site),yes,,docs/archive/praasa/2018/h-i-correections-round-table-en.pdf,https://drive.google.com/file/d/1vRxp0Kdch-timh_4CBgdGRa43ijVQOCd/view,
archive-finances-2018-2018-3rd-qtr-budget-revised-en,Archive,Finances,Group contributions – 3rd quarter 2018,Contribuciones de los grupos – 3.er trimestre de 2018,2018,2018,English,PDF,39,,,finance,area09.org (legacy site),yes,,docs/archive/finances/2018/2018-3rd-qtr-budget-revised-en.pdf,https://drive.google.com/file/d/1l6CY9TIF_QT7DgU2qJT20h2U4bfRRKbb/view,
archive-praasa-2018-grapevine-roundtable-en-redacted,Archive,PRAASA,GRAPEVINE Roundtable 2018,,2018,2018,English,PDF,70,,,grapevine-la-vina,area09.org (legacy site),yes,,docs/archive/praasa/2018/grapevine-roundtable-en-redacted.pdf,https://drive.google.com/file/d/1nunuweuzgBHWkXAcce8sKFUEzwGX1qjx/view,"Anonymity-redacted copy: full names shortened to first name + last initial, personal e-mails and phone numbers removed. Original (held for review): docs/archive/praasa/2018/grapevine-roundtable-en.pdf"
archive-praasa-2018-gsr-round-table-en,Archive,PRAASA,G.S.R. Round Table 2018,,2018,2018,English,PDF,44,,,,area09.org (legacy site),yes,,docs/archive/praasa/2018/gsr-round-table-en.pdf,https://drive.google.com/file/d/1Z5ElSShh9_Zrn50zIDoQIngbiO0F_wIz/view,
archive-districts-d5-2018-newsletter-2018-4th-qtr-issue-11-en-redacted,Archive,District,"District 5 Newsletter – 2018 (4th quarter, issue 11)","Boletín del Distrito 5 – 2018 (4th trimestre, número 11)",2018,2018,English,PDF,3842,,d05,,area09.org (legacy site),yes,,docs/archive/districts/d5/2018/newsletter-2018-4th-qtr-issue-11-en-redacted.pdf,https://drive.google.com/file/d/1JUETGI8jC_3e93FgjF1EgMSXFVGkmZsu/view,"Anonymity-redacted copy: full names shortened to first name + last initial, personal e-mails and phone numbers removed. Original (held for review): docs/archive/districts/d5/2018/newsletter-2018-4th-qtr-issue-11-en.pdf Re-redacted 2026-10-06: names shortened to first name + initial; personal contact details, addresses and sobriety dates removed (scripts/scan-documents.py). Re-redacted 2026-10-06 after the pre-launch scan (personal phone numbers, personal e-mail addresses, full names, sobriety dates / birthday-list years removed; checked again with both scanners and OCR)."
archive-districts-d5-2018-newsletter-2018-3rd-qtr-issue-10-en-redacted,Archive,District,District 5 Newsletter – 2018 (3rd quarter),Boletín del Distrito 5 – 2018 (3rd trimestre),2018,2018,English,PDF,3479,,d05,,area09.org (legacy site),yes,,docs/archive/districts/d5/2018/newsletter-2018-3rd-qtr-issue-10-en-redacted.pdf,https://drive.google.com/file/d/1CoGOLkMG40ZxOLj6a84QQzdX3qvJgCE_/view,"Anonymity-redacted copy: full names shortened to first name + last initial, personal e-mails and phone numbers removed. Original (held for review): docs/archive/districts/d5/2018/newsletter-2018-3rd-qtr-issue-10-en.pdf Re-redacted 2026-10-06 after the pre-launch scan (personal phone numbers, personal e-mail addresses, sobriety dates / birthday-list years removed; checked again with both scanners and OCR)."
archive-districts-d5-2018-newsletter-2018-2nd-qtr-issue-9-color-en-redacted,Archive,District,District 5 Newsletter – 2018 (2nd quarter),Boletín del Distrito 5 – 2018 (2nd trimestre),2018,2018,English,PDF,3799,,d05,,area09.org (legacy site),yes,,docs/archive/districts/d5/2018/newsletter-2018-2nd-qtr-issue-9-color-en-redacted.pdf,https://drive.google.com/file/d/1YjcziZ8Uk6UxDXPeQ72so0kSDI7k0Xu-/view,"Anonymity-redacted copy: full names shortened to first name + last initial, personal e-mails and phone numbers removed. Original (held for review): docs/archive/districts/d5/2018/newsletter-2018-2nd-qtr-issue-9-color-en.pdf Re-redacted 2026-10-06: names shortened to first name + initial; personal contact details, addresses and sobriety dates removed (scripts/scan-documents.py). Re-redacted 2026-10-06 after the pre-launch scan (personal phone numbers, sobriety dates / birthday-list years removed; checked again with both scanners and OCR)."
archive-districts-d5-2018-newsletter-2018-1st-qtr-issue-8-en-redacted,Archive,District,District 5 Newsletter – 2018 (1st quarter),Boletín del Distrito 5 – 2018 (1st trimestre),2018,2018,English,PDF,3420,,d05,,area09.org (legacy site),yes,,docs/archive/districts/d5/2018/newsletter-2018-1st-qtr-issue-8-en-redacted.pdf,https://drive.google.com/file/d/11RDX0V3dNzjm6VnDP37PmyMsa_fm0m2c/view,"Anonymity-redacted copy: full names shortened to first name + last initial, personal e-mails and phone numbers removed. Original (held for review): docs/archive/districts/d5/2018/newsletter-2018-1st-qtr-issue-8-en.pdf Re-redacted 2026-10-06: names shortened to first name + initial; personal contact details, addresses and sobriety dates removed (scripts/scan-documents.py). Re-redacted 2026-10-06 after the pre-launch scan (sobriety dates / birthday-list years removed; checked again with both scanners and OCR)."
archive-praasa-2018-dcm-round-table-en,Archive,PRAASA,D.C.M. Round Table 2018,,2018,2018,English,PDF,16,,,,area09.org (legacy site),yes,,docs/archive/praasa/2018/dcm-round-table-en.pdf,https://drive.google.com/file/d/1BDMixqBjEEw7fibyqTWW5id9FCm7edhg/view,
archive-conference-2018-68th-gsc-committee-considerations-english-en,Archive,Conference,Considerations 2018,,2018,2018,English,PDF,84,,,,area09.org (legacy site),yes,,docs/archive/conference/2018/68th-gsc-committee-considerations-english-en.pdf,https://drive.google.com/file/d/16HyQy_vJWvc0VHIAXN_3pWjgpCMkjc5Q/view,
archive-praasa-2018-central-office-inter-group-round-table-notes-en,Archive,PRAASA,Central Office Inter Group Round Table Notes 2018,,2018,2018,English,PDF,17,,,intergroups,area09.org (legacy site),yes,,docs/archive/praasa/2018/central-office-inter-group-round-table-notes-en.pdf,https://drive.google.com/file/d/1lNvnGeRrcnDbEDtFUEJq4qPX3nzFMdZj/view,
archive-praasa-2018-bridging-the-gap-round-table-en,Archive,PRAASA,Bridging the Gap Round Table 2018,,2018,2018,English,PDF,52,,,treatment,area09.org (legacy site),yes,,docs/archive/praasa/2018/bridging-the-gap-round-table-en.pdf,https://drive.google.com/file/d/1bw91Z-XKLuLvuWOTz-x-uVgdmTvB51GT/view,
motions-2018-area-motions-2010-2018-en-redacted,Archive,Motions,Area motions 2010–2018,Mociones del Área 2010–2018,2018,2018,English,PDF,820,,,,msca09aa.org (media library),yes,,docs/motions/2018/area-motions-2010-2018-en-redacted.pdf,https://drive.google.com/file/d/1SZjUZHNVAOTz-4lPO4VaV98nS8sNGTdV/view,"Anonymity-redacted copy: full names shortened to first name + last initial, personal e-mails and phone numbers removed. Original (held for review): private copy in MSCA09AA-private"
archive-calendars-2018-msca2018calendar-en,Archive,Calendar,Area calendar 2018,Calendario del Área 2018,2018,2018,English,PDF,52,,,,area09.org (legacy site),yes,,docs/archive/calendars/2018/msca2018calendar-en.pdf,https://drive.google.com/file/d/1h9lgz3Lk5XVAE4niZ5c0AeXHwlrNocY5/view,
archive-finances-2018-2018-final-actual-budget-en,Archive,Finances,Area budget 2018,Presupuesto del Área 2018,2018,2018,English,PDF,23,,,finance,area09.org (legacy site),yes,,docs/archive/finances/2018/2018-final-actual-budget-en.pdf,https://drive.google.com/file/d/1rgodiq0r-epk1BsrGFcq1LWZhil1oORX/view,
archive-praasa-2018-area-chair-round-table-en,Archive,PRAASA,Area Chair Round Table 2018,,2018,2018,English,PDF,38,,,,area09.org (legacy site),yes,,docs/archive/praasa/2018/area-chair-round-table-en.pdf,https://drive.google.com/file/d/1-UPLNKXo2nc0p4wQKGSl_Hswr88G23SN/view,
archive-praasa-2018-archives-roundtable-en-redacted,Archive,PRAASA,Archives Roundtable 2018,,2018,2018,English,PDF,110,,,archives,area09.org (legacy site),yes,,docs/archive/praasa/2018/archives-roundtable-en-redacted.pdf,https://drive.google.com/file/d/1KVExaJDyFrmDSoEq4vVltCnNi2Kexq4t/view,"Anonymity-redacted copy: full names shortened to first name + last initial, personal e-mails and phone numbers removed. Original (held for review): docs/archive/praasa/2018/archives-roundtable-en.pdf"
archive-conference-2018-68th-gsc-advisory-actions-english-en-redacted,Archive,Conference,Advisory Actions 2018,,2018,2018,English,PDF,37,,,,area09.org (legacy site),yes,,docs/archive/conference/2018/68th-gsc-advisory-actions-english-en-redacted.pdf,https://drive.google.com/file/d/1y8whOhiI5yipzG_JWR6lEaK_orEsawV4/view,"Anonymity-redacted copy: full names shortened to first name + last initial, personal e-mails and phone numbers removed. Original (held for review): docs/archive/conference/2018/68th-gsc-advisory-actions-english-en.pdf Re-redacted 2026-10-06: names shortened to first name + initial; personal contact details, addresses and sobriety dates removed (scripts/scan-documents.py)."
archive-conference-2018-68th-gsc-final-list-of-agenda-items-english-en,Archive,Conference,68th G.S.C. Final List of Agenda Items (English),,2018,2018,English,PDF,22,,,,area09.org (legacy site),yes,,docs/archive/conference/2018/68th-gsc-final-list-of-agenda-items-english-en.pdf,https://drive.google.com/file/d/1xNkUEFnC1yapOkK9flUaiyxsN1H3FPHW/view,
archive-minutes-2017-12-dec-2017-asc-draft-minutes-english-rev-en,Archive,Minutes,ASC Minutes – December 2017,Actas del CSA – diciembre de 2017,2017-12-10,2017,English,PDF,132,ASC,,,area09.org (legacy site),yes,,docs/archive/minutes/2017/12-dec-2017-asc-draft-minutes-english-rev-en.pdf,https://drive.google.com/file/d/1GH3ZQrz--rmFWdW20zmXfbgo7G99TDW6/view,
archive-minutes-2017-12-dec-2017-asc-draft-minutes-spanish-es,Archive,Minutes,ASC Minutes – December 2017,Actas del CSA – diciembre de 2017,2017-12-10,2017,Spanish,PDF,180,ASC,,,area09.org (legacy site),yes,,docs/archive/minutes/2017/12-dec-2017-asc-draft-minutes-spanish-es.pdf,https://drive.google.com/file/d/196yzggYc-wRqjKhebCxMfDUJwGb7F53Z/view,
archive-minutes-2017-11-nov-2017-asc-final-minutes-english-en,Archive,Minutes,ASC Minutes – November 2017,Actas del CSA – noviembre de 2017,2017-11,2017,English,PDF,244,ASC,,,area09.org (legacy site),yes,,docs/archive/minutes/2017/11-nov-2017-asc-final-minutes-english-en.pdf,https://drive.google.com/file/d/1jD9VmSU8pGV_l15XnSqxHCHaIri1VT1A/view,
archive-minutes-2017-08-aug-2017-asc-draft-minutes-english-en-redacted,Archive,Minutes,ASC Minutes – August 2017,Actas del CSA – agosto de 2017,2017-08-13,2017,English,PDF,204,ASC,,,area09.org (legacy site),yes,,docs/archive/minutes/2017/08-aug-2017-asc-draft-minutes-english-en-redacted.pdf,https://drive.google.com/file/d/11Efd25CxDQAfix4Iy_rNsNor8aiPVsTW/view,"Anonymity-redacted copy: full names shortened to first name + last initial, personal e-mails and phone numbers removed. Original (held for review): docs/archive/minutes/2017/08-aug-2017-asc-draft-minutes-english-en.pdf"
archive-minutes-2017-08-aug-2017-asc-draft-minutes-spanish-es-redacted,Archive,Minutes,ASC Minutes – August 2017,Actas del CSA – agosto de 2017,2017-08-13,2017,Spanish,PDF,275,ASC,,,area09.org (legacy site),yes,,docs/archive/minutes/2017/08-aug-2017-asc-draft-minutes-spanish-es-redacted.pdf,https://drive.google.com/file/d/1BeehASdq_V5mMKiljQXcHxjZMhb80kjL/view,"Anonymity-redacted copy: full names shortened to first name + last initial, personal e-mails and phone numbers removed. Original (held for review): docs/archive/minutes/2017/08-aug-2017-asc-draft-minutes-spanish-es.pdf Re-redacted 2026-10-06: names shortened to first name + initial; personal contact details, addresses and sobriety dates removed (scripts/scan-documents.py)."
archive-minutes-2017-06-jun-2017-asc-final-minutes-english-en,Archive,Minutes,ASC Minutes – June 2017,Actas del CSA – junio de 2017,2017-06-04,2017,English,PDF,240,ASC,,,area09.org (legacy site),yes,,docs/archive/minutes/2017/06-jun-2017-asc-final-minutes-english-en.pdf,https://drive.google.com/file/d/1PpIdmmtXQ6ZnhjzGi7i_D2E8kXNby_Ec/view,
archive-minutes-2017-06-jun-2017-asc-final-minutes-spanish-es,Archive,Minutes,ASC Minutes – June 2017,Actas del CSA – junio de 2017,2017-06-04,2017,Spanish,PDF,192,ASC,,,area09.org (legacy site),yes,,docs/archive/minutes/2017/06-jun-2017-asc-final-minutes-spanish-es.pdf,https://drive.google.com/file/d/1PF_HgngSLzxkcwi8oGI5e9uhK6VFxBJT/view,
archive-minutes-2017-05-may-2017-asa-final-minutes-english-en-redacted,Archive,Minutes,Assembly (ASA) Minutes – May 2017,Actas de la Asamblea (ASA) – mayo de 2017,2017-05,2017,English,PDF,205,ASA,,,area09.org (legacy site),yes,,docs/archive/minutes/2017/05-may-2017-asa-final-minutes-english-en-redacted.pdf,https://drive.google.com/file/d/1YSHrYYFBpWjvkKXSOoSYzJu-d0ZHJjUm/view,"Anonymity-redacted copy: full names shortened to first name + last initial, personal e-mails and phone numbers removed. Original (held for review): docs/archive/minutes/2017/05-may-2017-asa-final-minutes-english-en.pdf"
archive-minutes-2017-05-may-2017-asa-final-minutes-spanish-es-redacted,Archive,Minutes,Assembly (ASA) Minutes – May 2017,Actas de la Asamblea (ASA) – mayo de 2017,2017-05,2017,Spanish,PDF,209,ASA,,,area09.org (legacy site),yes,,docs/archive/minutes/2017/05-may-2017-asa-final-minutes-spanish-es-redacted.pdf,https://drive.google.com/file/d/1y8t9wFXfM_CXZ4g3cdOiN91ifgvYPPDE/view,"Anonymity-redacted copy: full names shortened to first name + last initial, personal e-mails and phone numbers removed. Original (held for review): docs/archive/minutes/2017/05-may-2017-asa-final-minutes-spanish-es.pdf"
archive-minutes-2017-02-feb-2017-asc-final-minutes-english-en,Archive,Minutes,ASC Minutes – February 2017,Actas del CSA – febrero de 2017,2017-02,2017,English,PDF,250,ASC,,,area09.org (legacy site),yes,,docs/archive/minutes/2017/02-feb-2017-asc-final-minutes-english-en.pdf,https://drive.google.com/file/d/1OjemI0BYLAVWnqIkDDYd3EV36HN_maKG/view,
archive-minutes-2017-02-feb-2017-asc-final-minutes-spanish-es,Archive,Minutes,ASC Minutes – February 2017,Actas del CSA – febrero de 2017,2017-02,2017,Spanish,PDF,239,ASC,,,area09.org (legacy site),yes,,docs/archive/minutes/2017/02-feb-2017-asc-final-minutes-spanish-es.pdf,https://drive.google.com/file/d/1DkiGB9KnWJ-8cgyClU0f7qDjwrBSa-3E/view,
archive-minutes-2017-01-jan-2017-asa-final-minutes-english-en-redacted,Archive,Minutes,Assembly (ASA) Minutes – January 2017,Actas de la Asamblea (ASA) – enero de 2017,2017-01-08,2017,English,PDF,210,ASA,,,area09.org (legacy site),yes,,docs/archive/minutes/2017/01-jan-2017-asa-final-minutes-english-en-redacted.pdf,https://drive.google.com/file/d/1baXoeuCneH-5IlBKAolK_efY2CWdz9Um/view,"Anonymity-redacted copy: full names shortened to first name + last initial, personal e-mails and phone numbers removed. Original (held for review): docs/archive/minutes/2017/01-jan-2017-asa-final-minutes-english-en.pdf"
archive-minutes-2017-01-jan-2017-asa-final-minutes-spanish-es-redacted,Archive,Minutes,Assembly (ASA) Minutes – January 2017,Actas de la Asamblea (ASA) – enero de 2017,2017-01-08,2017,Spanish,PDF,199,ASA,,,area09.org (legacy site),yes,,docs/archive/minutes/2017/01-jan-2017-asa-final-minutes-spanish-es-redacted.pdf,https://drive.google.com/file/d/1qtus8rpF1XGjKlRwZmpsxUvN9vZWjGYQ/view,"Anonymity-redacted copy: full names shortened to first name + last initial, personal e-mails and phone numbers removed. Original (held for review): docs/archive/minutes/2017/01-jan-2017-asa-final-minutes-spanish-es.pdf Re-redacted 2026-10-06: names shortened to first name + initial; personal contact details, addresses and sobriety dates removed (scripts/scan-documents.py)."
archive-guidelines-2017-msca-guidelines-january-2017-en,Archive,Guidelines,MSCA09 Area Guidelines for Structure and Procedure (January 2017),Guías de Estructura y Procedimiento del Área MSCA09 (enero de 2017),2017-01,2017,English,PDF,275,,,,area09.org (legacy site),yes,,docs/archive/guidelines/2017/msca-guidelines-january-2017-en.pdf,https://drive.google.com/file/d/18QkWBYbCD1phFjZpMpMCB2Nyqob26mn6/view,
archive-guidelines-2017-msca-bylaws-as-of-january-2017-en,Archive,Guidelines,Area Bylaws (2017),Estatutos del Área (2017),2017-01,2017,English,PDF,429,,,,area09.org (legacy site),yes,,docs/archive/guidelines/2017/msca-bylaws-as-of-january-2017-en.pdf,https://drive.google.com/file/d/1UB1F6Jc5CVJDdu9jyUPXUMDhfbR96ODZ/view,
archive-guidelines-2017-msca09-gap-committeeguidelines-05222017-en,Archive,Guidelines,Guidelines & Policies Committee Guidelines (2017) (version 2),Guías del Comité de Guías y Políticas (2017) (versión 2),2017,2017,English,PDF,602,,,guidelines-policies,area09.org (legacy site),yes,,docs/archive/guidelines/2017/msca09-gap-committeeguidelines-05222017-en.pdf,https://drive.google.com/file/d/1y0PYPxx0uWLVX07bB2bbQD28_1asxMjp/view,
archive-guidelines-2021-guidelines-msca-guidelines-and-policy-gap-committee-2017-en,Archive,Guidelines,Guidelines & Policies Committee Guidelines (2017),Guías del Comité de Guías y Políticas (2017),2017,2017,English,PDF,77,,,guidelines-policies,msca09aa.org,yes,,docs/archive/guidelines/2021/guidelines-msca-guidelines-and-policy-gap-committee-2017-en.pdf,https://drive.google.com/file/d/1hpXIh9ZhwZWr7C3YWfDsoiBJxkOvIpfx/view,
archive-districts-d5-2017-newsletter-2017-4th-qtr-issue-7-en-redacted,Archive,District,"District 5 Newsletter – 2017 (4th quarter, issue 7)","Boletín del Distrito 5 – 2017 (4th trimestre, número 7)",2017,2017,English,PDF,7992,,d05,,area09.org (legacy site),yes,,docs/archive/districts/d5/2017/newsletter-2017-4th-qtr-issue-7-en-redacted.pdf,https://drive.google.com/file/d/1EdS9JjDTJ6cbaJc94Pvb1Li1Q5TUcntx/view,"Anonymity-redacted copy: full names shortened to first name + last initial, personal e-mails and phone numbers removed. Original (held for review): docs/archive/districts/d5/2017/newsletter-2017-4th-qtr-issue-7-en.pdf Re-redacted 2026-10-06: names shortened to first name + initial; personal contact details, addresses and sobriety dates removed (scripts/scan-documents.py). Re-redacted 2026-10-06 after the pre-launch scan (personal phone numbers, sobriety dates / birthday-list years removed; checked again with both scanners and OCR)."
archive-districts-d5-2017-newsletter-2017-3rd-qtr-issue-6-color-en-redacted,Archive,District,District 5 Newsletter – 2017 (3rd quarter),Boletín del Distrito 5 – 2017 (3rd trimestre),2017,2017,English,PDF,2107,,d05,,area09.org (legacy site),yes,,docs/archive/districts/d5/2017/newsletter-2017-3rd-qtr-issue-6-color-en-redacted.pdf,https://drive.google.com/file/d/15trJyyyzwdpcO5NIVazdUDNlK54xgUFH/view,"Anonymity-redacted copy: full names shortened to first name + last initial, personal e-mails and phone numbers removed. Original (held for review): docs/archive/districts/d5/2017/newsletter-2017-3rd-qtr-issue-6-color-en.pdf Re-redacted 2026-10-06: names shortened to first name + initial; personal contact details, addresses and sobriety dates removed (scripts/scan-documents.py). Re-redacted 2026-10-06 after the pre-launch scan (sobriety dates / birthday-list years removed; checked again with both scanners and OCR)."
archive-districts-d5-2017-newsletter-2017-2nd-qtr-issue-5-color-en-redacted,Archive,District,District 5 Newsletter – 2017 (2nd quarter),Boletín del Distrito 5 – 2017 (2nd trimestre),2017,2017,English,PDF,2404,,d05,,area09.org (legacy site),yes,,docs/archive/districts/d5/2017/newsletter-2017-2nd-qtr-issue-5-color-en-redacted.pdf,https://drive.google.com/file/d/19Sza_hqBRg7x-T800wS9_bM2JDkVhKPH/view,"Anonymity-redacted copy: full names shortened to first name + last initial, personal e-mails and phone numbers removed. Original (held for review): docs/archive/districts/d5/2017/newsletter-2017-2nd-qtr-issue-5-color-en.pdf Re-redacted 2026-10-06 after the pre-launch scan (sobriety dates / birthday-list years removed; checked again with both scanners and OCR)."
archive-reports-safetyand-aa-en,Archive,Reports,2017 Safety and AA Workshop,,2017,2017,English,PDF,209,,,,area09.org (legacy site),yes,,docs/archive/reports/safetyand-aa-en.pdf,https://drive.google.com/file/d/16g5_tuYz3PRwC3_5UzIF4tyhMWwr6jBn/view,
archive-workbooks-2017-area-workbook-2017-es,Archive,Workbooks,2017 Area Workbook,Libro de trabajo del Área 2017,2017,2017,Spanish,PDF,1032,,,literature,msca09aa.org (media library),yes,,docs/archive/workbooks/2017/area-workbook-2017-es.pdf,https://drive.google.com/file/d/1Ft2uHzikgxdapNY_lus-01tQBtBJ0wOT/view,"Re-redacted 2026-10-06: names shortened to first name + initial; personal contact details, addresses and sobriety dates removed (scripts/scan-documents.py)."
archive-minutes-2016-12-dec-2016-asc-final-minutes-english-en,Archive,Minutes,ASC Minutes – December 2016,Actas del CSA – diciembre de 2016,2016-12,2016,English,PDF,234,ASC,,,area09.org (legacy site),yes,,docs/archive/minutes/2016/12-dec-2016-asc-final-minutes-english-en.pdf,https://drive.google.com/file/d/1JB__JHcSHPHJbETDuYGpA86FDpm_sSJ2/view,
archive-minutes-2016-12-dec-2016-asc-final-minutes-spanish-es-redacted,Archive,Minutes,ASC Minutes – December 2016,Actas del CSA – diciembre de 2016,2016-12,2016,Spanish,PDF,203,ASC,,,area09.org (legacy site),yes,,docs/archive/minutes/2016/12-dec-2016-asc-final-minutes-spanish-es-redacted.pdf,https://drive.google.com/file/d/1MGoOMRYGOUVZdRCmvrXb75H14ZC0YFiU/view,"Anonymity-redacted copy: full names shortened to first name + last initial, personal e-mails and phone numbers removed. Original (held for review): docs/archive/minutes/2016/12-dec-2016-asc-final-minutes-spanish-es.pdf Re-redacted 2026-10-06 after the pre-launch scan (personal phone numbers removed; checked again with both scanners and OCR)."
archive-minutes-2016-09-sept-2016-asa-final-minutes-english-en,Archive,Minutes,Assembly (ASA) Minutes – September 2016,Actas de la Asamblea (ASA) – septiembre de 2016,2016-09,2016,English,PDF,199,ASA,,,area09.org (legacy site),yes,,docs/archive/minutes/2016/09-sept-2016-asa-final-minutes-english-en.pdf,https://drive.google.com/file/d/1ZK35-0kmTvRlYH61k3syzA0Q6Ho7C5SH/view,
archive-newsletters-2016-august-2016-english-en,Archive,Newsletters,Area Newsletter – August 2016,Boletín del Área – agosto de 2016,2016-08,2016,English,PDF,285,,,,area09.org (legacy site),yes,,docs/archive/newsletters/2016/august-2016-english-en.pdf,https://drive.google.com/file/d/19NwX0OtQwPWJMvtaM6yFaXdUcrfnUoin/view,
archive-minutes-2016-06-jun-2016-asc-final-minutes-spanish-es-redacted,Archive,Minutes,ASC Minutes – June 2016,Actas del CSA – junio de 2016,2016-06,2016,Spanish,PDF,216,ASC,,,area09.org (legacy site),yes,,docs/archive/minutes/2016/06-jun-2016-asc-final-minutes-spanish-es-redacted.pdf,https://drive.google.com/file/d/1wCZUQl8zB8s9ob4ayT51S7a7W2vDZkQZ/view,"Anonymity-redacted copy: full names shortened to first name + last initial, personal e-mails and phone numbers removed. Original (held for review): docs/archive/minutes/2016/06-jun-2016-asc-final-minutes-spanish-es.pdf Re-redacted 2026-10-06: names shortened to first name + initial; personal contact details, addresses and sobriety dates removed (scripts/scan-documents.py)."
archive-minutes-2016-jun-2016-asc-final-minutes-english-en-redacted,Archive,Minutes,ASC Minutes – June 2016,Actas del CSA – junio de 2016,2016-06,2016,English,PDF,222,ASC,,,area09.org (legacy site),yes,,docs/archive/minutes/2016/jun-2016-asc-final-minutes-english-en-redacted.pdf,https://drive.google.com/file/d/1AAL9ppP4bS3etWGoZmseGQitJGpxD-Md/view,"Anonymity-redacted copy: full names shortened to first name + last initial, personal e-mails and phone numbers removed. Original (held for review): docs/archive/minutes/2016/jun-2016-asc-final-minutes-english-en.pdf Re-redacted 2026-10-06: names shortened to first name + initial; personal contact details, addresses and sobriety dates removed (scripts/scan-documents.py)."
archive-minutes-2016-mar-2016-asc-final-minutes-english-en-redacted,Archive,Minutes,ASC Minutes – March 2016,Actas del CSA – marzo de 2016,2016-03,2016,English,PDF,230,ASC,,,area09.org (legacy site),yes,,docs/archive/minutes/2016/mar-2016-asc-final-minutes-english-en-redacted.pdf,https://drive.google.com/file/d/15goP8kx3gPoegWBZ3d88oENpTc5eNSKA/view,"Anonymity-redacted copy: full names shortened to first name + last initial, personal e-mails and phone numbers removed. Original (held for review): docs/archive/minutes/2016/mar-2016-asc-final-minutes-english-en.pdf"
archive-minutes-2016-s-mar-2016-asc-final-minutes-spanish-es-redacted,Archive,Minutes,ASC Minutes – March 2016,Actas del CSA – marzo de 2016,2016-03,2016,Spanish,PDF,131,ASC,,,area09.org (legacy site),yes,,docs/archive/minutes/2016/s-mar-2016-asc-final-minutes-spanish-es-redacted.pdf,https://drive.google.com/file/d/1iFf2w5liSGlx8O0Bn55UIBphaf_Ubnk0/view,"Anonymity-redacted copy: full names shortened to first name + last initial, personal e-mails and phone numbers removed. Original (held for review): docs/archive/minutes/2016/s-mar-2016-asc-final-minutes-spanish-es.pdf Re-redacted 2026-10-06: names shortened to first name + initial; personal contact details, addresses and sobriety dates removed (scripts/scan-documents.py)."
archive-minutes-2016-feb-2016-asc-final-minutes-english-en-redacted,Archive,Minutes,ASC Minutes – February 2016,Actas del CSA – febrero de 2016,2016-02-14,2016,English,PDF,346,ASC,,,area09.org (legacy site),yes,,docs/archive/minutes/2016/feb-2016-asc-final-minutes-english-en-redacted.pdf,https://drive.google.com/file/d/1jECtNdhVsvsbb6Wic6mjWOMjMy6OaNop/view,"Anonymity-redacted copy: full names shortened to first name + last initial, personal e-mails and phone numbers removed. Original (held for review): docs/archive/minutes/2016/feb-2016-asc-final-minutes-english-en.pdf Re-redacted 2026-10-06 after the pre-launch scan (personal phone numbers removed; checked again with both scanners and OCR)."
archive-minutes-2016-s-feb-2016-asc-final-minutes-spanish-es-redacted,Archive,Minutes,ASC Minutes – February 2016,Actas del CSA – febrero de 2016,2016-02-14,2016,Spanish,PDF,250,ASC,,,area09.org (legacy site),yes,,docs/archive/minutes/2016/s-feb-2016-asc-final-minutes-spanish-es-redacted.pdf,https://drive.google.com/file/d/1Tvqk1ehN_sCOzYEkoWx5MDyM1yEYPX6U/view,"Anonymity-redacted copy: full names shortened to first name + last initial, personal e-mails and phone numbers removed. Original (held for review): docs/archive/minutes/2016/s-feb-2016-asc-final-minutes-spanish-es.pdf"
archive-guidelines-2016-grapevine-lavina-final-guidelines-in-spanish-january-2016-es,Archive,Guidelines,Grapevine & La Viña Committee Guidelines (2016),Guías del Comité de Grapevine y La Viña (2016),2016-01,2016,Spanish,PDF,85,,,grapevine-la-vina,area09.org (legacy site),yes,,docs/archive/guidelines/2016/grapevine-lavina-final-guidelines-in-spanish-january-2016-es.pdf,https://drive.google.com/file/d/1RJL48uDHyVsoEFyzYNrABK3P9Cin1IdV/view,
archive-minutes-2016-s-jan-2016-asa-final-minutes-spanish-es,Archive,Minutes,Assembly (ASA) Minutes – January 2016,Actas de la Asamblea (ASA) – enero de 2016,2016-01,2016,Spanish,PDF,248,ASA,,,area09.org (legacy site),yes,,docs/archive/minutes/2016/s-jan-2016-asa-final-minutes-spanish-es.pdf,https://drive.google.com/file/d/1vw-e5ABzJg5XD0FSgu48cS-G-CP8FWvu/view,
archive-newsletters-2016-volume-40-1-en,Archive,Newsletters,VOLUME 40 1 2016,,2016,2016,English,PDF,617,,,,area09.org (legacy site),yes,,docs/archive/newsletters/2016/volume-40-1-en.pdf,https://drive.google.com/file/d/1rxFtW9DY71OWMXf4jRNZ-9zwHqcNHtjB/view,
archive-guidelines-piglines-en,Archive,Guidelines,Public Information Committee Guidelines (2016),Guías del Comité de Información Pública (2016),2016,2016,English,PDF,17,,,public-information,area09.org (legacy site),yes,,docs/archive/guidelines/piglines-en.pdf,https://drive.google.com/file/d/17Va_xvPlWWvaf3puUdMd8JnjFFbSojUf/view,
archive-guidelines-newsgl090407-en,Archive,Guidelines,Newsletter Committee Guidelines 2016,,2016,2016,English,PDF,46,,,,area09.org (legacy site),yes,,docs/archive/guidelines/newsgl090407-en.pdf,https://drive.google.com/file/d/1N3TQNLPJlVocyASp6nZ2ZbdE_EdwlYIM/view,
archive-guidelines-msca-business-meeting-procedures-en,Archive,Guidelines,MSCA Business Meeting Procedures 2016,,2016,2016,English,PDF,76,,,,area09.org (legacy site),yes,,docs/archive/guidelines/msca-business-meeting-procedures-en.pdf,https://drive.google.com/file/d/1qXoL2X2g4HPppOri-gfJZ7RXiBYHw9io/view,
archive-guidelines-2016-grapevine-lavina-final-guidelines-in-english-january-2016-en,Archive,Guidelines,Grapevine & La Viña Committee Guidelines (2016),Guías del Comité de Grapevine y La Viña (2016),2016,2016,English,PDF,84,,,grapevine-la-vina,area09.org (legacy site),yes,,docs/archive/guidelines/2016/grapevine-lavina-final-guidelines-in-english-january-2016-en.pdf,https://drive.google.com/file/d/1zt7xoawmt5EOLcIKnWIb-HBgS4Kzq7eK/view,
archive-guidelines-2021-guidelines-grapevine-lavina-spanish-2016-es,Archive,Guidelines,Grapevine & La Viña Committee Guidelines (2016),Guías del Comité de Grapevine y La Viña (2016),2016,2016,Spanish,PDF,85,,,grapevine-la-vina,msca09aa.org,yes,,docs/archive/guidelines/2021/guidelines-grapevine-lavina-spanish-2016-es.pdf,https://drive.google.com/file/d/1Djii-tJDEnD090ptLlGy5Jmucr6a3bfK/view,
archive-praasa-2016-corrections-roundtable-praasa-mar-4-2016-en,Archive,PRAASA,Corrections Roundtable PRAASA 2016,,2016,2016,English,PDF,728,,,corrections,area09.org (legacy site),yes,,docs/archive/praasa/2016/corrections-roundtable-praasa-mar-4-2016-en.pdf,https://drive.google.com/file/d/1quNn-0sPcOgJAqqT9x8It7sXiVCnpj2R/view,
archive-praasa-2016-treasurerroundtablepraasa2016-en,Archive,PRAASA,2016 PRAASA Treasurer Roundtable,,2016,2016,English,PDF,63,,,,area09.org (legacy site),yes,,docs/archive/praasa/2016/treasurerroundtablepraasa2016-en.pdf,https://drive.google.com/file/d/1c0bB5nsw4w0nVGSkLo0qiF611dmNV0_w/view,
archive-praasa-2016-praasa-steps-traditions-concepts-does-our-program-have-meaning-t-en,Archive,PRAASA,2016 PRAASA Steps Traditions Concepts,,2016,2016,English,PDF,665,,,,area09.org (legacy site),yes,,docs/archive/praasa/2016/praasa-steps-traditions-concepts-does-our-program-have-meaning-t-en.pdf,https://drive.google.com/file/d/14SYWeFIHGBth-wJk1u3LinB2-ob5IZrC/view,
archive-praasa-2016-praasaspiritualitymeeting-en,Archive,PRAASA,2016 PRAASA Spirituality Meeting,,2016,2016,English,PDF,18,,,,area09.org (legacy site),yes,,docs/archive/praasa/2016/praasaspiritualitymeeting-en.pdf,https://drive.google.com/file/d/1unsQdwnCYIEUV7_N7wEeNaFM9Iizbvgn/view,
archive-praasa-2016-pi-roundtable-minutes-at-praasa-2016-en,Archive,PRAASA,2016 PRAASA PI Roundtable,,2016,2016,English,PDF,42,,,public-information,area09.org (legacy site),yes,,docs/archive/praasa/2016/pi-roundtable-minutes-at-praasa-2016-en.pdf,https://drive.google.com/file/d/1bLQ1YA_mRtyvLIbLQPiYbotWcBKo8Wcd/view,
archive-praasa-2016-praasa-corrections-minutes-march-5-2016-en-redacted,Archive,PRAASA,2016 PRAASA Corrections Minutes,,2016,2016,English,PDF,87,,,corrections,area09.org (legacy site),yes,,docs/archive/praasa/2016/praasa-corrections-minutes-march-5-2016-en-redacted.pdf,https://drive.google.com/file/d/1wPscNZngY4AixWXBhnLa2rfM9fkY-XUt/view,"Anonymity-redacted copy: full names shortened to first name + last initial, personal e-mails and phone numbers removed. Original (held for review): docs/archive/praasa/2016/praasa-corrections-minutes-march-5-2016-en.pdf"
archive-minutes-2015-dec-asc-minutes-2015-english-en,Archive,Minutes,ASC Minutes – December 2015,Actas del CSA – diciembre de 2015,2015-12-13,2015,English,PDF,326,ASC,,,area09.org (legacy site),yes,,docs/archive/minutes/2015/dec-asc-minutes-2015-english-en.pdf,https://drive.google.com/file/d/1rlpoPWJb5FJPnijtOzDX4agELi4QoeC4/view,
archive-minutes-2015-oct-election-minutes-2015-english-en,Archive,Minutes,Oct - Election 2015,,2015-10,2015,English,PDF,144,,,,area09.org (legacy site),yes,,docs/archive/minutes/2015/oct-election-minutes-2015-english-en.pdf,https://drive.google.com/file/d/1yHGey128NkmQueqpX4Srrpkvou2C9roT/view,
archive-districts-d15-min-oct-d15-en,Archive,District,Minutes Oct District 15,,2015-10,2015,English,PDF,8,,d15,,area09.org (legacy site),yes,,docs/archive/districts/d15/min-oct-d15-en.pdf,https://drive.google.com/file/d/1L9-mYX6vxlNV0vzjnMI6MmbCjZGxdz-U/view,
archive-districts-d15-min-sept-d15-en,Archive,District,Minutes Sept District 15,,2015-09,2015,English,PDF,8,,d15,,area09.org (legacy site),yes,,docs/archive/districts/d15/min-sept-d15-en.pdf,https://drive.google.com/file/d/1cDPjmkq8SJHy6IDKdk8HOCmWzPiVIYoO/view,
archive-districts-d5-2015-district-5-guidelines-rev-f-sept-2015-en,Archive,District,District 5 Guidelines (2015),Guías del Distrito 5 (2015),2015-09,2015,English,PDF,126,,d05,,area09.org (legacy site),yes,,docs/archive/districts/d5/2015/district-5-guidelines-rev-f-sept-2015-en.pdf,https://drive.google.com/file/d/1oS4m48jKhWIvYSze7XjnassFOtyBTVvb/view,
archive-minutes-2015-aug-asc-minutes-english-2015-en-redacted,Archive,Minutes,ASC Minutes – August 2015,Actas del CSA – agosto de 2015,2015-08-09,2015,English,PDF,564,ASC,,,area09.org (legacy site),yes,,docs/archive/minutes/2015/aug-asc-minutes-english-2015-en-redacted.pdf,https://drive.google.com/file/d/1eSUjghZHcAIsesVryef5jaquukQiZzHI/view,"Anonymity-redacted copy: full names shortened to first name + last initial, personal e-mails and phone numbers removed. Original (held for review): docs/archive/minutes/2015/aug-asc-minutes-english-2015-en.pdf"
archive-minutes-2015-s-aug-asc-minutess-spanish-2015-2-es-redacted,Archive,Minutes,ASC Minutes – August 2015,Actas del CSA – agosto de 2015,2015-08-09,2015,Spanish,PDF,680,ASC,,,area09.org (legacy site),yes,,docs/archive/minutes/2015/s-aug-asc-minutess-spanish-2015-2-es-redacted.pdf,https://drive.google.com/file/d/1jikWVE605DXEY8hZEjPwigIA6VvjWd5S/view,"Anonymity-redacted copy: full names shortened to first name + last initial, personal e-mails and phone numbers removed. Original (held for review): docs/archive/minutes/2015/s-aug-asc-minutess-spanish-2015-2-es.pdf"
archive-districts-d15-min-aug-d15-en,Archive,District,Minutes Aug District 15,,2015-08,2015,English,PDF,185,,d15,,area09.org (legacy site),yes,,docs/archive/districts/d15/min-aug-d15-en.pdf,https://drive.google.com/file/d/1GvQgW1NDUpwQXFMgi-DJ-1ZZZeNqbblh/view,
archive-minutes-2015-june-asc-minutes-english-2015-en-redacted,Archive,Minutes,ASC Minutes – June 2015,Actas del CSA – junio de 2015,2015-06-14,2015,English,PDF,333,ASC,,,area09.org (legacy site),yes,,docs/archive/minutes/2015/june-asc-minutes-english-2015-en-redacted.pdf,https://drive.google.com/file/d/1gqDoXqMoNy3sBGZhbNAZ8gM0mkZQZhJS/view,"Anonymity-redacted copy: full names shortened to first name + last initial, personal e-mails and phone numbers removed. Original (held for review): docs/archive/minutes/2015/june-asc-minutes-english-2015-en.pdf"
archive-districts-d15-d15junemin-en,Archive,District,District 15 June Minutes,,2015-06,2015,English,PDF,20,,d15,,area09.org (legacy site),yes,,docs/archive/districts/d15/d15junemin-en.pdf,https://drive.google.com/file/d/1VzMD5dWeuDOqfiw6Jm3FdGMefLgEu2aW/view,
archive-minutes-2015-may-assembly-minutes-english-2015-en,Archive,Minutes,Assembly (ASA) Minutes – May 2015,Actas de la Asamblea (ASA) – mayo de 2015,2015-05-17,2015,English,PDF,348,ASA,,,area09.org (legacy site),yes,,docs/archive/minutes/2015/may-assembly-minutes-english-2015-en.pdf,https://drive.google.com/file/d/1Ago4yh7Hv8eyxgMdSs5vYt1sPzdC7ic7/view,
archive-minutes-2015-s-may-assembly-minutes-spanish-2015-es,Archive,Minutes,Assembly (ASA) Minutes – May 2015,Actas de la Asamblea (ASA) – mayo de 2015,2015-05-17,2015,Spanish,PDF,297,ASA,,,area09.org (legacy site),yes,,docs/archive/minutes/2015/s-may-assembly-minutes-spanish-2015-es.pdf,https://drive.google.com/file/d/1vt1W0f2KDz-MrSEYn1gjybG7f8w1iEGh/view,
archive-newsletters-2015-newsletter-may2015-en,Archive,Newsletters,Area Newsletter – May 2015,Boletín del Área – mayo de 2015,2015-05,2015,English,PDF,684,,,,area09.org (legacy site),yes,,docs/archive/newsletters/2015/newsletter-may2015-en.pdf,https://drive.google.com/file/d/1s7y3jQaXQ0G5rYEpn-3ZJyOkswoJ4i7g/view,
archive-minutes-2015-s-march-asc-minutes-spanish-2015-es,Archive,Minutes,ASC Minutes – March 2015,Actas del CSA – marzo de 2015,2015-03-15,2015,Spanish,PDF,272,ASC,,,area09.org (legacy site),yes,,docs/archive/minutes/2015/s-march-asc-minutes-spanish-2015-es.pdf,https://drive.google.com/file/d/1d37dhN0tPKDuMw2i0K0KhhO7S5H2k2Mo/view,
archive-minutes-2015-march-asc-minutes-2015-english-a-en-redacted,Archive,Minutes,ASC Minutes – March 2015,Actas del CSA – marzo de 2015,2015-03-15,2015,English,PDF,318,ASC,,,area09.org (legacy site),yes,,docs/archive/minutes/2015/march-asc-minutes-2015-english-a-en-redacted.pdf,https://drive.google.com/file/d/1AkTLwehQ-t32k9QNMtWXcbb3RNX_wvwI/view,"Anonymity-redacted copy: full names shortened to first name + last initial, personal e-mails and phone numbers removed. Original (held for review): docs/archive/minutes/2015/march-asc-minutes-2015-english-a-en.pdf"
archive-minutes-2015-feb-asc-minutes-2015-english-en-redacted,Archive,Minutes,ASC Minutes – February 2015,Actas del CSA – febrero de 2015,2015-02-08,2015,English,PDF,389,ASC,,,area09.org (legacy site),yes,,docs/archive/minutes/2015/feb-asc-minutes-2015-english-en-redacted.pdf,https://drive.google.com/file/d/1gb0GfDYrj62630A1MTbqyKwA_gbJdQtL/view,"Anonymity-redacted copy: full names shortened to first name + last initial, personal e-mails and phone numbers removed. Original (held for review): docs/archive/minutes/2015/feb-asc-minutes-2015-english-en.pdf"
archive-minutes-2015-s-feb-asc-minutes-2015-spanish-es-redacted,Archive,Minutes,ASC Minutes – February 2015,Actas del CSA – febrero de 2015,2015-02-08,2015,Spanish,PDF,310,ASC,,,area09.org (legacy site),yes,,docs/archive/minutes/2015/s-feb-asc-minutes-2015-spanish-es-redacted.pdf,https://drive.google.com/file/d/1hWKNqyOj8SWSPH47w4H-QUFOOUJEYkkZ/view,"Anonymity-redacted copy: full names shortened to first name + last initial, personal e-mails and phone numbers removed. Original (held for review): docs/archive/minutes/2015/s-feb-asc-minutes-2015-spanish-es.pdf"
archive-minutes-2015-jan-assembly-minutes-2015-english-en-redacted,Archive,Minutes,Assembly (ASA) Minutes – January 2015,Actas de la Asamblea (ASA) – enero de 2015,2015-01-11,2015,English,PDF,329,ASA,,,area09.org (legacy site),yes,,docs/archive/minutes/2015/jan-assembly-minutes-2015-english-en-redacted.pdf,https://drive.google.com/file/d/1UEPnGESlNUY3gQGl8DN0d9V6dHs-IIcu/view,"Anonymity-redacted copy: full names shortened to first name + last initial, personal e-mails and phone numbers removed. Original (held for review): docs/archive/minutes/2015/jan-assembly-minutes-2015-english-en.pdf"
archive-minutes-2015-s-jan-assembly-minutes-2015-spanish-es-redacted,Archive,Minutes,Assembly (ASA) Minutes – January 2015,Actas de la Asamblea (ASA) – enero de 2015,2015-01-11,2015,Spanish,PDF,237,ASA,,,area09.org (legacy site),yes,,docs/archive/minutes/2015/s-jan-assembly-minutes-2015-spanish-es-redacted.pdf,https://drive.google.com/file/d/1tjZOOX1OB39ie0AUTGepkfP0auO-uAzt/view,"Anonymity-redacted copy: full names shortened to first name + last initial, personal e-mails and phone numbers removed. Original (held for review): docs/archive/minutes/2015/s-jan-assembly-minutes-2015-spanish-es.pdf"
archive-guidelines-2021-archives-guidelines-revision-g-sp-jan-2015-es,Archive,Guidelines,Archives Committee Guidelines (2015),Guías del Comité de Archivos Históricos (2015),2015-01,2015,Spanish,PDF,42,,,archives,msca09aa.org,yes,,docs/archive/guidelines/2021/archives-guidelines-revision-g-sp-jan-2015-es.pdf,https://drive.google.com/file/d/1WQib7r_k1OEFu7UM54VRmRIsE9tg_qWw/view,
archive-newsletters-2015-volume-39-12-en,Archive,Newsletters,VOLUME 39 12 2015,,2015,2015,English,PDF,612,,,,area09.org (legacy site),yes,,docs/archive/newsletters/2015/volume-39-12-en.pdf,https://drive.google.com/file/d/1Yg1zIbnrqA0mTYhJ5rO25gT_h7nNi2ll/view,
archive-districts-d15-officers-chairs-d15-en-redacted,Archive,District,"Officers,Chairs d 15",,,2015,English,PDF,102,,d15,,area09.org (legacy site),yes,,docs/archive/districts/d15/officers-chairs-d15-en-redacted.pdf,https://drive.google.com/file/d/1jIGc6q94xVe_G865IQQv3GCWJIVYoPa2/view,"Anonymity-redacted copy: full names shortened to first name + last initial, personal e-mails and phone numbers removed. Original (held for review): docs/archive/districts/d15/officers-chairs-d15-en.pdf"
archive-districts-d15-d15guidelnr4-en,Archive,District,District 15 Guide Ln R 4,,,2015,English,PDF,100,,d15,,area09.org (legacy site),yes,,docs/archive/districts/d15/d15guidelnr4-en.pdf,https://drive.google.com/file/d/1zvJdqOxckx6x3s5yVYM0kHt5Kni-fKIb/view,
archive-guidelines-clglines-en,Archive,Guidelines,Convention Liaison Committee Guidelines (2015),Guías del Comité de Enlace con la Convención (2015),2015,2015,English,PDF,115,,,convention-liaison,area09.org (legacy site),yes,,docs/archive/guidelines/clglines-en.pdf,https://drive.google.com/file/d/1DYVa64Sm3CIOdRXv6NOF5mNJ1JKI778P/view,
archive-minutes-2014-oct-asc-minutes-english-en-redacted,Archive,Minutes,ASC Minutes – October 2014,Actas del CSA – octubre de 2014,2014-10-12,2014,English,PDF,170,ASC,,,area09.org (legacy site),yes,,docs/archive/minutes/2014/oct-asc-minutes-english-en-redacted.pdf,https://drive.google.com/file/d/1fCg2DI9DJZHa5wz94c8IZtXwcydWxsai/view,"Anonymity-redacted copy: full names shortened to first name + last initial, personal e-mails and phone numbers removed. Original (held for review): docs/archive/minutes/2014/oct-asc-minutes-english-en.pdf Re-redacted 2026-10-06: names shortened to first name + initial; personal contact details, addresses and sobriety dates removed (scripts/scan-documents.py)."
archive-minutes-2014-sept-board-minutes-2014-en,Archive,Minutes,Board Minutes – September 2014,Actas de la Junta – septiembre de 2014,2014-09-21,2014,English,PDF,97,Board,,,area09.org (legacy site),yes,,docs/archive/minutes/2014/sept-board-minutes-2014-en.pdf,https://drive.google.com/file/d/1tfnrEwwBS2qE5OrtRZzsG_h58f3U-xyx/view,
archive-minutes-2014-sept-assembly-minutes-2014-spanish-es-redacted,Archive,Minutes,Assembly (ASA) Minutes – September 2014,Actas de la Asamblea (ASA) – septiembre de 2014,2014-09-14,2014,Spanish,PDF,172,ASA,,,area09.org (legacy site),yes,,docs/archive/minutes/2014/sept-assembly-minutes-2014-spanish-es-redacted.pdf,https://drive.google.com/file/d/1EVKZt94Is8QDzQARLvf9DpEMBw4Hr4BP/view,"Anonymity-redacted copy: full names shortened to first name + last initial, personal e-mails and phone numbers removed. Original (held for review): docs/archive/minutes/2014/sept-assembly-minutes-2014-spanish-es.pdf Re-redacted 2026-10-06: names shortened to first name + initial; personal contact details, addresses and sobriety dates removed (scripts/scan-documents.py)."
archive-minutes-2014-sept-assembly-minutes-2014-english-en-redacted,Archive,Minutes,Assembly (ASA) Minutes – September 2014,Actas de la Asamblea (ASA) – septiembre de 2014,2014-09-14,2014,English,PDF,178,ASA,,,area09.org (legacy site),yes,,docs/archive/minutes/2014/sept-assembly-minutes-2014-english-en-redacted.pdf,https://drive.google.com/file/d/1YJrXZjhfInHYZ5mdjaBGD5dqI2bW9wOt/view,"Anonymity-redacted copy: full names shortened to first name + last initial, personal e-mails and phone numbers removed. Original (held for review): docs/archive/minutes/2014/sept-assembly-minutes-2014-english-en.pdf Re-redacted 2026-10-06: names shortened to first name + initial; personal contact details, addresses and sobriety dates removed (scripts/scan-documents.py)."
archive-minutes-2014-aug-asc-minutes-english-en-redacted,Archive,Minutes,ASC Minutes – August 2014,Actas del CSA – agosto de 2014,2014-08-10,2014,English,PDF,162,ASC,,,area09.org (legacy site),yes,,docs/archive/minutes/2014/aug-asc-minutes-english-en-redacted.pdf,https://drive.google.com/file/d/12GyzvVVlMf3eZUdrpUOFxy56u74HIPYd/view,"Anonymity-redacted copy: full names shortened to first name + last initial, personal e-mails and phone numbers removed. Original (held for review): docs/archive/minutes/2014/aug-asc-minutes-english-en.pdf Re-redacted 2026-10-06: names shortened to first name + initial; personal contact details, addresses and sobriety dates removed (scripts/scan-documents.py)."
archive-minutes-2014-06-2014-asc-minutes-english-en-redacted,Archive,Minutes,ASC Minutes – June 2014,Actas del CSA – junio de 2014,2014-06-08,2014,English,PDF,116,ASC,,,area09.org (legacy site),yes,,docs/archive/minutes/2014/06-2014-asc-minutes-english-en-redacted.pdf,https://drive.google.com/file/d/1KBVveVeG8oXL4Bx5NS8V0a_973FDc6LO/view,"Anonymity-redacted copy: full names shortened to first name + last initial, personal e-mails and phone numbers removed. Original (held for review): docs/archive/minutes/2014/06-2014-asc-minutes-english-en.pdf"
archive-minutes-2014-05-2014-asc-minutes-english-en-redacted,Archive,Minutes,Assembly (ASA) Minutes – May 2014,Actas de la Asamblea (ASA) – mayo de 2014,2014-05-18,2014,English,PDF,107,ASA,,,area09.org (legacy site),yes,,docs/archive/minutes/2014/05-2014-asc-minutes-english-en-redacted.pdf,https://drive.google.com/file/d/1hy9ICRrma8PQ2U82QypMKHRS23wRE1GN/view,"Anonymity-redacted copy: full names shortened to first name + last initial, personal e-mails and phone numbers removed. Original (held for review): docs/archive/minutes/2014/05-2014-asc-minutes-english-en.pdf Re-redacted 2026-10-06: names shortened to first name + initial; personal contact details, addresses and sobriety dates removed (scripts/scan-documents.py)."
archive-minutes-2014-2-16-board-minutes-en,Archive,Minutes,Board Minutes – February 2014,Actas de la Junta – febrero de 2014,2014-02,2014,English,Word,35,Board,,,area09.org (legacy site),yes,,docs/archive/minutes/2014/2-16-board-minutes-en.docx,https://drive.google.com/file/d/1Qkm3GPT46XbsRvMNDutIECXTdRYRGxW0/view,
archive-minutes-2014-01-2014-board-meeting-minutes-en,Archive,Minutes,Board Minutes – January 2014,Actas de la Junta – enero de 2014,2014-01-19,2014,English,PDF,300,Board,,,area09.org (legacy site),yes,,docs/archive/minutes/2014/01-2014-board-meeting-minutes-en.pdf,https://drive.google.com/file/d/1D7WLpf0nZ0RFlfYvSXRIwL7v89KNdmVu/view,
archive-newsletters-2014-volume-38-12-page1-en,Archive,Newsletters,VOLUME 38 12 PAGE 1 2014,,2014,2014,English,PDF,594,,,,area09.org (legacy site),yes,,docs/archive/newsletters/2014/volume-38-12-page1-en.pdf,https://drive.google.com/file/d/1KGjW8jZhg3s0SpG-s8TnsC15kVs1GR03/view,
archive-finances-2014-preliminary-2014-budget-en,Archive,Finances,Preliminary area budget 2014,Presupuesto preliminar del Área 2014,2014,2014,English,PDF,550,,,finance,area09.org (legacy site),yes,,docs/archive/finances/2014/preliminary-2014-budget-en.pdf,https://drive.google.com/file/d/1MSniMiPi4AYaS5p5GKf90wWIRJ_Jg87g/view,
archive-guidelines-gsr-school-en,Archive,Guidelines,GSR School Committee Guidelines (2014),Guías del Comité de Escuela de RSG (2014),2014,2014,English,PDF,29,,,gsr-school,area09.org (legacy site),yes,,docs/archive/guidelines/gsr-school-en.pdf,https://drive.google.com/file/d/14Qdv4c8ol1E_uozMm1rt8A_heaZvDRR8/view,
archive-minutes-2014-3-board-minutes-en,Archive,Minutes,3 Board Minutes 2014,,2014,2014,English,Word,27,Board,,,area09.org (legacy site),yes,,docs/archive/minutes/2014/3-board-minutes-en.docx,https://drive.google.com/file/d/1lhXorg4Ldcu20sMlvJsIRUeJPLKLf0QX/view,
archive-workbooks-2014-2014workbook-english-en-redacted,Archive,Workbooks,2014 Area Workbook,Cuaderno de trabajo del Área 2014,2014,2014,English,PDF,1113,,,,area09.org (legacy site),yes,,docs/archive/workbooks/2014/2014workbook-english-en-redacted.pdf,https://drive.google.com/file/d/1u7--iyijwazO4u93JK5YmWDqULn-vdvG/view,"Anonymity-redacted copy: full names shortened to first name + last initial, personal e-mails and phone numbers removed. Original (held for review): docs/archive/workbooks/2014/2014workbook-english-en.pdf Re-redacted 2026-10-06: names shortened to first name + initial; personal contact details, addresses and sobriety dates removed (scripts/scan-documents.py)."
archive-workbooks-2014-libro-de-trabajo-del-2014-en-redacted,Archive,Workbooks,2014 Area Workbook,Cuaderno de trabajo del Área 2014,2014,2014,Spanish,PDF,884,,,,area09.org (legacy site),yes,,docs/archive/workbooks/2014/libro-de-trabajo-del-2014-en-redacted.pdf,https://drive.google.com/file/d/1GkQV1TltkrFCNFDiDpJe_KCiPdA1Edxw/view,"Anonymity-redacted copy: full names shortened to first name + last initial, personal e-mails and phone numbers removed. Original (held for review): docs/archive/workbooks/2014/libro-de-trabajo-del-2014-en.pdf Re-redacted 2026-10-06: names shortened to first name + initial; personal contact details, addresses and sobriety dates removed (scripts/scan-documents.py)."
archive-minutes-2014-02-2014-asc-minutes-english-en-redacted,Archive,Minutes,ASC Minutes – February 2014,,2014-02,2014,English,PDF,115,ASC,,,area09.org (legacy site),yes,,docs/archive/minutes/2014/02-2014-asc-minutes-english-en-redacted.pdf,https://drive.google.com/file/d/1Cv9qsQE7r2X-MolScNzoNwMYXtDTFgTm/view,"Anonymity-redacted copy: full names shortened to first name + last initial, personal e-mails and phone numbers removed. Original (held for review): docs/archive/minutes/2014/02-2014-asc-minutes-english-en.pdf Re-redacted 2026-10-06: names shortened to first name + initial; personal contact details, addresses and sobriety dates removed (scripts/scan-documents.py)."
archive-minutes-2013-nov2013asc-en-redacted,Archive,Minutes,ASC Minutes – November 2013,Actas del CSA – noviembre de 2013,2013-11-10,2013,English,PDF,59,ASC,,,area09.org (legacy site),yes,,docs/archive/minutes/2013/nov2013asc-en-redacted.pdf,https://drive.google.com/file/d/10RlagvR-ExrQ7JRhl7yBC2d-YjRxNBx1/view,"Anonymity-redacted copy: full names shortened to first name + last initial, personal e-mails and phone numbers removed. Original (held for review): docs/archive/minutes/2013/nov2013asc-en.pdf"
archive-minutes-2013-s-nov2013asc-en-redacted,Archive,Minutes,ASC Minutes – November 2013,Actas del CSA – noviembre de 2013,2013-11-10,2013,Spanish,PDF,59,ASC,,,area09.org (legacy site),yes,,docs/archive/minutes/2013/s-nov2013asc-en-redacted.pdf,https://drive.google.com/file/d/1w1C4L38wKbfm8faUj_c1jEl4LyC9Y-1X/view,"Anonymity-redacted copy: full names shortened to first name + last initial, personal e-mails and phone numbers removed. Original (held for review): docs/archive/minutes/2013/s-nov2013asc-en.pdf"
archive-districts-d15-2013-min-nov-2013-en,Archive,District,District 15 Minutes – November 2013,Actas del Distrito 15 – noviembre de 2013,2013-11,2013,English,PDF,187,,d15,,area09.org (legacy site),yes,,docs/archive/districts/d15/2013/min-nov-2013-en.pdf,https://drive.google.com/file/d/10Wq4ZhS98rD3Pl2_w46g-gvCkMDg3k9A/view,
archive-minutes-2013-oct13assembly-2013-en,Archive,Minutes,Assembly (ASA) Minutes – October 2013,Actas de la Asamblea (ASA) – octubre de 2013,2013-10-13,2013,English,PDF,36,ASA,,,area09.org (legacy site),yes,,docs/archive/minutes/2013/oct13assembly-2013-en.pdf,https://drive.google.com/file/d/1S0ZfSqFNQwkbLgB7xU8up46BZOM28yFM/view,
archive-minutes-2013-sep8assembly-en,Archive,Minutes,Assembly (ASA) Minutes – September 2013,Actas de la Asamblea (ASA) – septiembre de 2013,2013-09-08,2013,English,PDF,317,ASA,,,area09.org (legacy site),yes,,docs/archive/minutes/2013/sep8assembly-en.pdf,https://drive.google.com/file/d/1XZPldAc7ptlQjoHY9FldueI5LfFnKR2P/view,
archive-conference-2013-sep2013-assembly-agenda-en,Archive,Conference,Sep 2013 Assembly Agenda,,2013-09,2013,English,PDF,225,,,,area09.org (legacy site),yes,,docs/archive/conference/2013/sep2013-assembly-agenda-en.pdf,https://drive.google.com/file/d/1i_J8Y07qJiCcpYVLc5PUmL_WBL1jHSQa/view,
archive-minutes-2013-aug2013asc-en-redacted,Archive,Minutes,ASC Minutes – August 2013,Actas del CSA – agosto de 2013,2013-08-11,2013,English,PDF,324,ASC,,,area09.org (legacy site),yes,,docs/archive/minutes/2013/aug2013asc-en-redacted.pdf,https://drive.google.com/file/d/1uVyVmuhSysDVi_P9zcw1LzAEhGEET9u8/view,"Anonymity-redacted copy: full names shortened to first name + last initial, personal e-mails and phone numbers removed. Original (held for review): docs/archive/minutes/2013/aug2013asc-en.pdf"
archive-minutes-aug-13-minutes-07-en,Archive,Minutes,Aug 13 Minutes 07,,2013-08,2013,English,PDF,24,,,,area09.org (legacy site),yes,,docs/archive/minutes/aug-13-minutes-07-en.pdf,https://drive.google.com/file/d/1mtr2FRIjqmorLs5tp-Nb6wqz6g9uius_/view,
archive-conference-2013-aug11-asc-agenda-2013-en,Archive,Conference,Aug 11 ASC Agenda 2013,,2013-08,2013,English,PDF,223,,,,area09.org (legacy site),yes,,docs/archive/conference/2013/aug11-asc-agenda-2013-en.pdf,https://drive.google.com/file/d/1ssw5EzRA9Xa84dlnFa5yfW9Jp1QuO0lX/view,
archive-minutes-2013-june15-2013-board-en,Archive,Minutes,Board Minutes – June 2013,Actas de la Junta – junio de 2013,2013-06-15,2013,English,PDF,292,Board,,,area09.org (legacy site),yes,,docs/archive/minutes/2013/june15-2013-board-en.pdf,https://drive.google.com/file/d/1eiC9BSiMFTGYLYuvTZwnwhic3fUoUtLw/view,
archive-finances-2013-msca-inc-exp-to-budget-6-30-13-en,Archive,Finances,2013 June 30,,2013-06,2013,English,PDF,19,,,,area09.org (legacy site),yes,,docs/archive/finances/2013/msca-inc-exp-to-budget-6-30-13-en.pdf,https://drive.google.com/file/d/1C3ZjtQtyFIHDPF6y8XkvgePAJEmzyb5l/view,
archive-minutes-2013-march-asc-2013-en,Archive,Minutes,ASC Minutes – March 2013,Actas del CSA – marzo de 2013,2013-03-10,2013,English,PDF,317,ASC,,,area09.org (legacy site),yes,,docs/archive/minutes/2013/march-asc-2013-en.pdf,https://drive.google.com/file/d/1-GJBoEgE8TMV4bWBXlgmVEAOdj60PBv3/view,
archive-minutes-2013-s-march-asc-2013-en,Archive,Minutes,ASC Minutes – March 2013,Actas del CSA – marzo de 2013,2013-03-10,2013,Spanish,PDF,327,ASC,,,area09.org (legacy site),yes,,docs/archive/minutes/2013/s-march-asc-2013-en.pdf,https://drive.google.com/file/d/1E74VXL331ZhZpijOlIHjplZdFYI2C6-J/view,language detected from text: Spanish (was English)
archive-reports-2013-2013-03-15-aaws-highlights-en,Archive,Reports,2013 March 2013 AAWS Highlights,,2013-03,2013,English,PDF,26,,,,area09.org (legacy site),yes,,docs/archive/reports/2013/2013-03-15-aaws-highlights-en.pdf,https://drive.google.com/file/d/1_-jYcxnO7oGidcGivdqgnEYRC08Sh2Zg/view,
archive-minutes-2013-feb16-2013-board-en-redacted,Archive,Minutes,Board Minutes – February 2013,Actas de la Junta – febrero de 2013,2013-02-16,2013,English,PDF,55,Board,,,area09.org (legacy site),yes,,docs/archive/minutes/2013/feb16-2013-board-en-redacted.pdf,https://drive.google.com/file/d/1_MGjtlOe7Z2Z3pnaRZOJZJz4XqMn62an/view,"Anonymity-redacted copy: full names shortened to first name + last initial, personal e-mails and phone numbers removed. Original (held for review): docs/archive/minutes/2013/feb16-2013-board-en.pdf"
archive-conference-2013-feb2013agenda-en,Archive,Conference,Feb 2013 Agenda,,2013-02,2013,English,PDF,220,,,,area09.org (legacy site),yes,,docs/archive/conference/2013/feb2013agenda-en.pdf,https://drive.google.com/file/d/11Yws4DI-hp8jvSreLy2dWUGQW7yejmWz/view,
archive-minutes-2013-jan19-2013-board-en,Archive,Minutes,Board Minutes – January 2013,Actas de la Junta – enero de 2013,2013-01-19,2013,English,PDF,44,Board,,,area09.org (legacy site),yes,,docs/archive/minutes/2013/jan19-2013-board-en.pdf,https://drive.google.com/file/d/1OYW5X61xyMN4DNST3NGrpB-V3Delhe6m/view,
archive-minutes-2013-janassembly-minutes-en-redacted,Archive,Minutes,Assembly (ASA) Minutes – January 2013,Actas de la Asamblea (ASA) – enero de 2013,2013-01-13,2013,English,PDF,227,ASA,,,area09.org (legacy site),yes,,docs/archive/minutes/2013/janassembly-minutes-en-redacted.pdf,https://drive.google.com/file/d/1__cbl6iK0IJoG0ocbYpCWvIBSOvISRiC/view,"Anonymity-redacted copy: full names shortened to first name + last initial, personal e-mails and phone numbers removed. Original (held for review): docs/archive/minutes/2013/janassembly-minutes-en.pdf"
archive-conference-2013-jan2013agenda-en,Archive,Conference,Jan 2013 Agenda,,2013-01,2013,English,PDF,196,,,,area09.org (legacy site),yes,,docs/archive/conference/2013/jan2013agenda-en.pdf,https://drive.google.com/file/d/1Vj3_x5rU0iRWWLBUzL6XCnD1eEutDsNq/view,
archive-minutes-2013-s-sep8assembly-en,Archive,Minutes,Sep 8 Assembly 2013,Septiembre 8 Assembly 2013,2013,2013,Spanish,PDF,320,ASA,,,area09.org (legacy site),yes,,docs/archive/minutes/2013/s-sep8assembly-en.pdf,https://drive.google.com/file/d/1x8VYUKJzUzCGjqbsBPfIn6FBvkmeVKyU/view,
archive-newsletters-2013-s-marnews13-en-redacted,Archive,Newsletters,Mar News 13 2013,Marzo News 13 2013,2013,2013,Spanish,PDF,624,,,,area09.org (legacy site),yes,,docs/archive/newsletters/2013/s-marnews13-en-redacted.pdf,https://drive.google.com/file/d/1KKTIbbCx9g2V_4IjZGkO9s_ekPuE32Py/view,"Anonymity-redacted copy: full names shortened to first name + last initial, personal e-mails and phone numbers removed. Original (held for review): docs/archive/newsletters/2013/s-marnews13-en.pdf"
archive-guidelines-2021-literature-guidelines-spanish-2013-es,Archive,Guidelines,Literature Committee Guidelines (2013),Guías del Comité de Literatura (2013),2013,2013,Spanish,PDF,135,,,literature,msca09aa.org,yes,,docs/archive/guidelines/2021/literature-guidelines-spanish-2013-es.pdf,https://drive.google.com/file/d/1UtxbHIIQR6cZwUDKrfCKezYcMxEJjLO6/view,
archive-newsletters-2013-s-junnews13-en,Archive,Newsletters,Jun News 13 2013,Junio News 13 2013,2013,2013,Spanish,PDF,566,,,,area09.org (legacy site),yes,,docs/archive/newsletters/2013/s-junnews13-en.pdf,https://drive.google.com/file/d/1i4em7f6ZZr-zdeqK-GdOZ47uObgALf3O/view,
archive-newsletters-2013-jannews13-en,Archive,Newsletters,Jan News 13 2013,,2013,2013,English,PDF,431,,,,area09.org (legacy site),yes,,docs/archive/newsletters/2013/jannews13-en.pdf,https://drive.google.com/file/d/1AmvFKVMzUZdGfBY0jlX1ZZGqENUTmCJ0/view,
archive-finances-2013-2nd-qtr-contributions-2013-en,Archive,Finances,Group contributions – 2nd quarter 2013,Contribuciones de los grupos – 2.º trimestre de 2013,2013,2013,English,PDF,155,,,,area09.org (legacy site),yes,,docs/archive/finances/2013/2nd-qtr-contributions-2013-en.pdf,https://drive.google.com/file/d/1WSjWYEelHeIi8dDuP0P3E6mPhVMRefrS/view,
archive-finances-2013-1st-qtr-contributions-2013-en,Archive,Finances,Group contributions – 1st quarter 2013,Contribuciones de los grupos – 1.er trimestre de 2013,2013,2013,English,PDF,214,,,,area09.org (legacy site),yes,,docs/archive/finances/2013/1st-qtr-contributions-2013-en.pdf,https://drive.google.com/file/d/14Dlre8anRGBaK7hoPm5rw6p_KY9SfBkY/view,
archive-districts-d5-d5news1q13-en,Archive,District,District 5 News 1 Q 13,,,2013,English,PDF,202,,d05,,area09.org (legacy site),yes,,docs/archive/districts/d5/d5news1q13-en.pdf,https://drive.google.com/file/d/1Fz75pNdi5-E-F8T5jA_lyMkrpiZQQJ8j/view,
archive-newsletters-2013-decnews13-en,Archive,Newsletters,Dec News 13 2013,,2013,2013,English,PDF,757,,,,area09.org (legacy site),yes,,docs/archive/newsletters/2013/decnews13-en.pdf,https://drive.google.com/file/d/1gYe1MHGCLwtdpqy1L2-IEzJaaTrkxoU4/view,
archive-newsletters-2013-s-decnews13-en,Archive,Newsletters,Dec News 13 2013,Diciembre News 13 2013,2013,2013,Spanish,PDF,606,,,,area09.org (legacy site),yes,,docs/archive/newsletters/2013/s-decnews13-en.pdf,https://drive.google.com/file/d/1IRwgbdrH9QfupJscl8CoDkbM1iRabtkk/view,
archive-conference-2013-conference-advisory-actions-of-the-62nd-general-service-conferen-en,Archive,Conference,Conference Advisory Actions Of The 62nd General Service Conference,,2013,2013,English,PDF,135,,,,area09.org (legacy site),yes,,docs/archive/conference/2013/conference-advisory-actions-of-the-62nd-general-service-conferen-en.pdf,https://drive.google.com/file/d/1VVq4mxJsLWVlDBsvspLB_UcVY0j6iJSn/view,
archive-newsletters-2013-augnews13-en,Archive,Newsletters,Aug News 13 2013,,2013,2013,English,PDF,733,,,,area09.org (legacy site),yes,,docs/archive/newsletters/2013/augnews13-en.pdf,https://drive.google.com/file/d/1A6ucWGtNItar8Gi13bRNM5wynRJBOd0H/view,
archive-newsletters-2013-s-augnews13-en,Archive,Newsletters,Aug News 13 2013,Agosto News 13 2013,2013,2013,Spanish,PDF,720,,,,area09.org (legacy site),yes,,docs/archive/newsletters/2013/s-augnews13-en.pdf,https://drive.google.com/file/d/1p9KLv_kICabKnrcgmQGXcjb9R1mw4qJF/view,
archive-conference-2013-additional-committee-considerations-2013-en,Archive,Conference,Additional Committee Considerations 2013,,2013,2013,English,PDF,49,,,,area09.org (legacy site),yes,,docs/archive/conference/2013/additional-committee-considerations-2013-en.pdf,https://drive.google.com/file/d/1wHyONEXrLaHZrBl1OVH1NzdHazz2oubb/view,
archive-reports-2013-aa-praasa-2013-sketch-v1-en,Archive,Reports,2013 Technology As Service Sketch,,2013,2013,English,PDF,49,,,technology,area09.org (legacy site),yes,,docs/archive/reports/2013/aa-praasa-2013-sketch-v1-en.pdf,https://drive.google.com/file/d/11hLlLPteebvClQG9BE6pqiLQK5BoSJrk/view,
archive-reports-aa-praasa-technologyasservice-notes-en,Archive,Reports,2013 Technology As Service Notes,,2013,2013,English,PDF,411,,,technology,area09.org (legacy site),yes,,docs/archive/reports/aa-praasa-technologyasservice-notes-en.pdf,https://drive.google.com/file/d/1NCs--J13OMMVSYvzKUZMiAKC1spPfRb5/view,
archive-conference-2013-2013-gsc-agenda-summaries-en,Archive,Conference,2013 General Service Conference Topic Summaries,,2013,2013,English,PDF,131,,,,area09.org (legacy site),yes,,docs/archive/conference/2013/2013-gsc-agenda-summaries-en.pdf,https://drive.google.com/file/d/1wOdam22Payh0UlqUHcywVpNlRQnaWdLZ/view,
archive-conference-2013-2013-gsc-inventory-report-en-en,Archive,Conference,2013 G.S.C. Inventory Report en,,2013,2013,English,PDF,108,,,,area09.org (legacy site),yes,,docs/archive/conference/2013/2013-gsc-inventory-report-en-en.pdf,https://drive.google.com/file/d/1IewyfpBHeS0EywazZs-UDOtekrCziA7M/view,
archive-conference-2013-2013-gsc-inventory-report-sp-es,Archive,Conference,2013 G.S.C. Inventory Report SP,2013 CSG Inventory Informe SP,2013,2013,Spanish,PDF,93,,,,area09.org (legacy site),yes,,docs/archive/conference/2013/2013-gsc-inventory-report-sp-es.pdf,https://drive.google.com/file/d/1uxLDvtrNLoVRvaHWoCoTmDYIHtk6o6DV/view,
archive-conference-2013-2013-gsc-inventory-report-fr-en,Archive,Conference,2013 G.S.C. Inventory Report FR,2013 CSG Inventory Informe FR,2013,2013,Spanish,PDF,103,,,,area09.org (legacy site),yes,,docs/archive/conference/2013/2013-gsc-inventory-report-fr-en.pdf,https://drive.google.com/file/d/1QHOfd2LQqfcttWtbqT5y2EFKZBO7LQmK/view,
archive-workbooks-2013-2013workbook-en-redacted,Archive,Workbooks,2013 Area Workbook,Cuaderno de trabajo del Área 2013,2013,2013,English,PDF,1908,,,,area09.org (legacy site),yes,,docs/archive/workbooks/2013/2013workbook-en-redacted.pdf,https://drive.google.com/file/d/1CNmk5JUxxGsjdysO1SSg097FMjjFrMkd/view,"Anonymity-redacted copy: full names shortened to first name + last initial, personal e-mails and phone numbers removed. Original (held for review): docs/archive/workbooks/2013/2013workbook-en.pdf Re-redacted 2026-10-06: names shortened to first name + initial; personal contact details, addresses and sobriety dates removed (scripts/scan-documents.py)."
archive-minutes-2012-dec15-2012-board-en,Archive,Minutes,Board Minutes – December 2012,Actas de la Junta – diciembre de 2012,2012-12-15,2012,English,PDF,45,Board,,,area09.org (legacy site),yes,,docs/archive/minutes/2012/dec15-2012-board-en.pdf,https://drive.google.com/file/d/1VvTqR5Rn3xLkBFDP-Y-NDrmSdkL_Rzj0/view,
archive-minutes-2012-dec-2012-asc-en-redacted,Archive,Minutes,ASC Minutes – December 2012,Actas del CSA – diciembre de 2012,2012-12-09,2012,English,PDF,120,ASC,,,area09.org (legacy site),yes,,docs/archive/minutes/2012/dec-2012-asc-en-redacted.pdf,https://drive.google.com/file/d/1xiIVhNxIfP-EJkdmRdn4JTamfL5LItjU/view,"Anonymity-redacted copy: full names shortened to first name + last initial, personal e-mails and phone numbers removed. Original (held for review): docs/archive/minutes/2012/dec-2012-asc-en.pdf"
archive-minutes-2012-s-dec-2012-asc-en-redacted,Archive,Minutes,ASC Minutes – December 2012,Actas del CSA – diciembre de 2012,2012-12-09,2012,Spanish,PDF,125,ASC,,,area09.org (legacy site),yes,,docs/archive/minutes/2012/s-dec-2012-asc-en-redacted.pdf,https://drive.google.com/file/d/1HriwXYoWBe8hXd0kMbwIxzarZzdsGxpi/view,"Anonymity-redacted copy: full names shortened to first name + last initial, personal e-mails and phone numbers removed. Original (held for review): docs/archive/minutes/2012/s-dec-2012-asc-en.pdf"
archive-conference-2012-dec2012agenda-en,Archive,Conference,Dec 2012 Agenda,,2012-12,2012,English,PDF,287,,,,area09.org (legacy site),yes,,docs/archive/conference/2012/dec2012agenda-en.pdf,https://drive.google.com/file/d/1PsdWN2W4AwV7QPIsKwzh2vet7en4IYyw/view,
archive-newsletters-2012-s-newsnov12-es,Archive,Newsletters,Area Newsletter – November 2012,Boletín del Área – noviembre de 2012,2012-11-12,2012,Spanish,PDF,626,,,,area09.org (legacy site),yes,,docs/archive/newsletters/2012/s-newsnov12-es.pdf,https://drive.google.com/file/d/1DdMj4uBo5nluS9F0hJYHNNBBthZJ74Ed/view,
archive-districts-d15-d15minnov12-en,Archive,District,District 15 Minutes – November 2012,Actas del Distrito 15 – noviembre de 2012,2012-11,2012,English,PDF,182,,d15,,area09.org (legacy site),yes,,docs/archive/districts/d15/d15minnov12-en.pdf,https://drive.google.com/file/d/1nWW4BKgNA_ssVaGARMy0Vk-txQadrnEv/view,
archive-minutes-2012-s-octoberasc2012-en-redacted,Archive,Minutes,ASC Minutes – October 2012,Actas del CSA – octubre de 2012,2012-10-14,2012,Bilingual,PDF,95,ASC,,,area09.org (legacy site),yes,,docs/archive/minutes/2012/s-octoberasc2012-en-redacted.pdf,https://drive.google.com/file/d/1lIAMqItGm_HFv1Sf7ZAeF2L2zfDykS8S/view,"Anonymity-redacted copy: full names shortened to first name + last initial, personal e-mails and phone numbers removed. Original (held for review): docs/archive/minutes/2012/s-octoberasc2012-en.pdf Re-redacted 2026-10-06: names shortened to first name + initial; personal contact details, addresses and sobriety dates removed (scripts/scan-documents.py)."
archive-districts-d15-d15minoct12-en,Archive,District,District 15 Minutes – October 2012,Actas del Distrito 15 – octubre de 2012,2012-10,2012,English,PDF,13,,d15,,area09.org (legacy site),yes,,docs/archive/districts/d15/d15minoct12-en.pdf,https://drive.google.com/file/d/1M2YEs9N5W4kOInBHCWpktpXUkr3nX-Jp/view,
archive-minutes-2012-sept22-2012-board-en-redacted,Archive,Minutes,Board Minutes – September 2012,Actas de la Junta – septiembre de 2012,2012-09-22,2012,English,PDF,52,Board,,,area09.org (legacy site),yes,,docs/archive/minutes/2012/sept22-2012-board-en-redacted.pdf,https://drive.google.com/file/d/1WnUz0mLhUKzJhxz_g_5fNq4jCt9nvkaZ/view,"Anonymity-redacted copy: full names shortened to first name + last initial, personal e-mails and phone numbers removed. Original (held for review): docs/archive/minutes/2012/sept22-2012-board-en.pdf Re-redacted 2026-10-06: names shortened to first name + initial; personal contact details, addresses and sobriety dates removed (scripts/scan-documents.py)."
archive-newsletters-2012-s-newssep12-es,Archive,Newsletters,Area Newsletter – September 2012,Boletín del Área – septiembre de 2012,2012-09-12,2012,Spanish,PDF,781,,,,area09.org (legacy site),yes,,docs/archive/newsletters/2012/s-newssep12-es.pdf,https://drive.google.com/file/d/14H3WwdIAyIQ00r3qnnNu2O3AJOyH4VAI/view,
archive-districts-d15-d15minsep12-en,Archive,District,District 15 Minutes – September 2012,Actas del Distrito 15 – septiembre de 2012,2012-09,2012,English,PDF,67,,d15,,area09.org (legacy site),yes,,docs/archive/districts/d15/d15minsep12-en.pdf,https://drive.google.com/file/d/14pD-ycjt1GMJ78JuhGkV4FWwoOmNyKh0/view,
archive-minutes-2012-s-sep-2012assembly-en-redacted,Archive,Minutes,Assembly (ASA) Minutes – September 2012,Actas de la Asamblea (ASA) – septiembre de 2012,2012-09,2012,Spanish,PDF,293,ASA,,,area09.org (legacy site),yes,,docs/archive/minutes/2012/s-sep-2012assembly-en-redacted.pdf,https://drive.google.com/file/d/1r_-377GPNL6pnLcmjrNZ45Sq67aU_Atg/view,"Anonymity-redacted copy: full names shortened to first name + last initial, personal e-mails and phone numbers removed. Original (held for review): docs/archive/minutes/2012/s-sep-2012assembly-en.pdf Re-redacted 2026-10-06: names shortened to first name + initial; personal contact details, addresses and sobriety dates removed (scripts/scan-documents.py)."
archive-minutes-2012-sep-2012assembly-en-redacted,Archive,Minutes,Assembly (ASA) Minutes – September 2012,Actas de la Asamblea (ASA) – septiembre de 2012,2012-09,2012,English,PDF,358,ASA,,,area09.org (legacy site),yes,,docs/archive/minutes/2012/sep-2012assembly-en-redacted.pdf,https://drive.google.com/file/d/15bu2IV54Uiar_LqcQLtt5vP9kIVtJWPS/view,"Anonymity-redacted copy: full names shortened to first name + last initial, personal e-mails and phone numbers removed. Original (held for review): docs/archive/minutes/2012/sep-2012assembly-en.pdf"
archive-minutes-2012-aug18-2012-board-en,Archive,Minutes,Board Minutes – August 2012,Actas de la Junta – agosto de 2012,2012-08-18,2012,English,PDF,39,Board,,,area09.org (legacy site),yes,,docs/archive/minutes/2012/aug18-2012-board-en.pdf,https://drive.google.com/file/d/1jV0VY2IZKhY3E6uz_zB-P_E80WvchaEW/view,
archive-minutes-2012-august-asc-2012-en,Archive,Minutes,ASC Minutes – August 2012,Actas del CSA – agosto de 2012,2012-08-12,2012,English,PDF,65,ASC,,,area09.org (legacy site),yes,,docs/archive/minutes/2012/august-asc-2012-en.pdf,https://drive.google.com/file/d/1OzI0suoK4nD2mltjC0XOM4oeoTQLvk_I/view,
archive-districts-d15-d15minaug12-en-redacted,Archive,District,District 15 Minutes – August 2012,Actas del Distrito 15 – agosto de 2012,2012-08,2012,English,PDF,27,,d15,,area09.org (legacy site),yes,,docs/archive/districts/d15/d15minaug12-en-redacted.pdf,https://drive.google.com/file/d/1LUZTzCHAHT90CpIjLBehNu9wsOL3VG2O/view,"Anonymity-redacted copy: full names shortened to first name + last initial, personal e-mails and phone numbers removed. Original (held for review): docs/archive/districts/d15/d15minaug12-en.pdf"
archive-minutes-2012-jul21-2012-board-en,Archive,Minutes,Board Minutes – July 2012,Actas de la Junta – julio de 2012,2012-07-21,2012,English,PDF,21,Board,,,area09.org (legacy site),yes,,docs/archive/minutes/2012/jul21-2012-board-en.pdf,https://drive.google.com/file/d/1fX8FdUB4g82hK2k4h4ZAalqMKfLAAy_P/view,
archive-newsletters-2012-s-newsjunjul12-es,Archive,Newsletters,Area Newsletter – July 2012,Boletín del Área – julio de 2012,2012-07-12,2012,Spanish,PDF,556,,,,area09.org (legacy site),yes,,docs/archive/newsletters/2012/s-newsjunjul12-es.pdf,https://drive.google.com/file/d/1w_uHKz5DHJwHdbRMuNRvpPR388MlP3Zn/view,
archive-districts-d15-d15minjul12-en,Archive,District,District 15 Minutes – July 2012,Actas del Distrito 15 – julio de 2012,2012-07,2012,English,PDF,18,,d15,,area09.org (legacy site),yes,,docs/archive/districts/d15/d15minjul12-en.pdf,https://drive.google.com/file/d/1fybJCx-3O4NIKb5Jt9nSeIFrk5drhRO7/view,
archive-districts-d15-d15minjun12-en-redacted,Archive,District,District 15 Minutes – June 2012,Actas del Distrito 15 – junio de 2012,2012-06,2012,English,PDF,25,,d15,,area09.org (legacy site),yes,,docs/archive/districts/d15/d15minjun12-en-redacted.pdf,https://drive.google.com/file/d/124iNUW2XTfT4C_QaahUloSEN2uaE75Lx/view,"Anonymity-redacted copy: full names shortened to first name + last initial, personal e-mails and phone numbers removed. Original (held for review): docs/archive/districts/d15/d15minjun12-en.pdf"
archive-conference-2012-agenda-2012-jun-en,Archive,Conference,Agenda 2012 JUN,,2012-06,2012,English,PDF,16,,,,area09.org (legacy site),yes,,docs/archive/conference/2012/agenda-2012-jun-en.pdf,https://drive.google.com/file/d/1xnehmtJ-XTjyNjhfiWKH9bEaA9EK5LC7/view,
archive-minutes-2012-may26-2012-board-en,Archive,Minutes,Board Minutes – May 2012,Actas de la Junta – mayo de 2012,2012-05-26,2012,English,PDF,27,Board,,,area09.org (legacy site),yes,,docs/archive/minutes/2012/may26-2012-board-en.pdf,https://drive.google.com/file/d/1x-zj-Q-RwrVeil3UjQDS6SovqSZ0j0oD/view,
archive-districts-d15-d15minmay12-en,Archive,District,District 15 Minutes – May 2012,Actas del Distrito 15 – mayo de 2012,2012-05,2012,English,PDF,18,,d15,,area09.org (legacy site),yes,,docs/archive/districts/d15/d15minmay12-en.pdf,https://drive.google.com/file/d/1t3nuW2j9jKV73SwNzf_GjzSiNV-mM1dj/view,
archive-minutes-2012-minutes-2012-apr-en-redacted,Archive,Minutes,Minutes 2012 APR,,2012-04-09,2012,English,PDF,79,,,,area09.org (legacy site),yes,,docs/archive/minutes/2012/minutes-2012-apr-en-redacted.pdf,https://drive.google.com/file/d/1r1J7kfwrisKiB-XDgKlegl4sBuaeKaAK/view,"Anonymity-redacted copy: full names shortened to first name + last initial, personal e-mails and phone numbers removed. Original (held for review): docs/archive/minutes/2012/minutes-2012-apr-en.pdf"
archive-districts-d15-d15minapr12-en,Archive,District,District 15 Minutes – April 2012,Actas del Distrito 15 – abril de 2012,2012-04,2012,English,PDF,38,,d15,,area09.org (legacy site),yes,,docs/archive/districts/d15/d15minapr12-en.pdf,https://drive.google.com/file/d/1WNRak5aSLhuT3zabFwvOGraQOlMxcIyL/view,
archive-conference-2012-agenda-2012-apr-en,Archive,Conference,Agenda 2012 APR,,2012-04,2012,English,PDF,16,,,,area09.org (legacy site),yes,,docs/archive/conference/2012/agenda-2012-apr-en.pdf,https://drive.google.com/file/d/1u-HU-IuhAwISc1Joo3D06i8CAmVe4k1l/view,
archive-districts-d15-d15minmar12-en,Archive,District,District 15 Minutes – March 2012,Actas del Distrito 15 – marzo de 2012,2012-03,2012,English,PDF,186,,d15,,area09.org (legacy site),yes,,docs/archive/districts/d15/d15minmar12-en.pdf,https://drive.google.com/file/d/1BKPOmUUYDtt_5RiU1gb8ihNxzN8nr_Cw/view,
archive-minutes-2012-feb18-2012-board-en-redacted,Archive,Minutes,Board Minutes – February 2012,Actas de la Junta – febrero de 2012,2012-02-18,2012,English,PDF,40,Board,,,area09.org (legacy site),yes,,docs/archive/minutes/2012/feb18-2012-board-en-redacted.pdf,https://drive.google.com/file/d/1_Zgew-Ezog_HCEIiabAmZ316CIMRrZZh/view,"Anonymity-redacted copy: full names shortened to first name + last initial, personal e-mails and phone numbers removed. Original (held for review): docs/archive/minutes/2012/feb18-2012-board-en.pdf"
archive-minutes-2012-minutes-2012-feb-en-redacted,Archive,Minutes,Minutes 2012 FEB,,2012-02-13,2012,English,PDF,84,,,,area09.org (legacy site),yes,,docs/archive/minutes/2012/minutes-2012-feb-en-redacted.pdf,https://drive.google.com/file/d/1m1Rccq-Tgemdy_ARjgH29xXY9k3K784d/view,"Anonymity-redacted copy: full names shortened to first name + last initial, personal e-mails and phone numbers removed. Original (held for review): docs/archive/minutes/2012/minutes-2012-feb-en.pdf Re-redacted 2026-10-06: names shortened to first name + initial; personal contact details, addresses and sobriety dates removed (scripts/scan-documents.py)."
archive-conference-2012-feb2012agenda-en,Archive,Conference,Feb 2012 Agenda,,2012-02,2012,English,PDF,194,,,,area09.org (legacy site),yes,,docs/archive/conference/2012/feb2012agenda-en.pdf,https://drive.google.com/file/d/1YZaALDsm9_dOaTwaocf09EhxuVxYPHGU/view,
archive-districts-d15-d15minfeb12-en,Archive,District,District 15 Minutes – February 2012,Actas del Distrito 15 – febrero de 2012,2012-02,2012,English,PDF,68,,d15,,area09.org (legacy site),yes,,docs/archive/districts/d15/d15minfeb12-en.pdf,https://drive.google.com/file/d/1GebtOXlHhBIYGbCHBvjISPnxibwAlsDO/view,
archive-conference-2012-agenda-2012-feb-en,Archive,Conference,Agenda 2012 FEB,,2012-02,2012,English,PDF,77,,,,area09.org (legacy site),yes,,docs/archive/conference/2012/agenda-2012-feb-en.pdf,https://drive.google.com/file/d/1EUn1DFK3DXKUHn3MqhtnFj9M5Udsl8Br/view,
archive-minutes-2012-minutes-2012-jan-en-redacted,Archive,Minutes,Minutes 2012 JAN,,2012-01-23,2012,English,PDF,75,,,,area09.org (legacy site),yes,,docs/archive/minutes/2012/minutes-2012-jan-en-redacted.pdf,https://drive.google.com/file/d/1o9Dm089a-YIx-9gMeLoRmvKPP3fmA43K/view,"Anonymity-redacted copy: full names shortened to first name + last initial, personal e-mails and phone numbers removed. Original (held for review): docs/archive/minutes/2012/minutes-2012-jan-en.pdf"
archive-minutes-2012-jan21-2012-board-en-redacted,Archive,Minutes,Board Minutes – January 2012,Actas de la Junta – enero de 2012,2012-01-21,2012,English,PDF,44,Board,,,area09.org (legacy site),yes,,docs/archive/minutes/2012/jan21-2012-board-en-redacted.pdf,https://drive.google.com/file/d/1NHghiaArJcj5HP3v7zalwjScRxjz7H2s/view,"Anonymity-redacted copy: full names shortened to first name + last initial, personal e-mails and phone numbers removed. Original (held for review): docs/archive/minutes/2012/jan21-2012-board-en.pdf"
archive-minutes-2012-s-janassembly2012-en,Archive,Minutes,Assembly (ASA) Minutes – January 2012,Actas de la Asamblea (ASA) – enero de 2012,2012-01-08,2012,Spanish,PDF,61,ASA,,,area09.org (legacy site),yes,,docs/archive/minutes/2012/s-janassembly2012-en.pdf,https://drive.google.com/file/d/111sXCqCJeogZvr79FAyroKqSy4hDTMle/view,language detected from text: Spanish (was English)
archive-minutes-2012-january2012assemblyii-en-redacted,Archive,Minutes,Assembly (ASA) Minutes – January 2012,Actas de la Asamblea (ASA) – enero de 2012,2012-01-08,2012,English,PDF,326,ASA,,,area09.org (legacy site),yes,,docs/archive/minutes/2012/january2012assemblyii-en-redacted.pdf,https://drive.google.com/file/d/1z-MlTh77WJzNo7KpgL0uDUMb9iSQ4mry/view,"Anonymity-redacted copy: full names shortened to first name + last initial, personal e-mails and phone numbers removed. Original (held for review): docs/archive/minutes/2012/january2012assemblyii-en.pdf Re-redacted 2026-10-06: names shortened to first name + initial; personal contact details, addresses and sobriety dates removed (scripts/scan-documents.py)."
archive-conference-2012-jan-2012agenda-en,Archive,Conference,Jan 2012 Agenda,,2012-01,2012,English,PDF,311,,,,area09.org (legacy site),yes,,docs/archive/conference/2012/jan-2012agenda-en.pdf,https://drive.google.com/file/d/1b-4e_itakqFama3tGe_DiLTBk6S43Mmz/view,
archive-districts-d15-d15minjan12-en,Archive,District,District 15 Minutes – January 2012,Actas del Distrito 15 – enero de 2012,2012-01,2012,English,PDF,189,,d15,,area09.org (legacy site),yes,,docs/archive/districts/d15/d15minjan12-en.pdf,https://drive.google.com/file/d/19xRiLm2vrcRauz9p9msI6Rbj2fXAeGZj/view,
archive-conference-2012-agenda-2012-jan-en,Archive,Conference,Agenda 2012 JAN,,2012-01,2012,English,PDF,72,,,,area09.org (legacy site),yes,,docs/archive/conference/2012/agenda-2012-jan-en.pdf,https://drive.google.com/file/d/1iq2sfXb66CC-Hii-phn3MzqPoMVDncwF/view,
archive-newsletters-2012-octnews12-en,Archive,Newsletters,Oct News 12 2012,,2012,2012,English,PDF,564,,,,area09.org (legacy site),yes,,docs/archive/newsletters/2012/octnews12-en.pdf,https://drive.google.com/file/d/1r9phKYErn6MPDKVzM9hGxoRBeeMW30D5/view,
archive-newsletters-2012-novnews12-en,Archive,Newsletters,Nov News 12 2012,,2012,2012,English,PDF,637,,,,area09.org (legacy site),yes,,docs/archive/newsletters/2012/novnews12-en.pdf,https://drive.google.com/file/d/1_RNf_iC0RgmBqvW6Z9ItZw4NFqDd5pIW/view,
archive-newsletters-2012-maynews12-en,Archive,Newsletters,May News 12 2012,,2012,2012,English,PDF,675,,,,area09.org (legacy site),yes,,docs/archive/newsletters/2012/maynews12-en.pdf,https://drive.google.com/file/d/1JHOoJQgcoP0REqxR3Nxzdga-pf4WcGm-/view,
archive-newsletters-2012-s-maynews12-es,Archive,Newsletters,May News 12 2012,Mayo News 12 2012,2012,2012,Spanish,PDF,658,,,,area09.org (legacy site),yes,,docs/archive/newsletters/2012/s-maynews12-es.pdf,https://drive.google.com/file/d/1zLAEl_RC4UL2Y12TpSOs2MiDSQjShOz4/view,
archive-newsletters-2012-junjulnews12-en,Archive,Newsletters,Jun Jul News 12 2012,,2012,2012,English,PDF,738,,,,area09.org (legacy site),yes,,docs/archive/newsletters/2012/junjulnews12-en.pdf,https://drive.google.com/file/d/1TUZm5URaZVmanI9aO1NgKGaYxRDA8orV/view,
archive-districts-d14-2012-icecream2012-en-redacted,Archive,District,Icecream 2012,,2012,2012,English,PDF,226,,d14,,area09.org (legacy site),yes,,docs/archive/districts/d14/2012/icecream2012-en-redacted.pdf,https://drive.google.com/file/d/1K7m6U_gtj9Z0fms4lOn3aJG8gLr_hgBc/view,"Anonymity-redacted copy: full names shortened to first name + last initial, personal e-mails and phone numbers removed. Original (held for review): docs/archive/districts/d14/2012/icecream2012-en.pdf"
archive-guidelines-mscahostguide-rev-en,Archive,Guidelines,Guidelines for Hosting a MSCA Event 2012,,2012,2012,English,PDF,38,,,,area09.org (legacy site),yes,,docs/archive/guidelines/mscahostguide-rev-en.pdf,https://drive.google.com/file/d/1ji2VKze1y5OVRJm7JAGwh3HGaSGoKQtX/view,
archive-finances-2012-grp-cont-4th-qtr-2012-en,Archive,Finances,Group contributions – 4th quarter 2012,Contribuciones de los grupos – 4.º trimestre de 2012,2012,2012,English,PDF,396,,,,area09.org (legacy site),yes,,docs/archive/finances/2012/grp-cont-4th-qtr-2012-en.pdf,https://drive.google.com/file/d/1QSpDR9OPqV43UEgIuWbb2tXeEIOopA2Z/view,
archive-finances-2012-grp-cont-3rd-qtr-2012-en,Archive,Finances,Group contributions – 3rd quarter 2012,Contribuciones de los grupos – 3.er trimestre de 2012,2012,2012,English,PDF,165,,,,area09.org (legacy site),yes,,docs/archive/finances/2012/grp-cont-3rd-qtr-2012-en.pdf,https://drive.google.com/file/d/1N83ih6sFcSKrxELkgZYxfm5jRd_wRHdD/view,
archive-finances-2012-1stqtrgpcont2012-en,Archive,Finances,Group contributions – 1st quarter 2012,Contribuciones de los grupos – 1.er trimestre de 2012,2012,2012,English,PDF,190,,,,area09.org (legacy site),yes,,docs/archive/finances/2012/1stqtrgpcont2012-en.pdf,https://drive.google.com/file/d/1kuMGSxmP-AQZuIXqx9_Oh4034zKj4yt1/view,
archive-delegate-2012-62ndgsc-en,Archive,Delegate,62nd General Service Conference - MSCA Delegate's Report.,,2012,2012,English,PDF,256,,,delegate,area09.org (legacy site),yes,,docs/archive/delegate/2012/62ndgsc-en.pdf,https://drive.google.com/file/d/155zMABb3l2t2UIh7j6VVqY6jk1TxV-KN/view,
archive-conference-2012-62nd-general-service-conference-area-9-topic-summaries-en,Archive,Conference,62nd General Service Conference - Area 9 Topic Summaries,,2012,2012,English,PDF,730,,,,area09.org (legacy site),yes,,docs/archive/conference/2012/62nd-general-service-conference-area-9-topic-summaries-en.pdf,https://drive.google.com/file/d/1hYAkCjZXxO91Vx7kZeuSeg5-nhDpDEQ2/view,
archive-conference-2012-aa-preconferenceworkshop-2012-en,Archive,Conference,2012 Pre-conference Workshop,,2012,2012,English,PDF,69,,,,area09.org (legacy site),yes,,docs/archive/conference/2012/aa-preconferenceworkshop-2012-en.pdf,https://drive.google.com/file/d/11bcaQHBDTln1uQfrOwVwaIIcwsi04VCA/view,
archive-reports-2012-2012-pcrf-final-report-eng-en,Archive,Reports,"2012 Final Report, Pacific Regional Forum",,2012,2012,English,PDF,105,,,,area09.org (legacy site),yes,,docs/archive/reports/2012/2012-pcrf-final-report-eng-en.pdf,https://drive.google.com/file/d/193NAYPWzKuras8f-3zoxd83R9RcydTyo/view,
archive-workbooks-2012-2012workbook-englishjan-en-redacted,Archive,Workbooks,2012 Area Workbook,Cuaderno de trabajo del Área 2012,2012,2012,English,PDF,1660,,,,area09.org (legacy site),yes,,docs/archive/workbooks/2012/2012workbook-englishjan-en-redacted.pdf,https://drive.google.com/file/d/1UzUL2-I7y3ll2iw4SIbSLumZ3PyxwdCW/view,"Anonymity-redacted copy: full names shortened to first name + last initial, personal e-mails and phone numbers removed. Original (held for review): docs/archive/workbooks/2012/2012workbook-englishjan-en.pdf Re-redacted 2026-10-06: names shortened to first name + initial; personal contact details, addresses and sobriety dates removed (scripts/scan-documents.py)."
archive-workbooks-2012-area-workbook-2012-es-redacted,Archive,Workbooks,2012 Area Workbook,Libro de trabajo del Área 2012,2012,2012,Spanish,PDF,883,,,literature,msca09aa.org (media library),yes,,docs/archive/workbooks/2012/area-workbook-2012-es-redacted.pdf,https://drive.google.com/file/d/1s-Qo6_DazkdC0FnqYeS5dmkMeYm98Y0R/view,"Anonymity-redacted copy: full names shortened to first name + last initial, personal e-mails and phone numbers removed. Original (held for review): private copy in MSCA09AA-private Re-redacted 2026-10-06: names shortened to first name + initial; personal contact details, addresses and sobriety dates removed (scripts/scan-documents.py)."
archive-minutes-2011-dec-2011-board-en,Archive,Minutes,Board Minutes – December 2011,Actas de la Junta – diciembre de 2011,2011-12-17,2011,English,PDF,20,Board,,,area09.org (legacy site),yes,,docs/archive/minutes/2011/dec-2011-board-en.pdf,https://drive.google.com/file/d/1Jyq_6nL0ifcBrOM8o0KVvjtizGzjIxhn/view,
archive-archives-2011-ac-mins-dec-17-2011-en-redacted,Archive,Archives,"Archives Committee Minutes – December 17, 2011",Actas del Comité de Archivos Históricos – 17 de diciembre de 2011,2011-12-17,2011,English,PDF,118,,,archives,area09.org (legacy site),yes,,docs/archive/archives/2011/ac-mins-dec-17-2011-en-redacted.pdf,https://drive.google.com/file/d/1Au6jRuNjz90poDN9I6kJpp4X3Hx7GWCu/view,"Anonymity-redacted copy: full names shortened to first name + last initial, personal e-mails and phone numbers removed. Original (held for review): docs/archive/archives/2011/ac-mins-dec-17-2011-en.pdf"
archive-minutes-2011-dec-2011-asc-en-redacted,Archive,Minutes,ASC Minutes – December 2011,Actas del CSA – diciembre de 2011,2011-12-11,2011,English,PDF,56,ASC,,,area09.org (legacy site),yes,,docs/archive/minutes/2011/dec-2011-asc-en-redacted.pdf,https://drive.google.com/file/d/1l9fdK10tE9Y4baoE-inBLyMrd16FwmjG/view,"Anonymity-redacted copy: full names shortened to first name + last initial, personal e-mails and phone numbers removed. Original (held for review): docs/archive/minutes/2011/dec-2011-asc-en.pdf Re-redacted 2026-10-06: names shortened to first name + initial; personal contact details, addresses and sobriety dates removed (scripts/scan-documents.py)."
archive-minutes-2011-area-committee-meeting-minutes-november-20-2011-en,Archive,Minutes,ASC Minutes – November 2011,Actas del CSA – noviembre de 2011,2011-11-20,2011,English,PDF,9,ASC,,,area09.org (legacy site),yes,,docs/archive/minutes/2011/area-committee-meeting-minutes-november-20-2011-en.pdf,https://drive.google.com/file/d/1UXMWL9eQhcxIHsZFpg4bY2_anp-gKijk/view,
archive-archives-2011-ac-mins-nov-19-2011-en-redacted,Archive,Archives,"Archives Committee Minutes – November 19, 2011",Actas del Comité de Archivos Históricos – 19 de noviembre de 2011,2011-11-19,2011,English,PDF,54,,,archives,area09.org (legacy site),yes,,docs/archive/archives/2011/ac-mins-nov-19-2011-en-redacted.pdf,https://drive.google.com/file/d/1BAFyJZESi1V5k9uokqhEYNyk-Az12p7d/view,"Anonymity-redacted copy: full names shortened to first name + last initial, personal e-mails and phone numbers removed. Original (held for review): docs/archive/archives/2011/ac-mins-nov-19-2011-en.pdf"
archive-conference-2011-d-7-agenda-nov-2011-en,Archive,Conference,District 7 Agenda Nov 2011,,2011-11,2011,English,PDF,22,,,,area09.org (legacy site),yes,,docs/archive/conference/2011/d-7-agenda-nov-2011-en.pdf,https://drive.google.com/file/d/1MqN794lGRy_se0u40g_jXqn24KiSp-eP/view,
archive-newsletters-2011-news-nov-2011-en-redacted,Archive,Newsletters,Area Newsletter – November 2011,Boletín del Área – noviembre de 2011,2011-11,2011,English,PDF,419,,,,area09.org (legacy site),yes,,docs/archive/newsletters/2011/news-nov-2011-en-redacted.pdf,https://drive.google.com/file/d/1SyVabbte3e0uNd-V-ottYDpKMTQw2Po-/view,"Anonymity-redacted copy: full names shortened to first name + last initial, personal e-mails and phone numbers removed. Original (held for review): docs/archive/newsletters/2011/news-nov-2011-en.pdf Re-redacted 2026-10-06: names shortened to first name + initial; personal contact details, addresses and sobriety dates removed (scripts/scan-documents.py)."
archive-minutes-2011-oct15-board-minutes-en,Archive,Minutes,Board Minutes – October 2011,Actas de la Junta – octubre de 2011,2011-10-15,2011,English,PDF,30,Board,,,area09.org (legacy site),yes,,docs/archive/minutes/2011/oct15-board-minutes-en.pdf,https://drive.google.com/file/d/1gKDI8N1cT_1xm8sR1OKZagt_74a7FlDK/view,
archive-minutes-2011-oct-2011-assembly-en,Archive,Minutes,Assembly (ASA) Minutes – October 2011,Actas de la Asamblea (ASA) – octubre de 2011,2011-10-09,2011,English,PDF,7,ASA,,,area09.org (legacy site),yes,,docs/archive/minutes/2011/oct-2011-assembly-en.pdf,https://drive.google.com/file/d/18zxBDxMHB6USuRXc4p0kBlPKbv4cUu7e/view,
archive-minutes-2011-d-7-minutes-oct-2011-en,Archive,Minutes,District 7 Minutes Oct 2011,,2011-10,2011,English,PDF,292,,d07,,area09.org (legacy site),yes,,docs/archive/minutes/2011/d-7-minutes-oct-2011-en.pdf,https://drive.google.com/file/d/19dgJBzs7KcjcmaNBVcvs90OJ-LmUG2M4/view,
archive-conference-2011-d-7-agenda-oct-2011-en,Archive,Conference,District 7 Agenda Oct 2011,,2011-10,2011,English,PDF,22,,,,area09.org (legacy site),yes,,docs/archive/conference/2011/d-7-agenda-oct-2011-en.pdf,https://drive.google.com/file/d/13WU8fOKDAvtW7RccqogJfX3HPQVpK9G9/view,
archive-minutes-2011-sept2011assemblyminutes-en,Archive,Minutes,Assembly (ASA) Minutes – September 2011,Actas de la Asamblea (ASA) – septiembre de 2011,2011-09-11,2011,English,PDF,205,ASA,,,area09.org (legacy site),yes,,docs/archive/minutes/2011/sept2011assemblyminutes-en.pdf,https://drive.google.com/file/d/1EkO3BbfVh0x5nfE6J-zee0RV2-ydfp_h/view,
archive-archives-2011-ac-mins-sep-10-2011-en-redacted,Archive,Archives,"Archives Committee Minutes – September 10, 2011",Actas del Comité de Archivos Históricos – 10 de septiembre de 2011,2011-09-10,2011,English,PDF,116,,,archives,area09.org (legacy site),yes,,docs/archive/archives/2011/ac-mins-sep-10-2011-en-redacted.pdf,https://drive.google.com/file/d/1qMKhXjBMb_CuyUYmZt_w-XG740qV2wSV/view,"Anonymity-redacted copy: full names shortened to first name + last initial, personal e-mails and phone numbers removed. Original (held for review): docs/archive/archives/2011/ac-mins-sep-10-2011-en.pdf Re-redacted 2026-10-06: names shortened to first name + initial; personal contact details, addresses and sobriety dates removed (scripts/scan-documents.py)."
archive-newsletters-2011-news-sep-2011-en-redacted,Archive,Newsletters,Area Newsletter – September 2011,Boletín del Área – septiembre de 2011,2011-09,2011,English,PDF,357,,,,area09.org (legacy site),yes,,docs/archive/newsletters/2011/news-sep-2011-en-redacted.pdf,https://drive.google.com/file/d/1nZ093Ym8wbpLLaA5n2Rlz97bN9aroxdJ/view,"Anonymity-redacted copy: full names shortened to first name + last initial, personal e-mails and phone numbers removed. Original (held for review): docs/archive/newsletters/2011/news-sep-2011-en.pdf"
archive-minutes-2011-aug27-2011-board-minutes-en,Archive,Minutes,Board Minutes – August 2011,Actas de la Junta – agosto de 2011,2011-08-27,2011,English,PDF,217,Board,,,area09.org (legacy site),yes,,docs/archive/minutes/2011/aug27-2011-board-minutes-en.pdf,https://drive.google.com/file/d/1z3Os1RFxvnfnBjImrD0Mtel5rpOa9m_3/view,
archive-minutes-2011-asc-aug14-minutes-en-redacted,Archive,Minutes,Assembly (ASA) Minutes – August 2011,Actas de la Asamblea (ASA) – agosto de 2011,2011-08-14,2011,English,PDF,69,ASA,,,area09.org (legacy site),yes,,docs/archive/minutes/2011/asc-aug14-minutes-en-redacted.pdf,https://drive.google.com/file/d/1Oa08toSmJQgv0YRsatCo79hpaENf__gB/view,"Anonymity-redacted copy: full names shortened to first name + last initial, personal e-mails and phone numbers removed. Original (held for review): docs/archive/minutes/2011/asc-aug14-minutes-en.pdf Re-redacted 2026-10-06: names shortened to first name + initial; personal contact details, addresses and sobriety dates removed (scripts/scan-documents.py)."
archive-newsletters-2011-news-aug-2011-en-redacted,Archive,Newsletters,Area Newsletter – August 2011,Boletín del Área – agosto de 2011,2011-08,2011,English,PDF,361,,,,area09.org (legacy site),yes,,docs/archive/newsletters/2011/news-aug-2011-en-redacted.pdf,https://drive.google.com/file/d/1el2Y0K9_i9ek8FTsvOBQFnGWy2KJMUxN/view,"Anonymity-redacted copy: full names shortened to first name + last initial, personal e-mails and phone numbers removed. Original (held for review): docs/archive/newsletters/2011/news-aug-2011-en.pdf"
archive-archives-2011-ac-mins-july-16-2011-en-redacted,Archive,Archives,"Archives Committee Minutes – July 16, 2011",Actas del Comité de Archivos Históricos – 16 de julio de 2011,2011-07-16,2011,English,PDF,115,,,archives,area09.org (legacy site),yes,,docs/archive/archives/2011/ac-mins-july-16-2011-en-redacted.pdf,https://drive.google.com/file/d/1JBlbIFOXsu5SGeEcLrE7ky2PU4RFe2oH/view,"Anonymity-redacted copy: full names shortened to first name + last initial, personal e-mails and phone numbers removed. Original (held for review): docs/archive/archives/2011/ac-mins-july-16-2011-en.pdf"
archive-conference-2011-d-7-agenda-july-2011-en,Archive,Conference,District 7 Agenda July 2011,,2011-07,2011,English,PDF,16,,,,area09.org (legacy site),yes,,docs/archive/conference/2011/d-7-agenda-july-2011-en.pdf,https://drive.google.com/file/d/1L8yOq6lXJyJ19PguBA9k7cjSOEKTYfx5/view,
archive-archives-2011-ac-mins-june-18-2011-en-redacted,Archive,Archives,"Archives Committee Minutes – June 18, 2011",Actas del Comité de Archivos Históricos – 18 de junio de 2011,2011-06-18,2011,English,PDF,91,,,archives,area09.org (legacy site),yes,,docs/archive/archives/2011/ac-mins-june-18-2011-en-redacted.pdf,https://drive.google.com/file/d/1lTAFKtKVWZkmGtS9haoTReb13w_T9Z0a/view,"Anonymity-redacted copy: full names shortened to first name + last initial, personal e-mails and phone numbers removed. Original (held for review): docs/archive/archives/2011/ac-mins-june-18-2011-en.pdf"
archive-minutes-2011-d-7-minutes-june-2011-en,Archive,Minutes,District 7 Minutes June 2011,,2011-06-13,2011,English,PDF,21,,d07,,area09.org (legacy site),yes,,docs/archive/minutes/2011/d-7-minutes-june-2011-en.pdf,https://drive.google.com/file/d/1ULPbv_kA1u5gvb9gxDBS0G25Qj3lOFWf/view,
archive-districts-d5-2011-dist-5-guidelines-revision-d-june-2011-en,Archive,District,District 5 Guidelines (2011),Guías del Distrito 5 (2011),2011-06,2011,English,PDF,135,,d05,,area09.org (legacy site),yes,,docs/archive/districts/d5/2011/dist-5-guidelines-revision-d-june-2011-en.pdf,https://drive.google.com/file/d/1o4zsC_ItpSBwCqP8GUiaaCOzgSUGBh8p/view,
archive-newsletters-2011-news-jun-2011-en-redacted,Archive,Newsletters,Area Newsletter – June 2011,Boletín del Área – junio de 2011,2011-06,2011,English,PDF,665,,,,area09.org (legacy site),yes,,docs/archive/newsletters/2011/news-jun-2011-en-redacted.pdf,https://drive.google.com/file/d/1i13JNP9HBDsoUCWpBKIoX5JLpiKbN9Ts/view,"Anonymity-redacted copy: full names shortened to first name + last initial, personal e-mails and phone numbers removed. Original (held for review): docs/archive/newsletters/2011/news-jun-2011-en.pdf"
archive-minutes-2011-may21-2011-board-minutes-en,Archive,Minutes,Board Minutes – May 2011,Actas de la Junta – mayo de 2011,2011-05-21,2011,English,PDF,37,Board,,,area09.org (legacy site),yes,,docs/archive/minutes/2011/may21-2011-board-minutes-en.pdf,https://drive.google.com/file/d/1S2d-wjG3hiZRFLbek9gQs3IJiGTXHKmc/view,
archive-conference-2011-d-7-agenda-may-2011-en,Archive,Conference,District 7 Agenda May 2011,,2011-05,2011,English,PDF,22,,,,area09.org (legacy site),yes,,docs/archive/conference/2011/d-7-agenda-may-2011-en.pdf,https://drive.google.com/file/d/1vfFFuPs0czh6gv9LUQMaBrK33FMFjiWq/view,
archive-conference-2011-agenda-asembly-may2011-en,Archive,Conference,Assembly (ASA) Agenda – May 2011,Agenda de la Asamblea (ASA) – mayo de 2011,2011-05,2011,English,PDF,43,ASA,,,area09.org (legacy site),yes,,docs/archive/conference/2011/agenda-asembly-may2011-en.pdf,https://drive.google.com/file/d/1H8SeF1vePnInjdNjQwNL0JSLBNQZ0Crs/view,
archive-newsletters-2011-news-may-2011-en,Archive,Newsletters,Area Newsletter – May 2011,Boletín del Área – mayo de 2011,2011-05,2011,English,PDF,540,,,,area09.org (legacy site),yes,,docs/archive/newsletters/2011/news-may-2011-en.pdf,https://drive.google.com/file/d/1OXQJj0pz7Lf_sUAPDM_UikA05XRr-JvS/view,
archive-newsletters-2011-s-news-may-2011-es-redacted,Archive,Newsletters,Area Newsletter – May 2011,Boletín del Área – mayo de 2011,2011-05,2011,Spanish,PDF,408,,,,area09.org (legacy site),yes,,docs/archive/newsletters/2011/s-news-may-2011-es-redacted.pdf,https://drive.google.com/file/d/1XmhPFDeiYkzEZurK03QqU4HEppnL14Tz/view,"Anonymity-redacted copy: full names shortened to first name + last initial, personal e-mails and phone numbers removed. Original (held for review): docs/archive/newsletters/2011/s-news-may-2011-es.pdf"
archive-minutes-2011-apr16-2011-board-minutes-en,Archive,Minutes,Board Minutes – April 2011,Actas de la Junta – abril de 2011,2011-04-16,2011,English,PDF,140,Board,,,area09.org (legacy site),yes,,docs/archive/minutes/2011/apr16-2011-board-minutes-en.pdf,https://drive.google.com/file/d/152oDp68PxX81NA1fLA2K9qpJS9yKwO6F/view,
archive-minutes-2011-d-7-minutes-apr-2011-en,Archive,Minutes,District 7 Minutes Apr 2011,,2011-04-11,2011,English,PDF,21,,d07,,area09.org (legacy site),yes,,docs/archive/minutes/2011/d-7-minutes-apr-2011-en.pdf,https://drive.google.com/file/d/1oErTCWrxHZvTOE3hAbtTlung-ysocRMM/view,
archive-archives-2011-ac-mins-april-2-2011-en-redacted,Archive,Archives,"Archives Committee Minutes – April 2, 2011",Actas del Comité de Archivos Históricos – 2 de abril de 2011,2011-04-02,2011,English,PDF,24,,,archives,area09.org (legacy site),yes,,docs/archive/archives/2011/ac-mins-april-2-2011-en-redacted.pdf,https://drive.google.com/file/d/1M62c5zi7-pjWfDmpIOT7-qTqs-_uX4PT/view,"Anonymity-redacted copy: full names shortened to first name + last initial, personal e-mails and phone numbers removed. Original (held for review): docs/archive/archives/2011/ac-mins-april-2-2011-en.pdf"
archive-conference-2011-d-7-agenda-apr-2011-en,Archive,Conference,District 7 Agenda Apr 2011,,2011-04,2011,English,PDF,22,,,,area09.org (legacy site),yes,,docs/archive/conference/2011/d-7-agenda-apr-2011-en.pdf,https://drive.google.com/file/d/1vLZXAzhYnku9STgrEG5tKLgwaRV4MZJp/view,
archive-minutes-2011-area-committee-meeting-minutes-march-13-2011-en,Archive,Minutes,ASC Minutes – March 2011,Actas del CSA – marzo de 2011,2011-03-13,2011,English,PDF,42,ASC,,,area09.org (legacy site),yes,,docs/archive/minutes/2011/area-committee-meeting-minutes-march-13-2011-en.pdf,https://drive.google.com/file/d/1ToXTKPbdejTtZ-KvbHTu_UpWKNiP4ypv/view,
archive-districts-d15-2011-gsr-minutes-march-3-2011-en,Archive,District,"District 15 GSR meeting minutes – March 3, 2011",Actas de la reunión de RSG del Distrito 15 – 3 de marzo de 2011,2011-03-03,2011,English,PDF,72,,d15,,area09.org (legacy site),yes,,docs/archive/districts/d15/2011/gsr-minutes-march-3-2011-en.pdf,https://drive.google.com/file/d/148wzovq7g5h6bfy7vDBrkL2oxlHeowxm/view,
archive-minutes-2011-d-7-minutes-mar-2011-en,Archive,Minutes,District 7 Minutes Mar 2011,,2011-03,2011,English,PDF,21,,d07,,area09.org (legacy site),yes,,docs/archive/minutes/2011/d-7-minutes-mar-2011-en.pdf,https://drive.google.com/file/d/1C_P0aw1ojBGxPYyWK4nNA9inR8VMnSnj/view,
archive-conference-2011-d-7-agenda-mar-2011-en,Archive,Conference,District 7 Agenda Mar 2011,,2011-03,2011,English,PDF,51,,,,area09.org (legacy site),yes,,docs/archive/conference/2011/d-7-agenda-mar-2011-en.pdf,https://drive.google.com/file/d/1iSxL7rqKKljk2FB0lM3C7qRF3uzd5wLe/view,
archive-newsletters-2011-s-news-mar-2011-es-redacted,Archive,Newsletters,Area Newsletter – March 2011,Boletín del Área – marzo de 2011,2011-03,2011,Spanish,PDF,340,,,,area09.org (legacy site),yes,,docs/archive/newsletters/2011/s-news-mar-2011-es-redacted.pdf,https://drive.google.com/file/d/1NqN8NpatV3OKJPDayKpVeTHob0cZ25j8/view,"Anonymity-redacted copy: full names shortened to first name + last initial, personal e-mails and phone numbers removed. Original (held for review): docs/archive/newsletters/2011/s-news-mar-2011-es.pdf Re-redacted 2026-10-06: names shortened to first name + initial; personal contact details, addresses and sobriety dates removed (scripts/scan-documents.py)."
archive-archives-2011-ac-mins-feb-19-2011-en-redacted,Archive,Archives,"Archives Committee Minutes – February 19, 2011",Actas del Comité de Archivos Históricos – 19 de febrero de 2011,2011-02-19,2011,English,PDF,330,,,archives,area09.org (legacy site),yes,,docs/archive/archives/2011/ac-mins-feb-19-2011-en-redacted.pdf,https://drive.google.com/file/d/1VLimPDoZ9OeNA8G4I8PY-VQJGFgWeXCC/view,"Anonymity-redacted copy: full names shortened to first name + last initial, personal e-mails and phone numbers removed. Original (held for review): docs/archive/archives/2011/ac-mins-feb-19-2011-en.pdf"
archive-conference-2011-ascfebruary2011-en,Archive,Minutes,ASC Minutes – February 2011 (version 2),Actas del CSA – febrero de 2011 (versión 2),2011-02-13,2011,English,PDF,44,ASC,,,area09.org (legacy site),yes,,docs/archive/conference/2011/ascfebruary2011-en.pdf,https://drive.google.com/file/d/1DfNuWXx0r4ljv_TMbQdVckCErzYxjtR_/view,
archive-minutes-2011-area-committee-minutes-february-13-2011-en,Archive,Minutes,ASC Minutes – February 2011,Actas del CSA – febrero de 2011,2011-02-13,2011,English,PDF,52,ASC,,,area09.org (legacy site),yes,,docs/archive/minutes/2011/area-committee-minutes-february-13-2011-en.pdf,https://drive.google.com/file/d/1qiJ8bhUDJq0ojjgxR5kxfeA9djhqSdBa/view,
archive-minutes-2011-d-7-minutes-feb-2011-en,Archive,Minutes,District 7 Minutes Feb 2011,,2011-02-09,2011,English,PDF,62,,d07,,area09.org (legacy site),yes,,docs/archive/minutes/2011/d-7-minutes-feb-2011-en.pdf,https://drive.google.com/file/d/1OyYe_KPTDGNqE47Rg1FsdoPNzKNuGN0Z/view,
archive-districts-d15-2011-gsr-minutes-feb-3-2011-en,Archive,District,"District 15 GSR meeting minutes – February 3, 2011",Actas de la reunión de RSG del Distrito 15 – 3 de febrero de 2011,2011-02-03,2011,English,PDF,86,,d15,,area09.org (legacy site),yes,,docs/archive/districts/d15/2011/gsr-minutes-feb-3-2011-en.pdf,https://drive.google.com/file/d/11F0BgaFl89fVGWcWGIF3VmIL4OQEbmbJ/view,
archive-conference-2011-d-7-agenda-feb-2011-en,Archive,Conference,District 7 Agenda Feb 2011,,2011-02,2011,English,PDF,35,,,,area09.org (legacy site),yes,,docs/archive/conference/2011/d-7-agenda-feb-2011-en.pdf,https://drive.google.com/file/d/1w05jJp0SlTcUqtlBdNyR6mKFvCU-Ro27/view,
archive-newsletters-2011-s-news-feb-2011-es-redacted,Archive,Newsletters,Area Newsletter – February 2011,Boletín del Área – febrero de 2011,2011-02,2011,Spanish,PDF,710,,,,area09.org (legacy site),yes,,docs/archive/newsletters/2011/s-news-feb-2011-es-redacted.pdf,https://drive.google.com/file/d/1_N5DzB6xmS4mTH87-IRwWP_gLpe_29b5/view,"Anonymity-redacted copy: full names shortened to first name + last initial, personal e-mails and phone numbers removed. Original (held for review): docs/archive/newsletters/2011/s-news-feb-2011-es.pdf Re-redacted 2026-10-06: names shortened to first name + initial; personal contact details, addresses and sobriety dates removed (scripts/scan-documents.py)."
archive-minutes-2011-jan15-2011-board-minutes-en-redacted,Archive,Minutes,Board Minutes – January 2011,Actas de la Junta – enero de 2011,2011-01-15,2011,English,PDF,35,Board,,,area09.org (legacy site),yes,,docs/archive/minutes/2011/jan15-2011-board-minutes-en-redacted.pdf,https://drive.google.com/file/d/1ZQ14hG_c5yg7R0vhPg0k79V2L0SXgTL7/view,"Anonymity-redacted copy: full names shortened to first name + last initial, personal e-mails and phone numbers removed. Original (held for review): docs/archive/minutes/2011/jan15-2011-board-minutes-en.pdf"
archive-archives-2011-ac-mins-jan15-2011-en-redacted,Archive,Archives,"Archives Committee Minutes – January 15, 2011",Actas del Comité de Archivos Históricos – 15 de enero de 2011,2011-01-15,2011,English,PDF,175,,,archives,area09.org (legacy site),yes,,docs/archive/archives/2011/ac-mins-jan15-2011-en-redacted.pdf,https://drive.google.com/file/d/1UJzuMYltawy3wwBe9Ks5EO_i6fTMUEg-/view,"Anonymity-redacted copy: full names shortened to first name + last initial, personal e-mails and phone numbers removed. Original (held for review): docs/archive/archives/2011/ac-mins-jan15-2011-en.pdf"
archive-minutes-2011-jan2011assembly-en,Archive,Minutes,Assembly (ASA) Minutes – January 2011,Actas de la Asamblea (ASA) – enero de 2011,2011-01-09,2011,English,PDF,341,ASA,,,area09.org (legacy site),yes,,docs/archive/minutes/2011/jan2011assembly-en.pdf,https://drive.google.com/file/d/1pu6y6qALuSo-fV0AAWhhzrhrb8tzFrOa/view,
archive-minutes-2011-area-committee-meeting-minutes-january-9-2011-en,Archive,Minutes,ASC Minutes – January 2011,Actas del CSA – enero de 2011,2011-01-09,2011,English,PDF,43,ASC,,,area09.org (legacy site),yes,,docs/archive/minutes/2011/area-committee-meeting-minutes-january-9-2011-en.pdf,https://drive.google.com/file/d/1idmTTwg_LQTLEEwxiisOSsvKkTxxsvi8/view,
archive-districts-d15-2011-gsr-minutes-jan-6-2011-en-redacted,Archive,District,"District 15 GSR meeting minutes – January 6, 2011",Actas de la reunión de RSG del Distrito 15 – 6 de enero de 2011,2011-01-06,2011,English,PDF,79,,d15,,area09.org (legacy site),yes,,docs/archive/districts/d15/2011/gsr-minutes-jan-6-2011-en-redacted.pdf,https://drive.google.com/file/d/17b_1y0olZuawlHJyT9pb_rkNvsIyEIUS/view,"Anonymity-redacted copy: full names shortened to first name + last initial, personal e-mails and phone numbers removed. Original (held for review): docs/archive/districts/d15/2011/gsr-minutes-jan-6-2011-en.pdf"
archive-conference-2011-january2011-en,Archive,Conference,January 2011,,2011-01,2011,English,PDF,48,,,,area09.org (legacy site),yes,,docs/archive/conference/2011/january2011-en.pdf,https://drive.google.com/file/d/1LLcTAJ2XMJIfVtGdwFZAD_bKqiT3i3In/view,
archive-conference-2011-d-7-agenda-jan-2011-en,Archive,Conference,District 7 Agenda Jan 2011,,2011-01,2011,English,PDF,34,,,,area09.org (legacy site),yes,,docs/archive/conference/2011/d-7-agenda-jan-2011-en.pdf,https://drive.google.com/file/d/12FkpjFDLFxQI28otPsyyduG0FY50MmmS/view,
archive-newsletters-2011-s-news-jan-2011-es,Archive,Newsletters,Area Newsletter – January 2011,Boletín del Área – enero de 2011,2011-01,2011,Spanish,PDF,272,,,,area09.org (legacy site),yes,,docs/archive/newsletters/2011/s-news-jan-2011-es.pdf,https://drive.google.com/file/d/1NniGPCGWjDvvkm43J9AF0UB6TSHswIXP/view,
archive-finances-2011-4q2011-en,Archive,Finances,Group contributions – 4th quarter 2011,Contribuciones de los grupos – 4.º trimestre de 2011,2011,2011,English,PDF,157,,,,area09.org (legacy site),yes,,docs/archive/finances/2011/4q2011-en.pdf,https://drive.google.com/file/d/11q0D_Ssrm6l8xsymnoI-uZhbIh7H3QYc/view,
archive-finances-2011-3q2011-en,Archive,Finances,Group contributions – 3rd quarter 2011,Contribuciones de los grupos – 3.er trimestre de 2011,2011,2011,English,PDF,151,,,,area09.org (legacy site),yes,,docs/archive/finances/2011/3q2011-en.pdf,https://drive.google.com/file/d/1PUApvPBHagYEZKZ5H41mEXehpycmLu8m/view,
archive-finances-2011-2q2011-en,Archive,Finances,Group contributions – 2nd quarter 2011,Contribuciones de los grupos – 2.º trimestre de 2011,2011,2011,English,PDF,116,,,,area09.org (legacy site),yes,,docs/archive/finances/2011/2q2011-en.pdf,https://drive.google.com/file/d/12I9hrhIJbCtsmvFSe7lXVJ3tSAgcI-NI/view,
archive-flyers-2011-s-flyer-registration-en-redacted,Archive,Flyers,Flyer Registration 2011,Volante Registration 2011,2011,2011,Spanish,PDF,94,,,,area09.org (legacy site),yes,,docs/archive/flyers/2011/s-flyer-registration-en-redacted.pdf,https://drive.google.com/file/d/18y-l4KgYm7Ikip4aGlEmc4m45L_27tzQ/view,"Anonymity-redacted copy: full names shortened to first name + last initial, personal e-mails and phone numbers removed. Original (held for review): docs/archive/flyers/2011/s-flyer-registration-en.pdf"
archive-forms-2011-expense-2011-en,Archive,Forms,Expense 2011,,2011,2011,English,PDF,49,,,,area09.org (legacy site),yes,,docs/archive/forms/2011/expense-2011-en.pdf,https://drive.google.com/file/d/1TwLtq-OyzasNEFi5bFYBenZhfHPcOFVs/view,
archive-reports-dcmcrpt-en,Archive,Reports,DCMC Report Form 2011,,2011,2011,English,PDF,17,,,,area09.org (legacy site),yes,,docs/archive/reports/dcmcrpt-en.pdf,https://drive.google.com/file/d/1P0iJOMeav15vwG7ngA0ZAk-bpjWZzgIn/view,
archive-newsletters-2010-calendar2011-en,Archive,Newsletters,Calendar 2011 2010,,2011,2011,English,PDF,111,,,,area09.org (legacy site),yes,,docs/archive/newsletters/2010/calendar2011-en.pdf,https://drive.google.com/file/d/1xKO337JC_AR36GPBxcSxMqgXmw7Dz3QD/view,
archive-conference-2011-2011gscfinalagendaitemsenglish-scrubbed-en,Archive,Conference,2011 G.S.C. Final Agenda Items ENGLISH(Scrubbed),,2011,2011,English,PDF,96,,,,area09.org (legacy site),yes,,docs/archive/conference/2011/2011gscfinalagendaitemsenglish-scrubbed-en.pdf,https://drive.google.com/file/d/1QpKg3bDfBXJyA7Aq7Wd5eNHOqtTADVGL/view,
archive-delegate-2011-2011conferencereportschedule-en,Archive,Delegate,2011 Conference Report Schedule,,2011,2011,English,PDF,33,,,delegate,area09.org (legacy site),yes,,docs/archive/delegate/2011/2011conferencereportschedule-en.pdf,https://drive.google.com/file/d/1hvKDSIQM68cbi2cZ_bab29MuCkbNmNID/view,
archive-archives-2010-ac-minutes-dec-18-2010-en-redacted,Archive,Archives,"Archives Committee Minutes – December 18, 2010",Actas del Comité de Archivos Históricos – 18 de diciembre de 2010,2010-12-18,2010,English,PDF,174,,,archives,area09.org (legacy site),yes,,docs/archive/archives/2010/ac-minutes-dec-18-2010-en-redacted.pdf,https://drive.google.com/file/d/1S8lDUiixf62MQOH15F6W09f6ZwFXvbdA/view,"Anonymity-redacted copy: full names shortened to first name + last initial, personal e-mails and phone numbers removed. Original (held for review): docs/archive/archives/2010/ac-minutes-dec-18-2010-en.pdf"
archive-minutes-2010-area-committee-meeting-minutes-december-12-2010-en,Archive,Minutes,ASC Minutes – December 2010 (version 2),Actas del CSA – diciembre de 2010 (versión 2),2010-12-12,2010,English,PDF,13,ASC,,,area09.org (legacy site),yes,,docs/archive/minutes/2010/area-committee-meeting-minutes-december-12-2010-en.pdf,https://drive.google.com/file/d/1iC4yJcnXO0nIGXIgnn80CcbhOmVvg51-/view,
archive-minutes-2010-dec12-2010-asc-en-redacted,Archive,Minutes,ASC Minutes – December 2010,Actas del CSA – diciembre de 2010,2010-12-12,2010,English,PDF,141,ASC,,,area09.org (legacy site),yes,,docs/archive/minutes/2010/dec12-2010-asc-en-redacted.pdf,https://drive.google.com/file/d/11pwZ-0IfSjxcz8_jHDXCXLBPyCSXSpPh/view,"Anonymity-redacted copy: full names shortened to first name + last initial, personal e-mails and phone numbers removed. Original (held for review): docs/archive/minutes/2010/dec12-2010-asc-en.pdf"
archive-minutes-2010-s-dec12-2010-asc-en-redacted,Archive,Minutes,ASC Minutes – December 2010,Actas del CSA – diciembre de 2010,2010-12-12,2010,Spanish,PDF,198,ASC,,,area09.org (legacy site),yes,,docs/archive/minutes/2010/s-dec12-2010-asc-en-redacted.pdf,https://drive.google.com/file/d/1dYaFpMSRf2So0X_oZlGFZg_k-YlwC6Cj/view,"Anonymity-redacted copy: full names shortened to first name + last initial, personal e-mails and phone numbers removed. Original (held for review): docs/archive/minutes/2010/s-dec12-2010-asc-en.pdf Re-redacted 2026-10-06: names shortened to first name + initial; personal contact details, addresses and sobriety dates removed (scripts/scan-documents.py)."
archive-reports-2010-d7-minutes-dec-2010-en,Archive,District,District 7 Minutes – December 2010,Actas del Distrito 7 – diciembre de 2010,2010-12,2010,English,PDF,33,,d07,,area09.org (legacy site),yes,,docs/archive/reports/2010/d7-minutes-dec-2010-en.pdf,https://drive.google.com/file/d/1tiFlTIO3zQ7MNWmrke0ykYHw9d3PLIut/view,
archive-conference-2010-agenda-december-13-2010-en,Archive,Conference,Agenda December.13.2010,,2010-12,2010,English,PDF,16,,,,area09.org (legacy site),yes,,docs/archive/conference/2010/agenda-december-13-2010-en.pdf,https://drive.google.com/file/d/1AE25l2vlCAyrjn9V4GWCLmYGuG7ffKqh/view,
archive-minutes-2010-minutes-november-08-2010-en,Archive,Minutes,Minutes November.08.2010,,2010-11-08,2010,English,PDF,15,,,,area09.org (legacy site),yes,,docs/archive/minutes/2010/minutes-november-08-2010-en.pdf,https://drive.google.com/file/d/1jG_tH7XuAVJt4S20I3E_diuCePVPko_n/view,
archive-flyers-2010-district12traditionsday11-07-2010-en,Archive,Flyers,"District 12 Traditions Day November 7, 2010",,2010-11-07,2010,English,PDF,80,,d12,,area09.org (legacy site),yes,,docs/archive/flyers/2010/district12traditionsday11-07-2010-en.pdf,https://drive.google.com/file/d/1D2L7fDtEhtkRE8u68ion-k-hLmObtdVf/view,
archive-districts-d15-2010-gsr-minutes-nov-4-2010-en,Archive,District,"District 15 GSR meeting minutes – November 4, 2010",Actas de la reunión de RSG del Distrito 15 – 4 de noviembre de 2010,2010-11-04,2010,English,PDF,31,,d15,,area09.org (legacy site),yes,,docs/archive/districts/d15/2010/gsr-minutes-nov-4-2010-en.pdf,https://drive.google.com/file/d/1kzv_yi9l4v2-fdzviZATRm5qoVZrwQwF/view,
archive-flyers-2010-hd10-24-2010-english-en,Archive,Flyers,"HD October 24, 2010",,2010-10-24,2010,English,PDF,113,,,,area09.org (legacy site),yes,,docs/archive/flyers/2010/hd10-24-2010-english-en.pdf,https://drive.google.com/file/d/1UpuKYQXaFwKuRsGhdGqhoj3ZzHm9FFO_/view,
archive-minutes-2010-minutes-oct-11-2010-en,Archive,Minutes,Minutes Oct.11.2010,,2010-10-11,2010,English,PDF,15,,,,area09.org (legacy site),yes,,docs/archive/minutes/2010/minutes-oct-11-2010-en.pdf,https://drive.google.com/file/d/1LNF7aDg3sDKDLnOheCa4NbwAk34KqAfA/view,
archive-archives-ac-mins-10-09-10-en-redacted,Archive,Archives,"Archives Committee Minutes – October 9, 2010",Actas del Comité de Archivos Históricos – 9 de octubre de 2010,2010-10-09,2010,English,PDF,170,,,archives,area09.org (legacy site),yes,,docs/archive/archives/ac-mins-10-09-10-en-redacted.pdf,https://drive.google.com/file/d/1bCjSul5FmnLiyQBL3bkVBKHUNIYcTtyq/view,"Anonymity-redacted copy: full names shortened to first name + last initial, personal e-mails and phone numbers removed. Original (held for review): docs/archive/archives/ac-mins-10-09-10-en.pdf"
archive-districts-d15-2010-gsr-minutes-oct-7-2010-en-redacted,Archive,District,"District 15 GSR meeting minutes – October 7, 2010",Actas de la reunión de RSG del Distrito 15 – 7 de octubre de 2010,2010-10-07,2010,English,PDF,35,,d15,,area09.org (legacy site),yes,,docs/archive/districts/d15/2010/gsr-minutes-oct-7-2010-en-redacted.pdf,https://drive.google.com/file/d/1yQITmo2cz_eDrF0xEZbO1nrbqMo8Isna/view,"Anonymity-redacted copy: full names shortened to first name + last initial, personal e-mails and phone numbers removed. Original (held for review): docs/archive/districts/d15/2010/gsr-minutes-oct-7-2010-en.pdf"
archive-flyers-2010-heritage-dayoct2010-en,Archive,Flyers,HERITAGE DAY Oct 2010,,2010-10,2010,English,PDF,29,,,,area09.org (legacy site),yes,,docs/archive/flyers/2010/heritage-dayoct2010-en.pdf,https://drive.google.com/file/d/1R0B7nQ0yLKu4ocn2Gi8AVxqXkZMO0bWE/view,
archive-districts-d15-2010-district-15-october-event-flyer2010-en,Archive,District,District 15 October Event Flyer 2010,,2010-10,2010,English,PDF,99,,d15,,area09.org (legacy site),yes,,docs/archive/districts/d15/2010/district-15-october-event-flyer2010-en.pdf,https://drive.google.com/file/d/1WuWfrNnhQgRow0-i78Xe90UTFWoMy2yv/view,
archive-minutes-2010-aa-pacific-region-trustee-report-oct-2010-en,Archive,Minutes,Board Minutes – October 2010,Actas de la Junta – octubre de 2010,2010-10,2010,English,PDF,81,Board,,,area09.org (legacy site),yes,,docs/archive/minutes/2010/aa-pacific-region-trustee-report-oct-2010-en.pdf,https://drive.google.com/file/d/13eddGSjeOpFN01diA6-1dh4mp1FlHwtr/view,
archive-archives-ac-mins-9-18-10-en-redacted,Archive,Archives,"Archives Committee Minutes – September 18, 2010",Actas del Comité de Archivos Históricos – 18 de septiembre de 2010,2010-09-18,2010,English,PDF,153,,,archives,area09.org (legacy site),yes,,docs/archive/archives/ac-mins-9-18-10-en-redacted.pdf,https://drive.google.com/file/d/1WMQvcUuzxIVRjTpmW3buhKa-6Jq0FCYI/view,"Anonymity-redacted copy: full names shortened to first name + last initial, personal e-mails and phone numbers removed. Original (held for review): docs/archive/archives/ac-mins-9-18-10-en.pdf"
archive-districts-d7-2010-minutes-09-13-2010-en,Archive,District,"District 7 Minutes – September 13, 2010",Actas del Distrito 7 – 13 de septiembre de 2010,2010-09-13,2010,English,PDF,15,,d07,,area09.org (legacy site),yes,,docs/archive/districts/d7/2010/minutes-09-13-2010-en.pdf,https://drive.google.com/file/d/1UrlGZ2l2Vcu2bK2iIVb2l5-yX2g6eC3F/view,
archive-minutes-2010-dseptember-2010-assembly-en-redacted,Archive,Minutes,Assembly (ASA) Minutes – September 2010,Actas de la Asamblea (ASA) – septiembre de 2010,2010-09-12,2010,English,PDF,105,ASA,,,area09.org (legacy site),yes,,docs/archive/minutes/2010/dseptember-2010-assembly-en-redacted.pdf,https://drive.google.com/file/d/1W3LvnxdAlUZULBJH4fHITdcdqYV6rKdC/view,"Anonymity-redacted copy: full names shortened to first name + last initial, personal e-mails and phone numbers removed. Original (held for review): docs/archive/minutes/2010/dseptember-2010-assembly-en.pdf"
archive-districts-d15-2010-gsr-minutes-sept-2-2010-en,Archive,District,"District 15 GSR meeting minutes – September 2, 2010",Actas de la reunión de RSG del Distrito 15 – 2 de septiembre de 2010,2010-09-02,2010,English,PDF,19,,d15,,area09.org (legacy site),yes,,docs/archive/districts/d15/2010/gsr-minutes-sept-2-2010-en.pdf,https://drive.google.com/file/d/1UStlyrluCzs1-KBTIwmnhYIHBElvTSyu/view,
archive-flyers-2010-sp-rf-pacificflyer-august-27-29-10-en-redacted,Archive,Flyers,Sp Rf Pacificflyer August 27 29 10 2010,Sp Rf Pacificflyer agosto 27 29 10 2010,2010-08-27,2010,Spanish,PDF,420,,,,area09.org (legacy site),yes,,docs/archive/flyers/2010/sp-rf-pacificflyer-august-27-29-10-en-redacted.pdf,https://drive.google.com/file/d/1elmQKXYycpT8uRwBWHQXsIJk1RFftIzN/view,"Anonymity-redacted copy: full names shortened to first name + last initial, personal e-mails and phone numbers removed. Original (held for review): docs/archive/flyers/2010/sp-rf-pacificflyer-august-27-29-10-en.pdf"
archive-flyers-2010-001-en-rf-pacificflyer-august-27-29-10-en-redacted,Archive,Flyers,001 en Rf Pacificflyer August 27 29 10 2010,,2010-08-27,2010,English,PDF,265,,,,area09.org (legacy site),yes,,docs/archive/flyers/2010/001-en-rf-pacificflyer-august-27-29-10-en-redacted.pdf,https://drive.google.com/file/d/1Tm8CgXKWPu8_7oN5v4MDSkPAA1BLT1pi/view,"Anonymity-redacted copy: full names shortened to first name + last initial, personal e-mails and phone numbers removed. Original (held for review): docs/archive/flyers/2010/001-en-rf-pacificflyer-august-27-29-10-en.pdf"
archive-archives-ac-mtg-mins-08-21-10-en-redacted,Archive,Archives,"Archives Committee Minutes – August 21, 2010",Actas del Comité de Archivos Históricos – 21 de agosto de 2010,2010-08-21,2010,English,PDF,16,,,archives,area09.org (legacy site),yes,,docs/archive/archives/ac-mtg-mins-08-21-10-en-redacted.pdf,https://drive.google.com/file/d/1431BRc4i2U1OFzSGRXmKkA2KCGVovKAQ/view,"Anonymity-redacted copy: full names shortened to first name + last initial, personal e-mails and phone numbers removed. Original (held for review): docs/archive/archives/ac-mtg-mins-08-21-10-en.pdf"
archive-minutes-2010-area-committee-meeting-minutes-august-8-2010-en,Archive,Minutes,ASC Minutes – August 2010,Actas del CSA – agosto de 2010,2010-08-08,2010,English,PDF,8,ASC,,,area09.org (legacy site),yes,,docs/archive/minutes/2010/area-committee-meeting-minutes-august-8-2010-en.pdf,https://drive.google.com/file/d/1Xw86coh6aqhIEFiYUdhDbNFXpPsmOHwP/view,
archive-minutes-2010-spanish-august-8-2010-asc-es,Archive,Minutes,ASC Minutes – August 2010,Actas del CSA – agosto de 2010,2010-08-08,2010,Spanish,PDF,53,ASC,,,area09.org (legacy site),yes,,docs/archive/minutes/2010/spanish-august-8-2010-asc-es.pdf,https://drive.google.com/file/d/1QKfyW0ZNLqd1-6kp1AbL5MWyW7CK0opy/view,
archive-districts-d15-2010-gsr-minutes-aug-5-2010-en,Archive,District,"District 15 GSR meeting minutes – August 5, 2010",Actas de la reunión de RSG del Distrito 15 – 5 de agosto de 2010,2010-08-05,2010,English,PDF,18,,d15,,area09.org (legacy site),yes,,docs/archive/districts/d15/2010/gsr-minutes-aug-5-2010-en.pdf,https://drive.google.com/file/d/1oHkeKmiobg3mcJna2wGiVYh0BfVdpu4j/view,
archive-reports-2010-2010pcrffinalreport-eng-en,Archive,Reports,2010 August Pacific Regional Forum Report,,2010-08,2010,English,Word,95,,,,area09.org (legacy site),yes,,docs/archive/reports/2010/2010pcrffinalreport-eng-en.doc,https://drive.google.com/file/d/1FVy4KJacjbQQIaF_Op9jdMIK-eq0DlmY/view,
archive-districts-d14-2010-workshop-flyer07-14-2010f-en-redacted,Archive,District,"Workshop Flyer July 14, 2010 f",,2010-07-14,2010,English,PDF,214,,d14,,area09.org (legacy site),yes,,docs/archive/districts/d14/2010/workshop-flyer07-14-2010f-en-redacted.pdf,https://drive.google.com/file/d/1s6xHNVNPvadv0jLID_phxPvduE1ERuJz/view,"Anonymity-redacted copy: full names shortened to first name + last initial, personal e-mails and phone numbers removed. Original (held for review): docs/archive/districts/d14/2010/workshop-flyer07-14-2010f-en.pdf"
archive-flyers-2010-spanish-foro-july-2010-es,Archive,Flyers,Spanish Foro July 2010,(español) Foro julio de 2010,2010-07,2010,Spanish,PDF,280,,,,area09.org (legacy site),yes,,docs/archive/flyers/2010/spanish-foro-july-2010-es.pdf,https://drive.google.com/file/d/17vPuoZgVOztGVmvV_RHl1W4JnSNtToSd/view,
archive-flyers-2010-english-foro-july-2010-en,Archive,Flyers,English Foro July 2010,,2010-07,2010,English,PDF,427,,,,area09.org (legacy site),yes,,docs/archive/flyers/2010/english-foro-july-2010-en.pdf,https://drive.google.com/file/d/15jxwvjGOklcEJ5EMxZCLIGEYKpgpRCXE/view,
archive-conference-2010-asc-june-13-2010-en,Archive,Minutes,ASC Minutes – June 2010,Actas del CSA – junio de 2010,2010-06-13,2010,English,PDF,57,ASC,,,area09.org (legacy site),yes,,docs/archive/conference/2010/asc-june-13-2010-en.pdf,https://drive.google.com/file/d/1zw55Q_4ClQJyMVk0e4BvffUzyl0eIe2I/view,
archive-districts-d15-2010-gsr-minutes-june-3-2010-en,Archive,District,"District 15 GSR meeting minutes – June 3, 2010",Actas de la reunión de RSG del Distrito 15 – 3 de junio de 2010,2010-06-03,2010,English,PDF,18,,d15,,area09.org (legacy site),yes,,docs/archive/districts/d15/2010/gsr-minutes-june-3-2010-en.pdf,https://drive.google.com/file/d/1fgRuvPucQ_yiNH4Frg1YwY4CzgeHSFtX/view,
archive-minutes-2010-smay-minutes-2010-en-redacted,Archive,Minutes,May Minutes.2010,Mayo Actas.2010,2010-05-16,2010,Spanish,PDF,103,,,,area09.org (legacy site),yes,,docs/archive/minutes/2010/smay-minutes-2010-en-redacted.pdf,https://drive.google.com/file/d/1MHojCzTa5iACL3qU4xFywFHbWmXDL7bA/view,"Anonymity-redacted copy: full names shortened to first name + last initial, personal e-mails and phone numbers removed. Original (held for review): docs/archive/minutes/2010/smay-minutes-2010-en.pdf Re-redacted 2026-10-06: names shortened to first name + initial; personal contact details, addresses and sobriety dates removed (scripts/scan-documents.py)."
archive-archives-2010-archivesminutes-may-15-2010-en-redacted,Archive,Archives,"Archives Committee Minutes – May 15, 2010",Actas del Comité de Archivos Históricos – 15 de mayo de 2010,2010-05-15,2010,English,PDF,16,,,archives,area09.org (legacy site),yes,,docs/archive/archives/2010/archivesminutes-may-15-2010-en-redacted.pdf,https://drive.google.com/file/d/1wTj1-wSaudRAhYNuSWbXvVyCeAbi81es/view,"Anonymity-redacted copy: full names shortened to first name + last initial, personal e-mails and phone numbers removed. Original (held for review): docs/archive/archives/2010/archivesminutes-may-15-2010-en.pdf"
archive-minutes-2010-minutes-may-2010-en,Archive,Minutes,District 7 Minutes May 2010,,2010-05-10,2010,English,PDF,24,,d07,,area09.org (legacy site),yes,,docs/archive/minutes/2010/minutes-may-2010-en.pdf,https://drive.google.com/file/d/1lCTw3jkLlgE3c4JEupAF-flnnOHpvnvB/view,
archive-districts-d15-2010-gsr-minutes-may-6-2010-en,Archive,District,"District 15 GSR meeting minutes – May 6, 2010",Actas de la reunión de RSG del Distrito 15 – 6 de mayo de 2010,2010-05-06,2010,English,PDF,19,,d15,,area09.org (legacy site),yes,,docs/archive/districts/d15/2010/gsr-minutes-may-6-2010-en.pdf,https://drive.google.com/file/d/1FK8OwnyaJy5FM3cFg6OqSIC82fRYi_0W/view,
archive-minutes-2010-spanishofficer-may-29-2-es-redacted,Archive,Minutes,Spanish Officer MAY 29 2 2010,(español) Officer MAY 29 2 2010,2010-05,2010,Spanish,PDF,62,,,,area09.org (legacy site),yes,,docs/archive/minutes/2010/spanishofficer-may-29-2-es-redacted.pdf,https://drive.google.com/file/d/1WbRNoKV65aFjG2wBCcu4KAdU1jeK8woj/view,"Anonymity-redacted copy: full names shortened to first name + last initial, personal e-mails and phone numbers removed. Original (held for review): docs/archive/minutes/2010/spanishofficer-may-29-2-es.pdf Re-redacted 2026-10-06: names shortened to first name + initial; personal contact details, addresses and sobriety dates removed (scripts/scan-documents.py)."
archive-flyers-2010-district-event-flyer-in-word-3-may2010-en,Archive,Flyers,District Event Flyer in Word 3 May 2010,,2010-05,2010,English,PDF,533,,,,area09.org (legacy site),yes,,docs/archive/flyers/2010/district-event-flyer-in-word-3-may2010-en.pdf,https://drive.google.com/file/d/1QKYtZ_5fAZjjMt9xTlTvF9zrFgwYGId_/view,
archive-minutes-2010-minutes-april-2010-en,Archive,Minutes,Minutes April 2010,,2010-04-12,2010,English,PDF,25,,,,area09.org (legacy site),yes,,docs/archive/minutes/2010/minutes-april-2010-en.pdf,https://drive.google.com/file/d/1tUMMQDpld0D-J0B0BW7E5AXUCQzoBw1G/view,
archive-districts-d15-2010-gsr-minutes-apr-1-2010-en,Archive,District,"District 15 GSR meeting minutes – April 1, 2010",Actas de la reunión de RSG del Distrito 15 – 1 de abril de 2010,2010-04-01,2010,English,PDF,21,,d15,,area09.org (legacy site),yes,,docs/archive/districts/d15/2010/gsr-minutes-apr-1-2010-en.pdf,https://drive.google.com/file/d/1onrW8P0oUaQUzSNKcAz6Q0pf8gSI9b9l/view,
archive-minutes-2010-area-committee-meeting-minutes-march-14-2010-en,Archive,Minutes,ASC Minutes – March 2010 (version 2),Actas del CSA – marzo de 2010 (versión 2),2010-03-14,2010,English,PDF,11,ASC,,,area09.org (legacy site),yes,,docs/archive/minutes/2010/area-committee-meeting-minutes-march-14-2010-en.pdf,https://drive.google.com/file/d/1MpCO13zwKhrkaGR6eA0W6Ci1f5AGDfy5/view,
archive-conference-2010-spanishasc-march-14-2010-es-redacted,Archive,Minutes,ASC Minutes – March 2010 (version 2),Actas del CSA – marzo de 2010 (versión 2),2010-03-14,2010,Spanish,PDF,33,ASC,,,area09.org (legacy site),yes,,docs/archive/conference/2010/spanishasc-march-14-2010-es-redacted.pdf,https://drive.google.com/file/d/1t1HBzIsiavVg7RYZJrOBfvwAl74kU1t8/view,"Anonymity-redacted copy: full names shortened to first name + last initial, personal e-mails and phone numbers removed. Original (held for review): docs/archive/conference/2010/spanishasc-march-14-2010-es.pdf"
archive-minutes-2010-spanishmarch-2010-asc-es-redacted,Archive,Minutes,ASC Minutes – March 2010,Actas del CSA – marzo de 2010,2010-03-14,2010,Spanish,PDF,152,ASC,,,area09.org (legacy site),yes,,docs/archive/minutes/2010/spanishmarch-2010-asc-es-redacted.pdf,https://drive.google.com/file/d/1_AL2yurV1USH9YbeqEJQy_UV3Y_pAgUz/view,"Anonymity-redacted copy: full names shortened to first name + last initial, personal e-mails and phone numbers removed. Original (held for review): docs/archive/minutes/2010/spanishmarch-2010-asc-es.pdf"
archive-conference-2010-asc-march-14-2010-en-redacted,Archive,Minutes,ASC Minutes – March 2010,Actas del CSA – marzo de 2010,2010-03-14,2010,English,PDF,33,ASC,,,area09.org (legacy site),yes,,docs/archive/conference/2010/asc-march-14-2010-en-redacted.pdf,https://drive.google.com/file/d/1qvS5wiBrujdBRd7GgDm0LxxLLj6ZoJ4N/view,"Anonymity-redacted copy: full names shortened to first name + last initial, personal e-mails and phone numbers removed. Original (held for review): docs/archive/conference/2010/asc-march-14-2010-en.pdf Re-redacted 2026-10-06: names shortened to first name + initial; personal contact details, addresses and sobriety dates removed (scripts/scan-documents.py)."
archive-minutes-2010-minutes-mar-2010-en,Archive,Minutes,Minutes Mar 2010,,2010-03-08,2010,English,PDF,25,,,,area09.org (legacy site),yes,,docs/archive/minutes/2010/minutes-mar-2010-en.pdf,https://drive.google.com/file/d/1p4rimaLS7-GBu5QGbG0ap29_FgB3t8GU/view,
archive-districts-d15-2010-gsr-minutes-mar-4-2010-en,Archive,District,"District 15 GSR meeting minutes – March 4, 2010",Actas de la reunión de RSG del Distrito 15 – 4 de marzo de 2010,2010-03-04,2010,English,PDF,15,,d15,,area09.org (legacy site),yes,,docs/archive/districts/d15/2010/gsr-minutes-mar-4-2010-en.pdf,https://drive.google.com/file/d/1ErPAC1ux9fEY4kVC_JkC7ra_HCt0VVpw/view,
archive-conference-2010-asc-february-14-2010-en,Archive,Minutes,ASC Minutes – February 2010 (version 2),Actas del CSA – febrero de 2010 (versión 2),2010-02-14,2010,English,PDF,57,ASC,,,area09.org (legacy site),yes,,docs/archive/conference/2010/asc-february-14-2010-en.pdf,https://drive.google.com/file/d/1MU8C7XG5bknSqDTo2xtl13Qjji4f4uNR/view,
archive-conference-2010-spanish-asc-february-14-2010-agenda-es,Archive,Minutes,ASC Minutes – February 2010 (agenda),Actas del CSA – febrero de 2010 (agenda),2010-02-14,2010,Spanish,PDF,24,ASC,,,area09.org (legacy site),yes,,docs/archive/conference/2010/spanish-asc-february-14-2010-agenda-es.pdf,https://drive.google.com/file/d/1-odsGMaWHQaucd0Hpo9VY_WIcJnzCyew/view,
archive-minutes-2010-february-2010-asc-en-redacted,Archive,Minutes,ASC Minutes – February 2010,Actas del CSA – febrero de 2010,2010-02-14,2010,English,PDF,268,ASC,,,area09.org (legacy site),yes,,docs/archive/minutes/2010/february-2010-asc-en-redacted.pdf,https://drive.google.com/file/d/1dXPaZDBv1gs2VLBezk8SoJgS_HueQCKL/view,"Anonymity-redacted copy: full names shortened to first name + last initial, personal e-mails and phone numbers removed. Original (held for review): docs/archive/minutes/2010/february-2010-asc-en.pdf"
archive-minutes-2010-spanish-feb2010-asc-es-redacted,Archive,Minutes,ASC Minutes – February 2010,Actas del CSA – febrero de 2010,2010-02-14,2010,Spanish,PDF,52,ASC,,,area09.org (legacy site),yes,,docs/archive/minutes/2010/spanish-feb2010-asc-es-redacted.pdf,https://drive.google.com/file/d/1ltWV2iDiaUpwnoFa52IQgrKmCqwOEbBJ/view,"Anonymity-redacted copy: full names shortened to first name + last initial, personal e-mails and phone numbers removed. Original (held for review): docs/archive/minutes/2010/spanish-feb2010-asc-es.pdf"
archive-minutes-2010-minutes-feb-2010-en,Archive,Minutes,Minutes Feb 2010,,2010-02-08,2010,English,PDF,23,,,,area09.org (legacy site),yes,,docs/archive/minutes/2010/minutes-feb-2010-en.pdf,https://drive.google.com/file/d/1fHkq76KxZoHoRBxB8btEYPZd7FUXkRbY/view,
archive-districts-d15-2010-gsr-minutes-feb-4-2010-en-redacted,Archive,District,"District 15 GSR meeting minutes – February 4, 2010",Actas de la reunión de RSG del Distrito 15 – 4 de febrero de 2010,2010-02-04,2010,English,PDF,19,,d15,,area09.org (legacy site),yes,,docs/archive/districts/d15/2010/gsr-minutes-feb-4-2010-en-redacted.pdf,https://drive.google.com/file/d/11EXGYURBclXNU0DMx-YwESE8mjdfvGB-/view,"Anonymity-redacted copy: full names shortened to first name + last initial, personal e-mails and phone numbers removed. Original (held for review): docs/archive/districts/d15/2010/gsr-minutes-feb-4-2010-en.pdf"
archive-misc-feb10mapdirections-compatibility-mode-en-redacted,Archive,Misc,Feb 10 Map Directions [Compatibility Mode],,2010-02,2010,English,PDF,42,,,,area09.org (legacy site),yes,,docs/archive/misc/feb10mapdirections-compatibility-mode-en-redacted.pdf,https://drive.google.com/file/d/1qQKe0RAonMYaBVleAiMKjdLDnibVGAMn/view,"Anonymity-redacted copy: full names shortened to first name + last initial, personal e-mails and phone numbers removed. Original (held for review): docs/archive/misc/feb10mapdirections-compatibility-mode-en.pdf"
archive-conference-2010-spanishaa-msca-area-assembly-agenda-01-10-es,Archive,Conference,Spanish AA MSCA Area Assembly Agenda 01.10 2010,(español) AA MSCA Asamblea de Área Agenda 01.10 2010,2010-01-10,2010,Spanish,PDF,29,,,,area09.org (legacy site),yes,,docs/archive/conference/2010/spanishaa-msca-area-assembly-agenda-01-10-es.pdf,https://drive.google.com/file/d/1YrIBDv7KAJyN5bb6Ep3muJIUT5DccGp5/view,
archive-minutes-2010-minutes-jan-10-2010-en,Archive,Minutes,Minutes Jan 10 2010,,2010-01-10,2010,English,PDF,33,,,,area09.org (legacy site),yes,,docs/archive/minutes/2010/minutes-jan-10-2010-en.pdf,https://drive.google.com/file/d/1aiRvY8W6FPNzf08loTfTdXchFFKeU9yU/view,
archive-minutes-2010-january-2010-assembly-en-redacted,Archive,Minutes,Assembly (ASA) Minutes – January 2010,Actas de la Asamblea (ASA) – enero de 2010,2010-01-10,2010,English,PDF,85,ASA,,,area09.org (legacy site),yes,,docs/archive/minutes/2010/january-2010-assembly-en-redacted.pdf,https://drive.google.com/file/d/1Nq4Srwx6d_ipaOReCVEVekM5k_AHRYTf/view,"Anonymity-redacted copy: full names shortened to first name + last initial, personal e-mails and phone numbers removed. Original (held for review): docs/archive/minutes/2010/january-2010-assembly-en.pdf"
archive-minutes-2010-area-committee-meeting-minutes-january-10-2010-en,Archive,Minutes,ASC Minutes – January 2010,Actas del CSA – enero de 2010,2010-01-10,2010,English,PDF,10,ASC,,,area09.org (legacy site),yes,,docs/archive/minutes/2010/area-committee-meeting-minutes-january-10-2010-en.pdf,https://drive.google.com/file/d/1srsJmWitO37MrTZPMQ4j-KJSe--x00S3/view,
archive-conference-2010-aa-msca-area-assembly-agenda-01-10-en,Archive,Conference,AA MSCA Area Assembly Agenda 01.10 2010,,2010-01-10,2010,English,PDF,121,,,,area09.org (legacy site),yes,,docs/archive/conference/2010/aa-msca-area-assembly-agenda-01-10-en.pdf,https://drive.google.com/file/d/1KT1-jfQoliJp3mFFaL6JeV6Nf8g2-VG7/view,
archive-districts-d15-2010-gsr-minutes-jan-7-2010-en,Archive,District,"District 15 GSR meeting minutes – January 7, 2010",Actas de la reunión de RSG del Distrito 15 – 7 de enero de 2010,2010-01-07,2010,English,PDF,14,,d15,,area09.org (legacy site),yes,,docs/archive/districts/d15/2010/gsr-minutes-jan-7-2010-en.pdf,https://drive.google.com/file/d/1_ddiR2pJkbNSXinyJlYGWsC6majrwr5z/view,
archive-districts-d7-2010-minutes-jan-2010-en,Archive,District,District 7 Minutes – January 2010,Actas del Distrito 7 – enero de 2010,2010-01,2010,English,PDF,19,,d07,,area09.org (legacy site),yes,,docs/archive/districts/d7/2010/minutes-jan-2010-en.pdf,https://drive.google.com/file/d/1m8f-nW1Y28RoBjiUG5jAJL9OKH2fMziB/view,
archive-flyers-2010-spanish11-2010-2nd-annual-district-archivist-workshop-es,Archive,Flyers,Spanish 11.2010. 2nd Annual District Archivist Workshop,(español) 11.2010. 2nd Annual Distrito Archivist Taller,2010,2010,Spanish,PDF,106,,,archives,area09.org (legacy site),yes,,docs/archive/flyers/2010/spanish11-2010-2nd-annual-district-archivist-workshop-es.pdf,https://drive.google.com/file/d/193k0AtvMbPr4TpFsYudcFCVZUNw0YbS1/view,
archive-praasa-2010-span-pg-22010-en,Archive,PRAASA,Span Pg 22010,,2010,2010,Spanish,PDF,40,,,,area09.org (legacy site),yes,,docs/archive/praasa/2010/span-pg-22010-en.pdf,https://drive.google.com/file/d/1dowIRUvILwbfIIp3D6uL8T18roHR-cyB/view,
archive-praasa-2010-span-pg-12010-en-redacted,Archive,PRAASA,Span Pg 12010,,2010,2010,Spanish,PDF,62,,,,area09.org (legacy site),yes,,docs/archive/praasa/2010/span-pg-12010-en-redacted.pdf,https://drive.google.com/file/d/1oTsqFub-lSjGZYcyNF2rkcd2YajxZE9z/view,"Anonymity-redacted copy: full names shortened to first name + last initial, personal e-mails and phone numbers removed. Original (held for review): docs/archive/praasa/2010/span-pg-12010-en.pdf"
archive-praasa-2010-reg-span2010-en-redacted,Archive,PRAASA,Reg Span 2010,,2010,2010,Spanish,PDF,298,,,,area09.org (legacy site),yes,,docs/archive/praasa/2010/reg-span2010-en-redacted.pdf,https://drive.google.com/file/d/1DyVEwzJue11hd-OGuq0zH1GlDMyNvuY7/view,"Anonymity-redacted copy: full names shortened to first name + last initial, personal e-mails and phone numbers removed. Original (held for review): docs/archive/praasa/2010/reg-span2010-en.pdf"
archive-praasa-2010-reg-eng2010-en-redacted,Archive,PRAASA,Reg 2010,,2010,2010,English,PDF,292,,,,area09.org (legacy site),yes,,docs/archive/praasa/2010/reg-eng2010-en-redacted.pdf,https://drive.google.com/file/d/15_-yDihd-6Cmau7gJFmiliIGoHuQgQz0/view,"Anonymity-redacted copy: full names shortened to first name + last initial, personal e-mails and phone numbers removed. Original (held for review): docs/archive/praasa/2010/reg-eng2010-en.pdf"
archive-flyers-2010-picpc-flyer09-2010-en-redacted,Archive,Flyers,PICPC Flyer 09 2010,,2010,2010,English,PDF,27,,,,area09.org (legacy site),yes,,docs/archive/flyers/2010/picpc-flyer09-2010-en-redacted.pdf,https://drive.google.com/file/d/1RfUbgE1p0uBoEoUazIvxbyc8KHzmsI6s/view,"Anonymity-redacted copy: full names shortened to first name + last initial, personal e-mails and phone numbers removed. Original (held for review): docs/archive/flyers/2010/picpc-flyer09-2010-en.pdf"
archive-flyers-2010-pacific-regional-forum-2010-en,Archive,Flyers,PACIFIC REGIONAL FORUM 2010,,2010,2010,English,PDF,46,,,,area09.org (legacy site),yes,,docs/archive/flyers/2010/pacific-regional-forum-2010-en.pdf,https://drive.google.com/file/d/17_Eae2Mh1AGz9aPQiCL3hHFULgwXWHE1/view,
archive-flyers-2010-smovie-night-part62010-en,Archive,Flyers,Movie Night Part 62010,,2010,2010,English,PDF,243,,,,area09.org (legacy site),yes,,docs/archive/flyers/2010/smovie-night-part62010-en.pdf,https://drive.google.com/file/d/1tEUoZ5Gke14592Uoao6Y3AfcRDBL5oRz/view,
archive-flyers-2010-movie-night62010-en,Archive,Flyers,Movie Night 62010,,2010,2010,English,PDF,479,,,,area09.org (legacy site),yes,,docs/archive/flyers/2010/movie-night62010-en.pdf,https://drive.google.com/file/d/1bFUGydXvSTxE6FwpRHvDlPaoX_6hhv04/view,
archive-flyers-2010-movienight2010-en,Archive,Flyers,Movie Night 2010,,2010,2010,English,PDF,328,,,,area09.org (legacy site),yes,,docs/archive/flyers/2010/movienight2010-en.pdf,https://drive.google.com/file/d/1wLLQFhDe8BUdwwD3euJBk5nH7dwiyN31/view,
archive-motions-2021-motions-2010-2019-en-redacted,Archive,Motions,Motions 2010 2019 2021,,2010,2010,English,PDF,804,,,,msca09aa.org,yes,,docs/archive/motions/2021/motions-2010-2019-en-redacted.pdf,https://drive.google.com/file/d/1FD32g9mR-HbbKBE6Px3wFdQSS000rIdm/view,"Anonymity-redacted copy: full names shortened to first name + last initial, personal e-mails and phone numbers removed. Original (held for review): docs/archive/motions/2021/motions-2010-2019-en.pdf"
archive-flyers-2010-lavinadist-20workshop10-2010-en,Archive,Flyers,La Vina District 20 Workshop 10 2010,,2010,2010,English,PDF,257,,d20,grapevine-la-vina,area09.org (legacy site),yes,,docs/archive/flyers/2010/lavinadist-20workshop10-2010-en.pdf,https://drive.google.com/file/d/10o-BBYrcFrS_aw_pVY3zFYNqEZrmE3_q/view,
archive-misc-2010-kinghts-of-columbus-san-bernardino-02-2010-en,Archive,Misc,"Kinghts of Columbus, San Bernardino 02 2010",,2010,2010,English,PDF,691,,,,area09.org (legacy site),yes,,docs/archive/misc/2010/kinghts-of-columbus-san-bernardino-02-2010-en.pdf,https://drive.google.com/file/d/1c6hltlif14lK8qd2NMyckh1aocqFVhCM/view,
archive-conference-2010-sjune132010-asc-agenda-01-10-en,Archive,Conference,June 132010 ASC Agenda 01.10,Junio de 132010 Agenda del CSA 01.10,2010,2010,Spanish,PDF,156,,,,area09.org (legacy site),yes,,docs/archive/conference/2010/sjune132010-asc-agenda-01-10-en.pdf,https://drive.google.com/file/d/18hq4ZBSR5DE7A3F_k97upIsfkvBCW7Ok/view,
archive-newsletters-2010-jannews10-final-en,Archive,Newsletters,Jan News 10 Final 2010,,2010,2010,English,PDF,147,,,,area09.org (legacy site),yes,,docs/archive/newsletters/2010/jannews10-final-en.pdf,https://drive.google.com/file/d/17bx1CMkfE-tC-3-ATQOVBzNn2ISM3sTZ/view,
archive-flyers-2010-hospitslityflyer048-en,Archive,Flyers,Hospitslity Flyer 048 2010,,2010,2010,English,PDF,356,,,,area09.org (legacy site),yes,,docs/archive/flyers/2010/hospitslityflyer048-en.pdf,https://drive.google.com/file/d/1bUgC-zQ9owumXIc7ycar65nSpWABVvPb/view,
archive-finances-2010-3rd-q-2010-msca-contrib-en,Archive,Finances,Group contributions – 3rd quarter 2010,Contribuciones de los grupos – 3.er trimestre de 2010,2010,2010,English,PDF,110,,,,area09.org (legacy site),yes,,docs/archive/finances/2010/3rd-q-2010-msca-contrib-en.pdf,https://drive.google.com/file/d/1iMmPpT4xgnRCiqU4P3SyU_k9nX3pZQhj/view,
archive-finances-2010-063010-2nd-qtr-grp-cont-en,Archive,Finances,Group contributions – 2nd quarter 2010,Contribuciones de los grupos – 2.º trimestre de 2010,2010,2010,English,PDF,113,,,,area09.org (legacy site),yes,,docs/archive/finances/2010/063010-2nd-qtr-grp-cont-en.pdf,https://drive.google.com/file/d/1CaLHYn45qfmktDel-CFWDNCKXKrvJ8rN/view,
archive-finances-2010-1st-q-2010-gp-cont-f-en,Archive,Finances,Group contributions – 1st quarter 2010,Contribuciones de los grupos – 1.er trimestre de 2010,2010,2010,Bilingual,PDF,121,,,,area09.org (legacy site),yes,,docs/archive/finances/2010/1st-q-2010-gp-cont-f-en.pdf,https://drive.google.com/file/d/1FhGO3ddMmQcTO1w6p1s1zCpO5ghSa2Zi/view,
archive-flyers-2010-grapevineposition06-2010-en,Archive,Flyers,Grapevine Position 06 2010,,2010,2010,English,PDF,8,,,grapevine-la-vina,area09.org (legacy site),yes,,docs/archive/flyers/2010/grapevineposition06-2010-en.pdf,https://drive.google.com/file/d/19V5erlM_Tdq6nWBonEqtjHXTVAq8CnQT/view,
archive-flyers-2010-flyerenglish1-en-redacted,Archive,Flyers,Flyer English 1 2010,,2010,2010,English,PDF,373,,,,area09.org (legacy site),yes,,docs/archive/flyers/2010/flyerenglish1-en-redacted.pdf,https://drive.google.com/file/d/1FIY8D-qoLThpIQWeetNOsqVe_IyyrMnB/view,"Anonymity-redacted copy: full names shortened to first name + last initial, personal e-mails and phone numbers removed. Original (held for review): docs/archive/flyers/2010/flyerenglish1-en.pdf"
archive-flyers-2010-finalpispanish2010-es-redacted,Archive,Flyers,Final PI 2010,,2010,2010,Spanish,PDF,8,,,public-information,area09.org (legacy site),yes,,docs/archive/flyers/2010/finalpispanish2010-es-redacted.pdf,https://drive.google.com/file/d/1CZ6lvqgn9as5WzvpIPIRBjet9V8CsW-E/view,"Anonymity-redacted copy: full names shortened to first name + last initial, personal e-mails and phone numbers removed. Original (held for review): docs/archive/flyers/2010/finalpispanish2010-es.pdf Re-redacted 2026-10-06: names shortened to first name + initial; personal contact details, addresses and sobriety dates removed (scripts/scan-documents.py)."
archive-forms-2010-expenseform-2010-en,Archive,Forms,Expenseform 2010,,2010,2010,English,PDF,48,,,,area09.org (legacy site),yes,,docs/archive/forms/2010/expenseform-2010-en.pdf,https://drive.google.com/file/d/14NcwMWpSPBtFFWVab5THk0UIUNJRXbLI/view,
archive-praasa-2010-eng-page22010-en,Archive,PRAASA,Eng Page 22010,,2010,2010,English,PDF,40,,,,area09.org (legacy site),yes,,docs/archive/praasa/2010/eng-page22010-en.pdf,https://drive.google.com/file/d/15h6uwBJQU8ixDbU2T5BUZBg_XjjuiRgj/view,
archive-praasa-2010-eng-page12010-en-redacted,Archive,PRAASA,Eng Page 12010,,2010,2010,English,PDF,60,,,,area09.org (legacy site),yes,,docs/archive/praasa/2010/eng-page12010-en-redacted.pdf,https://drive.google.com/file/d/1Ze2PKXeyJoTBUV3gLHjWnmrw4Xfv6Dhm/view,"Anonymity-redacted copy: full names shortened to first name + last initial, personal e-mails and phone numbers removed. Original (held for review): docs/archive/praasa/2010/eng-page12010-en.pdf"
archive-newsletters-2010-en-box459-summer10-en-redacted,Archive,Newsletters,En Box 459 Summer 10 2010,,2010,2010,English,PDF,502,,,,area09.org (legacy site),yes,,docs/archive/newsletters/2010/en-box459-summer10-en-redacted.pdf,https://drive.google.com/file/d/1O9m57EbXicXbbZE5kYBJ54od-WIP32Qq/view,"Anonymity-redacted copy: full names shortened to first name + last initial, personal e-mails and phone numbers removed. Original (held for review): docs/archive/newsletters/2010/en-box459-summer10-en.pdf Re-redacted 2026-10-06: names shortened to first name + initial; personal contact details, addresses and sobriety dates removed (scripts/scan-documents.py)."
archive-misc-2010-elks-lodge-map-08-2010-en,Archive,Misc,Elks Lodge Map 08 2010,,2010,2010,English,PDF,203,,,,area09.org (legacy site),yes,,docs/archive/misc/2010/elks-lodge-map-08-2010-en.pdf,https://drive.google.com/file/d/1uo5F_jGxpFpf1GKzYaLPSWGaNbpfXeEA/view,
archive-flyers-2010-sdistrict-20-la-vina-workshop2010-en,Archive,Flyers,District 20 la Vina Workshop 2010,Distrito 20 la Vina Taller 2010,2010,2010,Spanish,PDF,258,,d20,grapevine-la-vina,area09.org (legacy site),yes,,docs/archive/flyers/2010/sdistrict-20-la-vina-workshop2010-en.pdf,https://drive.google.com/file/d/1xl3x_BxZlF18AdTBtujXAc1Ej72m81pG/view,
archive-districts-d10-d10sponswkshp-en,Archive,District,District 10 Spons Wkshp,,,2010,English,PDF,21,,d10,,area09.org (legacy site),yes,,docs/archive/districts/d10/d10sponswkshp-en.pdf,https://drive.google.com/file/d/1NYj37A1FO20iv1Tc1PddFAja8ggMVHRu/view,
archive-calendars-2010-2010-calendar-en,Archive,Calendar,Area calendar 2010,Calendario del Área 2010,2010,2010,English,PDF,49,,,,area09.org (legacy site),yes,,docs/archive/calendars/2010/2010-calendar-en.pdf,https://drive.google.com/file/d/1QUcznpOHcEaEg9gtKegVctxi__s1XmMz/view,
archive-delegate-2010-aa-2010-final-conference-agenda-items-no-anon-break-span-en,Archive,Delegate,Aa 2010 Final Conference Agenda Items (No Anon Break) (Span),,2010,2010,Spanish,PDF,73,,,delegate,area09.org (legacy site),yes,,docs/archive/delegate/2010/aa-2010-final-conference-agenda-items-no-anon-break-span-en.pdf,https://drive.google.com/file/d/1VOdO-XecZ-TBm8US-w4FLPrnK499QAg6/view,
archive-misc-2010-aaphonemeeting2010-en-redacted,Archive,Misc,AA Phone Meeting 2010,,2010,2010,English,PDF,39,,,,area09.org (legacy site),yes,,docs/archive/misc/2010/aaphonemeeting2010-en-redacted.pdf,https://drive.google.com/file/d/1KdT35drd1W0eEVbuWN0SnJPyykeAh4F-/view,"Anonymity-redacted copy: full names shortened to first name + last initial, personal e-mails and phone numbers removed. Original (held for review): docs/archive/misc/2010/aaphonemeeting2010-en.pdf Re-redacted 2026-10-06: names shortened to first name + initial; personal contact details, addresses and sobriety dates removed (scripts/scan-documents.py)."
archive-misc-2010-aaonlinemeetings2010-en-redacted,Archive,Misc,AA Online Meetings 2010,,2010,2010,English,PDF,139,,,,area09.org (legacy site),yes,,docs/archive/misc/2010/aaonlinemeetings2010-en-redacted.pdf,https://drive.google.com/file/d/1nn5PErRihEgjz-G8TznVbv49cenob0MN/view,"Anonymity-redacted copy: full names shortened to first name + last initial, personal e-mails and phone numbers removed. Original (held for review): docs/archive/misc/2010/aaonlinemeetings2010-en.pdf"
archive-flyers-2010-aa-msca-flyer-pre-conference-workshop-2010-english-en,Archive,Flyers,AA MSCA Flyer Pre Conference Workshop 2010 ENGLISH,,2010,2010,English,PDF,91,,,,area09.org (legacy site),yes,,docs/archive/flyers/2010/aa-msca-flyer-pre-conference-workshop-2010-english-en.pdf,https://drive.google.com/file/d/1TuZwYMpIRCk3WmROc93_8u6en3AJEf_E/view,
archive-flyers-2010-aa-msca-flyer-pre-conference-workshop-2010spanish-es,Archive,Flyers,AA MSCA Flyer Pre Conference Workshop 2010,AA MSCA Volante Pre Conference Taller 2010,2010,2010,Spanish,PDF,102,,,,area09.org (legacy site),yes,,docs/archive/flyers/2010/aa-msca-flyer-pre-conference-workshop-2010spanish-es.pdf,https://drive.google.com/file/d/1ssR0vA1rG4ierMcmQWcQ6YkFMjGX0LJa/view,
archive-flyers-2011-aa-msca-agenda-item-sharing-session-invitation-2010-en-redacted,Archive,Flyers,AA MSCA Agenda Item Sharing Session Invitation 2010,,2010,2010,English,PDF,69,,,,area09.org (legacy site),yes,,docs/archive/flyers/2011/aa-msca-agenda-item-sharing-session-invitation-2010-en-redacted.pdf,https://drive.google.com/file/d/1d5DUsA20twI1VCDWo4YBQsHNehpP_0YJ/view,"Anonymity-redacted copy: full names shortened to first name + last initial, personal e-mails and phone numbers removed. Original (held for review): docs/archive/flyers/2011/aa-msca-agenda-item-sharing-session-invitation-2010-en.pdf"
archive-delegate-2010-aa-msca-2010-conference-report-spanish-no-last-names-es,Archive,Delegate,AA MSCA 2010 Conference Report (Spanish) NO LAST NAMES,AA MSCA 2010 Conference Informe (español) NO LAST NAMES,2010,2010,Spanish,PDF,311,,,delegate,area09.org (legacy site),yes,,docs/archive/delegate/2010/aa-msca-2010-conference-report-spanish-no-last-names-es.pdf,https://drive.google.com/file/d/1T_fywhFVHVHpTWqX4lmFvufRBLF8nL06/view,
archive-delegate-2010-aa-msca-2010-conference-report-no-last-names0-en,Archive,Delegate,AA MSCA 2010 Conference Report (NO LAST NAMES 0,,2010,2010,English,PDF,305,,,delegate,area09.org (legacy site),yes,,docs/archive/delegate/2010/aa-msca-2010-conference-report-no-last-names0-en.pdf,https://drive.google.com/file/d/1OTKbqRez2YR6hmVYiXBjcHywXRxJ10Ti/view,
archive-delegate-2010-aa-electronic-delivery-survey-gso-2010-en,Archive,Delegate,AA Electronic Delivery Survey G.S.O. 2010,,2010,2010,English,PDF,106,,,delegate,area09.org (legacy site),yes,,docs/archive/delegate/2010/aa-electronic-delivery-survey-gso-2010-en.pdf,https://drive.google.com/file/d/1CYNZjk5YMpgISm4hpXRzeIek9wq-1-eY/view,
archive-delegate-2010-aa-electronic-delivery-gso-spanish-2010-es,Archive,Delegate,AA Electronic Delivery G.S.O. (Spanish) 2010,AA Electronic Delivery OSG (español) 2010,2010,2010,Spanish,PDF,120,,,delegate,area09.org (legacy site),yes,,docs/archive/delegate/2010/aa-electronic-delivery-gso-spanish-2010-es.pdf,https://drive.google.com/file/d/1ODuNs5S3blgyTfv_JZA7LMdg0qrkl8Jd/view,
archive-flyers-2010-aa-2010-servathon-flyer11-2010-en,Archive,Flyers,AA 2010 Servathon Flyer 11 2010,,2010,2010,English,PDF,198,,,,area09.org (legacy site),yes,,docs/archive/flyers/2010/aa-2010-servathon-flyer11-2010-en.pdf,https://drive.google.com/file/d/1U_sUEs3v9iexh0D0CVvA0RJF5flweoHG/view,
archive-delegate-2010-aa-2010-preliminary-conference-agenda-items-spanish-es,Archive,Delegate,AA 2010 PRELIMINARY Conference Agenda Items SPANISH,,2010,2010,Spanish,PDF,78,,,delegate,area09.org (legacy site),yes,,docs/archive/delegate/2010/aa-2010-preliminary-conference-agenda-items-spanish-es.pdf,https://drive.google.com/file/d/1pasXCnrA9fL7A75huyv50IE4jnM2E-L5/view,
archive-delegate-2010-aa-2010-preliminary-conference-agenda-items-english-en,Archive,Delegate,AA 2010 PRELIMINARY Conference Agenda Items ENGLISH,,2010,2010,English,PDF,81,,,delegate,area09.org (legacy site),yes,,docs/archive/delegate/2010/aa-2010-preliminary-conference-agenda-items-english-en.pdf,https://drive.google.com/file/d/11G0hIVKIkH1p4XLWys3VFXMBp6ICz9ls/view,
archive-delegate-2010-aa-2010-general-service-topic-conscience-response-docs-en,Archive,Delegate,AA 2010 General Service Topic Conscience Response Docs,,2010,2010,English,PDF,69,,,delegate,area09.org (legacy site),yes,,docs/archive/delegate/2010/aa-2010-general-service-topic-conscience-response-docs-en.pdf,https://drive.google.com/file/d/17ooOxaSLYncxr27U-YxCh686SzB5C7T5/view,
archive-delegate-2010-aa-2010-general-service-topic-conscience-response-spanish-docs-es,Archive,Delegate,AA 2010 General Service Topic Conscience Response (Spanish) Docs,AA 2010 General Service Topic Conscience Response (español) Docs,2010,2010,Spanish,PDF,103,,,delegate,area09.org (legacy site),yes,,docs/archive/delegate/2010/aa-2010-general-service-topic-conscience-response-spanish-docs-es.pdf,https://drive.google.com/file/d/1Lzj7HJDXTv6C-K7OiTwolA489Fiol_ae/view,
archive-delegate-2010-aa-2010-final-conference-agenda-items-no-anon-breaks-english-en,Archive,Delegate,AA 2010 Final Conference Agenda Items (No Anon Breaks),,2010,2010,English,PDF,72,,,delegate,area09.org (legacy site),yes,,docs/archive/delegate/2010/aa-2010-final-conference-agenda-items-no-anon-breaks-english-en.pdf,https://drive.google.com/file/d/1_p6QxnkhHwWiEnoqu8BPeyFaQih0_YIL/view,
archive-flyers-2010-2010spanishflyer-es-redacted,Archive,Flyers,2010 Spanish Flyer,2010 (español) Volante,2010,2010,Spanish,PDF,139,,,,area09.org (legacy site),yes,,docs/archive/flyers/2010/2010spanishflyer-es-redacted.pdf,https://drive.google.com/file/d/1qxNRw6Ta2Xeika-SuFJLJtDiz_qiERC3/view,"Anonymity-redacted copy: full names shortened to first name + last initial, personal e-mails and phone numbers removed. Original (held for review): docs/archive/flyers/2010/2010spanishflyer-es.pdf"
archive-conference-2010-2010-proposed-meeting-schedule08-2009-en,Archive,Conference,2010 Proposed Meeting Schedule 08 2009,,2010,2010,English,PDF,7,,,,area09.org (legacy site),yes,,docs/archive/conference/2010/2010-proposed-meeting-schedule08-2009-en.pdf,https://drive.google.com/file/d/1judVzFup_nQ-MIujN3w2XySEDMYRtQX9/view,
archive-conference-2010-s2010-proposed-meeting-schedule-spanish-es,Archive,Conference,2010 Proposed Meeting Schedule,2010 propuesto Meeting Schedule,2010,2010,Spanish,PDF,11,,,,area09.org (legacy site),yes,,docs/archive/conference/2010/s2010-proposed-meeting-schedule-spanish-es.pdf,https://drive.google.com/file/d/10M4sfBaSBArDuTpTO-1taZN7FLRmYV-I/view,
archive-workbooks-2010-libro-de-trabajo-del-2010-spanishworkbook-es-redacted,Archive,Workbooks,2010 Area Workbook,Cuaderno de trabajo del Área 2010,2010,2010,Spanish,PDF,793,,,,area09.org (legacy site),yes,,docs/archive/workbooks/2010/libro-de-trabajo-del-2010-spanishworkbook-es-redacted.pdf,https://drive.google.com/file/d/1637Sq6WEq6CiyFTD0_6Eb2SPTbQrJi_4/view,"Anonymity-redacted copy: full names shortened to first name + last initial, personal e-mails and phone numbers removed. Original (held for review): docs/archive/workbooks/2010/libro-de-trabajo-del-2010-spanishworkbook-es.pdf Re-redacted 2026-10-06: names shortened to first name + initial; personal contact details, addresses and sobriety dates removed (scripts/scan-documents.py)."
archive-flyers-2010-11-2010-2nd-annual-district-archivist-workshop-en,Archive,Flyers,11.2010.2nd Annual District Archivist Workshop,,2010,2010,English,PDF,106,,,archives,area09.org (legacy site),yes,,docs/archive/flyers/2010/11-2010-2nd-annual-district-archivist-workshop-en.pdf,https://drive.google.com/file/d/1Kk5VMhrHS8cAJ6xZoggM5QwEWftT1Q5z/view,
archive-flyers-2010-s-11-2010-servathon-flyer2spanish-es,Archive,Flyers,11 2010 Servathon Flyer 2,11 2010 Servathon Volante 2,2010,2010,Spanish,PDF,198,,,,area09.org (legacy site),yes,,docs/archive/flyers/2010/s-11-2010-servathon-flyer2spanish-es.pdf,https://drive.google.com/file/d/1S7HM_00TFeEHFvJHZ6H_xD9WBa-gaknp/view,
