id,collection,category,title_en,title_es,date,year,language,format,size_kb,meeting_type,district,committee,source,publish,anonymity_flag,drive_path,url,notes
"# One row per document in the library (/documents/). The site shows a row only when publish = yes AND it has a link (url, or a drive_path that scripts/drive_ids.py turns into a link). Full guide: scripts/README-documents.md.",,,,,,,,,,,,,,,,,,
"# id = short unique name (never change it). collection = Current | Archive (documents from the previous panel's first year on are always Current). category = the shelf: Minutes, Agendas, Motions, Reports, Delegate, Finances, Guidelines, Conference, GSO, Workbooks, Service, Forms, Calendar, Contributions, Newsletters, District, Flyers, PRAASA, Archives, Misc. title_en / title_es = titles (Spanish one optional). date = 2026-10-11 or 2026-10 (year alone goes in year). language = English | Spanish | Bilingual. format = PDF | Word | Excel | PowerPoint.",,,,,,,,,,,,,,,,,,
"# meeting_type = ASC | ASA | Board (Area minutes and agendas — with the exact date they are matched to /service/area-meetings/). district = d01-03, d05 … committee = committee slug. publish = yes | review (held for an anonymity check — never shown) | no (never shown). anonymity_flag = why it is held. drive_path = path in the Area Drive starting with docs/. url = Drive link. ANONYMITY: run python scripts/scan-documents.py --file <your.pdf> before adding a file.",,,,,,,,,,,,,,,,,,
archive-minutes-2009-december-2009-asc-draft-en,Archive,Minutes,ASC Minutes – December 2009,Actas del CSA – diciembre de 2009,2009-12-13,2009,English,PDF,140,ASC,,,area09.org (legacy site),yes,,docs/archive/minutes/2009/december-2009-asc-draft-en.pdf,https://drive.google.com/file/d/1YKM8am5RzsOJkJwg2utUu0nxVaeO-4X6/view,
archive-conference-2009-asc-12-13-2009-spanish-es,Archive,Minutes,ASC Minutes – December 2009,Actas del CSA – diciembre de 2009,2009-12-13,2009,Spanish,PDF,135,ASC,,,area09.org (legacy site),yes,,docs/archive/conference/2009/asc-12-13-2009-spanish-es.pdf,https://drive.google.com/file/d/1XQzgWkFqTYCMSpujsqW-uDT-qSRZaMIS/view,
archive-districts-d15-gsr-minutes-dec-03-09-en,Archive,District,"District 15 GSR meeting minutes – December 3, 2009",Actas de la reunión de RSG del Distrito 15 – 3 de diciembre de 2009,2009-12-03,2009,English,PDF,14,,d15,,area09.org (legacy site),yes,,docs/archive/districts/d15/gsr-minutes-dec-03-09-en.pdf,https://drive.google.com/file/d/1FEyG6l6uHOAcYDj00NdDDbWadW9G374Q/view,
archive-newsletters-dec09newsspan3-en-redacted,Archive,Newsletters,Area Newsletter – December 2009,Boletín del Área – diciembre de 2009,2009-12,2009,Spanish,PDF,162,,,,area09.org (legacy site),yes,,docs/archive/newsletters/dec09newsspan3-en-redacted.pdf,https://drive.google.com/file/d/1mVfultiYQoGoy82XGaTCedU_0Jh7Wwkx/view,"Anonymity-redacted copy: full names shortened to first name + last initial, personal e-mails and phone numbers removed. Original (held for review): docs/archive/newsletters/dec09newsspan3-en.pdf Re-redacted 2026-10-06: names shortened to first name + initial; personal contact details, addresses and sobriety dates removed (scripts/scan-documents.py)."
archive-flyers-2009-d12traditions-workshop-11-15-2009-en,Archive,Flyers,"District 12 Traditions Workshop (November 15, 2009)",,2009-11-15,2009,English,PDF,62,,d12,,area09.org (legacy site),yes,,docs/archive/flyers/2009/d12traditions-workshop-11-15-2009-en.pdf,https://drive.google.com/file/d/1WFvR2Y4xPYXS8LxrAvQSJ_UmWI7EsXUR/view,
archive-flyers-2009-sprogramservathon11-09-en,Archive,Flyers,Program Servathon 11 09 2009,,2009-11-09,2009,Spanish,PDF,218,,,,area09.org (legacy site),yes,,docs/archive/flyers/2009/sprogramservathon11-09-en.pdf,https://drive.google.com/file/d/1I2F7nvaVu2EMWP8yqnTGARRNgylHIeNP/view,
archive-minutes-2009-aa-msca-november-asc-minutes-2009-en-redacted,Archive,Minutes,ASC Minutes – November 2009,Actas del CSA – noviembre de 2009,2009-11-08,2009,English,PDF,89,ASC,,,area09.org (legacy site),yes,,docs/archive/minutes/2009/aa-msca-november-asc-minutes-2009-en-redacted.pdf,https://drive.google.com/file/d/1tczGZwI4Yfv4x6IDzo6HU-0Qmz4e7HXU/view,"Anonymity-redacted copy: full names shortened to first name + last initial, personal e-mails and phone numbers removed. Original (held for review): docs/archive/minutes/2009/aa-msca-november-asc-minutes-2009-en.pdf"
archive-minutes-2009-snovember-asc-2009-i-en-redacted,Archive,Minutes,ASC Minutes – November 2009,Actas del CSA – noviembre de 2009,2009-11-08,2009,Spanish,PDF,76,ASC,,,area09.org (legacy site),yes,,docs/archive/minutes/2009/snovember-asc-2009-i-en-redacted.pdf,https://drive.google.com/file/d/1LCyHSmiRBk7RGPfjHgr2cS1k4tdfBaRh/view,"Anonymity-redacted copy: full names shortened to first name + last initial, personal e-mails and phone numbers removed. Original (held for review): docs/archive/minutes/2009/snovember-asc-2009-i-en.pdf Re-redacted 2026-10-06: names shortened to first name + initial; personal contact details, addresses and sobriety dates removed (scripts/scan-documents.py)."
archive-conference-aa-msca-asc-agenda-11-08-09-eng-en,Archive,Conference,"AA MSCA ASC Agenda November 8, 2009",,2009-11-08,2009,English,PDF,53,,,,area09.org (legacy site),yes,,docs/archive/conference/aa-msca-asc-agenda-11-08-09-eng-en.pdf,https://drive.google.com/file/d/1Gx4TZ-ERqpeHOfrFyrDoyvt-Xcv5xyrx/view,
archive-conference-saa-msca-asc-agenda-11-08-09-sp-es,Archive,Conference,"AA MSCA ASC Agenda November 8, 2009",AA MSCA Agenda del CSA 8 de noviembre de 2009,2009-11-08,2009,Spanish,PDF,55,,,,area09.org (legacy site),yes,,docs/archive/conference/saa-msca-asc-agenda-11-08-09-sp-es.pdf,https://drive.google.com/file/d/1Anh5T8SdFGFGacEBF7hsDqcrPmjUWBgz/view,
archive-districts-d15-gsr-minutes-nov-05-09-en,Archive,District,"District 15 GSR meeting minutes – November 5, 2009",Actas de la reunión de RSG del Distrito 15 – 5 de noviembre de 2009,2009-11-05,2009,English,PDF,55,,d15,,area09.org (legacy site),yes,,docs/archive/districts/d15/gsr-minutes-nov-05-09-en.pdf,https://drive.google.com/file/d/1XhzkUbVHTrkN0Zj6UeGxGNZXABk8r9Cu/view,
archive-districts-d7-2009-minutes-nov-2009-en,Archive,District,District 7 Minutes – November 2009,Actas del Distrito 7 – noviembre de 2009,2009-11,2009,English,PDF,25,,d07,,area09.org (legacy site),yes,,docs/archive/districts/d7/2009/minutes-nov-2009-en.pdf,https://drive.google.com/file/d/1X4hkvM2ue9XS5C94hR7kxtjsEhzdjopZ/view,
archive-newsletters-nov09news-en,Archive,Newsletters,Area Newsletter – November 2009,Boletín del Área – noviembre de 2009,2009-11,2009,English,PDF,346,,,,area09.org (legacy site),yes,,docs/archive/newsletters/nov09news-en.pdf,https://drive.google.com/file/d/1Dw7va6FUYroswC91cYwvVFP8_qQ3CU38/view,
archive-newsletters-snov09news-en-redacted,Archive,Newsletters,Area Newsletter – November 2009,Boletín del Área – noviembre de 2009,2009-11,2009,Spanish,PDF,161,,,,area09.org (legacy site),yes,,docs/archive/newsletters/snov09news-en-redacted.pdf,https://drive.google.com/file/d/1Num4uMkAtwUZH6khMjoUvY58llO8RkDb/view,"Anonymity-redacted copy: full names shortened to first name + last initial, personal e-mails and phone numbers removed. Original (held for review): docs/archive/newsletters/snov09news-en.pdf"
archive-conference-2009-aa-msca-election-assembly-102009e-en,Archive,Conference,"AA MSCA Election Assembly October 20, 2009 E",,2009-10-20,2009,English,PDF,68,,,,area09.org (legacy site),yes,,docs/archive/conference/2009/aa-msca-election-assembly-102009e-en.pdf,https://drive.google.com/file/d/1Vt_RH_dLTw5DkVGE2_XLcVIdAyEcGVdq/view,
archive-districts-d7-2009-minutes-oct12-2009-en,Archive,District,"District 7 Minutes – October 12, 2009",Actas del Distrito 7 – 12 de octubre de 2009,2009-10-12,2009,English,PDF,22,,d07,,area09.org (legacy site),yes,,docs/archive/districts/d7/2009/minutes-oct12-2009-en.pdf,https://drive.google.com/file/d/1zJZuw8ch7TlN0FQrwQsA88lCSrHwDzDD/view,
archive-minutes-2009-spanish-area-09-election-minutes-no-last-names-october-2009-es-redacted,Archive,Minutes,Spanish Area 09 Election Minutes No Last Names October 2009,(español) Area 09 Election Actas No Last Names octubre de 2009,2009-10-11,2009,Spanish,PDF,51,,,,area09.org (legacy site),yes,,docs/archive/minutes/2009/spanish-area-09-election-minutes-no-last-names-october-2009-es-redacted.pdf,https://drive.google.com/file/d/1X3ftCuycKcXKPd3rBjRqcp86w2HxQ7dZ/view,"Anonymity-redacted copy: full names shortened to first name + last initial, personal e-mails and phone numbers removed. Original (held for review): docs/archive/minutes/2009/spanish-area-09-election-minutes-no-last-names-october-2009-es.pdf"
archive-conference-msca-area-assembly-agenda-09-13-09-1-en,Archive,Conference,"MSCA Area Assembly Agenda September 13, 2009 1",,2009-09-13,2009,English,PDF,9,,,,area09.org (legacy site),yes,,docs/archive/conference/msca-area-assembly-agenda-09-13-09-1-en.pdf,https://drive.google.com/file/d/1MCh2spgjzJdZ3h6Me6bEBAhhBpIbFSgX/view,
archive-conference-cpc-committee-mtg-9-13-09-agenda-eng-en,Archive,Conference,"C.P.C. Committee Meeting September 13, 2009 Agenda",,2009-09-13,2009,English,PDF,14,,,,area09.org (legacy site),yes,,docs/archive/conference/cpc-committee-mtg-9-13-09-agenda-eng-en.pdf,https://drive.google.com/file/d/1U0xJbLHpU-rIQKt12L2v56FxXpXhV_wQ/view,
archive-guidelines-proposal-for-procedure-msca-09-02-09-en,Archive,Guidelines,"Proposal for Procedure MSCA September 2, 2009",,2009-09-02,2009,English,PDF,15,,,,area09.org (legacy site),yes,,docs/archive/guidelines/proposal-for-procedure-msca-09-02-09-en.pdf,https://drive.google.com/file/d/1gQcV66-CxQew_HqHs5ujNb2XFvNs7Nah/view,
archive-districts-d7-2009-1-minutes-sept-2009-en,Archive,District,District 7 Minutes – September 2009,Actas del Distrito 7 – septiembre de 2009,2009-09,2009,English,PDF,24,,d07,,area09.org (legacy site),yes,,docs/archive/districts/d7/2009/1-minutes-sept-2009-en.pdf,https://drive.google.com/file/d/1yJsWffI4b4tUV7tFmw5XSa6mXZ-Bz27m/view,
archive-flyers-2009-picpcworkshop082609-en-redacted,Archive,Flyers,"PICPC Workshop August 26, 2009",,2009-08-26,2009,English,PDF,101,,,,area09.org (legacy site),yes,,docs/archive/flyers/2009/picpcworkshop082609-en-redacted.pdf,https://drive.google.com/file/d/14ctOL8EyRlJCuAe2R36bmraw3QEXbgdU/view,"Anonymity-redacted copy: full names shortened to first name + last initial, personal e-mails and phone numbers removed. Original (held for review): docs/archive/flyers/2009/picpcworkshop082609-en.pdf"
archive-flyers-2009-november082009ascflyermap-en,Archive,Flyers,"November August 20, 2009 ASC Flyer Map",,2009-08-20,2009,English,PDF,61,,,,area09.org (legacy site),yes,,docs/archive/flyers/2009/november082009ascflyermap-en.pdf,https://drive.google.com/file/d/1JuXrf1vHx5niN9xkuVT4EURq70n3RHmM/view,
archive-districts-d7-2009-minutes-aug-10-2009-en,Archive,District,"District 7 Minutes – August 10, 2009",Actas del Distrito 7 – 10 de agosto de 2009,2009-08-10,2009,English,PDF,18,,d07,,area09.org (legacy site),yes,,docs/archive/districts/d7/2009/minutes-aug-10-2009-en.pdf,https://drive.google.com/file/d/1sqvCbKnkKu2OoW-d6yPKNnujd0IO90ta/view,
archive-minutes-2009-area-09-august-asc-2009-en-redacted,Archive,Minutes,ASC Minutes – August 2009,Actas del CSA – agosto de 2009,2009-08-09,2009,English,PDF,78,ASC,,,area09.org (legacy site),yes,,docs/archive/minutes/2009/area-09-august-asc-2009-en-redacted.pdf,https://drive.google.com/file/d/1Giy_9qP-sLGD-Qxf2NFPtHAtJKT2wKM5/view,"Anonymity-redacted copy: full names shortened to first name + last initial, personal e-mails and phone numbers removed. Original (held for review): docs/archive/minutes/2009/area-09-august-asc-2009-en.pdf"
archive-flyers-2009-archives-presentation-july-09-en,Archive,Flyers,Archives Presentation July 09 2009,,2009-07-09,2009,English,PDF,119,,,archives,area09.org (legacy site),yes,,docs/archive/flyers/2009/archives-presentation-july-09-en.pdf,https://drive.google.com/file/d/1m-PZ6Zes5fUstwNO9Gq0ZiOW0OhTT34z/view,
archive-reports-2009-july-2009-board-report2009spanish-es-redacted,Archive,Reports,July 2009 Board Report 2009,Julio de 2009 Board Informe 2009,2009-07,2009,Spanish,PDF,85,,,,area09.org (legacy site),yes,,docs/archive/reports/2009/july-2009-board-report2009spanish-es-redacted.pdf,https://drive.google.com/file/d/1QxmYs0F3bFkd0MV1-qfMKvtqnWlrWJVC/view,"Anonymity-redacted copy: full names shortened to first name + last initial, personal e-mails and phone numbers removed. Original (held for review): docs/archive/reports/2009/july-2009-board-report2009spanish-es.pdf"
archive-districts-d7-2009-minutes-july-2009-en,Archive,District,District 7 Minutes – July 2009,Actas del Distrito 7 – julio de 2009,2009-07,2009,English,PDF,16,,d07,,area09.org (legacy site),yes,,docs/archive/districts/d7/2009/minutes-july-2009-en.pdf,https://drive.google.com/file/d/1n9cLF-wEF0jLTh8_VxOL37ddND9mk5Ao/view,
archive-minutes-2009-area-09-june-asc-2009final-en-redacted,Archive,Minutes,ASC Minutes – June 2009,Actas del CSA – junio de 2009,2009-06-14,2009,English,PDF,67,ASC,,,area09.org (legacy site),yes,,docs/archive/minutes/2009/area-09-june-asc-2009final-en-redacted.pdf,https://drive.google.com/file/d/17tzDqIHcBzHIOn6NXkc5ywr7tY5MTIbS/view,"Anonymity-redacted copy: full names shortened to first name + last initial, personal e-mails and phone numbers removed. Original (held for review): docs/archive/minutes/2009/area-09-june-asc-2009final-en.pdf Re-redacted 2026-10-06 after the pre-launch scan (sobriety dates / birthday-list years removed; checked again with both scanners and OCR)."
archive-districts-d7-2009-minutes-june-8-2009-en,Archive,District,"District 7 Minutes – June 8, 2009",Actas del Distrito 7 – 8 de junio de 2009,2009-06-08,2009,English,PDF,19,,d07,,area09.org (legacy site),yes,,docs/archive/districts/d7/2009/minutes-june-8-2009-en.pdf,https://drive.google.com/file/d/1pv2FpKO9vQjiQkJLeCSWT5J1HANm4g9i/view,
archive-flyers-2009-forojune09pamplet-en,Archive,Flyers,Foro June 09 Pamplet 2009,,2009-06,2009,English,PDF,313,,,,area09.org (legacy site),yes,,docs/archive/flyers/2009/forojune09pamplet-en.pdf,https://drive.google.com/file/d/1Ww9626HATdzCXlFz0hD4_7P8X8VWEi_f/view,
archive-flyers-2009-archivesopenhouse053109-en,Archive,Flyers,"Archives Open House May 31, 2009",,2009-05-31,2009,English,PDF,230,,,archives,area09.org (legacy site),yes,,docs/archive/flyers/2009/archivesopenhouse053109-en.pdf,https://drive.google.com/file/d/1Uai3jkYDqGiDOeJu-IzVOcAvf07JWJot/view,
archive-minutes-2009-area09mayassembly09final-090509-en,Archive,Minutes,Assembly (ASA) Minutes – May 2009,Actas de la Asamblea (ASA) – mayo de 2009,2009-05-17,2009,English,PDF,25,ASA,,,area09.org (legacy site),yes,,docs/archive/minutes/2009/area09mayassembly09final-090509-en.pdf,https://drive.google.com/file/d/1XtZCuvQWa7hx23Xmzs2h-6o6lyeCAihX/view,
archive-districts-d7-2009-minutes-may-11-2009-en,Archive,District,"District 7 Minutes – May 11, 2009",Actas del Distrito 7 – 11 de mayo de 2009,2009-05-11,2009,English,PDF,19,,d07,,area09.org (legacy site),yes,,docs/archive/districts/d7/2009/minutes-may-11-2009-en.pdf,https://drive.google.com/file/d/19s_s1Bt4o5V0kr_sihVnDDNWrEMZdMRr/view,
archive-flyers-2009-handiconference042409-en-redacted,Archive,Flyers,"H&I Conference April 24, 2009",,2009-04-24,2009,English,PDF,228,,,hospitals-institutions,area09.org (legacy site),yes,,docs/archive/flyers/2009/handiconference042409-en-redacted.pdf,https://drive.google.com/file/d/1MINdOiiFAUh6ZuP0J72miGE14PmDuMpB/view,"Anonymity-redacted copy: full names shortened to first name + last initial, personal e-mails and phone numbers removed. Original (held for review): docs/archive/flyers/2009/handiconference042409-en.pdf"
archive-flyers-2009-shandiconference042409-en-redacted,Archive,Flyers,"H&I Conference April 24, 2009",H&I Conference 24 de abril de 2009,2009-04-24,2009,Spanish,PDF,242,,,hospitals-institutions,area09.org (legacy site),yes,,docs/archive/flyers/2009/shandiconference042409-en-redacted.pdf,https://drive.google.com/file/d/1rGGMzi5t5oHTbdIdayNDLo2gKVloowiy/view,"Anonymity-redacted copy: full names shortened to first name + last initial, personal e-mails and phone numbers removed. Original (held for review): docs/archive/flyers/2009/shandiconference042409-en.pdf"
archive-conference-2009-agenda-apr-9-2009-en,Archive,Conference,Agenda Apr 9 2009,,2009-04-09,2009,English,PDF,14,,,,area09.org (legacy site),yes,,docs/archive/conference/2009/agenda-apr-9-2009-en.pdf,https://drive.google.com/file/d/1wlbBIQ6FLwrtrxhaKTA0u0ZxyKao6inV/view,
archive-flyers-2009-h-ifundraiserpalmdale032109-en,Archive,Flyers,"H&I Fundraiser Palmdale March 21, 2009",,2009-03-21,2009,English,PDF,58,,,hospitals-institutions,area09.org (legacy site),yes,,docs/archive/flyers/2009/h-ifundraiserpalmdale032109-en.pdf,https://drive.google.com/file/d/1C30dt-ZJomj-Y_WTK0hbs7bQNTQK0PyT/view,
archive-minutes-2009-minutes-mar-9-2009-en,Archive,Minutes,Minutes Mar 9 2009,,2009-03-09,2009,English,PDF,23,,,,area09.org (legacy site),yes,,docs/archive/minutes/2009/minutes-mar-9-2009-en.pdf,https://drive.google.com/file/d/1dkpV30ouIpqAULOsgYjUISEVKpbvcSFb/view,
archive-newsletters-2009-spanjannews09v3-01-2009-en-redacted,Archive,Newsletters,Area Newsletter – March 2009,Boletín del Área – marzo de 2009,2009-03-01,2009,Spanish,PDF,195,,,,area09.org (legacy site),yes,,docs/archive/newsletters/2009/spanjannews09v3-01-2009-en-redacted.pdf,https://drive.google.com/file/d/11izUXhVVuWEpV7chSmZckao5X96TR-lm/view,"Anonymity-redacted copy: full names shortened to first name + last initial, personal e-mails and phone numbers removed. Original (held for review): docs/archive/newsletters/2009/spanjannews09v3-01-2009-en.pdf"
archive-flyers-2009-sharingsession2009flyerenglish02-21-09-en-redacted,Archive,Flyers,"Sharing Session 2009 Flyer English February 21, 2009",,2009-02-21,2009,English,PDF,122,,,,area09.org (legacy site),yes,,docs/archive/flyers/2009/sharingsession2009flyerenglish02-21-09-en-redacted.pdf,https://drive.google.com/file/d/10_reH6hZZ4gnOadVizhY3pnHhAnsQAAP/view,"Anonymity-redacted copy: full names shortened to first name + last initial, personal e-mails and phone numbers removed. Original (held for review): docs/archive/flyers/2009/sharingsession2009flyerenglish02-21-09-en.pdf"
archive-minutes-2009-minutes-feb-9-2009-en,Archive,Minutes,Minutes Feb 9 2009,,2009-02-09,2009,English,PDF,20,,,,area09.org (legacy site),yes,,docs/archive/minutes/2009/minutes-feb-9-2009-en.pdf,https://drive.google.com/file/d/1E1cavEXnK6PC8-VEwuDvtYKutmJkCl6f/view,
archive-districts-d6-district-6-minutes-2-3-09-en,Archive,District,"District 6 Minutes – February 3, 2009",Actas del Distrito 6 – 3 de febrero de 2009,2009-02-03,2009,English,PDF,18,,d06,,area09.org (legacy site),yes,,docs/archive/districts/d6/district-6-minutes-2-3-09-en.pdf,https://drive.google.com/file/d/1NJ388oRJSKilnvg3CnLv4ADFrlNs7qGH/view,
archive-districts-d7-2009-minutes-jan-12-2009-en,Archive,District,"District 7 Minutes – January 12, 2009",Actas del Distrito 7 – 12 de enero de 2009,2009-01-12,2009,English,PDF,16,,d07,,area09.org (legacy site),yes,,docs/archive/districts/d7/2009/minutes-jan-12-2009-en.pdf,https://drive.google.com/file/d/1CkgenKIMvfr3jEK1P4uyc6-M7C_7U_h8/view,
archive-praasa-praasa09-flyer-24jan09-en-redacted,Archive,PRAASA,PRAASA 09 FLYER 24 Jan 2009,,2009-01,2009,English,PDF,32,,,,area09.org (legacy site),yes,,docs/archive/praasa/praasa09-flyer-24jan09-en-redacted.pdf,https://drive.google.com/file/d/1ZdTVxjQWRtLlRAzkLt8C3AWY9Fa_emq2/view,"Anonymity-redacted copy: full names shortened to first name + last initial, personal e-mails and phone numbers removed. Original (held for review): docs/archive/praasa/praasa09-flyer-24jan09-en.pdf"
archive-districts-d5-2009-dist-5-guidelines-revision-c-jan-2009-en,Archive,District,District 5 Guidelines (2009),Guías del Distrito 5 (2009),2009-01,2009,English,PDF,96,,d05,,area09.org (legacy site),yes,,docs/archive/districts/d5/2009/dist-5-guidelines-revision-c-jan-2009-en.pdf,https://drive.google.com/file/d/1h63q9anm0R8rzMom4-CCh92GG0pgF4lS/view,
archive-archives-2009-the-chronicles-of-msca-history09262009-en,Archive,Archives,The Chronicles of MSCA History 09262009,,2009,2009,English,PDF,25,,,archives,area09.org (legacy site),yes,,docs/archive/archives/2009/the-chronicles-of-msca-history09262009-en.pdf,https://drive.google.com/file/d/1hFQpKwsKiSQHg1Rljk23K0MoJo0lPBVg/view,
archive-minutes-2009-spanisharea09minutes0209-es,Archive,Minutes,Spanish Area 09 Minutes 0209 2009,(español) Area 09 Actas 0209 2009,2009,2009,Spanish,PDF,45,,,,area09.org (legacy site),yes,,docs/archive/minutes/2009/spanisharea09minutes0209-es.pdf,https://drive.google.com/file/d/1Xo660XhIRMwtByBVa4ZbEVsUhLdRs6Bu/view,
archive-newsletters-ssepnews09draft2-spanish-es-redacted,Archive,Newsletters,Sep News 09 Draft 2,Septiembre News 09 borrador 2,,2009,Spanish,PDF,197,,,,area09.org (legacy site),yes,,docs/archive/newsletters/ssepnews09draft2-spanish-es-redacted.pdf,https://drive.google.com/file/d/1LzgBojOzecrjzG2fTO9uQa0RF9uD1OXM/view,"Anonymity-redacted copy: full names shortened to first name + last initial, personal e-mails and phone numbers removed. Original (held for review): docs/archive/newsletters/ssepnews09draft2-spanish-es.pdf"
archive-minutes-2008-spanmscameetingschedule2009-en,Archive,Minutes,SPANMSCAMEETINGSCHEDULE 2009 2008,,2009,2009,English,PDF,8,,,,area09.org (legacy site),yes,,docs/archive/minutes/2008/spanmscameetingschedule2009-en.pdf,https://drive.google.com/file/d/180LrCnjnaFaf01TJLCh2bBMSXdj1Z2yn/view,
archive-praasa-spraasa09flyers-en-redacted,Archive,PRAASA,PRAASA 09 FLYERS,,,2009,Spanish,PDF,49,,,,area09.org (legacy site),yes,,docs/archive/praasa/spraasa09flyers-en-redacted.pdf,https://drive.google.com/file/d/1qgoHw6EY__SSMs-FQ1MEet9_itcPftqT/view,"Anonymity-redacted copy: full names shortened to first name + last initial, personal e-mails and phone numbers removed. Original (held for review): docs/archive/praasa/spraasa09flyers-en.pdf"
archive-flyers-2009-spicpcspworkshop09262009-en-redacted,Archive,Flyers,PICPCSP Workshop 09262009,,2009,2009,English,PDF,102,,,,area09.org (legacy site),yes,,docs/archive/flyers/2009/spicpcspworkshop09262009-en-redacted.pdf,https://drive.google.com/file/d/1jsAzUB8QZjFvCOoR7_cAlI2VuWFmnCS7/view,"Anonymity-redacted copy: full names shortened to first name + last initial, personal e-mails and phone numbers removed. Original (held for review): docs/archive/flyers/2009/spicpcspworkshop09262009-en.pdf"
archive-newsletters-maynews09r2-compatibility-mode-en-redacted,Archive,Newsletters,May News 09 R 2 [Compatibility Mode] 2009,,2009,2009,English,PDF,90,,,,area09.org (legacy site),yes,,docs/archive/newsletters/maynews09r2-compatibility-mode-en-redacted.pdf,https://drive.google.com/file/d/1JrucjOEv-R7GT9VW-mFkmFiRgU8VFlU-/view,"Anonymity-redacted copy: full names shortened to first name + last initial, personal e-mails and phone numbers removed. Original (held for review): docs/archive/newsletters/maynews09r2-compatibility-mode-en.pdf"
archive-newsletters-marnews09v2-en-redacted,Archive,Newsletters,Mar News 09 v 2 2009,,2009,2009,English,PDF,78,,,,area09.org (legacy site),yes,,docs/archive/newsletters/marnews09v2-en-redacted.pdf,https://drive.google.com/file/d/1wVsf2JUR05fR_2wLNeifjZyFtDp3-rRq/view,"Anonymity-redacted copy: full names shortened to first name + last initial, personal e-mails and phone numbers removed. Original (held for review): docs/archive/newsletters/marnews09v2-en.pdf Re-redacted 2026-10-06: names shortened to first name + initial; personal contact details, addresses and sobriety dates removed (scripts/scan-documents.py)."
archive-guidelines-area09-sound-guidelines-en,Archive,Guidelines,MSCA Area Sound Guidelines,,,2009,English,PDF,27,,,,area09.org (legacy site),yes,,docs/archive/guidelines/area09-sound-guidelines-en.pdf,https://drive.google.com/file/d/1exOOBFs8DysNxl4GtSGGhCoqvB92-rxm/view,
archive-minutes-2009-smsca-asc-08-09-minutes-en-redacted,Archive,Minutes,MSCA ASC 08.09 Minutes 2009,MSCA CSA 08.09 Actas 2009,2009,2009,Spanish,PDF,81,ASC,,,area09.org (legacy site),yes,,docs/archive/minutes/2009/smsca-asc-08-09-minutes-en-redacted.pdf,https://drive.google.com/file/d/12yU9jHxjV9QnOWY5U53aO4Fw4vSOxz66/view,"Anonymity-redacted copy: full names shortened to first name + last initial, personal e-mails and phone numbers removed. Original (held for review): docs/archive/minutes/2009/smsca-asc-08-09-minutes-en.pdf Re-redacted 2026-10-06: names shortened to first name + initial; personal contact details, addresses and sobriety dates removed (scripts/scan-documents.py)."
archive-minutes-2008-msca-2009-meeting-schedule-en,Archive,Minutes,MSCA 2009 MEETING SCHEDULE 2008,,2009,2009,English,PDF,7,,,,area09.org (legacy site),yes,,docs/archive/minutes/2008/msca-2009-meeting-schedule-en.pdf,https://drive.google.com/file/d/1li2JorvQ0mZ0SZ8-VqXrarNbRSewyySH/view,
archive-newsletters-junnews09v5-en-redacted,Archive,Newsletters,Jun News 09 v 5 2009,,2009,2009,English,PDF,173,,,,area09.org (legacy site),yes,,docs/archive/newsletters/junnews09v5-en-redacted.pdf,https://drive.google.com/file/d/1bb9V6EJAu8TDzP-GH2or58XpOVrfXfXY/view,"Anonymity-redacted copy: full names shortened to first name + last initial, personal e-mails and phone numbers removed. Original (held for review): docs/archive/newsletters/junnews09v5-en.pdf"
archive-newsletters-jannews09v3-en-redacted,Archive,Newsletters,Jan News 09 v 3 2009,,2009,2009,English,PDF,150,,,,area09.org (legacy site),yes,,docs/archive/newsletters/jannews09v3-en-redacted.pdf,https://drive.google.com/file/d/1AEqEuy7Krq0zo4pEXlAQfppmXz09mvwV/view,"Anonymity-redacted copy: full names shortened to first name + last initial, personal e-mails and phone numbers removed. Original (held for review): docs/archive/newsletters/jannews09v3-en.pdf"
archive-finances-2009-4th-qtr-09-group-contributions-en,Archive,Finances,Group contributions – 4th quarter 2009,Contribuciones de los grupos – 4.º trimestre de 2009,2009,2009,Bilingual,PDF,121,,,,area09.org (legacy site),yes,,docs/archive/finances/2009/4th-qtr-09-group-contributions-en.pdf,https://drive.google.com/file/d/1zUARn_pJx9rwDIv96RJb4xU-1sQSyD_N/view,
archive-finances-2009-3rd-qtr-contributions-2009-en,Archive,Finances,Group contributions – 3rd quarter 2009,Contribuciones de los grupos – 3.er trimestre de 2009,2009,2009,Bilingual,PDF,101,,,,area09.org (legacy site),yes,,docs/archive/finances/2009/3rd-qtr-contributions-2009-en.pdf,https://drive.google.com/file/d/1Eeq0QudHnJIfZTG_s-YxlIUuuSZHUWbJ/view,
archive-finances-2009-2nd-quarter09-en,Archive,Finances,Group contributions – 2nd quarter 2009,Contribuciones de los grupos – 2.º trimestre de 2009,2009,2009,Bilingual,PDF,100,,,,area09.org (legacy site),yes,,docs/archive/finances/2009/2nd-quarter09-en.pdf,https://drive.google.com/file/d/1_z6z_bb3JD7oFj3rj_I1dkKNgPRIqFuC/view,
archive-finances-2009-1st-quarter-group-contributions-2009-en,Archive,Finances,Group contributions – 1st quarter 2009,Contribuciones de los grupos – 1.er trimestre de 2009,2009,2009,Bilingual,PDF,229,,,,area09.org (legacy site),yes,,docs/archive/finances/2009/1st-quarter-group-contributions-2009-en.pdf,https://drive.google.com/file/d/1IBehh22Xh4p_b6WscXmJ0W6yE57jH80a/view,
archive-flyers-2009-flyrer10112009-en,Archive,Flyers,Flyrer 10112009,,2009,2009,English,PDF,505,,,,area09.org (legacy site),yes,,docs/archive/flyers/2009/flyrer10112009-en.pdf,https://drive.google.com/file/d/1NVLEDRugTnvaZR9Y-WKMbzXEze7N0oy1/view,
archive-newsletters-febnews09-en-redacted,Archive,Newsletters,Feb News 09 2009,,2009,2009,English,PDF,110,,,,area09.org (legacy site),yes,,docs/archive/newsletters/febnews09-en-redacted.pdf,https://drive.google.com/file/d/1zed6iphGqyNG6tCfSY9cvd2_kg1EmMBY/view,"Anonymity-redacted copy: full names shortened to first name + last initial, personal e-mails and phone numbers removed. Original (held for review): docs/archive/newsletters/febnews09-en.pdf Re-redacted 2026-10-06: names shortened to first name + initial; personal contact details, addresses and sobriety dates removed (scripts/scan-documents.py)."
archive-districts-d9-dist09guidelines-en,Archive,District,District 9 Guidelines,Guías del Distrito 9,,2009,English,PDF,929,,d09,,area09.org (legacy site),yes,,docs/archive/districts/d9/dist09guidelines-en.pdf,https://drive.google.com/file/d/1vX88Ul9iJktHHDcarBChvElfeV79TzC_/view,
archive-districts-d6-2009-district-6-2009-minutes-in-chronological-order-en-redacted,Archive,District,DISTRICT 6 2009 Minutes in Chronological Order,,2009,2009,English,PDF,449,,d06,,area09.org (legacy site),yes,,docs/archive/districts/d6/2009/district-6-2009-minutes-in-chronological-order-en-redacted.pdf,https://drive.google.com/file/d/16UD9VoKGNNRD2WlJQbv2Z_zgcFhaAKRn/view,"Anonymity-redacted copy: full names shortened to first name + last initial, personal e-mails and phone numbers removed. Original (held for review): docs/archive/districts/d6/2009/district-6-2009-minutes-in-chronological-order-en.pdf Re-redacted 2026-10-06: names shortened to first name + initial; personal contact details, addresses and sobriety dates removed (scripts/scan-documents.py). Re-redacted 2026-10-06 after the pre-launch scan (full names, sobriety dates / birthday-list years removed; checked again with both scanners and OCR)."
archive-calendars-calendar-09-en,Archive,Calendar,Calendar 09,,,2009,English,PDF,63,,,,area09.org (legacy site),yes,,docs/archive/calendars/calendar-09-en.pdf,https://drive.google.com/file/d/1icaEYaJOJinnWezF7XOvvKgnrB7EaFRg/view,
archive-newsletters-augnews09-en-redacted,Archive,Newsletters,Aug News 09 2009,,2009,2009,English,PDF,141,,,,area09.org (legacy site),yes,,docs/archive/newsletters/augnews09-en-redacted.pdf,https://drive.google.com/file/d/1rBfhn3SDS1BzC3sDTPNGfIBEHGOd8fNF/view,"Anonymity-redacted copy: full names shortened to first name + last initial, personal e-mails and phone numbers removed. Original (held for review): docs/archive/newsletters/augnews09-en.pdf"
archive-newsletters-2009-saugnews09spanish-2009-es-redacted,Archive,Newsletters,Aug News 09 2009,Agosto News 09 2009,2009,2009,Spanish,PDF,98,,,,area09.org (legacy site),yes,,docs/archive/newsletters/2009/saugnews09spanish-2009-es-redacted.pdf,https://drive.google.com/file/d/14LtKholWzjZCZJqnQtdKNDcHmQjS9xzB/view,"Anonymity-redacted copy: full names shortened to first name + last initial, personal e-mails and phone numbers removed. Original (held for review): docs/archive/newsletters/2009/saugnews09spanish-2009-es.pdf"
archive-guidelines-2009-msca-bylaws-final-12-2009-en,Archive,Guidelines,Area Bylaws (2009),Estatutos del Área (2009),2009,2009,English,PDF,280,,,,area09.org (legacy site),yes,,docs/archive/guidelines/2009/msca-bylaws-final-12-2009-en.pdf,https://drive.google.com/file/d/1_IIn5_Z3teqF2BlSUUygE_xIVBsVxVXg/view,
archive-flyers-2009-area50flyspa3102009-en,Archive,Flyers,Area 50 Fly Spa 3102009,,2009,2009,Spanish,PDF,251,,,,area09.org (legacy site),yes,,docs/archive/flyers/2009/area50flyspa3102009-en.pdf,https://drive.google.com/file/d/1L1tIoyvhgyTJoAQOwKCXfJ9rhRgF6eBH/view,
archive-flyers-2009-area50flyeng3102009-en,Archive,Flyers,Area 50 Fly Eng 3102009,,2009,2009,English,PDF,219,,,,area09.org (legacy site),yes,,docs/archive/flyers/2009/area50flyeng3102009-en.pdf,https://drive.google.com/file/d/1CCA8eMFwk3GhsG9z3krZysy4PrD22yhn/view,
archive-guidelines-archguide-en,Archive,Guidelines,Archives Committee Guidelines (2009),Guías del Comité de Archivos Históricos (2009),2009,2009,English,PDF,40,,,archives,area09.org (legacy site),yes,,docs/archive/guidelines/archguide-en.pdf,https://drive.google.com/file/d/1j2jL6_PO8qf5ZhIPeiOC3Wa-zQWyAUc6/view,
archive-misc-2009-abcrecoverycenter-indio-servathon11142009-en,Archive,Misc,"ABC Recovery Center Indio,Servathon 11142009",,2009,2009,English,PDF,897,,,,area09.org (legacy site),yes,,docs/archive/misc/2009/abcrecoverycenter-indio-servathon11142009-en.pdf,https://drive.google.com/file/d/1qTt0qvBpmoQoHh82BEdIjCWD4L7pIANC/view,
archive-flyers-2009-aamscapreconferencflyer2009-en,Archive,Flyers,AAMSCA Preconferenc Flyer 2009,,2009,2009,English,PDF,531,,,,area09.org (legacy site),yes,,docs/archive/flyers/2009/aamscapreconferencflyer2009-en.pdf,https://drive.google.com/file/d/1Chg6e3DK8A_v1yHzI06VZYihEwnnvV3U/view,
archive-newsletters-aa-msca-12-09-newsletter-final-en-redacted,Archive,Newsletters,AA MSCA 12.09 Newsletter Final 2009,,2009,2009,English,PDF,181,,,,area09.org (legacy site),yes,,docs/archive/newsletters/aa-msca-12-09-newsletter-final-en-redacted.pdf,https://drive.google.com/file/d/1-86HunKuNFCjO-e43VmmQAZt8Mi4bPyR/view,"Anonymity-redacted copy: full names shortened to first name + last initial, personal e-mails and phone numbers removed. Original (held for review): docs/archive/newsletters/aa-msca-12-09-newsletter-final-en.pdf"
archive-conference-2009-aa-gs-conference-preliminary-agenda-items-04-2009-en,Archive,Conference,AA GS Conference Preliminary Agenda Items 04 2009,,2009,2009,English,PDF,389,,,,area09.org (legacy site),yes,,docs/archive/conference/2009/aa-gs-conference-preliminary-agenda-items-04-2009-en.pdf,https://drive.google.com/file/d/127d0K4KyOCHoZRwhaL0D_cSAH_-JqL1e/view,
archive-conference-2009-aa-gs-conference-preliminary-agenda-items-03-2009-en,Archive,Conference,AA GS Conference Preliminary Agenda Items 03 2009,,2009,2009,English,PDF,643,,,,area09.org (legacy site),yes,,docs/archive/conference/2009/aa-gs-conference-preliminary-agenda-items-03-2009-en.pdf,https://drive.google.com/file/d/1Jbikdd4zuvznaE7lXQP_XdCalJrwEpa1/view,
archive-conference-2009-aa-gs-conference-preliminary-agenda-items-02-2009-en,Archive,Conference,AA GS Conference Preliminary Agenda Items 02 2009,,2009,2009,English,PDF,585,,,,area09.org (legacy site),yes,,docs/archive/conference/2009/aa-gs-conference-preliminary-agenda-items-02-2009-en.pdf,https://drive.google.com/file/d/1pqxgyrohSLAK08_BHBfeBwaijrUV4c7O/view,
archive-conference-2009-aa-gs-conference-preliminary-agenda-items-01-2009-en,Archive,Conference,AA GS Conference Preliminary Agenda Items 01 2009,,2009,2009,English,PDF,698,,,,area09.org (legacy site),yes,,docs/archive/conference/2009/aa-gs-conference-preliminary-agenda-items-01-2009-en.pdf,https://drive.google.com/file/d/1PhEJnpWzmM92C6un6eNH--zdh70YXjy-/view,
archive-workbooks-2009-english-print-two-whats-it-all-about-2009-en,Archive,Workbooks,2009 Area Workbook (print two),Cuaderno de trabajo del Área 2009 (print two),2009,2009,English,PDF,93,,,,area09.org (legacy site),yes,,docs/archive/workbooks/2009/english-print-two-whats-it-all-about-2009-en.pdf,https://drive.google.com/file/d/1jzACRGjKovTgLXi1txdiZmrwSb5Z-IE3/view,
archive-workbooks-2009-english-print-one-whats-it-all-about-2009-en,Archive,Workbooks,2009 Area Workbook,Cuaderno de trabajo del Área 2009,2009,2009,English,PDF,104,,,,area09.org (legacy site),yes,,docs/archive/workbooks/2009/english-print-one-whats-it-all-about-2009-en.pdf,https://drive.google.com/file/d/1cH26sh4sFpRisrluUJ2AzATnSt4m6S9C/view,
archive-conference-09-final-conference-agenda-items-english-2-en,Archive,Conference,09 Final Conference Agenda Items English 2,,,2009,English,PDF,19,,,,area09.org (legacy site),yes,,docs/archive/conference/09-final-conference-agenda-items-english-2-en.pdf,https://drive.google.com/file/d/1wR54za-ebPXjdAdzvyIOBFl2Pvmhuhsp/view,
archive-guidelines-final-english-area-guidelines-revision-h-12-14-08-en,Archive,Guidelines,"Area Guidelines, Revision H (2008)","Guías del Área, revisión H (2008)",2008-12-14,2008,English,PDF,47,,,,area09.org (legacy site),yes,,docs/archive/guidelines/final-english-area-guidelines-revision-h-12-14-08-en.pdf,https://drive.google.com/file/d/1p8OhYKfF45uVPqj-quNhNAQxClzM3lvp/view,
archive-guidelines-final-spansih-area-guidelines-revision-h-12-14-08-en,Archive,Guidelines,"Area Guidelines, Revision H (2008)","Guías del Área, revisión H (2008)",2008-12-14,2008,Spanish,PDF,76,,,,area09.org (legacy site),yes,,docs/archive/guidelines/final-spansih-area-guidelines-revision-h-12-14-08-en.pdf,https://drive.google.com/file/d/1X6GN3pay1u866JGo_-IQC_PUSfHQ97FE/view,
archive-misc-2008-area9-dec14-2008flier-en,Archive,Misc,Area 9 Dec 14 2008 Flier,,2008-12-14,2008,English,PDF,43,,,,area09.org (legacy site),yes,,docs/archive/misc/2008/area9-dec14-2008flier-en.pdf,https://drive.google.com/file/d/1MZxm0yslww2JDOGt0VAr4O6OBuA7J7wy/view,
archive-conference-asc-agenda-12-14-08-en,Archive,Minutes,ASC Minutes – December 2008 (agenda),Actas del CSA – diciembre de 2008 (agenda),2008-12-14,2008,English,PDF,27,ASC,,,area09.org (legacy site),yes,,docs/archive/conference/asc-agenda-12-14-08-en.pdf,https://drive.google.com/file/d/1-zjrDJjlHhHMuATu8buEyktSKOSFR7m8/view,
archive-minutes-2008-december-minutes-08-en-redacted,Archive,Minutes,ASC Minutes – December 2008,Actas del CSA – diciembre de 2008,2008-12-14,2008,English,PDF,44,ASC,,,area09.org (legacy site),yes,,docs/archive/minutes/2008/december-minutes-08-en-redacted.pdf,https://drive.google.com/file/d/1r2CgDVbv9b7xxiLLIfSBkPiPFczwwZm0/view,"Anonymity-redacted copy: full names shortened to first name + last initial, personal e-mails and phone numbers removed. Original (held for review): docs/archive/minutes/2008/december-minutes-08-en.pdf Re-redacted 2026-10-06: names shortened to first name + initial; personal contact details, addresses and sobriety dates removed (scripts/scan-documents.py)."
archive-minutes-2008-sdec-08-asc-minutes-en-redacted,Archive,Minutes,ASC Minutes – December 2008,Actas del CSA – diciembre de 2008,2008-12-14,2008,Spanish,PDF,44,ASC,,,area09.org (legacy site),yes,,docs/archive/minutes/2008/sdec-08-asc-minutes-en-redacted.pdf,https://drive.google.com/file/d/1s7Pbas3PeVdlEtGu2z4fS_Kiv8i4XPNc/view,"Anonymity-redacted copy: full names shortened to first name + last initial, personal e-mails and phone numbers removed. Original (held for review): docs/archive/minutes/2008/sdec-08-asc-minutes-en.pdf Re-redacted 2026-10-06: names shortened to first name + initial; personal contact details, addresses and sobriety dates removed (scripts/scan-documents.py)."
archive-districts-d7-minutes-dec-08-08-en,Archive,District,"District 7 Minutes – December 8, 2008",Actas del Distrito 7 – 8 de diciembre de 2008,2008-12-08,2008,English,PDF,17,,d07,,area09.org (legacy site),yes,,docs/archive/districts/d7/minutes-dec-08-08-en.pdf,https://drive.google.com/file/d/1OPou6vkzdnh7gZx8q_8x413XoiQ2wC6h/view,
archive-districts-d6-district-6-meeting-12-2-08-minutes-en-redacted,Archive,District,"District 6 Minutes – December 2, 2008",Actas del Distrito 6 – 2 de diciembre de 2008,2008-12-02,2008,English,PDF,31,,d06,,area09.org (legacy site),yes,,docs/archive/districts/d6/district-6-meeting-12-2-08-minutes-en-redacted.pdf,https://drive.google.com/file/d/1Wmp5L5UOpC6R1PxbwIXLii_FuOnwQLe0/view,"Anonymity-redacted copy: full names shortened to first name + last initial, personal e-mails and phone numbers removed. Original (held for review): docs/archive/districts/d6/district-6-meeting-12-2-08-minutes-en.pdf"
archive-districts-d6-district-6-gsr-meeting-12-2-08-en-redacted,Archive,District,"District 6 G.S.R. Meeting December 2, 2008",,2008-12-02,2008,English,PDF,17,,d06,,area09.org (legacy site),yes,,docs/archive/districts/d6/district-6-gsr-meeting-12-2-08-en-redacted.pdf,https://drive.google.com/file/d/1sKMZj45HQWdUT1mtk8Wem340yF_ypNXm/view,"Anonymity-redacted copy: full names shortened to first name + last initial, personal e-mails and phone numbers removed. Original (held for review): docs/archive/districts/d6/district-6-gsr-meeting-12-2-08-en.pdf"
archive-districts-d6-district-6-minutes-11-11-08-en,Archive,District,"District 6 Minutes – November 11, 2008",Actas del Distrito 6 – 11 de noviembre de 2008,2008-11-11,2008,English,PDF,22,,d06,,area09.org (legacy site),yes,,docs/archive/districts/d6/district-6-minutes-11-11-08-en.pdf,https://drive.google.com/file/d/1QAEVjWVULQFXdL1drj-l8bdTwgZIt2SP/view,
archive-districts-d7-2008-minutes-nov-10-2008-en,Archive,District,"District 7 Minutes – November 10, 2008",Actas del Distrito 7 – 10 de noviembre de 2008,2008-11-10,2008,English,PDF,21,,d07,,area09.org (legacy site),yes,,docs/archive/districts/d7/2008/minutes-nov-10-2008-en.pdf,https://drive.google.com/file/d/1NorzoOUMUPrExBXP8zNEU8vg-ND8yNA8/view,
archive-reports-nov-08-board-report-s-1-en,Archive,Reports,Nov 08 Board Report S 1,Noviembre 08 Board Informe S 1,2008-11,2008,Spanish,PDF,18,,,,area09.org (legacy site),yes,,docs/archive/reports/nov-08-board-report-s-1-en.pdf,https://drive.google.com/file/d/1J2iGzKaf8BLMf5ZzUrjnutA3pwcoHE1y/view,
archive-reports-nov-08-board-report1-en,Archive,Reports,Nov 08 Board Report 1,,2008-11,2008,English,PDF,17,,,,area09.org (legacy site),yes,,docs/archive/reports/nov-08-board-report1-en.pdf,https://drive.google.com/file/d/1YBSNWzzvi3CwIItRuQy9-onPGf7O9kgT/view,
archive-districts-d7-2008-minutes-october-13-2008-en,Archive,District,"District 7 Minutes – October 13, 2008",Actas del Distrito 7 – 13 de octubre de 2008,2008-10-13,2008,English,PDF,21,,d07,,area09.org (legacy site),yes,,docs/archive/districts/d7/2008/minutes-october-13-2008-en.pdf,https://drive.google.com/file/d/1d-TUmnuHcvbCpDGnU6h_y34Ptm-GFCBW/view,
archive-conference-msca-asc-agenda-10-12-08-en,Archive,Conference,"MSCA ASC Agenda October 12, 2008",,2008-10-12,2008,English,PDF,22,,,,area09.org (legacy site),yes,,docs/archive/conference/msca-asc-agenda-10-12-08-en.pdf,https://drive.google.com/file/d/1O25GObOMhxOWsyNiyekrgSOLrQLn5oI5/view,
archive-districts-d6-district-06-minutes-10-7-08-final-en-redacted,Archive,District,"District 6 Minutes – October 7, 2008",Actas del Distrito 6 – 7 de octubre de 2008,2008-10-07,2008,English,PDF,52,,d06,,area09.org (legacy site),yes,,docs/archive/districts/d6/district-06-minutes-10-7-08-final-en-redacted.pdf,https://drive.google.com/file/d/18uqNw8n9tHwlZd_14ym_GK--5gniDl9A/view,"Anonymity-redacted copy: full names shortened to first name + last initial, personal e-mails and phone numbers removed. Original (held for review): docs/archive/districts/d6/district-06-minutes-10-7-08-final-en.pdf"
archive-districts-d6-flyer-for-district-06-traditions-play-10-6-08-en-redacted,Archive,District,"Flyer for District 06 Traditions Play October 6, 2008",,2008-10-06,2008,English,PDF,49,,d06,,area09.org (legacy site),yes,,docs/archive/districts/d6/flyer-for-district-06-traditions-play-10-6-08-en-redacted.pdf,https://drive.google.com/file/d/1rnfGm4SQ0AZI_7_ccegv8dlJdhy2Noyq/view,"Anonymity-redacted copy: full names shortened to first name + last initial, personal e-mails and phone numbers removed. Original (held for review): docs/archive/districts/d6/flyer-for-district-06-traditions-play-10-6-08-en.pdf"
archive-newsletters-oct-spannl-08-1-en-redacted,Archive,Newsletters,Oct Span NL 08[1],Octubre Span NL 08[1],2008-10,2008,Spanish,PDF,141,,,,area09.org (legacy site),yes,,docs/archive/newsletters/oct-spannl-08-1-en-redacted.pdf,https://drive.google.com/file/d/1Al-N7EtT5mp6BsXk1gWR6UNjN7ZhplbJ/view,"Anonymity-redacted copy: full names shortened to first name + last initial, personal e-mails and phone numbers removed. Original (held for review): docs/archive/newsletters/oct-spannl-08-1-en.pdf Re-redacted 2026-10-06: names shortened to first name + initial; personal contact details, addresses and sobriety dates removed (scripts/scan-documents.py)."
archive-conference-2008-soct2008spanish-asc-agenda-es,Archive,Conference,Oct 2008 Spanish ASC AGENDA,Octubre de 2008 (español) CSA AGENDA,2008-10,2008,Spanish,PDF,23,,,,area09.org (legacy site),yes,,docs/archive/conference/2008/soct2008spanish-asc-agenda-es.pdf,https://drive.google.com/file/d/1yT_hsZoy14Skye7MZR5WhPYcRiz9mlp0/view,
archive-flyers-2008-s09-27-08-cpc-pi-wkshp-flyer-final-en,Archive,Flyers,"September 27, 2008 C.P.C. PI Wkshp Flyer Final",27 de septiembre de 2008 C.P.C. PI Wkshp Volante final,2008-09-27,2008,Spanish,PDF,169,,,cpc,area09.org (legacy site),yes,,docs/archive/flyers/2008/s09-27-08-cpc-pi-wkshp-flyer-final-en.pdf,https://drive.google.com/file/d/1JknM4CCC10vfOWWl9VHq-4dTBUUknQmq/view,
archive-conference-assembly-agenda-09-14-08-en,Archive,Conference,"Assembly Agenda September 14, 2008",,2008-09-14,2008,English,PDF,11,,,,area09.org (legacy site),yes,,docs/archive/conference/assembly-agenda-09-14-08-en.pdf,https://drive.google.com/file/d/1IpH-JrqpKO-B5ABEtg0VByUJtNqwLcfg/view,
archive-newsletters-ssep08nl-en-redacted,Archive,Newsletters,Area Newsletter – September 2008,Boletín del Área – septiembre de 2008,2008-09,2008,Spanish,PDF,120,,,,area09.org (legacy site),yes,,docs/archive/newsletters/ssep08nl-en-redacted.pdf,https://drive.google.com/file/d/1Z5bVyW2LbeMHI0ehyYmbPtp6U7bfyrcY/view,"Anonymity-redacted copy: full names shortened to first name + last initial, personal e-mails and phone numbers removed. Original (held for review): docs/archive/newsletters/ssep08nl-en.pdf"
archive-flyers-2008-sp-rf-pacific-flyer-aug29-30-08-en-redacted,Archive,Flyers,Sp RF Pacific Flyer Aug 29 30 08 2008,Sp RF Pacific Volante agosto 29 30 08 2008,2008-08-29,2008,Spanish,PDF,345,,,,area09.org (legacy site),yes,,docs/archive/flyers/2008/sp-rf-pacific-flyer-aug29-30-08-en-redacted.pdf,https://drive.google.com/file/d/12OHpAhBLgwLvVmtqFUuVZqIGRK8BBBZR/view,"Anonymity-redacted copy: full names shortened to first name + last initial, personal e-mails and phone numbers removed. Original (held for review): docs/archive/flyers/2008/sp-rf-pacific-flyer-aug29-30-08-en.pdf"
archive-flyers-2008-en-rf-pacific-flyer-aug29-30-08-en-redacted,Archive,Flyers,En RF Pacific Flyer Aug 29 30 08 2008,,2008-08-29,2008,English,PDF,294,,,,area09.org (legacy site),yes,,docs/archive/flyers/2008/en-rf-pacific-flyer-aug29-30-08-en-redacted.pdf,https://drive.google.com/file/d/1j38yo1REFUx9-3ZWbVkB7zr_egsXWpzG/view,"Anonymity-redacted copy: full names shortened to first name + last initial, personal e-mails and phone numbers removed. Original (held for review): docs/archive/flyers/2008/en-rf-pacific-flyer-aug29-30-08-en.pdf"
archive-districts-d7-2008-minutes-aug-11-2008-en,Archive,District,"District 7 Minutes – August 11, 2008",Actas del Distrito 7 – 11 de agosto de 2008,2008-08-11,2008,English,PDF,20,,d07,,area09.org (legacy site),yes,,docs/archive/districts/d7/2008/minutes-aug-11-2008-en.pdf,https://drive.google.com/file/d/1v7MZPhWlsEyL4VAlm5Euk8s-ple3945j/view,
archive-districts-d6-district-6-minutes-8-5-08-en,Archive,District,"District 6 Minutes – August 5, 2008",Actas del Distrito 6 – 5 de agosto de 2008,2008-08-05,2008,English,PDF,30,,d06,,area09.org (legacy site),yes,,docs/archive/districts/d6/district-6-minutes-8-5-08-en.pdf,https://drive.google.com/file/d/1FfHuQAa29c0myqisqYzljSJgrD_FxIYM/view,
archive-districts-d7-2008-minutes-june-9-2008-en,Archive,District,"District 7 Minutes – June 9, 2008",Actas del Distrito 7 – 9 de junio de 2008,2008-06-09,2008,English,PDF,21,,d07,,area09.org (legacy site),yes,,docs/archive/districts/d7/2008/minutes-june-9-2008-en.pdf,https://drive.google.com/file/d/1mlDZkm63lg5fKxSfIhP3yVwdaHCp4JMm/view,
archive-conference-2008-sagendajune2008-en-redacted,Archive,Conference,Agenda June 2008,Agenda junio de 2008,2008-06,2008,Spanish,PDF,62,,,,area09.org (legacy site),yes,,docs/archive/conference/2008/sagendajune2008-en-redacted.pdf,https://drive.google.com/file/d/1AnxWJ0irCGQedybVLrQ4l6X5OWQsF444/view,"Anonymity-redacted copy: full names shortened to first name + last initial, personal e-mails and phone numbers removed. Original (held for review): docs/archive/conference/2008/sagendajune2008-en.pdf"
archive-districts-d5-2008-2008junemeetingflyer-en,Archive,District,2008 June Meeting Flyer,,2008-06,2008,English,PDF,102,,d05,,area09.org (legacy site),yes,,docs/archive/districts/d5/2008/2008junemeetingflyer-en.pdf,https://drive.google.com/file/d/1uSMHxzmczyreeumMAgMj8fyGb2YxVZXp/view,
archive-misc-2008-sisreg11s052008-en-redacted,Archive,Misc,"Sisreg 11 s May 20, 2008",Sisreg 11 s 20 de mayo de 2008,2008-05-20,2008,Spanish,PDF,111,,,,area09.org (legacy site),yes,,docs/archive/misc/2008/sisreg11s052008-en-redacted.pdf,https://drive.google.com/file/d/1FFM99UaZ9MjIExglw64v8-WS7EBvxXj-/view,"Anonymity-redacted copy: full names shortened to first name + last initial, personal e-mails and phone numbers removed. Original (held for review): docs/archive/misc/2008/sisreg11s052008-en.pdf Re-redacted 2026-10-06: names shortened to first name + initial; personal contact details, addresses and sobriety dates removed (scripts/scan-documents.py)."
archive-misc-2008-sisreg11e052008-en-redacted,Archive,Misc,"Sisreg 11 e May 20, 2008",,2008-05-20,2008,English,PDF,109,,,,area09.org (legacy site),yes,,docs/archive/misc/2008/sisreg11e052008-en-redacted.pdf,https://drive.google.com/file/d/1f0PEcUqUzTUjPr3gZZ69_CkHY_dvfTl7/view,"Anonymity-redacted copy: full names shortened to first name + last initial, personal e-mails and phone numbers removed. Original (held for review): docs/archive/misc/2008/sisreg11e052008-en.pdf Re-redacted 2026-10-06: names shortened to first name + initial; personal contact details, addresses and sobriety dates removed (scripts/scan-documents.py)."
archive-districts-d7-2008-minutes-may-12-2008-bill-en,Archive,District,"District 7 Minutes – May 12, 2008",Actas del Distrito 7 – 12 de mayo de 2008,2008-05-12,2008,English,PDF,18,,d07,,area09.org (legacy site),yes,,docs/archive/districts/d7/2008/minutes-may-12-2008-bill-en.pdf,https://drive.google.com/file/d/11Tis4SY4iU5D1DxkwJgEsH5AYtaUXwxa/view,
archive-conference-2008-may2008assemblyagendaupdate-en,Archive,Conference,May 2008 Assembly Agenda Update,,2008-05,2008,English,PDF,28,,,,area09.org (legacy site),yes,,docs/archive/conference/2008/may2008assemblyagendaupdate-en.pdf,https://drive.google.com/file/d/15gv6m-TzOBWIm5HfUsdeZFgYO1Q4uZeZ/view,
archive-districts-d7-2008-minutes-apr-14-2008-en,Archive,District,"District 7 Minutes – April 14, 2008",Actas del Distrito 7 – 14 de abril de 2008,2008-04-14,2008,English,PDF,20,,d07,,area09.org (legacy site),yes,,docs/archive/districts/d7/2008/minutes-apr-14-2008-en.pdf,https://drive.google.com/file/d/1VpURWDqpw2MwpLastdL5-7UNdVe_jsrT/view,
archive-flyers-2008-04-06-08-sunday-open-house-flyer-en-redacted,Archive,Flyers,"April 6, 2008 Sunday Open House Flyer",,2008-04-06,2008,English,PDF,148,,,,area09.org (legacy site),yes,,docs/archive/flyers/2008/04-06-08-sunday-open-house-flyer-en-redacted.pdf,https://drive.google.com/file/d/1vDVn4dLqXZrmRd4eYlKE4ktqMIGsCMcz/view,"Anonymity-redacted copy: full names shortened to first name + last initial, personal e-mails and phone numbers removed. Original (held for review): docs/archive/flyers/2008/04-06-08-sunday-open-house-flyer-en.pdf Re-redacted 2026-10-06: names shortened to first name + initial; personal contact details, addresses and sobriety dates removed (scripts/scan-documents.py)."
archive-flyers-2008-04-05-08-open-house-saturday-meeting-flyer-en-redacted,Archive,Flyers,"April 5, 2008 Open House Saturday Meeting Flyer",,2008-04-05,2008,English,PDF,152,,,,area09.org (legacy site),yes,,docs/archive/flyers/2008/04-05-08-open-house-saturday-meeting-flyer-en-redacted.pdf,https://drive.google.com/file/d/1-LvciMwVYTqx4RP4OhQzF0hvpUfa6K0L/view,"Anonymity-redacted copy: full names shortened to first name + last initial, personal e-mails and phone numbers removed. Original (held for review): docs/archive/flyers/2008/04-05-08-open-house-saturday-meeting-flyer-en.pdf"
archive-flyers-2008-h-and-i-april08fly-en-redacted,Archive,Flyers,H and I April 08 Fly 2008,,2008-04,2008,English,PDF,102,,,hospitals-institutions,area09.org (legacy site),yes,,docs/archive/flyers/2008/h-and-i-april08fly-en-redacted.pdf,https://drive.google.com/file/d/1OYrAXl3dWxgpMf1_2S4ymgFXZWRZIU-S/view,"Anonymity-redacted copy: full names shortened to first name + last initial, personal e-mails and phone numbers removed. Original (held for review): docs/archive/flyers/2008/h-and-i-april08fly-en.pdf Re-redacted 2026-10-06: names shortened to first name + initial; personal contact details, addresses and sobriety dates removed (scripts/scan-documents.py)."
archive-minutes-2008-march08minutesarea09-en-redacted,Archive,Minutes,March 08 Minutes Area 09 2008,,2008-03-16,2008,English,PDF,30,,,,area09.org (legacy site),yes,,docs/archive/minutes/2008/march08minutesarea09-en-redacted.pdf,https://drive.google.com/file/d/1jQ8dfkPpO3Ir7GYXUf63NeDZzfOahQWu/view,"Anonymity-redacted copy: full names shortened to first name + last initial, personal e-mails and phone numbers removed. Original (held for review): docs/archive/minutes/2008/march08minutesarea09-en.pdf Re-redacted 2026-10-06 after the pre-launch scan (sobriety dates / birthday-list years removed; checked again with both scanners and OCR)."
archive-districts-d7-2008-minutes-mar-10-2008-en,Archive,District,"District 7 Minutes – March 10, 2008",Actas del Distrito 7 – 10 de marzo de 2008,2008-03-10,2008,English,PDF,20,,d07,,area09.org (legacy site),yes,,docs/archive/districts/d7/2008/minutes-mar-10-2008-en.pdf,https://drive.google.com/file/d/1wjkOPoINtTQ_O7v6JpF8syqtrG-eD_aB/view,
archive-districts-d6-district-6-minutes-doc-3-4-08-en,Archive,District,"District 6 Minutes – March 4, 2008",Actas del Distrito 6 – 4 de marzo de 2008,2008-03-04,2008,English,PDF,38,,d06,,area09.org (legacy site),yes,,docs/archive/districts/d6/district-6-minutes-doc-3-4-08-en.pdf,https://drive.google.com/file/d/1cwbcNj_jMBNnf20_QnsajMB79eiLzjCd/view,
archive-conference-2008-march-2008-asc-agenda-en,Archive,Conference,March 2008 ASC Agenda,,2008-03,2008,English,PDF,25,,,,area09.org (legacy site),yes,,docs/archive/conference/2008/march-2008-asc-agenda-en.pdf,https://drive.google.com/file/d/1yeBHQfblnPF0pyiU1w12VzXck800CVr0/view,
archive-conference-2008-smarch-2008-asc-agenda-spanish-es,Archive,Conference,March 2008 ASC Agenda,Marzo de 2008 Agenda del CSA,2008-03,2008,Spanish,PDF,27,,,,area09.org (legacy site),yes,,docs/archive/conference/2008/smarch-2008-asc-agenda-spanish-es.pdf,https://drive.google.com/file/d/1HQcwoYLmJCmMz7G7yKAnte3Cj38HKlWh/view,
archive-flyers-2008-asc-flyermarch2008-en,Archive,Flyers,ASC Flyer March 2008,,2008-03,2008,English,PDF,47,,,,area09.org (legacy site),yes,,docs/archive/flyers/2008/asc-flyermarch2008-en.pdf,https://drive.google.com/file/d/1XX5HqeoXskLqfJRjArGY21AyjwjmJF0Z/view,
archive-districts-d6-district-6-minutes-2-12-08-en,Archive,District,"District 6 Minutes – February 12, 2008",Actas del Distrito 6 – 12 de febrero de 2008,2008-02-12,2008,English,PDF,34,,d06,,area09.org (legacy site),yes,,docs/archive/districts/d6/district-6-minutes-2-12-08-en.pdf,https://drive.google.com/file/d/15RigigCglT1z7qrIbYf3OVvKja7ocnMe/view,
archive-districts-d7-2008-minutes-feb-11-2008-en,Archive,District,"District 7 Minutes – February 11, 2008",Actas del Distrito 7 – 11 de febrero de 2008,2008-02-11,2008,English,PDF,21,,d07,,area09.org (legacy site),yes,,docs/archive/districts/d7/2008/minutes-feb-11-2008-en.pdf,https://drive.google.com/file/d/1_NJLal9sY25VF7V0wZstKPytIBCkOKdV/view,
archive-minutes-2008-sfeb2008minutes-en-redacted,Archive,Minutes,Minutes – February 2008,Actas – febrero de 2008,2008-02-10,2008,Spanish,PDF,48,,,,area09.org (legacy site),yes,,docs/archive/minutes/2008/sfeb2008minutes-en-redacted.pdf,https://drive.google.com/file/d/1vQajMqyTR5q15yALwUhBfB7IPmrDlFiT/view,"Anonymity-redacted copy: full names shortened to first name + last initial, personal e-mails and phone numbers removed. Original (held for review): docs/archive/minutes/2008/sfeb2008minutes-en.pdf Re-redacted 2026-10-06 after the pre-launch scan (full names removed; checked again with both scanners and OCR)."
archive-minutes-2008-feb-2008-asc-minutes-final1-en,Archive,Minutes,ASC Minutes – February 2008,Actas del CSA – febrero de 2008,2008-02-10,2008,English,PDF,45,ASC,,,area09.org (legacy site),yes,,docs/archive/minutes/2008/feb-2008-asc-minutes-final1-en.pdf,https://drive.google.com/file/d/1ujeaq-zFuvZZrwKb-tGs5pSaoPi6cvGy/view,
archive-misc-requestfortemporarycontact02-08-08-en,Archive,Misc,"Request for Temporary Contact February 8, 2008",,2008-02-08,2008,English,PDF,33,,,,area09.org (legacy site),yes,,docs/archive/misc/requestfortemporarycontact02-08-08-en.pdf,https://drive.google.com/file/d/1kolrjCkDT9mx8S5npPiw9u3WN7vcgy1e/view,
archive-conference-2008-february-2008-asc-agenda-en,Archive,Conference,February 2008 ASC Agenda,,2008-02,2008,English,PDF,25,,,,area09.org (legacy site),yes,,docs/archive/conference/2008/february-2008-asc-agenda-en.pdf,https://drive.google.com/file/d/1PVRBjHpScpOnFY82u0gv6rR2CKiCXxTU/view,
archive-flyers-2008-4-area-dcm-sharing-flyerfeb2008-en-redacted,Archive,Flyers,4 Area D.C.M. Sharing Flyer FEB 2008,,2008-02,2008,English,PDF,61,,,,area09.org (legacy site),yes,,docs/archive/flyers/2008/4-area-dcm-sharing-flyerfeb2008-en-redacted.pdf,https://drive.google.com/file/d/1ZJPvmaAHt55_JlIXDy7n7e_iwQLayARG/view,"Anonymity-redacted copy: full names shortened to first name + last initial, personal e-mails and phone numbers removed. Original (held for review): docs/archive/flyers/2008/4-area-dcm-sharing-flyerfeb2008-en.pdf"
archive-finances-2008-f-96-theaagrouptreasurer012008-en,Archive,Finances,"F 96 the AA Group Treasurer January 20, 2008",,2008-01-20,2008,English,PDF,396,,,,area09.org (legacy site),yes,,docs/archive/finances/2008/f-96-theaagrouptreasurer012008-en.pdf,https://drive.google.com/file/d/1vqdipt4SE8TgLyR2d0Oi1V92BV9IkFkd/view,
archive-misc-2008-cec-flayer-spnish-01-19-2008-en,Archive,Misc,"CEC Flyer Spanish January 19, 2008",CEC Volante (español) 19 de enero de 2008,2008-01-19,2008,Spanish,PDF,99,,,cec,area09.org (legacy site),yes,,docs/archive/misc/2008/cec-flayer-spnish-01-19-2008-en.pdf,https://drive.google.com/file/d/1wMD0Cr-FEridpdE1IFD-C2UnIstnpocD/view,
archive-flyers-2008-cec-cip-flyer-january-19-2008-en,Archive,Flyers,"CEC CIP Flyer January 19, 2008",,2008-01-19,2008,English,PDF,99,,,cec,area09.org (legacy site),yes,,docs/archive/flyers/2008/cec-cip-flyer-january-19-2008-en.pdf,https://drive.google.com/file/d/19jAPEw4E0yQdscbyO1vyiXbOeGJWTjoA/view,
archive-districts-d7-2008-d7minutes-jan-14-2008-en,Archive,District,"District 7 Minutes – January 14, 2008",Actas del Distrito 7 – 14 de enero de 2008,2008-01-14,2008,English,PDF,24,,d07,,area09.org (legacy site),yes,,docs/archive/districts/d7/2008/d7minutes-jan-14-2008-en.pdf,https://drive.google.com/file/d/1sV3jmLGVzz3e9zq_tAspwFkosM5kOj_C/view,
archive-districts-d6-district-6-newly-elected-officers-1-12-08-en-redacted,Archive,District,"DISTRICT 6 NEWLY ELECTED OFFICERS January 12, 2008",,2008-01-12,2008,English,PDF,24,,d06,,area09.org (legacy site),yes,,docs/archive/districts/d6/district-6-newly-elected-officers-1-12-08-en-redacted.pdf,https://drive.google.com/file/d/1NebQdchV-sOF6ACTSqxLdIXERoogQ906/view,"Anonymity-redacted copy: full names shortened to first name + last initial, personal e-mails and phone numbers removed. Original (held for review): docs/archive/districts/d6/district-6-newly-elected-officers-1-12-08-en.pdf Re-redacted 2026-10-06: names shortened to first name + initial; personal contact details, addresses and sobriety dates removed (scripts/scan-documents.py)."
archive-flyers-2008-heritageday-information1-11-08-en,Archive,Flyers,"Heritage Day Information January 11, 2008",,2008-01-11,2008,English,PDF,17,,,,area09.org (legacy site),yes,,docs/archive/flyers/2008/heritageday-information1-11-08-en.pdf,https://drive.google.com/file/d/102jUlsPqYl_A3wRgAgrm_EKEcZq3Ul0a/view,
archive-districts-d6-2008-district-6-minutes-january-8-2008-en,Archive,District,"District 6 Minutes – January 8, 2008",Actas del Distrito 6 – 8 de enero de 2008,2008-01-08,2008,English,PDF,31,,d06,,area09.org (legacy site),yes,,docs/archive/districts/d6/2008/district-6-minutes-january-8-2008-en.pdf,https://drive.google.com/file/d/1BL-5EgSk4vefIDXOZ3dPC7ihP0oNTnQz/view,
archive-flyers-panel-58-orientation-flyer-jan-08-en,Archive,Flyers,Panel 58 Orientation Flyer Jan 2008,,2008-01,2008,English,PDF,81,,,,area09.org (legacy site),yes,,docs/archive/flyers/panel-58-orientation-flyer-jan-08-en.pdf,https://drive.google.com/file/d/1SFsCsvtBB13OEU4B4R6MYUDkNlO2iSVu/view,
archive-conference-2008-jan-2008-area-assembly-agenda-en,Archive,Conference,Jan 2008 Area Assembly Agenda,,2008-01,2008,English,PDF,30,,,,area09.org (legacy site),yes,,docs/archive/conference/2008/jan-2008-area-assembly-agenda-en.pdf,https://drive.google.com/file/d/1yvLgZhWfsmLZpNsiTXqyXC99ey5mZa7A/view,
archive-conference-2008-jan-2008-area-assembly-agenda-spanish-es,Archive,Conference,Jan 2008 Area Assembly Agenda,Enero de 2008 Asamblea de Área Agenda,2008-01,2008,Spanish,PDF,30,,,,area09.org (legacy site),yes,,docs/archive/conference/2008/jan-2008-area-assembly-agenda-spanish-es.pdf,https://drive.google.com/file/d/1QsOPoHkBAA1QFGSvFZR94GlLL8Ylf10B/view,
archive-newsletters-gv-news-jan-08-en,Archive,Newsletters,Area Newsletter – January 2008,Boletín del Área – enero de 2008,2008-01,2008,English,PDF,10,,,,area09.org (legacy site),yes,,docs/archive/newsletters/gv-news-jan-08-en.pdf,https://drive.google.com/file/d/12T9dSTtLHl_igyCwiMzF0oy5SoNLujHO/view,
archive-guidelines-2008-2008-02-yp-videos-guidelines-eng-en,Archive,Guidelines,YPAA Committee Guidelines (2008),Guías del Comité de YPAA (jóvenes en A.A.) (2008),2008,2008,English,PDF,74,,,ypaa,area09.org (legacy site),yes,,docs/archive/guidelines/2008/2008-02-yp-videos-guidelines-eng-en.pdf,https://drive.google.com/file/d/1aYaVOkpv7iF99eoDELihh9hN8JxdVtRj/view,
archive-flyers-2008-sservathon08flyerc-en,Archive,Flyers,Sservathon 08 Flyer C 2008,Sservathon 08 Volante C 2008,2008,2008,Spanish,PDF,64,,,,area09.org (legacy site),yes,,docs/archive/flyers/2008/sservathon08flyerc-en.pdf,https://drive.google.com/file/d/1NF2Shk84KWsGl4ypYQRs6wUbXOGqMWX6/view,
archive-districts-d5-spring08newsletter094-en,Archive,District,Spring 08 Newsletter 094,,,2008,English,PDF,151,,d05,,area09.org (legacy site),yes,,docs/archive/districts/d5/spring08newsletter094-en.pdf,https://drive.google.com/file/d/1hKklHCWy_3IaQYZ1atBJadkJDtaDaYV9/view,
archive-flyers-2008-servathon08flyer-en,Archive,Flyers,Servathon 08 Flyer 2008,,2008,2008,English,PDF,63,,,,area09.org (legacy site),yes,,docs/archive/flyers/2008/servathon08flyer-en.pdf,https://drive.google.com/file/d/1afPnKlD2ZdUt2hzMTYBmqfoAqNMPfwRD/view,
archive-misc-2008-redondobeach2008-en,Archive,Misc,Redondo Beach 2008,,2008,2008,English,PDF,502,,,,area09.org (legacy site),yes,,docs/archive/misc/2008/redondobeach2008-en.pdf,https://drive.google.com/file/d/1K7ZptVw83gfA5dh2mOsMlWDZZXtyFmUD/view,
archive-flyers-2008-picarryth-message2008-en,Archive,Flyers,PI Carryth Message 2008,,2008,2008,English,PDF,637,,,,area09.org (legacy site),yes,,docs/archive/flyers/2008/picarryth-message2008-en.pdf,https://drive.google.com/file/d/17eCWLMikBQPYBIwauYhomsayeGn5luN8/view,
archive-newsletters-octnews08-en-redacted,Archive,Newsletters,Octnews 08 2008,,2008,2008,English,PDF,114,,,,area09.org (legacy site),yes,,docs/archive/newsletters/octnews08-en-redacted.pdf,https://drive.google.com/file/d/16KD-OAD77bZNWYeDcj8dxreWerHP2Xxc/view,"Anonymity-redacted copy: full names shortened to first name + last initial, personal e-mails and phone numbers removed. Original (held for review): docs/archive/newsletters/octnews08-en.pdf"
archive-minutes-2008-sminutesaug1008-en-redacted,Archive,Minutes,Minutes Aug 1008 2008,Actas agosto de 1008 2008,2008,2008,Spanish,PDF,112,,,,area09.org (legacy site),yes,,docs/archive/minutes/2008/sminutesaug1008-en-redacted.pdf,https://drive.google.com/file/d/19LiHkGmOmJmupZQM-kCBYDe9xXY1qMUq/view,"Anonymity-redacted copy: full names shortened to first name + last initial, personal e-mails and phone numbers removed. Original (held for review): docs/archive/minutes/2008/sminutesaug1008-en.pdf Re-redacted 2026-10-06: names shortened to first name + initial; personal contact details, addresses and sobriety dates removed (scripts/scan-documents.py)."
archive-newsletters-maynews08v4-en-redacted,Archive,Newsletters,May News 08 v 4 2008,,2008,2008,English,PDF,99,,,,area09.org (legacy site),yes,,docs/archive/newsletters/maynews08v4-en-redacted.pdf,https://drive.google.com/file/d/1I3c_8Q0zU1b_ml5bPHxXVmVryLl4JIHi/view,"Anonymity-redacted copy: full names shortened to first name + last initial, personal e-mails and phone numbers removed. Original (held for review): docs/archive/newsletters/maynews08v4-en.pdf"
archive-newsletters-junnews08dv2-en-redacted,Archive,Newsletters,Jun News 08 Dv 2 2008,,2008,2008,English,PDF,87,,,,area09.org (legacy site),yes,,docs/archive/newsletters/junnews08dv2-en-redacted.pdf,https://drive.google.com/file/d/15NKNFbS0axkhaL2f3mrrEDy3ZXq_crYD/view,"Anonymity-redacted copy: full names shortened to first name + last initial, personal e-mails and phone numbers removed. Original (held for review): docs/archive/newsletters/junnews08dv2-en.pdf Re-redacted 2026-10-06: names shortened to first name + initial; personal contact details, addresses and sobriety dates removed (scripts/scan-documents.py)."
archive-flyers-2008-hd-11-2008-en,Archive,Flyers,HD 11 2008,,2008,2008,English,PDF,228,,,,area09.org (legacy site),yes,,docs/archive/flyers/2008/hd-11-2008-en.pdf,https://drive.google.com/file/d/1gvvzu2gki_XB84O4sSze6x3ahrSPDL3I/view,
archive-finances-2008-4th-qtr-2008-en,Archive,Finances,Group contributions – 4th quarter 2008,Contribuciones de los grupos – 4.º trimestre de 2008,2008,2008,Bilingual,PDF,100,,,,area09.org (legacy site),yes,,docs/archive/finances/2008/4th-qtr-2008-en.pdf,https://drive.google.com/file/d/1XLrjvRhPGJUIKivuZG7L6w-HoOgg4F8o/view,
archive-finances-2008-3rd08quarter2008-en,Archive,Finances,Group contributions – 3rd quarter 2008,Contribuciones de los grupos – 3.er trimestre de 2008,2008,2008,Bilingual,PDF,105,,,,area09.org (legacy site),yes,,docs/archive/finances/2008/3rd08quarter2008-en.pdf,https://drive.google.com/file/d/1hcAOvn4nQwF_NcY2LSKVVUOho71OPMZA/view,
archive-finances-2nd08quarter-en,Archive,Finances,Group contributions – 2nd quarter 2008,Contribuciones de los grupos – 2.º trimestre de 2008,2008,2008,Bilingual,PDF,100,,,,area09.org (legacy site),yes,,docs/archive/finances/2nd08quarter-en.pdf,https://drive.google.com/file/d/1BPNyK_T2hVpEjIBun5_1kbtb6QT_OR55/view,
archive-finances-1st08quarter-en,Archive,Finances,Group contributions – 1st quarter 2008,Contribuciones de los grupos – 1.er trimestre de 2008,2008,2008,Bilingual,PDF,109,,,,area09.org (legacy site),yes,,docs/archive/finances/1st08quarter-en.pdf,https://drive.google.com/file/d/1WPwMZf5U3mbZ6_4mrp2PsmyOysT3v5e-/view,
archive-reports-s-g-s-o-quarterly-report-s-7-08-en,Archive,Reports,G.S.O. Quarterly Report S 7 08,OSG trimestral Informe S 7 08,,2008,Spanish,PDF,17,,,,area09.org (legacy site),yes,,docs/archive/reports/s-g-s-o-quarterly-report-s-7-08-en.pdf,https://drive.google.com/file/d/1Z56CTpWn8WXQdgvshI8F1zbB8BO8hXPz/view,language detected from text: Spanish (was English)
archive-guidelines-2008-gso-aa-internet-faq-2008-en,Archive,Guidelines,G.S.O. AA Internet FAQ 2008,,2008,2008,English,PDF,16,,,,area09.org (legacy site),yes,,docs/archive/guidelines/2008/gso-aa-internet-faq-2008-en.pdf,https://drive.google.com/file/d/1T0ZhQ5A54Gx3fcHcM5NI0PhlUw0IA4Ef/view,
archive-misc-foro08map-en,Archive,Misc,Foro 08 Map,,,2008,English,PDF,591,,,,area09.org (legacy site),yes,,docs/archive/misc/foro08map-en.pdf,https://drive.google.com/file/d/1lhOSu-paASYtP7vMzqHQIB3ud_gTr2Dt/view,
archive-newsletters-febnews08v2-en-redacted,Archive,Newsletters,Feb News 08 v 2 2008,,2008,2008,English,PDF,225,,,,area09.org (legacy site),yes,,docs/archive/newsletters/febnews08v2-en-redacted.pdf,https://drive.google.com/file/d/1UlYJspAW8BU0UzE5avw-uYkARoCEh05z/view,"Anonymity-redacted copy: full names shortened to first name + last initial, personal e-mails and phone numbers removed. Original (held for review): docs/archive/newsletters/febnews08v2-en.pdf Re-redacted 2026-10-06: names shortened to first name + initial; personal contact details, addresses and sobriety dates removed (scripts/scan-documents.py)."
archive-newsletters-sfebnews08-en-redacted,Archive,Newsletters,Feb News 08,Febrero News 08,,2008,Spanish,PDF,204,,,,area09.org (legacy site),yes,,docs/archive/newsletters/sfebnews08-en-redacted.pdf,https://drive.google.com/file/d/1PDsRXZ2XHAEOUPgRrjgDnhBkoIJcduJk/view,"Anonymity-redacted copy: full names shortened to first name + last initial, personal e-mails and phone numbers removed. Original (held for review): docs/archive/newsletters/sfebnews08-en.pdf"
archive-districts-d6-2008-district-6-agenda-year-in-review2008-en-redacted,Archive,District,District 6 Agenda Year in Review 2008,,2008,2008,English,PDF,135,,d06,,area09.org (legacy site),yes,,docs/archive/districts/d6/2008/district-6-agenda-year-in-review2008-en-redacted.pdf,https://drive.google.com/file/d/1fO_tGwxqkpDg_C1hSZK_WQ2PxNUwmrY4/view,"Anonymity-redacted copy: full names shortened to first name + last initial, personal e-mails and phone numbers removed. Original (held for review): docs/archive/districts/d6/2008/district-6-agenda-year-in-review2008-en.pdf Re-redacted 2026-10-06: names shortened to first name + initial; personal contact details, addresses and sobriety dates removed (scripts/scan-documents.py)."
archive-districts-d5-2008-summer-2008-newsletter-rtf-en,Archive,District,District 5 Newsletter – 2008 (version 2),Boletín del Distrito 5 – 2008 (versión 2),2008,2008,English,PDF,58,,d05,,area09.org (legacy site),yes,,docs/archive/districts/d5/2008/summer-2008-newsletter-rtf-en.pdf,https://drive.google.com/file/d/15Ku1P541WOJVayPzLCRBf7Lygvp1M-qf/view,
archive-districts-d5-2008-fall-2008-newsletter-en,Archive,District,District 5 Newsletter – 2008,Boletín del Distrito 5 – 2008,2008,2008,English,PDF,64,,d05,,area09.org (legacy site),yes,,docs/archive/districts/d5/2008/fall-2008-newsletter-en.pdf,https://drive.google.com/file/d/1Gdk_ei_2b4WKnWiHWGATzWZxHqZTKrl9/view,
archive-flyers-2008-dcmc-orientation-event-flyer-03-2008-en,Archive,Flyers,D.C.M.C. Orientation Event Flyer 03 2008,,2008,2008,English,PDF,53,,,,area09.org (legacy site),yes,,docs/archive/flyers/2008/dcmc-orientation-event-flyer-03-2008-en.pdf,https://drive.google.com/file/d/1KiTDavCdch6tvauYa47DxtSjSwicQ8AH/view,
archive-flyers-2008-9-27-pi-cpc-final-flyer-en,Archive,Flyers,9 27 PI C.P.C. Final Flyer 2008,,2008,2008,English,PDF,159,,,cpc,area09.org (legacy site),yes,,docs/archive/flyers/2008/9-27-pi-cpc-final-flyer-en.pdf,https://drive.google.com/file/d/17EtJIO-L2_oHm0k_475JpHc8tifXANCd/view,
archive-finances-2008-58thgscfinance2008-en,Archive,Finances,58th G.S.C. Finance 2008,,2008,2008,English,PDF,594,,,,area09.org (legacy site),yes,,docs/archive/finances/2008/58thgscfinance2008-en.pdf,https://drive.google.com/file/d/11xbMGhBEpgIVjEVbPuqgiW8aRCcqzAEI/view,
archive-misc-2008-2008statistics-en,Archive,Misc,2008 Statistics,,2008,2008,English,PDF,32,,,,area09.org (legacy site),yes,,docs/archive/misc/2008/2008statistics-en.pdf,https://drive.google.com/file/d/19rJX_D9s2VLlaGuerb8dAflaHrBNu38s/view,
archive-misc-2008-2008directionsplancentiaca-en,Archive,Misc,2008 Directions Plancentia Ca,,2008,2008,English,PDF,260,,,,area09.org (legacy site),yes,,docs/archive/misc/2008/2008directionsplancentiaca-en.pdf,https://drive.google.com/file/d/1Lq09gMICPcq99RWX0QLml5q-fXM5RDM2/view,
archive-conference-08-final-conference-agenda-items-english-1-en,Archive,Conference,08 Final Conference Agenda Items English 1,,,2008,English,PDF,19,,,,area09.org (legacy site),yes,,docs/archive/conference/08-final-conference-agenda-items-english-1-en.pdf,https://drive.google.com/file/d/1z1D_0fH7y9KX_3ick6p3GNOSo7ZT5yTX/view,
archive-calendars-s-08-calendar-en,Archive,Calendar,08 Calendar,,,2008,Spanish,PDF,45,,,,area09.org (legacy site),yes,,docs/archive/calendars/s-08-calendar-en.pdf,https://drive.google.com/file/d/1w6hbmwNLzaDZnNOOEpOpvLha1od3aoES/view,
archive-districts-d7-minutes-dec-10-07-en,Archive,District,"District 7 Minutes – December 10, 2007",Actas del Distrito 7 – 10 de diciembre de 2007,2007-12-10,2007,English,PDF,18,,d07,,area09.org (legacy site),yes,,docs/archive/districts/d7/minutes-dec-10-07-en.pdf,https://drive.google.com/file/d/1JoHwc5Q6oFY5kQrzKLYP5kqraAJBI0XB/view,
archive-districts-d6-district-6-minutes-12-4-07-en,Archive,District,"District 6 Minutes – December 4, 2007",Actas del Distrito 6 – 4 de diciembre de 2007,2007-12-04,2007,English,PDF,29,,d06,,area09.org (legacy site),yes,,docs/archive/districts/d6/district-6-minutes-12-4-07-en.pdf,https://drive.google.com/file/d/1Sz5y-zLlEhnFeczJ7BC8xvL2eMy_3yFY/view,
archive-conference-2007-dec-2007-asc-agenda-eng-en,Archive,Conference,Dec 2007 ASC Agenda,,2007-12,2007,English,PDF,30,,,,area09.org (legacy site),yes,,docs/archive/conference/2007/dec-2007-asc-agenda-eng-en.pdf,https://drive.google.com/file/d/10_JozdbqkXBZRtKwevxL_qvOvn0YeY9g/view,
archive-conference-novagen07-en,Archive,Conference,Nov Agenda 07,,2007-11,2007,English,PDF,75,,,,area09.org (legacy site),yes,,docs/archive/conference/novagen07-en.pdf,https://drive.google.com/file/d/1Qisq3Yle1_3k2lPYnnmKL4xVbvSc35j3/view,
archive-minutes-2007-cec-october-14-2007-minutes-1-en,Archive,Minutes,"CEC October 14, 2007 Minutes[1]",,2007-10-14,2007,English,PDF,21,,,cec,area09.org (legacy site),yes,,docs/archive/minutes/2007/cec-october-14-2007-minutes-1-en.pdf,https://drive.google.com/file/d/1QRVTqsAqbgcVI_cS3n0cVXuYJ5HPo0nr/view,
archive-districts-d7-2007-minutes-sept-10-07-2007-rev-en,Archive,District,"District 7 Minutes – October 7, 2007",Actas del Distrito 7 – 7 de octubre de 2007,2007-10-07,2007,English,PDF,25,,d07,,area09.org (legacy site),yes,,docs/archive/districts/d7/2007/minutes-sept-10-07-2007-rev-en.pdf,https://drive.google.com/file/d/1G7okwW_NNj0L9Sb4SyDewxJCjb60r-Jx/view,
archive-misc-sitestatsoct07-en,Archive,Misc,Site Stats Oct 2007,,2007-10,2007,English,PDF,16,,,,area09.org (legacy site),yes,,docs/archive/misc/sitestatsoct07-en.pdf,https://drive.google.com/file/d/1OZf5PJdoI0rVmJlEcbJ5ylPTVuGtF8K2/view,
archive-misc-octelec07-en,Archive,Misc,Oct Elec 07,,2007-10,2007,English,PDF,20,,,,area09.org (legacy site),yes,,docs/archive/misc/octelec07-en.pdf,https://drive.google.com/file/d/12cspKOMqQyVt0pleUhlrDLGAhU650LQX/view,
archive-conference-octagend07-en,Archive,Conference,Oct Agenda 07,,2007-10,2007,English,PDF,56,,,,area09.org (legacy site),yes,,docs/archive/conference/octagend07-en.pdf,https://drive.google.com/file/d/1kSGOxywMkX7Wg4gLafYwLZSh5mAtZNTX/view,
archive-misc-tfrqstsnu-09-10-07-en,Archive,Misc,"T Frqsts Nu September 10, 2007",,2007-09-10,2007,English,PDF,24,,,,area09.org (legacy site),yes,,docs/archive/misc/tfrqstsnu-09-10-07-en.pdf,https://drive.google.com/file/d/1OfY5lDBgfOkA2K4kwbhlRm1CxdqD6xIv/view,
archive-misc-tfpresentnsnu-09-10-07-en,Archive,Misc,"T Fpresentns Nu September 10, 2007",,2007-09-10,2007,English,PDF,17,,,,area09.org (legacy site),yes,,docs/archive/misc/tfpresentnsnu-09-10-07-en.pdf,https://drive.google.com/file/d/1-_B-AYm2lU1gewjUGZ6Jxu30fOitub6G/view,
archive-misc-tfgoalsnu-09-10-07-en,Archive,Misc,"T Fgoals Nu September 10, 2007",,2007-09-10,2007,English,PDF,15,,,,area09.org (legacy site),yes,,docs/archive/misc/tfgoalsnu-09-10-07-en.pdf,https://drive.google.com/file/d/1j8qebo4tOZWpcnAGoKLvHyNn3G3hKFFC/view,
archive-misc-tfcontactnu-09-10-07-en,Archive,Misc,"T Fcontact Nu September 10, 2007",,2007-09-10,2007,English,PDF,20,,,,area09.org (legacy site),yes,,docs/archive/misc/tfcontactnu-09-10-07-en.pdf,https://drive.google.com/file/d/1T8uCTl2JMPRR0_ivCoS1lDc_U5S2XJaE/view,
archive-conference-sepagen07-en,Archive,Conference,Sep Agenda 07,,2007-09,2007,English,PDF,76,,,,area09.org (legacy site),yes,,docs/archive/conference/sepagen07-en.pdf,https://drive.google.com/file/d/1pQDJPzyDAyDIDt1JTCkW51H_J1QwHucy/view,
archive-districts-d7-2007-minutes-oct-8-07-2007-en,Archive,District,"District 7 Minutes – August 7, 2007",Actas del Distrito 7 – 7 de agosto de 2007,2007-08-07,2007,English,PDF,24,,d07,,area09.org (legacy site),yes,,docs/archive/districts/d7/2007/minutes-oct-8-07-2007-en.pdf,https://drive.google.com/file/d/1fcLdSDwoTQm6LP-4aXG480Es40-gqREk/view,
archive-districts-d5-d5augnews07-en-redacted,Archive,District,District 5 Aug News 07,,2007-08,2007,English,PDF,34,,d05,,area09.org (legacy site),yes,,docs/archive/districts/d5/d5augnews07-en-redacted.pdf,https://drive.google.com/file/d/1he5ek71hrYvIUAAYyHlq1geU1meBzdW2/view,"Anonymity-redacted copy: full names shortened to first name + last initial, personal e-mails and phone numbers removed. Original (held for review): docs/archive/districts/d5/d5augnews07-en.pdf Re-redacted 2026-10-06: names shortened to first name + initial; personal contact details, addresses and sobriety dates removed (scripts/scan-documents.py)."
archive-conference-augagen07-en,Archive,Conference,ASC Agenda – August 2007,Agenda del CSA – agosto de 2007,2007-08,2007,English,PDF,75,ASC,,,area09.org (legacy site),yes,,docs/archive/conference/augagen07-en.pdf,https://drive.google.com/file/d/1fpzc5rTqfThuLXeex2C_unavaIe6vsUD/view,
archive-misc-sitestats072207-en,Archive,Misc,"Site Stats July 22, 2007",,2007-07-22,2007,English,PDF,14,,,,area09.org (legacy site),yes,,docs/archive/misc/sitestats072207-en.pdf,https://drive.google.com/file/d/1-_UdikP31HoXC1kXFaLNjfUA-chyDAYv/view,
archive-districts-d7-july9min07-en,Archive,District,July 9 Minutes 07,,2007-07,2007,English,PDF,21,,d07,,area09.org (legacy site),yes,,docs/archive/districts/d7/july9min07-en.pdf,https://drive.google.com/file/d/1lEb2fwHGI2XxNcDuu_YeD2qDE0ge5HEl/view,
archive-districts-d7-d7min061107-en,Archive,District,"District 7 Minutes – June 11, 2007",Actas del Distrito 7 – 11 de junio de 2007,2007-06-11,2007,English,PDF,22,,d07,,area09.org (legacy site),yes,,docs/archive/districts/d7/d7min061107-en.pdf,https://drive.google.com/file/d/1juCJ5Lcg3qMrsdUWdJAMHYU-MGkMExDw/view,
archive-conference-agen07jun-en,Archive,Conference,Agenda 07 Jun,,2007-06,2007,English,PDF,75,,,,area09.org (legacy site),yes,,docs/archive/conference/agen07jun-en.pdf,https://drive.google.com/file/d/16jf60rpisCYFEYqDIR9vwnHxbxkg1J9R/view,
archive-minutes-mayassembly07-minutes-2-en-redacted,Archive,Minutes,Assembly (ASA) Minutes – May 2007,Actas de la Asamblea (ASA) – mayo de 2007,2007-05-20,2007,English,PDF,23,ASA,,,area09.org (legacy site),yes,,docs/archive/minutes/mayassembly07-minutes-2-en-redacted.pdf,https://drive.google.com/file/d/1OPCNAgY9hOfM6YvXwxIKtdQDnrF-9oQ6/view,"Anonymity-redacted copy: full names shortened to first name + last initial, personal e-mails and phone numbers removed. Original (held for review): docs/archive/minutes/mayassembly07-minutes-2-en.pdf"
archive-districts-d7-d7min051407-en,Archive,District,"District 7 Minutes – May 14, 2007",Actas del Distrito 7 – 14 de mayo de 2007,2007-05-14,2007,English,PDF,38,,d07,,area09.org (legacy site),yes,,docs/archive/districts/d7/d7min051407-en.pdf,https://drive.google.com/file/d/1c2TwwJr0NySJToRoD-C9rKoYPVI3Kjqu/view,
archive-conference-mayassemagen07-en,Archive,Conference,May Assembly Agenda 07,,2007-05,2007,English,PDF,66,,,,area09.org (legacy site),yes,,docs/archive/conference/mayassemagen07-en.pdf,https://drive.google.com/file/d/1LWuC-ivra09Hfn5el-XZ-n6N1Ebq6jrW/view,
archive-districts-d7-d7min040907-en,Archive,District,"District 7 Minutes – April 9, 2007",Actas del Distrito 7 – 9 de abril de 2007,2007-04-09,2007,English,PDF,37,,d07,,area09.org (legacy site),yes,,docs/archive/districts/d7/d7min040907-en.pdf,https://drive.google.com/file/d/1L2Cyn-v6tGbSXenNKoU6xLvZj546-xWZ/view,
archive-districts-d5-d5april07news2-en,Archive,District,District 5 April 07 News 2,,2007-04,2007,English,PDF,34,,d05,,area09.org (legacy site),yes,,docs/archive/districts/d5/d5april07news2-en.pdf,https://drive.google.com/file/d/1yCECItwChZAoUAZnFwnYpYgJXUHR3Glj/view,
archive-districts-d5-d5aprinews07-en,Archive,District,District 5 Apri News 07,,2007-04,2007,English,PDF,34,,d05,,area09.org (legacy site),yes,,docs/archive/districts/d5/d5aprinews07-en.pdf,https://drive.google.com/file/d/11aDdzKK0X02fa9C-XLqLZMOuDfd1b8Ls/view,
archive-districts-d7-d7min031207-en,Archive,District,"District 7 Minutes – March 12, 2007",Actas del Distrito 7 – 12 de marzo de 2007,2007-03-12,2007,English,PDF,43,,d07,,area09.org (legacy site),yes,,docs/archive/districts/d7/d7min031207-en.pdf,https://drive.google.com/file/d/1w2qunKNgUwdT2UUiDXtrvCXTWgUp3wAq/view,
archive-misc-shimar07-en,Archive,Misc,Shi Mar 2007,,2007-03,2007,English,PDF,1222,,,,area09.org (legacy site),yes,,docs/archive/misc/shimar07-en.pdf,https://drive.google.com/file/d/1F3EYDgavT5TYGpKAqh-VMo83b88a3Shf/view,
archive-conference-marascagend07-en,Archive,Conference,Mar as Cagend 07,,2007-03,2007,English,PDF,75,,,,area09.org (legacy site),yes,,docs/archive/conference/marascagend07-en.pdf,https://drive.google.com/file/d/1H1sDm9GsyHJf9U0nMcRhEvcm0QCZlD9d/view,
archive-misc-himar07-en-redacted,Archive,Misc,Hi Mar 2007,,2007-03,2007,English,PDF,50,,,,area09.org (legacy site),yes,,docs/archive/misc/himar07-en-redacted.pdf,https://drive.google.com/file/d/1esSuisKcEmCVj39wLVj2giC2wTAymJkE/view,"Anonymity-redacted copy: full names shortened to first name + last initial, personal e-mails and phone numbers removed. Original (held for review): docs/archive/misc/himar07-en.pdf"
archive-districts-d7-d7min021207-en,Archive,District,"District 7 Minutes – February 12, 2007",Actas del Distrito 7 – 12 de febrero de 2007,2007-02-12,2007,English,PDF,42,,d07,,area09.org (legacy site),yes,,docs/archive/districts/d7/d7min021207-en.pdf,https://drive.google.com/file/d/1eoOAY5HHfYAfxtpXGDVuT3lwS2M9IRZG/view,
archive-conference-febagend07-en,Archive,Conference,Feb Agenda 07,,2007-02,2007,English,PDF,75,,,,area09.org (legacy site),yes,,docs/archive/conference/febagend07-en.pdf,https://drive.google.com/file/d/1KZwFfN1rGPM36mx6FrpjtxbYoQGS5Kp9/view,
archive-minutes-sminassembjan07-en-redacted,Archive,Minutes,Minutes Assemb Jan 2007,Actas Assemb enero de 2007,2007-01-14,2007,Spanish,PDF,54,,,,area09.org (legacy site),yes,,docs/archive/minutes/sminassembjan07-en-redacted.pdf,https://drive.google.com/file/d/1e4ZSxsn6jwf5_JGyFpSs4uhr9XSVUvyd/view,"Anonymity-redacted copy: full names shortened to first name + last initial, personal e-mails and phone numbers removed. Original (held for review): docs/archive/minutes/sminassembjan07-en.pdf"
archive-minutes-minjanassem07-en-redacted,Archive,Minutes,Assembly (ASA) Minutes – January 2007,Actas de la Asamblea (ASA) – enero de 2007,2007-01-14,2007,English,PDF,50,ASA,,,area09.org (legacy site),yes,,docs/archive/minutes/minjanassem07-en-redacted.pdf,https://drive.google.com/file/d/1QO5QoGB4iQbcXyKtmTRkUoKu-SFx6Yyu/view,"Anonymity-redacted copy: full names shortened to first name + last initial, personal e-mails and phone numbers removed. Original (held for review): docs/archive/minutes/minjanassem07-en.pdf"
archive-minutes-jan-07-arch-minutes-en,Archive,Minutes,Jan 07 Archives Minutes,,2007-01-12,2007,English,PDF,19,,,,area09.org (legacy site),yes,,docs/archive/minutes/jan-07-arch-minutes-en.pdf,https://drive.google.com/file/d/1LcQuLoJjUyc3kOlgKhcY0E3DDeS2Uvrh/view,
archive-districts-d7-d7min010807-en,Archive,District,"District 7 Minutes – January 8, 2007",Actas del Distrito 7 – 8 de enero de 2007,2007-01-08,2007,English,PDF,37,,d07,,area09.org (legacy site),yes,,docs/archive/districts/d7/d7min010807-en.pdf,https://drive.google.com/file/d/1nNR31W4S1QAWgPPIMMhLhS1omYH4cA_-/view,
archive-reports-jan-board-report-07-en,Archive,Reports,Jan Board Report 07,,2007-01,2007,English,PDF,91,,,,area09.org (legacy site),yes,,docs/archive/reports/jan-board-report-07-en.pdf,https://drive.google.com/file/d/1pG4DMZqGqA7oXEqTl4VoVDwivdxb4FPV/view,
archive-conference-janassemagend07-en,Archive,Conference,Jan Assembly Agenda 07,,2007-01,2007,English,PDF,73,,,,area09.org (legacy site),yes,,docs/archive/conference/janassemagend07-en.pdf,https://drive.google.com/file/d/1MASyyDViDgEYM6qwqfGpx5JK3Ipf372K/view,
archive-newsletters-wmarnews07v2-en,Archive,Newsletters,W Mar News 07 v 2 2007,,2007,2007,English,PDF,312,,,,area09.org (legacy site),yes,,docs/archive/newsletters/wmarnews07v2-en.pdf,https://drive.google.com/file/d/1T4tipiFgApMSnynN8nDxqwv4YRCaCqpo/view,
archive-newsletters-wjunnews07-en-redacted,Archive,Newsletters,W Jun News 07 2007,,2007,2007,English,PDF,241,,,,area09.org (legacy site),yes,,docs/archive/newsletters/wjunnews07-en-redacted.pdf,https://drive.google.com/file/d/1in7yS-rHg7VHvG9PtQmryVNXYNHpzXgM/view,"Anonymity-redacted copy: full names shortened to first name + last initial, personal e-mails and phone numbers removed. Original (held for review): docs/archive/newsletters/wjunnews07-en.pdf"
archive-newsletters-wfebnews07-en-redacted,Archive,Newsletters,W Feb News 07 2007,,2007,2007,English,PDF,262,,,,area09.org (legacy site),yes,,docs/archive/newsletters/wfebnews07-en-redacted.pdf,https://drive.google.com/file/d/1NNs2n3YdOjGrOhhelyERQLuTUmd_o0NH/view,"Anonymity-redacted copy: full names shortened to first name + last initial, personal e-mails and phone numbers removed. Original (held for review): docs/archive/newsletters/wfebnews07-en.pdf"
archive-newsletters-waugnews07-en-redacted,Archive,Newsletters,W Aug News 07 2007,,2007,2007,English,PDF,231,,,,area09.org (legacy site),yes,,docs/archive/newsletters/waugnews07-en-redacted.pdf,https://drive.google.com/file/d/1PfYwaAySxjIaa6OGsjmhskacvDsD7W2H/view,"Anonymity-redacted copy: full names shortened to first name + last initial, personal e-mails and phone numbers removed. Original (held for review): docs/archive/newsletters/waugnews07-en.pdf"
archive-newsletters-swfebnews07-en-redacted,Archive,Newsletters,Sw Feb News 07,Sw febrero News 07,,2007,Spanish,PDF,254,,,,area09.org (legacy site),yes,,docs/archive/newsletters/swfebnews07-en-redacted.pdf,https://drive.google.com/file/d/1KOTZDaGwM6ke0RrkxUG9k8xTWBk5emlu/view,"Anonymity-redacted copy: full names shortened to first name + last initial, personal e-mails and phone numbers removed. Original (held for review): docs/archive/newsletters/swfebnews07-en.pdf"
archive-conference-s-prelim-conference-agend-07-en,Archive,Conference,Preliminary Conference Agenda 07,,,2007,Spanish,PDF,43,,,,area09.org (legacy site),yes,,docs/archive/conference/s-prelim-conference-agend-07-en.pdf,https://drive.google.com/file/d/1gKNaIwplAnOgsGWNBOn-VB_97tndyw2X/view,language detected from text: Spanish (was English)
archive-conference-s-pre-conference-w-07-en,Archive,Conference,Pre Conference W 07,,,2007,Spanish,PDF,156,,,,area09.org (legacy site),yes,,docs/archive/conference/s-pre-conference-w-07-en.pdf,https://drive.google.com/file/d/1HzwgTryPF8eIi6brLWTMKoX-PfZGbTgC/view,
archive-conference-pcagenda07-en,Archive,Conference,P Cagenda 07,,,2007,English,PDF,170,,,,area09.org (legacy site),yes,,docs/archive/conference/pcagenda07-en.pdf,https://drive.google.com/file/d/1P8MOVBVgn-X6scBZdLWvHIQb_nVAs730/view,
archive-newsletters-snovnews07-en,Archive,Newsletters,Nov News 07,Noviembre News 07,,2007,Spanish,PDF,279,,,,area09.org (legacy site),yes,,docs/archive/newsletters/snovnews07-en.pdf,https://drive.google.com/file/d/1-PUoZMd8d3CDSCfINLGO51kEzkISva5S/view,
archive-newsletters-smaynews07-en-redacted,Archive,Newsletters,May News 07,Mayo News 07,,2007,Spanish,PDF,272,,,,area09.org (legacy site),yes,,docs/archive/newsletters/smaynews07-en-redacted.pdf,https://drive.google.com/file/d/1NACwTJH-G_2ppY9aD2jqwVzkdT-x4L2_/view,"Anonymity-redacted copy: full names shortened to first name + last initial, personal e-mails and phone numbers removed. Original (held for review): docs/archive/newsletters/smaynews07-en.pdf Re-redacted 2026-10-06: names shortened to first name + initial; personal contact details, addresses and sobriety dates removed (scripts/scan-documents.py)."
archive-conference-smayassemagen07-en,Archive,Conference,May Assembly Agenda 07,Mayo Assembly Agenda 07,,2007,Spanish,PDF,71,,,,area09.org (legacy site),yes,,docs/archive/conference/smayassemagen07-en.pdf,https://drive.google.com/file/d/1L-mmIsybf0mJ24hj5tJhbwBDDnoF0y7T/view,language detected from text: Spanish (was English)
archive-newsletters-smarnews07-en-redacted,Archive,Newsletters,Mar News 07,Marzo News 07,,2007,Spanish,PDF,316,,,,area09.org (legacy site),yes,,docs/archive/newsletters/smarnews07-en-redacted.pdf,https://drive.google.com/file/d/1IdXHOCdcIJdonfDYEn7WvyGGUIzeVe9r/view,"Anonymity-redacted copy: full names shortened to first name + last initial, personal e-mails and phone numbers removed. Original (held for review): docs/archive/newsletters/smarnews07-en.pdf Re-redacted 2026-10-06: names shortened to first name + initial; personal contact details, addresses and sobriety dates removed (scripts/scan-documents.py)."
archive-minutes-junmin07asc-en,Archive,Minutes,Jun Minutes 07 ASC 2007,,2007,2007,English,PDF,129,ASC,,,area09.org (legacy site),yes,,docs/archive/minutes/junmin07asc-en.pdf,https://drive.google.com/file/d/12YrLjBMK_XOBlYlKV5tJ51p099cseH8S/view,
archive-conference-sjanassemagend07-en,Archive,Conference,Jan Assembly Agenda 07,Enero Assembly Agenda 07,,2007,Spanish,PDF,81,,,,area09.org (legacy site),yes,,docs/archive/conference/sjanassemagend07-en.pdf,https://drive.google.com/file/d/1UuvOMoqpZlV2ePD-ATG_V-Y1gXgUTeJ0/view,
archive-misc-2021-guias-instituciones-correctionales-spanish-2007-1-es,Archive,Misc,Guias Instituciones Correccionales Spanish 2007 1,Guias Instituciones Correccionales (español) 2007 1,2007,2007,Spanish,PDF,62,,,corrections,msca09aa.org,yes,,docs/archive/misc/2021/guias-instituciones-correctionales-spanish-2007-1-es.pdf,https://drive.google.com/file/d/14AkqtknOoo0pc755rWmOa1Xa2LEngzMJ/view,
archive-finances-3q07r-en,Archive,Finances,Group contributions – 3rd quarter 2007,Contribuciones de los grupos – 3.er trimestre de 2007,2007,2007,English,PDF,58,,,,area09.org (legacy site),yes,,docs/archive/finances/3q07r-en.pdf,https://drive.google.com/file/d/1DHxcsC-tY3Eluug4L7-7t59PRkZRnoIq/view,
archive-finances-2ndq07-en,Archive,Finances,Group contributions – 2nd quarter 2007,Contribuciones de los grupos – 2.º trimestre de 2007,2007,2007,Bilingual,PDF,115,,,,area09.org (legacy site),yes,,docs/archive/finances/2ndq07-en.pdf,https://drive.google.com/file/d/1YrPsxW9CHzkiPd3w6_MiuUbzPvRyJ0Mo/view,
archive-finances-q1cont07-en,Archive,Finances,Group contributions – 1st quarter 2007,Contribuciones de los grupos – 1.er trimestre de 2007,2007,2007,Bilingual,PDF,100,,,,area09.org (legacy site),yes,,docs/archive/finances/q1cont07-en.pdf,https://drive.google.com/file/d/1S5o2A9jfmE7IRBJtBAhp7gm9kmWXXDwo/view,
archive-conference-gscrpt07-en-redacted,Archive,Conference,General Service Conference Report 2007,Informe de la Conferencia de Servicios Generales 2007,2007,2007,English,PDF,48,,,,area09.org (legacy site),yes,,docs/archive/conference/gscrpt07-en-redacted.pdf,https://drive.google.com/file/d/15bHheqY--9UrJcuqv9Yqu8p7da84-Tq-/view,"Anonymity-redacted copy: full names shortened to first name + last initial, personal e-mails and phone numbers removed. Original (held for review): docs/archive/conference/gscrpt07-en.pdf Re-redacted 2026-10-06: names shortened to first name + initial; personal contact details, addresses and sobriety dates removed (scripts/scan-documents.py)."
archive-conference-sgscrpt07-en-redacted,Archive,Conference,GS Crpt 07,,,2007,Spanish,PDF,34,,,,area09.org (legacy site),yes,,docs/archive/conference/sgscrpt07-en-redacted.pdf,https://drive.google.com/file/d/1InvahEJTu5ZhnMhG8QI57BU2PSSlqaki/view,"Anonymity-redacted copy: full names shortened to first name + last initial, personal e-mails and phone numbers removed. Original (held for review): docs/archive/conference/sgscrpt07-en.pdf"
archive-conference-s-final-conference-agend-07-en,Archive,Conference,Final Conference Agenda 07,,,2007,Spanish,PDF,45,,,,area09.org (legacy site),yes,,docs/archive/conference/s-final-conference-agend-07-en.pdf,https://drive.google.com/file/d/1nC9XcUj7JV2mgiehIq_S1mni1dIbY9W4/view,language detected from text: Spanish (was English)
archive-minutes-febasc07minfinal-en-redacted,Archive,Minutes,Feb ASC 07 Minutes Final 2007,,2007,2007,English,PDF,126,ASC,,,area09.org (legacy site),yes,,docs/archive/minutes/febasc07minfinal-en-redacted.pdf,https://drive.google.com/file/d/1pEZaEGzqge-zFXuW5IbmHw4iz-DfHUMI/view,"Anonymity-redacted copy: full names shortened to first name + last initial, personal e-mails and phone numbers removed. Original (held for review): docs/archive/minutes/febasc07minfinal-en.pdf"
archive-minutes-sfebasc07minfinal-en-redacted,Archive,Minutes,Feb ASC 07 Minutes Final,Febrero CSA 07 Actas final,,2007,Spanish,PDF,102,ASC,,,area09.org (legacy site),yes,,docs/archive/minutes/sfebasc07minfinal-en-redacted.pdf,https://drive.google.com/file/d/14930WaEdE6DS3qcesQyHEKQFGA7U6NPg/view,"Anonymity-redacted copy: full names shortened to first name + last initial, personal e-mails and phone numbers removed. Original (held for review): docs/archive/minutes/sfebasc07minfinal-en.pdf Re-redacted 2026-10-06: names shortened to first name + initial; personal contact details, addresses and sobriety dates removed (scripts/scan-documents.py)."
archive-guidelines-dcmglines-en,Archive,Guidelines,District Committee Member (DCM) School Committee Guidelines,,2007,2007,English,PDF,55,,,,area09.org (legacy site),yes,,docs/archive/guidelines/dcmglines-en.pdf,https://drive.google.com/file/d/1n2sTWGMpKT1ZjdHj28cecbMip5ptF3aP/view,
archive-districts-d5-2007-winter2007-newsletter-en-redacted,Archive,District,District 5 Newsletter – 2007,Boletín del Distrito 5 – 2007,2007,2007,English,PDF,62,,d05,,area09.org (legacy site),yes,,docs/archive/districts/d5/2007/winter2007-newsletter-en-redacted.pdf,https://drive.google.com/file/d/1s3csk4zFGiNh-CWIhv3IsXNpnZOQo-4k/view,"Anonymity-redacted copy: full names shortened to first name + last initial, personal e-mails and phone numbers removed. Original (held for review): docs/archive/districts/d5/2007/winter2007-newsletter-en.pdf"
archive-guidelines-2007-corrections-guidelines-final-draft-2007-en,Archive,Guidelines,Corrections Committee Guidelines (2007),Guías del Comité de Instituciones Correccionales (2007),2007,2007,English,PDF,19,,,corrections,area09.org (legacy site),yes,,docs/archive/guidelines/2007/corrections-guidelines-final-draft-2007-en.pdf,https://drive.google.com/file/d/1WCnRUX6UGGpz-No8Pogn_YSnIw2i0Q6l/view,
archive-misc-scalndr07-en,Archive,Misc,Calendar 07,,,2007,Spanish,PDF,44,,,,area09.org (legacy site),yes,,docs/archive/misc/scalndr07-en.pdf,https://drive.google.com/file/d/1JMiNbFXKtLbWDD0n-ZB3rnHHpub0PvYS/view,
archive-misc-cipwrkshp07-en,Archive,Misc,CI Pwrkshp 07,,,2007,English,PDF,17,,,,area09.org (legacy site),yes,,docs/archive/misc/cipwrkshp07-en.pdf,https://drive.google.com/file/d/1_j13-MvhbxBCwUnLN-zK_amNdte-5Nkz/view,
archive-minutes-augmin07asc-en,Archive,Minutes,Aug Minutes 07 ASC 2007,,2007,2007,English,PDF,31,ASC,,,area09.org (legacy site),yes,,docs/archive/minutes/augmin07asc-en.pdf,https://drive.google.com/file/d/12y6bKv-A-3SPcsYxNfb2NUg5MxVXdD1t/view,
archive-conference-additional-considerations-07-en,Archive,Conference,Additional Considerations 07,,,2007,English,PDF,80,,,,area09.org (legacy site),yes,,docs/archive/conference/additional-considerations-07-en.pdf,https://drive.google.com/file/d/1_GXsNva4pVgbEjdGmq3PPdqEtwdcWf00/view,
archive-misc-aawshilits121506-en,Archive,Misc,"A.A.W.S. Highlights December 15, 2006",,2006-12-15,2006,English,PDF,47,,,,area09.org (legacy site),yes,,docs/archive/misc/aawshilits121506-en.pdf,https://drive.google.com/file/d/1QW0pkxL1WU2eCX4sAQA5XBAJ1hou5ZKQ/view,
archive-misc-saawshilits121506-en,Archive,Misc,"A.A.W.S. Highlights December 15, 2006",A.A.W.S. Highlights 15 de diciembre de 2006,2006-12-15,2006,Spanish,PDF,39,,,,area09.org (legacy site),yes,,docs/archive/misc/saawshilits121506-en.pdf,https://drive.google.com/file/d/1iIykkBJL8iKkKqGM8lF6eEC8QbfDnpSL/view,
archive-minutes-mindec06ascfinal-en-redacted,Archive,Minutes,Minutes Dec 06 as Cfinal 2006,,2006-12-10,2006,English,PDF,117,,,,area09.org (legacy site),yes,,docs/archive/minutes/mindec06ascfinal-en-redacted.pdf,https://drive.google.com/file/d/1tpGSai-lEVb8M0Wab_ngVfHap7blGBOt/view,"Anonymity-redacted copy: full names shortened to first name + last initial, personal e-mails and phone numbers removed. Original (held for review): docs/archive/minutes/mindec06ascfinal-en.pdf Re-redacted 2026-10-06: names shortened to first name + initial; personal contact details, addresses and sobriety dates removed (scripts/scan-documents.py)."
archive-districts-d7-d7min120406-en,Archive,District,"District 7 Minutes – December 4, 2006",Actas del Distrito 7 – 4 de diciembre de 2006,2006-12-04,2006,English,PDF,32,,d07,,area09.org (legacy site),yes,,docs/archive/districts/d7/d7min120406-en.pdf,https://drive.google.com/file/d/1Q2f3ZMnbWUMHcfQ1MJ17DLMb0oftNPHy/view,
archive-minutes-smindec06ascfina-en-redacted,Archive,Minutes,Minutes Dec 06 as Cfina,Actas diciembre 06 as Cfina,2006-12,2006,Spanish,PDF,98,,,,area09.org (legacy site),yes,,docs/archive/minutes/smindec06ascfina-en-redacted.pdf,https://drive.google.com/file/d/1i8BvGaXOYcDxs6BvfzMHgvPlhvRuCWsD/view,"Anonymity-redacted copy: full names shortened to first name + last initial, personal e-mails and phone numbers removed. Original (held for review): docs/archive/minutes/smindec06ascfina-en.pdf"
archive-conference-decagenda06-en,Archive,Conference,Dec Agenda 06,,2006-12,2006,English,PDF,75,,,,area09.org (legacy site),yes,,docs/archive/conference/decagenda06-en.pdf,https://drive.google.com/file/d/1evNf4KOFgtI6vBVdRYSIelYsdba9lefg/view,
archive-minutes-nov-06-arch-minutes-en,Archive,Minutes,Nov 06 Archives Minutes,,2006-11-04,2006,English,PDF,20,,,,area09.org (legacy site),yes,,docs/archive/minutes/nov-06-arch-minutes-en.pdf,https://drive.google.com/file/d/11Kw1prXP71MoTZjdonSOLK0NJFWyrl7Z/view,
archive-misc-noviembre06-en,Archive,Misc,Noviembre 2006,,2006-11,2006,English,PDF,599,,,,area09.org (legacy site),yes,,docs/archive/misc/noviembre06-en.pdf,https://drive.google.com/file/d/1FfSTUxfh5wrtorWaWg8hsmncGUrnG1g3/view,
archive-districts-d7-d7min6nov06-en,Archive,District,District 7 Minutes – November 2006,Actas del Distrito 7 – noviembre de 2006,2006-11,2006,English,PDF,39,,d07,,area09.org (legacy site),yes,,docs/archive/districts/d7/d7min6nov06-en.pdf,https://drive.google.com/file/d/1EJ43SladE7186OZ84hlr3xuUR_oT94qH/view,
archive-misc-octubre06-en,Archive,Misc,Octubre 2006,,2006-10,2006,English,PDF,68,,,,area09.org (legacy site),yes,,docs/archive/misc/octubre06-en.pdf,https://drive.google.com/file/d/1agCef0SgVhXBqEuOnfPLkwhpsIck3lSy/view,
archive-conference-oct06asagenda-en,Archive,Conference,Oct 06 A Sagenda,,2006-10,2006,English,PDF,75,,,,area09.org (legacy site),yes,,docs/archive/conference/oct06asagenda-en.pdf,https://drive.google.com/file/d/1MRylLSmMvl8WX5lahKVo598vLFvUbX7I/view,
archive-districts-d7-2006-d7minoct22006-en,Archive,District,District 7 Minutes – October 2006,Actas del Distrito 7 – octubre de 2006,2006-10,2006,English,PDF,41,,d07,,area09.org (legacy site),yes,,docs/archive/districts/d7/2006/d7minoct22006-en.pdf,https://drive.google.com/file/d/1juTBQoKpqbI6uvAlyAGX5UGGyhsNKppl/view,
archive-minutes-ssep06min-en-redacted,Archive,Minutes,Sep 06 Minutes,Septiembre 06 Actas,2006-09-10,2006,Spanish,PDF,113,,,,area09.org (legacy site),yes,,docs/archive/minutes/ssep06min-en-redacted.pdf,https://drive.google.com/file/d/1unLC-VxzVxjw09IvAsjt6GtcddW7Ajf_/view,"Anonymity-redacted copy: full names shortened to first name + last initial, personal e-mails and phone numbers removed. Original (held for review): docs/archive/minutes/ssep06min-en.pdf"
archive-minutes-sep06min-en,Archive,Minutes,Assembly (ASA) Minutes – September 2006,Actas de la Asamblea (ASA) – septiembre de 2006,2006-09-10,2006,English,PDF,34,ASA,,,area09.org (legacy site),yes,,docs/archive/minutes/sep06min-en.pdf,https://drive.google.com/file/d/1YEU1_zde-AY2GXC3yT9EebTi56Dbz5tb/view,
archive-minutes-sep-06-arch-minutes-en,Archive,Minutes,Sep 06 Archives Minutes,,2006-09-09,2006,English,PDF,13,,,,area09.org (legacy site),yes,,docs/archive/minutes/sep-06-arch-minutes-en.pdf,https://drive.google.com/file/d/1SEP7ltgMROEsz26RrHPNxqeAXqwEfgkC/view,
archive-misc-septiembre06-en,Archive,Misc,Septiembre 2006,,2006-09,2006,English,PDF,75,,,,area09.org (legacy site),yes,,docs/archive/misc/septiembre06-en.pdf,https://drive.google.com/file/d/1HK_locdo2a5mQqOEfKHvoYRWKAlbQ-Ts/view,
archive-conference-sepagenda06-en,Archive,Conference,Sep Agenda 06,,2006-09,2006,English,PDF,75,,,,area09.org (legacy site),yes,,docs/archive/conference/sepagenda06-en.pdf,https://drive.google.com/file/d/1TvLYWwl-cj-oFMKIclU1utG6iEznC_Wc/view,
archive-districts-d7-2006-d7minsep42006-en,Archive,District,District 7 Minutes – September 2006,Actas del Distrito 7 – septiembre de 2006,2006-09,2006,English,PDF,38,,d07,,area09.org (legacy site),yes,,docs/archive/districts/d7/2006/d7minsep42006-en.pdf,https://drive.google.com/file/d/1gAtvN4ZXNHEaggEN8EWHvIMbzl4thhtj/view,
archive-misc-cecmin081306-en,Archive,Misc,"CE Cmin August 13, 2006",,2006-08-13,2006,English,PDF,27,,,,area09.org (legacy site),yes,,docs/archive/misc/cecmin081306-en.pdf,https://drive.google.com/file/d/1MkgSBqFyn6gxRM-hw9ahxXBQk7ZH9KWM/view,
archive-conference-augascagenda06-en,Archive,Conference,Aug ASC Agenda 06,,2006-08,2006,English,PDF,74,,,,area09.org (legacy site),yes,,docs/archive/conference/augascagenda06-en.pdf,https://drive.google.com/file/d/194msLw1UWK3VsdKVBp3iYdebTMHRf_3F/view,
archive-misc-agosto06-en,Archive,Misc,Agosto 2006,,2006-08,2006,English,PDF,79,,,,area09.org (legacy site),yes,,docs/archive/misc/agosto06-en.pdf,https://drive.google.com/file/d/1wwZi79-w2gPxcnxwxfXN69iFFURpJzh5/view,
archive-minutes-jul-06-arch-minutes-en,Archive,Minutes,Jul 06 Archives Minutes,,2006-07-08,2006,English,PDF,18,,,,area09.org (legacy site),yes,,docs/archive/minutes/jul-06-arch-minutes-en.pdf,https://drive.google.com/file/d/13cN5pyRn9rrf3Tkbx_zzwSi2YqqwjGl8/view,
archive-misc-julio06-en,Archive,Misc,Julio 2006,,2006-07,2006,English,PDF,57,,,,area09.org (legacy site),yes,,docs/archive/misc/julio06-en.pdf,https://drive.google.com/file/d/1KnuBsJgll6p8mrCMW4PoxOtuR669yTrU/view,
archive-misc-cecmin060106-en,Archive,Misc,"CE Cmin June 1, 2006",,2006-06-01,2006,English,PDF,32,,,,area09.org (legacy site),yes,,docs/archive/misc/cecmin060106-en.pdf,https://drive.google.com/file/d/1vjwmY_3Wf-kRaa0Y3aYicGTyIS9nfDNR/view,
archive-misc-junio06-en,Archive,Misc,Junio 2006,,2006-06,2006,English,PDF,96,,,,area09.org (legacy site),yes,,docs/archive/misc/junio06-en.pdf,https://drive.google.com/file/d/1ZZ1aN4bnccRIzTLFxPAvy8q54F4izaSP/view,
archive-minutes-maymin06-en,Archive,Minutes,Assembly (ASA) Minutes – May 2006,Actas de la Asamblea (ASA) – mayo de 2006,2006-05-14,2006,English,PDF,27,ASA,,,area09.org (legacy site),yes,,docs/archive/minutes/maymin06-en.pdf,https://drive.google.com/file/d/1lPV8iRcOVUqON7WW2fZVT1ri_Uits329/view,
archive-minutes-may-06-arch-minutes-en,Archive,Minutes,May 06 Archives Minutes,,2006-05-13,2006,English,PDF,18,,,,area09.org (legacy site),yes,,docs/archive/minutes/may-06-arch-minutes-en.pdf,https://drive.google.com/file/d/1qdUYoZHid3czGLnkF-CcwLXxlx6P13SA/view,
archive-misc-mayo06-en,Archive,Misc,Mayo 2006,,2006-05,2006,English,PDF,95,,,,area09.org (legacy site),yes,,docs/archive/misc/mayo06-en.pdf,https://drive.google.com/file/d/1sgfPxx-UxixGdLZ_VcXKgSrAKh7fNHSB/view,
archive-districts-d7-d7minmay06-en,Archive,District,District 7 Minutes – May 2006,Actas del Distrito 7 – mayo de 2006,2006-05,2006,English,PDF,40,,d07,,area09.org (legacy site),yes,,docs/archive/districts/d7/d7minmay06-en.pdf,https://drive.google.com/file/d/1m4ieymqOP0EYhaWrQbTxL6HWP78ktFfB/view,
archive-districts-d15-d15minmay06-en,Archive,District,District 15 Minutes – May 2006,Actas del Distrito 15 – mayo de 2006,2006-05,2006,English,PDF,19,,d15,,area09.org (legacy site),yes,,docs/archive/districts/d15/d15minmay06-en.pdf,https://drive.google.com/file/d/1bloppczzH91NtcYck1i2Sp6S3cFx4OCL/view,
archive-districts-d7-d7minapril06-en,Archive,District,District 7 Minutes – April 2006,Actas del Distrito 7 – abril de 2006,2006-04,2006,English,PDF,36,,d07,,area09.org (legacy site),yes,,docs/archive/districts/d7/d7minapril06-en.pdf,https://drive.google.com/file/d/1JVixkklR3cx_PehiOAjwdFmvfXIFTUJL/view,
archive-districts-d15-d15apr06min-en,Archive,District,District 15 Minutes – April 2006,Actas del Distrito 15 – abril de 2006,2006-04,2006,English,PDF,20,,d15,,area09.org (legacy site),yes,,docs/archive/districts/d15/d15apr06min-en.pdf,https://drive.google.com/file/d/1KQsvinQEwCcWa-pfpRy1yPP4VIXflpvs/view,
archive-misc-abril06-en,Archive,Misc,Abril 2006,,2006-04,2006,English,PDF,130,,,,area09.org (legacy site),yes,,docs/archive/misc/abril06-en.pdf,https://drive.google.com/file/d/1cfKRIcTR46Khcy0KI9EWgXa39fjikDAI/view,
archive-minutes-2006-area-minutes-march-11-2006-en,Archive,Minutes,"Area Minutes March 11, 2006",,2006-03-11,2006,English,PDF,70,,,,area09.org (legacy site),yes,,docs/archive/minutes/2006/area-minutes-march-11-2006-en.pdf,https://drive.google.com/file/d/1q4_U-RmkFbRRxCaNyaGXePOEmSGlKhaz/view,
archive-misc-marzo06-en,Archive,Misc,Marzo 2006,,2006-03,2006,English,PDF,226,,,,area09.org (legacy site),yes,,docs/archive/misc/marzo06-en.pdf,https://drive.google.com/file/d/1fH_-8LzmaHHugrG_6kaULSK3GC56jcui/view,
archive-conference-marascagenda06-en,Archive,Conference,Mar ASC Agenda 06,,2006-03,2006,English,PDF,135,,,,area09.org (legacy site),yes,,docs/archive/conference/marascagenda06-en.pdf,https://drive.google.com/file/d/1ernGCqOGVk8vuYjVRh3gpwQLVmPZd8FK/view,
archive-districts-d7-d7mar6min06-en,Archive,District,District 7 Mar 6 Minutes 06,,2006-03,2006,English,PDF,38,,d07,,area09.org (legacy site),yes,,docs/archive/districts/d7/d7mar6min06-en.pdf,https://drive.google.com/file/d/1EBSxCVJm1P6Nl0Zlz2XNU7DSuFqSQYoG/view,
archive-minutes-feb06ascmin-en,Archive,Minutes,Feb 06 as Cmin 2006,,2006-02-12,2006,English,PDF,51,,,,area09.org (legacy site),yes,,docs/archive/minutes/feb06ascmin-en.pdf,https://drive.google.com/file/d/1MN0lAWvBhzQP4iaFZtfzi1-j3uXf4wDM/view,
archive-misc-febrero06-en,Archive,Misc,Febrero 2006,,2006-02,2006,English,PDF,83,,,,area09.org (legacy site),yes,,docs/archive/misc/febrero06-en.pdf,https://drive.google.com/file/d/14m-qeoN3n3mdjDH_1N3U35AVOdLAkC-0/view,
archive-conference-febascagenda06-en,Archive,Conference,Feb ASC Agenda 06,,2006-02,2006,English,PDF,140,,,,area09.org (legacy site),yes,,docs/archive/conference/febascagenda06-en.pdf,https://drive.google.com/file/d/1qD6hgTsdaMCj_adhuKkH_5NZT2NVwdmJ/view,
archive-minutes-sfeb06ascmin-en,Archive,Minutes,Feb 06 as Cmin,Febrero 06 as Cmin,2006-02,2006,Spanish,PDF,44,,,,area09.org (legacy site),yes,,docs/archive/minutes/sfeb06ascmin-en.pdf,https://drive.google.com/file/d/1-_TOtjksauMeFsQ2wBYn5s8bwb4sJ4Mn/view,language detected from text: Spanish (was English)
archive-districts-d7-d7feb6min06-en,Archive,District,District 7 Feb 6 Minutes 06,,2006-02,2006,English,PDF,37,,d07,,area09.org (legacy site),yes,,docs/archive/districts/d7/d7feb6min06-en.pdf,https://drive.google.com/file/d/1PDjB-ZynBTSbFDjqAvG5sp3KEnX3jWce/view,
archive-misc-dcmvisit010806-en,Archive,Misc,"D.C.M. Visit January 8, 2006",,2006-01-08,2006,English,PDF,29,,,,area09.org (legacy site),yes,,docs/archive/misc/dcmvisit010806-en.pdf,https://drive.google.com/file/d/1sYHoe7KfcGH1RMaSGLsd2ku_quccKa1a/view,
archive-minutes-2006-area-minutes-january-6-2006-en,Archive,Minutes,"Area Minutes January 6, 2006",,2006-01-06,2006,English,PDF,49,,,,area09.org (legacy site),yes,,docs/archive/minutes/2006/area-minutes-january-6-2006-en.pdf,https://drive.google.com/file/d/1-Gt4NERO22a7NcKXkKzr4KQTOPsH9SCY/view,
archive-conference-jan06agend-en,Archive,Conference,Jan 06 Agenda,,2006-01,2006,English,PDF,82,,,,area09.org (legacy site),yes,,docs/archive/conference/jan06agend-en.pdf,https://drive.google.com/file/d/1TJyY8u2UFUPP6t6GI7lRgswBaVCtCgc4/view,
archive-reports-gs-bjan-06-en,Archive,Reports,GS Bjan 2006,,2006-01,2006,English,PDF,86,,,,area09.org (legacy site),yes,,docs/archive/reports/gs-bjan-06-en.pdf,https://drive.google.com/file/d/1KOdQdD_nl1kpxoQTn8NL800WF8Bf23Hf/view,
archive-misc-enero06-en,Archive,Misc,Enero 2006,,2006-01,2006,English,PDF,82,,,,area09.org (legacy site),yes,,docs/archive/misc/enero06-en.pdf,https://drive.google.com/file/d/17TrT8Ka_cPXuZSEfZdARMc2uTqFtvQ5h/view,
archive-conference-ws-conference-adv-acn-06-en,Archive,Conference,Ws Conference Advisory Actions 06,,,2006,Spanish,PDF,59,,,,area09.org (legacy site),yes,,docs/archive/conference/ws-conference-adv-acn-06-en.pdf,https://drive.google.com/file/d/19BRglN-hIF5ATu-5V6wJWIG7-X79mIxw/view,language detected from text: Spanish (was English)
archive-newsletters-wsepnews06-en-redacted,Archive,Newsletters,W Sep News 06 2006,,2006,2006,English,PDF,388,,,,area09.org (legacy site),yes,,docs/archive/newsletters/wsepnews06-en-redacted.pdf,https://drive.google.com/file/d/1ebdcFWDx4XQ7XxO5hOX-kSC91GcAF_U1/view,"Anonymity-redacted copy: full names shortened to first name + last initial, personal e-mails and phone numbers removed. Original (held for review): docs/archive/newsletters/wsepnews06-en.pdf Re-redacted 2026-10-06: names shortened to first name + initial; personal contact details, addresses and sobriety dates removed (scripts/scan-documents.py)."
archive-newsletters-wmarnews06-en,Archive,Newsletters,W Mar News 06 2006,,2006,2006,English,PDF,647,,,,area09.org (legacy site),yes,,docs/archive/newsletters/wmarnews06-en.pdf,https://drive.google.com/file/d/1IVey8NqqmTVou_r75G2PgxxJ1NZIhEwL/view,
archive-newsletters-wjunenews06-en,Archive,Newsletters,W June News 06 2006,,2006,2006,English,PDF,316,,,,area09.org (legacy site),yes,,docs/archive/newsletters/wjunenews06-en.pdf,https://drive.google.com/file/d/1tMzcGcKtYwz_9wHI9g1MJkbcAilS1fGS/view,
archive-minutes-wjunmin06-en-redacted,Archive,Minutes,W Jun Minutes 06 2006,,2006,2006,English,PDF,76,,,,area09.org (legacy site),yes,,docs/archive/minutes/wjunmin06-en-redacted.pdf,https://drive.google.com/file/d/1FGFijmPX-BUoLrHRL3sJnRurUjg6Vh2l/view,"Anonymity-redacted copy: full names shortened to first name + last initial, personal e-mails and phone numbers removed. Original (held for review): docs/archive/minutes/wjunmin06-en.pdf Re-redacted 2026-10-06: names shortened to first name + initial; personal contact details, addresses and sobriety dates removed (scripts/scan-documents.py)."
archive-newsletters-waugnews3-en-redacted,Archive,Newsletters,W Aug News 3 2006,,2006,2006,English,PDF,265,,,,area09.org (legacy site),yes,,docs/archive/newsletters/waugnews3-en-redacted.pdf,https://drive.google.com/file/d/11wqF_eSppLGW0pWjKmRZGXXEB7BupY_M/view,"Anonymity-redacted copy: full names shortened to first name + last initial, personal e-mails and phone numbers removed. Original (held for review): docs/archive/newsletters/waugnews3-en.pdf Re-redacted 2026-10-06: names shortened to first name + initial; personal contact details, addresses and sobriety dates removed (scripts/scan-documents.py)."
archive-misc-ssched06-en,Archive,Misc,Sched 06,,,2006,Spanish,PDF,7,,,,area09.org (legacy site),yes,,docs/archive/misc/ssched06-en.pdf,https://drive.google.com/file/d/1IoHm7jqac43OGB20uoXSp6EKzZ0HrKve/view,
archive-misc-sopinionpoll06-en,Archive,Misc,Opinion Poll 06,,,2006,Spanish,PDF,28,,,,area09.org (legacy site),yes,,docs/archive/misc/sopinionpoll06-en.pdf,https://drive.google.com/file/d/1WO5CdvwjR2HRbWW9_DxRP8wQa1hSY-Lo/view,
archive-newsletters-soctnews06-en-redacted,Archive,Newsletters,Oct News 06,Octubre News 06,,2006,Spanish,PDF,322,,,,area09.org (legacy site),yes,,docs/archive/newsletters/soctnews06-en-redacted.pdf,https://drive.google.com/file/d/1SxkGX0Y_mclEXZbeFuyaXNgx5SBRa6fH/view,"Anonymity-redacted copy: full names shortened to first name + last initial, personal e-mails and phone numbers removed. Original (held for review): docs/archive/newsletters/soctnews06-en.pdf Re-redacted 2026-10-06: names shortened to first name + initial; personal contact details, addresses and sobriety dates removed (scripts/scan-documents.py)."
archive-minutes-minoctasc06-en-redacted,Archive,Minutes,Minutes Oct ASC 06 2006,,2006,2006,English,PDF,104,ASC,,,area09.org (legacy site),yes,,docs/archive/minutes/minoctasc06-en-redacted.pdf,https://drive.google.com/file/d/1MugI7HB99heEfSUD3uexK4hHk5hYDF3J/view,"Anonymity-redacted copy: full names shortened to first name + last initial, personal e-mails and phone numbers removed. Original (held for review): docs/archive/minutes/minoctasc06-en.pdf"
archive-minutes-smaymin06-en,Archive,Minutes,May Minutes 06,Mayo Actas 06,,2006,Spanish,PDF,26,,,,area09.org (legacy site),yes,,docs/archive/minutes/smaymin06-en.pdf,https://drive.google.com/file/d/1qeB2R5C_tvGDIB9YpYKNjMQCxgnC2OWt/view,language detected from text: Spanish (was English)
archive-conference-smarascagenda06-en,Archive,Conference,Mar ASC Agenda 06,Marzo Agenda del CSA 06,,2006,Spanish,PDF,164,,,,area09.org (legacy site),yes,,docs/archive/conference/smarascagenda06-en.pdf,https://drive.google.com/file/d/14v5B5RjxinG12xA3BNJxgoBeXED-sNWn/view,
archive-finances-4thquarter06-en,Archive,Finances,Group contributions – 4th quarter 2006,Contribuciones de los grupos – 4.º trimestre de 2006,2006,2006,Bilingual,PDF,103,,,,area09.org (legacy site),yes,,docs/archive/finances/4thquarter06-en.pdf,https://drive.google.com/file/d/1UHBKp1R42n6P_YIDaiPq0lvGFgEhZ86C/view,
archive-finances-qtr3contrib06-en,Archive,Finances,Group contributions – 3rd quarter 2006,Contribuciones de los grupos – 3.er trimestre de 2006,2006,2006,Bilingual,PDF,101,,,,area09.org (legacy site),yes,,docs/archive/finances/qtr3contrib06-en.pdf,https://drive.google.com/file/d/1XK_pgq3FXagexs_iLgc393SdhD2aa3Jk/view,
archive-finances-2qtr06-en,Archive,Finances,Group contributions – 2nd quarter 2006,Contribuciones de los grupos – 2.º trimestre de 2006,2006,2006,Bilingual,PDF,107,,,,area09.org (legacy site),yes,,docs/archive/finances/2qtr06-en.pdf,https://drive.google.com/file/d/1V7vkxOhGfu4Hs_YuPt4qa0vShHgMqvsq/view,
archive-conference-final-06-conference-agenda-en,Archive,Conference,Final 06 Conference Agenda,,,2006,English,PDF,43,,,,area09.org (legacy site),yes,,docs/archive/conference/final-06-conference-agenda-en.pdf,https://drive.google.com/file/d/1gMTocuhSuNQivvaE6YQJFuSgdQJko8x3/view,
archive-conference-s-final-06-conference-agenda-en,Archive,Conference,Final 06 Conference Agenda,,,2006,Spanish,PDF,44,,,,area09.org (legacy site),yes,,docs/archive/conference/s-final-06-conference-agenda-en.pdf,https://drive.google.com/file/d/16YNtd-XRWTp6RmBenrmlrnQBWWSNMRUi/view,
archive-conference-sfebascagenda06-en,Archive,Conference,Feb ASC Agenda 06,Febrero Agenda del CSA 06,,2006,Spanish,PDF,142,,,,area09.org (legacy site),yes,,docs/archive/conference/sfebascagenda06-en.pdf,https://drive.google.com/file/d/1k8TUszHagEvUyMGj25_Bgx-eiYyapSRJ/view,
archive-guidelines-cpcglines2-en,Archive,Guidelines,Cooperation with the Professional Community Committee Guidelines,Guías del Comité de Cooperación con la Comunidad Profesional,2006,2006,English,PDF,220,,,cpc,area09.org (legacy site),yes,,docs/archive/guidelines/cpcglines2-en.pdf,https://drive.google.com/file/d/1qCzQUV8G9P55pyELeIzGSegx7eAXu-Fj/view,
archive-conference-conference-adv-acn-06-en,Archive,Conference,Conference Advisory Actions 06,,,2006,English,PDF,377,,,,area09.org (legacy site),yes,,docs/archive/conference/conference-adv-acn-06-en.pdf,https://drive.google.com/file/d/1gaISTJFAbNY5uUi635VDCzpDcfD5Wtz0/view,
archive-reports-comrpt-en,Archive,Reports,Committee Report Form 2006,,2006,2006,English,PDF,14,,,,area09.org (legacy site),yes,,docs/archive/reports/comrpt-en.pdf,https://drive.google.com/file/d/13HK9BYLoJxCYQFkoBCg7-g03Y2T_yXrw/view,
archive-newsletters-saugnews06-en-redacted,Archive,Newsletters,Aug News 06,Agosto News 06,,2006,Spanish,PDF,264,,,,area09.org (legacy site),yes,,docs/archive/newsletters/saugnews06-en-redacted.pdf,https://drive.google.com/file/d/1ZBEEsZkof9zzOI_Y18Jru59W7F9lPEj9/view,"Anonymity-redacted copy: full names shortened to first name + last initial, personal e-mails and phone numbers removed. Original (held for review): docs/archive/newsletters/saugnews06-en.pdf Re-redacted 2026-10-06: names shortened to first name + initial; personal contact details, addresses and sobriety dates removed (scripts/scan-documents.py)."
archive-minutes-augmin06-en-redacted,Archive,Minutes,Aug Minutes 06 2006,,2006,2006,English,PDF,81,,,,area09.org (legacy site),yes,,docs/archive/minutes/augmin06-en-redacted.pdf,https://drive.google.com/file/d/1ccFAR1qoEdeKMdFAnlVJuYzZ5AFAWkdK/view,"Anonymity-redacted copy: full names shortened to first name + last initial, personal e-mails and phone numbers removed. Original (held for review): docs/archive/minutes/augmin06-en.pdf Re-redacted 2026-10-06: names shortened to first name + initial; personal contact details, addresses and sobriety dates removed (scripts/scan-documents.py)."
archive-minutes-saugmin06-en-redacted,Archive,Minutes,Aug Minutes 06,Agosto Actas 06,,2006,Spanish,PDF,69,,,,area09.org (legacy site),yes,,docs/archive/minutes/saugmin06-en-redacted.pdf,https://drive.google.com/file/d/1mKA2T5FIsZ-S42_Tal8r6GX4N1Ka270G/view,"Anonymity-redacted copy: full names shortened to first name + last initial, personal e-mails and phone numbers removed. Original (held for review): docs/archive/minutes/saugmin06-en.pdf Re-redacted 2026-10-06: names shortened to first name + initial; personal contact details, addresses and sobriety dates removed (scripts/scan-documents.py)."
archive-conference-saugascagenda06-en,Archive,Conference,Aug ASC Agenda 06,Agosto Agenda del CSA 06,,2006,Spanish,PDF,90,,,,area09.org (legacy site),yes,,docs/archive/conference/saugascagenda06-en.pdf,https://drive.google.com/file/d/17FGslbRbZhSg9dXDCXh2Dsl8nrFmSBYf/view,
archive-guidelines-aa-msca-accc-guidelines-final-01-09-no-watermark-en,Archive,Guidelines,Area Communications Guidelines 2006,,2006,2006,English,PDF,157,,,,area09.org (legacy site),yes,,docs/archive/guidelines/aa-msca-accc-guidelines-final-01-09-no-watermark-en.pdf,https://drive.google.com/file/d/1L5M-4SI7fMiCJ_gypZaPjyiheX2JVfRz/view,
archive-conference-additional-considerations-06-en,Archive,Conference,Additional Considerations 06,,,2006,English,PDF,63,,,,area09.org (legacy site),yes,,docs/archive/conference/additional-considerations-06-en.pdf,https://drive.google.com/file/d/1W4xCmPQ9Py4tMd8Fnapl5Qe_32M4Znmx/view,
archive-conference-s-06-add-considerations-en,Archive,Conference,06 Add Considerations,,,2006,Spanish,PDF,65,,,,area09.org (legacy site),yes,,docs/archive/conference/s-06-add-considerations-en.pdf,https://drive.google.com/file/d/1GSr-IcrgbFUsVQfPPoJs9s81u1Pj9PsF/view,language detected from text: Spanish (was English)
archive-minutes-smin2decasc05-en-redacted,Archive,Minutes,Minutes 2 Dec ASC 05,Actas 2 diciembre CSA 05,2005-12,2005,Spanish,PDF,46,ASC,,,area09.org (legacy site),yes,,docs/archive/minutes/smin2decasc05-en-redacted.pdf,https://drive.google.com/file/d/16Q6XTnxAOJS49HkWREyzoewL2_jpPpdJ/view,"Anonymity-redacted copy: full names shortened to first name + last initial, personal e-mails and phone numbers removed. Original (held for review): docs/archive/minutes/smin2decasc05-en.pdf Re-redacted 2026-10-06: names shortened to first name + initial; personal contact details, addresses and sobriety dates removed (scripts/scan-documents.py)."
archive-districts-d15-d15dec05min-en,Archive,District,District 15 Minutes – December 2005,Actas del Distrito 15 – diciembre de 2005,2005-12,2005,English,PDF,13,,d15,,area09.org (legacy site),yes,,docs/archive/districts/d15/d15dec05min-en.pdf,https://drive.google.com/file/d/1N7uF_9TYmuQ-AkmLLvJpG0N9_FVhNfHJ/view,
archive-misc-dechighlights05-en,Archive,Misc,Dec Highlights 05,,2005-12,2005,English,PDF,32,,,,area09.org (legacy site),yes,,docs/archive/misc/dechighlights05-en.pdf,https://drive.google.com/file/d/1jQipn9tLS_eCzSFGIRcpub-lKkN-Hwjd/view,
archive-minutes-2005-area-minutes-november-12-2005-en,Archive,Minutes,"Area Minutes November 12, 2005",,2005-11-12,2005,English,PDF,35,,,,area09.org (legacy site),yes,,docs/archive/minutes/2005/area-minutes-november-12-2005-en.pdf,https://drive.google.com/file/d/1t9mEVMe4Qzt-K33n1BSyuwNaC-NjFG_2/view,
archive-conference-novascag05r-en,Archive,Conference,Nov ASC Agenda 05 r,,2005-11,2005,English,PDF,15,,,,area09.org (legacy site),yes,,docs/archive/conference/novascag05r-en.pdf,https://drive.google.com/file/d/1Mo4rYpN32mbPOGGJCb-cAGr_xaHZRv9_/view,
archive-districts-d15-d15minnov05-en,Archive,District,District 15 Minutes – November 2005,Actas del Distrito 15 – noviembre de 2005,2005-11,2005,English,PDF,9,,d15,,area09.org (legacy site),yes,,docs/archive/districts/d15/d15minnov05-en.pdf,https://drive.google.com/file/d/1I6igSB1Lw8nVB6NPNGeJh2XIwhTWBztU/view,
archive-newsletters-wsnov05-en,Archive,Newsletters,Area Newsletter – November 2005,Boletín del Área – noviembre de 2005,2005-11,2005,Spanish,PDF,285,,,,area09.org (legacy site),yes,,docs/archive/newsletters/wsnov05-en.pdf,https://drive.google.com/file/d/1hj0HDAw50lP9eGtq06_2maz6lk37buKJ/view,
archive-districts-d7-d7minoct05-en,Archive,District,District 7 Minutes – October 2005,Actas del Distrito 7 – octubre de 2005,2005-10,2005,English,PDF,28,,d07,,area09.org (legacy site),yes,,docs/archive/districts/d7/d7minoct05-en.pdf,https://drive.google.com/file/d/1ayZPS_umwsrW8CG_ye4uMiuIKEf9f2GW/view,
archive-minutes-sepassemmin05-en,Archive,Minutes,Assembly (ASA) Minutes – September 2005,Actas de la Asamblea (ASA) – septiembre de 2005,2005-09-11,2005,English,PDF,21,ASA,,,area09.org (legacy site),yes,,docs/archive/minutes/sepassemmin05-en.pdf,https://drive.google.com/file/d/1QnqysFp9OC9dy7UBkLUY1TBGFLwgczWv/view,
archive-minutes-2005-area-minutes-september-10-2005-en,Archive,Minutes,"Area Minutes September 10, 2005",,2005-09-10,2005,English,PDF,43,,,,area09.org (legacy site),yes,,docs/archive/minutes/2005/area-minutes-september-10-2005-en.pdf,https://drive.google.com/file/d/1fztz9TFCK1J7p9y3y1apioQyDWDUI6WR/view,
archive-conference-sepassemag05-en,Archive,Conference,Sep Assembly Agenda 05,,2005-09,2005,English,PDF,18,,,,area09.org (legacy site),yes,,docs/archive/conference/sepassemag05-en.pdf,https://drive.google.com/file/d/1WJS3-Aeeq1p96qzjwH-QObRNDQCSLJzk/view,
archive-districts-d15-2005-d15minsep2005-en,Archive,District,District 15 Minutes – September 2005,Actas del Distrito 15 – septiembre de 2005,2005-09,2005,English,PDF,12,,d15,,area09.org (legacy site),yes,,docs/archive/districts/d15/2005/d15minsep2005-en.pdf,https://drive.google.com/file/d/1ChaFP9ZfbOKrVWM7ZqLdj_wr0faFKUei/view,
archive-newsletters-wnewssep05r2-en,Archive,Newsletters,Area Newsletter – September 2005 (version 2),Boletín del Área – septiembre de 2005 (versión 2),2005-09,2005,English,PDF,299,,,,area09.org (legacy site),yes,,docs/archive/newsletters/wnewssep05r2-en.pdf,https://drive.google.com/file/d/1qEyZuTiY3daxU_PVBCMaV42QNIRqKvya/view,
archive-newsletters-wssep05-en-redacted,Archive,Newsletters,Area Newsletter – September 2005,Boletín del Área – septiembre de 2005,2005-09,2005,English,PDF,303,,,,area09.org (legacy site),yes,,docs/archive/newsletters/wssep05-en-redacted.pdf,https://drive.google.com/file/d/13aeRzt80SbDB4PDg15MmO9pMYWsWRsH0/view,"Anonymity-redacted copy: full names shortened to first name + last initial, personal e-mails and phone numbers removed. Original (held for review): docs/archive/newsletters/wssep05-en.pdf"
archive-newsletters-wnewsaug05-en-redacted,Archive,Newsletters,Area Newsletter – August 2005,Boletín del Área – agosto de 2005,2005-08-05,2005,English,PDF,223,,,,area09.org (legacy site),yes,,docs/archive/newsletters/wnewsaug05-en-redacted.pdf,https://drive.google.com/file/d/11E_9Gs-gtr6VDQpi_Qkn1jPdXeUXaQ6b/view,"Anonymity-redacted copy: full names shortened to first name + last initial, personal e-mails and phone numbers removed. Original (held for review): docs/archive/newsletters/wnewsaug05-en.pdf Re-redacted 2026-10-06 after the pre-launch scan (personal phone numbers removed; checked again with both scanners and OCR)."
archive-districts-d7-d7minutes8-1-05-en,Archive,District,"District 7 Minutes – August 1, 2005",Actas del Distrito 7 – 1 de agosto de 2005,2005-08-01,2005,English,PDF,33,,d07,,area09.org (legacy site),yes,,docs/archive/districts/d7/d7minutes8-1-05-en.pdf,https://drive.google.com/file/d/1g-aCddYtH_W9-a8HZpgMMom_vpYYod3v/view,
archive-conference-augagend05-en,Archive,Conference,Aug Agenda 05,,2005-08,2005,English,PDF,19,,,,area09.org (legacy site),yes,,docs/archive/conference/augagend05-en.pdf,https://drive.google.com/file/d/1WEBqzXlyjRguEE79sP1hwB8lqahZoLIx/view,
archive-newsletters-wsnewsaug05-en-redacted,Archive,Newsletters,Area Newsletter – August 2005,Boletín del Área – agosto de 2005,2005-08,2005,Spanish,PDF,225,,,,area09.org (legacy site),yes,,docs/archive/newsletters/wsnewsaug05-en-redacted.pdf,https://drive.google.com/file/d/1ob5pSElnBjZUxUeVOHx4UdeFQHOz8FZw/view,"Anonymity-redacted copy: full names shortened to first name + last initial, personal e-mails and phone numbers removed. Original (held for review): docs/archive/newsletters/wsnewsaug05-en.pdf Re-redacted 2026-10-06: names shortened to first name + initial; personal contact details, addresses and sobriety dates removed (scripts/scan-documents.py)."
archive-districts-d7-july4min05-en,Archive,District,July 4 Minutes 05,,2005-07,2005,English,PDF,28,,d07,,area09.org (legacy site),yes,,docs/archive/districts/d7/july4min05-en.pdf,https://drive.google.com/file/d/1E19-icVKOnUzBsFCm68lgdgInUC0VXpy/view,
archive-districts-d15-2005-d15minjuly2005-en,Archive,District,District 15 Minutes – July 2005,Actas del Distrito 15 – julio de 2005,2005-07,2005,English,PDF,9,,d15,,area09.org (legacy site),yes,,docs/archive/districts/d15/2005/d15minjuly2005-en.pdf,https://drive.google.com/file/d/1ZpbA3bGqS97bYlHVLeLN77x3qF-UikZk/view,
archive-minutes-jun05ascmin-en,Archive,Minutes,ASC Minutes – June 2005,Actas del CSA – junio de 2005,2005-06-12,2005,English,PDF,86,ASC,,,area09.org (legacy site),yes,,docs/archive/minutes/jun05ascmin-en.pdf,https://drive.google.com/file/d/1W8VrXkKANPvavZqLLCnIUtzl-M1pbA4e/view,
archive-districts-d7-june6min05-en,Archive,District,June 6 Minutes 05,,2005-06,2005,English,PDF,31,,d07,,area09.org (legacy site),yes,,docs/archive/districts/d7/june6min05-en.pdf,https://drive.google.com/file/d/1ASBi3f6xbWOY3FbZwMATheYzC-6Oommw/view,
archive-conference-as-cagenda-jun-05-en,Archive,Conference,As Cagenda Jun 2005,,2005-06,2005,English,PDF,17,,,,area09.org (legacy site),yes,,docs/archive/conference/as-cagenda-jun-05-en.pdf,https://drive.google.com/file/d/1pIuoQNsxWinCP-7qQCxAxjfb1Xdb3MLR/view,
archive-newsletters-snewsjun05-en-redacted,Archive,Newsletters,Area Newsletter – June 2005,Boletín del Área – junio de 2005,2005-06,2005,Spanish,PDF,491,,,,area09.org (legacy site),yes,,docs/archive/newsletters/snewsjun05-en-redacted.pdf,https://drive.google.com/file/d/12uKnIpryvQuqiWfxLux4849TGxlIw8he/view,"Anonymity-redacted copy: full names shortened to first name + last initial, personal e-mails and phone numbers removed. Original (held for review): docs/archive/newsletters/snewsjun05-en.pdf Re-redacted 2026-10-06: names shortened to first name + initial; personal contact details, addresses and sobriety dates removed (scripts/scan-documents.py)."
archive-newsletters-wnewsjun05r-en-redacted,Archive,Newsletters,Area Newsletter – June 2005,Boletín del Área – junio de 2005,2005-06,2005,English,PDF,480,,,,area09.org (legacy site),yes,,docs/archive/newsletters/wnewsjun05r-en-redacted.pdf,https://drive.google.com/file/d/1bKOwIR-IZRii-hiFl8c8s3SzjBusvUmj/view,"Anonymity-redacted copy: full names shortened to first name + last initial, personal e-mails and phone numbers removed. Original (held for review): docs/archive/newsletters/wnewsjun05r-en.pdf Re-redacted 2026-10-06: names shortened to first name + initial; personal contact details, addresses and sobriety dates removed (scripts/scan-documents.py)."
archive-minutes-mayassemmin05-en,Archive,Minutes,Assembly (ASA) Minutes – May 2005,Actas de la Asamblea (ASA) – mayo de 2005,2005-05-15,2005,English,PDF,14,ASA,,,area09.org (legacy site),yes,,docs/archive/minutes/mayassemmin05-en.pdf,https://drive.google.com/file/d/1ZdD7TiXTY9ElXSAM4xpd_Pn9BJ-_8-D8/view,
archive-conference-may-agenda-05-en,Archive,Conference,May Agenda 05,,2005-05,2005,English,PDF,11,,,,area09.org (legacy site),yes,,docs/archive/conference/may-agenda-05-en.pdf,https://drive.google.com/file/d/1LGtsC4S3e9X6wUc3e19l4bfblFLpNXaK/view,
archive-districts-d7-may2min05-en,Archive,District,May 2 Minutes 05,,2005-05,2005,English,PDF,36,,d07,,area09.org (legacy site),yes,,docs/archive/districts/d7/may2min05-en.pdf,https://drive.google.com/file/d/15lqD2yGX-v_4gokUS6tsiRQ9WiHWV0RD/view,
archive-minutes-apr-4-minutes-05-en,Archive,Minutes,Apr 4 Minutes 05,,2005-04,2005,English,PDF,37,,,,area09.org (legacy site),yes,,docs/archive/minutes/apr-4-minutes-05-en.pdf,https://drive.google.com/file/d/1cvGBF5d0gQ6tlPJosuZNbcDBUMuo5Zaf/view,
archive-districts-d7-mar7min05-en,Archive,District,Mar 7 Minutes 05,,2005-03,2005,English,PDF,31,,d07,,area09.org (legacy site),yes,,docs/archive/districts/d7/mar7min05-en.pdf,https://drive.google.com/file/d/1SIEWiBa6WD7IS9Pl6BQq6ggn9d-iWLX7/view,
archive-conference-agenda-mar-05-en,Archive,Conference,Agenda Mar 2005,,2005-03,2005,English,PDF,17,,,,area09.org (legacy site),yes,,docs/archive/conference/agenda-mar-05-en.pdf,https://drive.google.com/file/d/185TNWmWpgw3t0euLSJW8sH2uC0CFonr1/view,
archive-minutes-sfeb05ascmin-en-redacted,Archive,Minutes,Feb 05 as Cmin,Febrero 05 as Cmin,2005-02-13,2005,Spanish,PDF,33,,,,area09.org (legacy site),yes,,docs/archive/minutes/sfeb05ascmin-en-redacted.pdf,https://drive.google.com/file/d/11TXjjBSQIoD8Bl_jX-E7GkSLQ0WgvQDB/view,"Anonymity-redacted copy: full names shortened to first name + last initial, personal e-mails and phone numbers removed. Original (held for review): docs/archive/minutes/sfeb05ascmin-en.pdf Re-redacted 2026-10-06: names shortened to first name + initial; personal contact details, addresses and sobriety dates removed (scripts/scan-documents.py)."
archive-minutes-feb05ascmin-en-redacted,Archive,Minutes,ASC Minutes – February 2005,Actas del CSA – febrero de 2005,2005-02-13,2005,English,PDF,33,ASC,,,area09.org (legacy site),yes,,docs/archive/minutes/feb05ascmin-en-redacted.pdf,https://drive.google.com/file/d/1FLplP58Wa-8Doqyjur7W7Xheh4VriyCK/view,"Anonymity-redacted copy: full names shortened to first name + last initial, personal e-mails and phone numbers removed. Original (held for review): docs/archive/minutes/feb05ascmin-en.pdf Re-redacted 2026-10-06: names shortened to first name + initial; personal contact details, addresses and sobriety dates removed (scripts/scan-documents.py)."
archive-misc-feb05ag-en,Archive,Misc,Feb 05 Agenda,,2005-02,2005,English,PDF,16,,,,area09.org (legacy site),yes,,docs/archive/misc/feb05ag-en.pdf,https://drive.google.com/file/d/1CXZesSDaE_Dqt5XOLpgu06psuLYzc97W/view,
archive-districts-d7-jan3min05-en,Archive,District,Jan 3 Minutes 05,,2005-01,2005,English,PDF,37,,d07,,area09.org (legacy site),yes,,docs/archive/districts/d7/jan3min05-en.pdf,https://drive.google.com/file/d/1PvSMMPILshMPuIbDlOxYOtH94wNt1E53/view,
archive-newsletters-wsfebnews05-en,Archive,Newsletters,Ws Feb News 05,Ws febrero News 05,,2005,Spanish,PDF,215,,,,area09.org (legacy site),yes,,docs/archive/newsletters/wsfebnews05-en.pdf,https://drive.google.com/file/d/1DolXoE49jEB3KfyDxEGNuemQKkWJ5vhK/view,
archive-newsletters-wmarnews05v2-en,Archive,Newsletters,W Mar News 05 v 2 2005,,2005,2005,English,PDF,594,,,,area09.org (legacy site),yes,,docs/archive/newsletters/wmarnews05v2-en.pdf,https://drive.google.com/file/d/1cuWMJIxst7_jrNh_11xx8y4XLQxQXjrY/view,
archive-newsletters-swmarnews05-en,Archive,Newsletters,Sw Mar News 05,Sw marzo News 05,,2005,Spanish,PDF,598,,,,area09.org (legacy site),yes,,docs/archive/newsletters/swmarnews05-en.pdf,https://drive.google.com/file/d/1XPQcynrhdOjI-RNkfQVhKfT2P83wyGio/view,
archive-newsletters-swjannews05-en-redacted,Archive,Newsletters,Sw Jan News 05,Sw enero News 05,,2005,Spanish,PDF,191,,,,area09.org (legacy site),yes,,docs/archive/newsletters/swjannews05-en-redacted.pdf,https://drive.google.com/file/d/1U6yDTE3bwqTHMJc3GXGgzDQJ9PPrssMz/view,"Anonymity-redacted copy: full names shortened to first name + last initial, personal e-mails and phone numbers removed. Original (held for review): docs/archive/newsletters/swjannews05-en.pdf Re-redacted 2026-10-06: names shortened to first name + initial; personal contact details, addresses and sobriety dates removed (scripts/scan-documents.py)."
archive-conference-ssepassemag05-en,Archive,Conference,Sep Assembly Agenda 05,Septiembre Assembly Agenda 05,,2005,Spanish,PDF,20,,,,area09.org (legacy site),yes,,docs/archive/conference/ssepassemag05-en.pdf,https://drive.google.com/file/d/1SSWJmPZCYORjvrrnzTA-Ibaezn5o_TFJ/view,
archive-misc-socthighlights05-en,Archive,Misc,Oct Highlights 05,Octubre Highlights 05,,2005,Spanish,PDF,33,,,,area09.org (legacy site),yes,,docs/archive/misc/socthighlights05-en.pdf,https://drive.google.com/file/d/1LQGlYAWSyqdiuh_qpjfcmmmsst_3Yw5W/view,language detected from text: Spanish (was English)
archive-misc-ochighlights05-en,Archive,Misc,Oc Highlights 05,,,2005,English,PDF,32,,,,area09.org (legacy site),yes,,docs/archive/misc/ochighlights05-en.pdf,https://drive.google.com/file/d/1uPI7rrVWxCkY9Da-82DDunkBCY_Ltbqu/view,
archive-misc-inventory-en,Archive,Misc,Inventory questions 2005,,2005,2005,English,PDF,25,,,,area09.org (legacy site),yes,,docs/archive/misc/inventory-en.pdf,https://drive.google.com/file/d/1aVBqWTXVSbhKnqm_ZtDFIw5A7EZXiB9x/view,
archive-finances-2005-contrib2005-en,Archive,Finances,Group Contributions for the year 2005,Group Contribuciones para year 2005,2005,2005,Bilingual,PDF,159,,,,area09.org (legacy site),yes,,docs/archive/finances/2005/contrib2005-en.pdf,https://drive.google.com/file/d/1scKU5Q9iXiaVXr691t4Y6kpqsGIGnzyv/view,
archive-guidelines-cecgl-en,Archive,Guidelines,Cooperation with the Elder Community (CEC) Committee Guidelines,Guías del Comité de Cooperación con la Comunidad de la Tercera Edad (CEC),2005,2005,English,PDF,23,,,cec,area09.org (legacy site),yes,,docs/archive/guidelines/cecgl-en.pdf,https://drive.google.com/file/d/1ky8AfwVcjOiI-E7Q1ZEtaYtnZ1gfehJn/view,
archive-conference-s-conference-agend-05-en,Archive,Conference,Conference Agenda 05,,,2005,Spanish,PDF,40,,,,area09.org (legacy site),yes,,docs/archive/conference/s-conference-agend-05-en.pdf,https://drive.google.com/file/d/11WqDltcVn7lPXw4IQkGabljWSLJEpGGA/view,language detected from text: Spanish (was English)
archive-minutes-ascmarmin05-en-redacted,Archive,Minutes,As Cmar Minutes 05 2005,,2005,2005,English,PDF,44,,,,area09.org (legacy site),yes,,docs/archive/minutes/ascmarmin05-en-redacted.pdf,https://drive.google.com/file/d/1s-LXAV2apzKzzifijZ4JJOa1mjEkgVqk/view,"Anonymity-redacted copy: full names shortened to first name + last initial, personal e-mails and phone numbers removed. Original (held for review): docs/archive/minutes/ascmarmin05-en.pdf Re-redacted 2026-10-06: names shortened to first name + initial; personal contact details, addresses and sobriety dates removed (scripts/scan-documents.py)."
archive-conference-s-05-advis-acns-r-en,Archive,Conference,05 Advis Acns R,,,2005,Spanish,PDF,53,,,,area09.org (legacy site),yes,,docs/archive/conference/s-05-advis-acns-r-en.pdf,https://drive.google.com/file/d/17vqxctX-cLXzwEmEd19McJBfHNQ_SUgs/view,
archive-conference-s-05-addil-considns-r-en,Archive,Conference,05 Addil Considns R,,,2005,Spanish,PDF,62,,,,area09.org (legacy site),yes,,docs/archive/conference/s-05-addil-considns-r-en.pdf,https://drive.google.com/file/d/1rgQII1ZS1yfFxL8FU0efoAkaTqSjXuxi/view,language detected from text: Spanish (was English)
archive-reports-w-gs-board-report-nov-04-r-en,Archive,Reports,W GS Board Report Nov 04 r,,2004-11,2004,English,PDF,94,,,,area09.org (legacy site),yes,,docs/archive/reports/w-gs-board-report-nov-04-r-en.pdf,https://drive.google.com/file/d/11PmmLBfhBpwfM4gERpttK1TjWm2m-ga0/view,
archive-reports-s-gsb-report-nov-04-en-redacted,Archive,Reports,GSB Report Nov 2004,JSG Informe noviembre de 2004,2004-11,2004,Spanish,PDF,127,,,,area09.org (legacy site),yes,,docs/archive/reports/s-gsb-report-nov-04-en-redacted.pdf,https://drive.google.com/file/d/1NElfF-MIMV8V8aXIlQfuSii416Svk28w/view,"Anonymity-redacted copy: full names shortened to first name + last initial, personal e-mails and phone numbers removed. Original (held for review): docs/archive/reports/s-gsb-report-nov-04-en.pdf"
archive-forms-2021-guias-comite-de-informacion-publica-2004-09-12-en,Archive,Guidelines,Public Information Committee Guidelines (2004),Guías del Comité de Información Pública (2004),2004-09-12,2004,Spanish,PDF,17,,,public-information,msca09aa.org,yes,,docs/archive/forms/2021/guias-comite-de-informacion-publica-2004-09-12-en.pdf,https://drive.google.com/file/d/1DPYOa-edDOtVUGhrgEjBMpJIxJWtukXf/view,language detected from text: Spanish (was English)
archive-newsletters-snewsaug04-en-redacted,Archive,Newsletters,Area Newsletter – August 2004,Boletín del Área – agosto de 2004,2004-08,2004,Spanish,PDF,137,,,,area09.org (legacy site),yes,,docs/archive/newsletters/snewsaug04-en-redacted.pdf,https://drive.google.com/file/d/1M8N4cRA46n7aEyGspvM6PhfURw2tYmR8/view,"Anonymity-redacted copy: full names shortened to first name + last initial, personal e-mails and phone numbers removed. Original (held for review): docs/archive/newsletters/snewsaug04-en.pdf Re-redacted 2026-10-06: names shortened to first name + initial; personal contact details, addresses and sobriety dates removed (scripts/scan-documents.py)."
archive-newsletters-noticierojunio04-en-redacted,Archive,Newsletters,Area Newsletter – June 2004,Boletín del Área – junio de 2004,2004-06,2004,Spanish,PDF,258,,,,area09.org (legacy site),yes,,docs/archive/newsletters/noticierojunio04-en-redacted.pdf,https://drive.google.com/file/d/1EyBCJ69u_AohAUvnihmtzZgH64aT4rwY/view,"Anonymity-redacted copy: full names shortened to first name + last initial, personal e-mails and phone numbers removed. Original (held for review): docs/archive/newsletters/noticierojunio04-en.pdf"
archive-newsletters-maynoticiero04-en-redacted,Archive,Newsletters,May Noticiero 04,Mayo Noticiero 04,2004-05,2004,Spanish,PDF,401,,,,area09.org (legacy site),yes,,docs/archive/newsletters/maynoticiero04-en-redacted.pdf,https://drive.google.com/file/d/1BrLyeUM25DKaaTS5Y6v22_dJkA2_-fYS/view,"Anonymity-redacted copy: full names shortened to first name + last initial, personal e-mails and phone numbers removed. Original (held for review): docs/archive/newsletters/maynoticiero04-en.pdf Re-redacted 2026-10-06 after the pre-launch scan (personal phone numbers removed; checked again with both scanners and OCR)."
archive-newsletters-woctnwsltr04-en-redacted,Archive,Newsletters,W Oct Nwsltr 04 2004,,2004,2004,English,PDF,488,,,,area09.org (legacy site),yes,,docs/archive/newsletters/woctnwsltr04-en-redacted.pdf,https://drive.google.com/file/d/1zoRNPyV-RIU6AXX3lAEXJbzq2SrsCnuC/view,"Anonymity-redacted copy: full names shortened to first name + last initial, personal e-mails and phone numbers removed. Original (held for review): docs/archive/newsletters/woctnwsltr04-en.pdf Re-redacted 2026-10-06: names shortened to first name + initial; personal contact details, addresses and sobriety dates removed (scripts/scan-documents.py)."
archive-newsletters-wdecnewsl2-en,Archive,Newsletters,W Dec News L 2 2004,,2004,2004,English,PDF,213,,,,area09.org (legacy site),yes,,docs/archive/newsletters/wdecnewsl2-en.pdf,https://drive.google.com/file/d/1kDJFHfsJVIHfhM_iSTXjE-HHXEFkc3mr/view,
archive-guidelines-2021-guidelines-treatment-committee-spanish-2004-es,Archive,Guidelines,Treatment Committee Guidelines (2004),Guías del Comité de Centros de Tratamiento (2004),2004,2004,Spanish,PDF,27,,,treatment,msca09aa.org,yes,,docs/archive/guidelines/2021/guidelines-treatment-committee-spanish-2004-es.pdf,https://drive.google.com/file/d/1lWDJ86hyTKonuhtpn3F4ekVWebUE54sg/view,
archive-guidelines-tfcglines-en,Archive,Guidelines,Treatment Committee Guidelines,Guías del Comité de Centros de Tratamiento,2004,2004,English,PDF,27,,,treatment,area09.org (legacy site),yes,,docs/archive/guidelines/tfcglines-en.pdf,https://drive.google.com/file/d/1u9U43qUZsoLlFZMUvzWKsdLWOviNy28Q/view,
archive-newsletters-ssepnwsltr04-en-redacted,Archive,Newsletters,Sep Nwsltr 04,Septiembre Nwsltr 04,,2004,Spanish,PDF,358,,,,area09.org (legacy site),yes,,docs/archive/newsletters/ssepnwsltr04-en-redacted.pdf,https://drive.google.com/file/d/1dYRIpxZ4C1_zgQbdjR_4jThPREsTTybh/view,"Anonymity-redacted copy: full names shortened to first name + last initial, personal e-mails and phone numbers removed. Original (held for review): docs/archive/newsletters/ssepnwsltr04-en.pdf Re-redacted 2026-10-06: names shortened to first name + initial; personal contact details, addresses and sobriety dates removed (scripts/scan-documents.py)."
archive-guidelines-regglines-en,Archive,Guidelines,Registration Committee Guidelines (2004),Guías del Comité de Registro (2004),2004,2004,English,PDF,18,,,registration,area09.org (legacy site),yes,,docs/archive/guidelines/regglines-en.pdf,https://drive.google.com/file/d/118jtsj97cXC3SP-p0HNNXA0bdrqsXFSf/view,
archive-guidelines-2004-english-literature-guidelines-2004-en,Archive,Guidelines,Literature Committee Guidelines (2004),Guías del Comité de Literatura (2004),2004,2004,English,PDF,51,,,literature,area09.org (legacy site),yes,,docs/archive/guidelines/2004/english-literature-guidelines-2004-en.pdf,https://drive.google.com/file/d/1ZUEhSwLyzVLhNAr_H69qGWKQKA-tlA2Z/view,
archive-finances-gpcontrib4q04-en,Archive,Finances,Group contributions – 4th quarter 2004,Contribuciones de los grupos – 4.º trimestre de 2004,2004,2004,English,PDF,711,,,,area09.org (legacy site),yes,,docs/archive/finances/gpcontrib4q04-en.pdf,https://drive.google.com/file/d/1M-BP1t1_1BHwGaZRhGQlyFLlgZGIvAou/view,
archive-finances-gpcont3in04-en,Archive,Finances,Group contributions – 3rd quarter 2004,Contribuciones de los grupos – 3.er trimestre de 2004,2004,2004,English,PDF,392,,,,area09.org (legacy site),yes,,docs/archive/finances/gpcont3in04-en.pdf,https://drive.google.com/file/d/1uAMlIIq50m1glAZJ1u7firLeAcfysyhH/view,
archive-finances-1stqtr04groupcontributions-en,Archive,Finances,Group contributions – 1st quarter 2004,Contribuciones de los grupos – 1.er trimestre de 2004,2004,2004,English,PDF,534,,,,area09.org (legacy site),yes,,docs/archive/finances/1stqtr04groupcontributions-en.pdf,https://drive.google.com/file/d/1sucQXSz7sd8z-IXKuvPNeUQBHq_YKE67/view,
archive-misc-scomunicador04-en,Archive,Misc,Comunicador 04,,,2004,Spanish,PDF,162,,,,area09.org (legacy site),yes,,docs/archive/misc/scomunicador04-en.pdf,https://drive.google.com/file/d/1VfjaG3pOk8DZlXSjy39X6CSuWkB200zu/view,
archive-conference-panel54gscdelrpt-en-redacted,Archive,Conference,2004 Mid-Southern California Area Delegate’s Report,,2004,2004,English,PDF,65,,,,area09.org (legacy site),yes,,docs/archive/conference/panel54gscdelrpt-en-redacted.pdf,https://drive.google.com/file/d/1TLBJIdGroiRjqTouUby9hMGyqvy2WaEW/view,"Anonymity-redacted copy: full names shortened to first name + last initial, personal e-mails and phone numbers removed. Original (held for review): docs/archive/conference/panel54gscdelrpt-en.pdf"
archive-conference-2013-2004-general-service-conference-committees-agenda-items-en,Archive,Conference,2004 General Service Conference Committees Agenda Items,,2004,2004,English,PDF,26,,,,area09.org (legacy site),yes,,docs/archive/conference/2013/2004-general-service-conference-committees-agenda-items-en.pdf,https://drive.google.com/file/d/1_WpkuVr7t0NTMFkrPg_P4onp5ONRSSKv/view,
archive-conference-04-finalconfagendaspanish-es,Archive,Conference,04 Finalconfagendaspanish,,,2004,Spanish,PDF,26,,,,area09.org (legacy site),yes,,docs/archive/conference/04-finalconfagendaspanish-es.pdf,https://drive.google.com/file/d/1ttkFaYYMjsE1w9-crFwXpPMxEOwS592n/view,
archive-newsletters-2003-notidiciembre2003-en-redacted,Archive,Newsletters,Area Newsletter – December 2003,Boletín del Área – diciembre de 2003,2003-12,2003,Spanish,PDF,130,,,,area09.org (legacy site),yes,,docs/archive/newsletters/2003/notidiciembre2003-en-redacted.pdf,https://drive.google.com/file/d/1bCFN1TVfQkuGeb_0n24vEzMPow3J7ZJq/view,"Anonymity-redacted copy: full names shortened to first name + last initial, personal e-mails and phone numbers removed. Original (held for review): docs/archive/newsletters/2003/notidiciembre2003-en.pdf"
archive-newsletters-2003-noticieroagosto2003-en-redacted,Archive,Newsletters,Area Newsletter – August 2003,Boletín del Área – agosto de 2003,2003-08,2003,Spanish,PDF,211,,,,area09.org (legacy site),yes,,docs/archive/newsletters/2003/noticieroagosto2003-en-redacted.pdf,https://drive.google.com/file/d/12TXZVhS-TXv55-aM69Oozv41-P57o1yW/view,"Anonymity-redacted copy: full names shortened to first name + last initial, personal e-mails and phone numbers removed. Original (held for review): docs/archive/newsletters/2003/noticieroagosto2003-en.pdf Re-redacted 2026-10-06: names shortened to first name + initial; personal contact details, addresses and sobriety dates removed (scripts/scan-documents.py). Re-redacted 2026-10-06 after the pre-launch scan (personal phone numbers removed; checked again with both scanners and OCR)."
archive-newsletters-2003-notijunio2003-en-redacted,Archive,Newsletters,Area Newsletter – June 2003,Boletín del Área – junio de 2003,2003-06,2003,Spanish,PDF,194,,,,area09.org (legacy site),yes,,docs/archive/newsletters/2003/notijunio2003-en-redacted.pdf,https://drive.google.com/file/d/1NJ4ePJ4DK8nGIelEfCucOmE0TGCu-GvP/view,"Anonymity-redacted copy: full names shortened to first name + last initial, personal e-mails and phone numbers removed. Original (held for review): docs/archive/newsletters/2003/notijunio2003-en.pdf Re-redacted 2026-10-06: names shortened to first name + initial; personal contact details, addresses and sobriety dates removed (scripts/scan-documents.py)."
archive-misc-2021-guias-necesidades-especiales-spanish-2003-1-es,Archive,Misc,Guias Necesidades Especiales Spanish 2003 1 2021,Guias Necesidades Especiales (español) 2003 1 2021,2003,2003,Spanish,PDF,20,,,accessibilities,msca09aa.org,yes,,docs/archive/misc/2021/guias-necesidades-especiales-spanish-2003-1-es.pdf,https://drive.google.com/file/d/1F8wrnhAsC-6RZ8haVdSoKtYyncx-D4Y9/view,
archive-finances-4qt03-en,Archive,Finances,Group contributions – 4th quarter 2003,Contribuciones de los grupos – 4.º trimestre de 2003,2003,2003,English,PDF,216,,,,area09.org (legacy site),yes,,docs/archive/finances/4qt03-en.pdf,https://drive.google.com/file/d/1A8pXmycdjVb--FHez3FAE__PHosuFy50/view,
archive-finances-2003-3rdqtr2003-en,Archive,Finances,Group contributions – 3rd quarter 2003,Contribuciones de los grupos – 3.er trimestre de 2003,2003,2003,English,PDF,62,,,,area09.org (legacy site),yes,,docs/archive/finances/2003/3rdqtr2003-en.pdf,https://drive.google.com/file/d/1xV5hIOvl8bYzjwn24Y9ay6XyePXahd65/view,
archive-finances-2003-2ndqt2003-en,Archive,Finances,Group contributions – 2nd quarter 2003,Contribuciones de los grupos – 2.º trimestre de 2003,2003,2003,English,PDF,91,,,,area09.org (legacy site),yes,,docs/archive/finances/2003/2ndqt2003-en.pdf,https://drive.google.com/file/d/19-8cLlj6oiEHOK52p0VVDnFF77nzT-iS/view,
archive-finances-1stqtcontributions03-en,Archive,Finances,Group contributions – 1st quarter 2003,Contribuciones de los grupos – 1.er trimestre de 2003,2003,2003,English,PDF,67,,,,area09.org (legacy site),yes,,docs/archive/finances/1stqtcontributions03-en.pdf,https://drive.google.com/file/d/1nob1z8o03-RrlnWJZSO3BmreqSkHnsJP/view,
archive-finances-expnbudg-en,Archive,Finances,Area budget 2003,Presupuesto del Área 2003,2003,2003,English,PDF,31,,,finance,area09.org (legacy site),yes,,docs/archive/finances/expnbudg-en.pdf,https://drive.google.com/file/d/1c8B1NEQPHMbLH-hvadcpDYQnP7Zgpj5G/view,
archive-guidelines-2021-guidelines-msca-special-needs-english-2003-1-en,Archive,Guidelines,Accessibilities Committee Guidelines (2003),Guías del Comité de Accesibilidades (2003),2003,2003,English,PDF,124,,,accessibilities,msca09aa.org,yes,,docs/archive/guidelines/2021/guidelines-msca-special-needs-english-2003-1-en.pdf,https://drive.google.com/file/d/1NXocfeZBhvxq8MhlCD0boW7hun8R8Qwn/view,
archive-delegate-2003-2003-mid-southern-california-area-delegate-s-report-en,Archive,Delegate,2003 Mid-Southern California Area Delegate’s Report,,2003,2003,English,PDF,223,,,delegate,area09.org (legacy site),yes,,docs/archive/delegate/2003/2003-mid-southern-california-area-delegate-s-report-en.pdf,https://drive.google.com/file/d/1y5t2kctniJWmUqgWdipSLMGKUGSAOdb8/view,
archive-conference-53gscagenda-en,Archive,Conference,2003 General Service Conference Committees Agenda Items,,2003,2003,English,PDF,383,,,,area09.org (legacy site),yes,,docs/archive/conference/53gscagenda-en.pdf,https://drive.google.com/file/d/1Valygo5D75YGBk1mHPJXbXV78cjHid61/view,
archive-guidelines-proposal-for-amendment-to-the-msca-09-guidelines-9-02-02-09-en,Archive,Guidelines,"Proposal for Amendment to the MSCA 09 Guidelines September 2, 2002 09",,2002-09-02,2002,English,PDF,6,,,,area09.org (legacy site),yes,,docs/archive/guidelines/proposal-for-amendment-to-the-msca-09-guidelines-9-02-02-09-en.pdf,https://drive.google.com/file/d/1CBYZ9W9Wl2aS6GZDKWCgumwljsurZHHF/view,
archive-guidelines-proposal-for-amendment-to-the-msca-09-guidelines-9-01-02-09-en,Archive,Guidelines,"Proposal for Amendment to the MSCA 09 Guidelines September 1, 2002 09",,2002-09-01,2002,English,PDF,6,,,,area09.org (legacy site),yes,,docs/archive/guidelines/proposal-for-amendment-to-the-msca-09-guidelines-9-01-02-09-en.pdf,https://drive.google.com/file/d/15UCPqPbIDrLy7_3SfFXlWJzc7i86HnDr/view,
archive-motions-2021-motions-2000-2009-en-redacted,Archive,Motions,Motions 2000 2009 2021,,2000,2000,English,PDF,1086,,,,msca09aa.org,yes,,docs/archive/motions/2021/motions-2000-2009-en-redacted.pdf,https://drive.google.com/file/d/16Px6EcXKcnQlXOlYMeLQkLYZfw27Lpoq/view,"Anonymity-redacted copy: full names shortened to first name + last initial, personal e-mails and phone numbers removed. Original (held for review): docs/archive/motions/2021/motions-2000-2009-en.pdf Re-redacted 2026-10-06: names shortened to first name + initial; personal contact details, addresses and sobriety dates removed (scripts/scan-documents.py). Re-redacted 2026-10-06 after the pre-launch scan (personal phone numbers removed; checked again with both scanners and OCR)."
archive-guidelines-2000-guidelines-special-needs-english-2000-en,Archive,Guidelines,Accessibilities Committee Guidelines (2000),Guías del Comité de Accesibilidades (2000),2000,2000,English,PDF,331,,,accessibilities,area09.org (legacy site),yes,,docs/archive/guidelines/2000/guidelines-special-needs-english-2000-en.pdf,https://drive.google.com/file/d/1_bz-c_RRo_QioMStIb2QK2y9P_BBAVsE/view,
archive-guidelines-1999-finance-committee-guidelines-1999-en,Archive,Guidelines,Finance Committee Guidelines (1999),Guías del Comité de Finanzas (1999),1999,1999,English,PDF,69,,,finance,area09.org (legacy site),yes,,docs/archive/guidelines/1999/finance-committee-guidelines-1999-en.pdf,https://drive.google.com/file/d/1w9c-XjgD98eZ3YEctZpR4BIK8PV9kv_Z/view,
