id,collection,category,title_en,title_es,date,year,language,format,size_kb,meeting_type,district,committee,source,publish,anonymity_flag,drive_path,url,notes
"# One row per document in the library (/documents/). The site shows a row only when publish = yes AND it has a link (url, or a drive_path that scripts/drive_ids.py turns into a link). Full guide: scripts/README-documents.md.",,,,,,,,,,,,,,,,,,
"# id = short unique name (never change it). collection = Current | Archive (documents from the previous panel's first year on are always Current). category = the shelf: Minutes, Agendas, Motions, Reports, Delegate, Finances, Guidelines, Conference, GSO, Workbooks, Service, Forms, Calendar, Contributions, Newsletters, District, Flyers, PRAASA, Archives, Misc. title_en / title_es = titles (Spanish one optional). date = 2026-10-11 or 2026-10 (year alone goes in year). language = English | Spanish | Bilingual. format = PDF | Word | Excel | PowerPoint.",,,,,,,,,,,,,,,,,,
"# meeting_type = ASC | ASA | Board (Area minutes and agendas — with the exact date they are matched to /service/area-meetings/). district = d01-03, d05 … committee = committee slug. publish = yes | review (held for an anonymity check — never shown) | no (never shown). anonymity_flag = why it is held. drive_path = path in the Area Drive starting with docs/. url = Drive link. ANONYMITY: run python scripts/scan-documents.py --file <your.pdf> before adding a file.",,,,,,,,,,,,,,,,,,
archive-gso-2022-announcement-jacketless-hardcover-big-book-and-twelve-and-twelve-2022-en,Archive,GSO,Announcement: jacketless hardcover Big Book and Twelve and Twelve (2022),Anuncio: Libro Grande y Doce y Doce en tapa dura sin sobrecubierta (2022),2022-12-27,2022,English,PDF,188,,,literature,msca09aa.org (media library),yes,,docs/archive/gso/2022/announcement-jacketless-hardcover-big-book-and-twelve-and-twelve-2022-en.pdf,https://drive.google.com/file/d/1rpBvD220_AE4JlLMfKHbFz4Mx-u4APee/view,
archive-gso-2022-announcement-jacketless-hardcover-big-book-and-twelve-and-twelve-2022-es-2,Archive,GSO,Announcement: jacketless hardcover Big Book and Twelve and Twelve (2022),Anuncio: Libro Grande y Doce y Doce en tapa dura sin sobrecubierta (2022),2022-12-27,2022,Spanish,PDF,184,,,literature,msca09aa.org (media library),yes,,docs/archive/gso/2022/announcement-jacketless-hardcover-big-book-and-twelve-and-twelve-2022-es-2.pdf,https://drive.google.com/file/d/1QOUFXubErd84xl8FCLhBqZeOsD4cGUGU/view,
archive-conference-2022-proposed-agenda-items-for-the-73rd-gsc-as-of-december-17-2022-en,Archive,Conference,"Proposed agenda items for the 73rd GSC – as of December 17, 2022",Puntos propuestos para la agenda de la 73.ª CSG – al 17 de diciembre de 2022,2022-12-17,2022,English,PDF,324,,,,msca09aa.org (media library),yes,,docs/archive/conference/2022/proposed-agenda-items-for-the-73rd-gsc-as-of-december-17-2022-en.pdf,https://drive.google.com/file/d/1CDlPn03zodnRiEH6Oc4C24uAAsKiTMA0/view,
archive-conference-2022-proposed-agenda-items-for-the-73rd-gsc-as-of-december-17-2022-es,Archive,Conference,"Proposed agenda items for the 73rd GSC – as of December 17, 2022",Puntos propuestos para la agenda de la 73.ª CSG – al 17 de diciembre de 2022,2022-12-17,2022,Spanish,PDF,326,,,,msca09aa.org (media library),yes,,docs/archive/conference/2022/proposed-agenda-items-for-the-73rd-gsc-as-of-december-17-2022-es.pdf,https://drive.google.com/file/d/1kFUrnU784tn3Nf_FRHFUfkt_NNiMRoB3/view,
archive-pages-2022-12-12-december-11-2022-delegate-s-sharing-session-area-service-co,Archive,Delegate,"December 11, 2022 — Delegate’s Sharing Session: Area Service Committee — Updates for December 2022",11 de diciembre de 2022 — Sesión de compartimiento del delegado: Comité de Servicio de Área (CSA) — Updates para diciembre de 2022,2022-12-11,2022,English,PDF,22,,,delegate,msca09aa.org,yes,,docs/archive/pages/2022-12-12-december-11-2022-delegate-s-sharing-session-area-service-co.pdf,https://drive.google.com/file/d/179NWWmHa_QCxQRbvJkNgbZxohNhy4TI4/view,"Drive shows the source, so a PDF copy is preferred; PDF copy of the archived web page; url pending (run scripts/drive_ids.py)"
reports-2022-district-6-report-to-the-area-december-6-2022-en-redacted,Archive,Reports,"District 6 Report to the Area – December 6, 2022",Informe del Distrito 6 al Área – 6 de diciembre de 2022,2022-12-06,2022,English,PDF,493,,d06,,msca09aa.org (media library),yes,,docs/reports/2022/district-6-report-to-the-area-december-6-2022-en-redacted.pdf,https://drive.google.com/file/d/143_h4cIpM4bLaD0QfN3WtCOeaH30bpOw/view,"Anonymity-redacted copy: full names shortened to first name + last initial, personal e-mails and phone numbers removed. Original (held for review): private copy in MSCA09AA-private"
reports-treasurer-ap-2022-statement-of-activity-profit-and-loss-4th-quarter-2022-en,Archive,Finances,Statement of activity (profit & loss) – 4th quarter 2022,Estado de actividades (ingresos y gastos) – 4.º trimestre de 2022,2022-12,2022,English,PDF,40,,,treasurer-ap,msca09aa.org (media library),yes,,docs/reports/Treasurer AP/2022/statement-of-activity-profit-and-loss-4th-quarter-2022-en.pdf,https://drive.google.com/file/d/1_V67PJpZ0iUFFBQcvUQMoPUOBp8e8k9-/view,
reports-2022-standing-committee-reports-december-2022-en,Archive,Reports,Standing committee reports – December 2022,Informes de comités permanentes – diciembre de 2022,2022-12,2022,English,PDF,48,,,,msca09aa.org (media library),yes,,docs/reports/2022/standing-committee-reports-december-2022-en.pdf,https://drive.google.com/file/d/125GuohGIBJWsvGuaiLDQQ838UoVOvnl2/view,
reports-2022-hispanic-women-s-workshop-committee-report-december-2022-en,Archive,Reports,Hispanic Women's Workshop Committee Report – December 2022,Informe del Comité del Taller de Mujeres Hispanas – diciembre de 2022,2022-12,2022,English,PDF,286,,,hispanic-womens,msca09aa.org (media library),yes,,docs/reports/2022/hispanic-women-s-workshop-committee-report-december-2022-en.pdf,https://drive.google.com/file/d/1cSvwRMk41zVLMTXXXR-m0GgbVfaJFsTe/view,
reports-2022-district-8-report-to-the-area-december-2022-en-redacted,Archive,Reports,District 8 Report to the Area – December 2022,Informe del Distrito 8 al Área – diciembre de 2022,2022-12,2022,English,PDF,91,,d08,,msca09aa.org (media library),yes,,docs/reports/2022/district-8-report-to-the-area-december-2022-en-redacted.pdf,https://drive.google.com/file/d/1Gq2mw7V3_65oABpvV63aPUwiuk6IjDku/view,"Anonymity-redacted copy: full names shortened to first name + last initial, personal e-mails and phone numbers removed. Original (held for review): private copy in MSCA09AA-private"
reports-2022-district-18-report-to-the-area-december-2022-en,Archive,Reports,District 18 Report to the Area – December 2022,Informe del Distrito 18 al Área – diciembre de 2022,2022-12,2022,English,PDF,539,,d18,,msca09aa.org (media library),yes,,docs/reports/2022/district-18-report-to-the-area-december-2022-en.pdf,https://drive.google.com/file/d/1n9txXZvcnys7_WSN1cheM8bJkiibbjvG/view,
reports-2022-communications-committee-report-december-2022-en,Archive,Reports,Communications Committee Report – December 2022,Informe del Comité de Comunicaciones – diciembre de 2022,2022-12,2022,English,PDF,88,,,communications,msca09aa.org (media library),yes,,docs/reports/2022/communications-committee-report-december-2022-en.pdf,https://drive.google.com/file/d/1UPgq9ZZtM8gA3Dzp7K1tvpalxPdzhQn2/view,
archive-newsletters-2022-area-newsletter-december-2022-en,Archive,Newsletters,Area Newsletter – December 2022,Boletín del Área – diciembre de 2022,2022-12,2022,English,PDF,2777,,,,msca09aa.org (media library),yes,,docs/archive/newsletters/2022/area-newsletter-december-2022-en.pdf,https://drive.google.com/file/d/13ZFDHU1qJH7FscB3B6XtW_lFiYZqbazk/view,"Re-redacted 2026-10-06 after the pre-launch scan (personal phone numbers, personal e-mail addresses removed; checked again with both scanners and OCR)."
archive-newsletters-2022-area-newsletter-december-2022-es,Archive,Newsletters,Area Newsletter – December 2022,Boletín del Área – diciembre de 2022,2022-12,2022,Spanish,PDF,2631,,,,msca09aa.org (media library),yes,,docs/archive/newsletters/2022/area-newsletter-december-2022-es.pdf,https://drive.google.com/file/d/12Ni7CLFIi2hOTonhxSV4CZHzOAXFCFxl/view,"Re-redacted 2026-10-06: names shortened to first name + initial; personal contact details, addresses and sobriety dates removed (scripts/scan-documents.py). Re-redacted 2026-10-06 after the pre-launch scan (personal phone numbers, personal e-mail addresses removed; checked again with both scanners and OCR)."
archive-guidelines-2022-communications-committee-guidelines-revised-draft-late-2022-es,Archive,Guidelines,Communications Committee Guidelines – revised draft (late 2022),Guías del Comité de Comunicaciones – borrador revisado (fines de 2022),2022-11-14,2022,Spanish,PDF,94,,,communications,msca09aa.org (media library),yes,,docs/archive/guidelines/2022/communications-committee-guidelines-revised-draft-late-2022-es.pdf,https://drive.google.com/file/d/1Js-USrAa7hiFAppGBsbsCfvISXiYI2vp/view,
reports-2022-district-17-report-to-the-area-november-8-2022-en,Archive,Reports,"District 17 Report to the Area – November 8, 2022",Informe del Distrito 17 al Área – 8 de noviembre de 2022,2022-11-08,2022,English,PDF,537,,d17,,msca09aa.org (media library),yes,,docs/reports/2022/district-17-report-to-the-area-november-8-2022-en.pdf,https://drive.google.com/file/d/1A2AvBTO9CYIiaRA3jZZwItR_qP3ytv1s/view,
reports-2022-district-8-report-to-the-area-november-2022-en-redacted,Archive,Reports,District 8 Report to the Area – November 2022,Informe del Distrito 8 al Área – noviembre de 2022,2022-11,2022,English,PDF,91,,d08,,msca09aa.org (media library),yes,,docs/reports/2022/district-8-report-to-the-area-november-2022-en-redacted.pdf,https://drive.google.com/file/d/1UKMMGfa5AyHgB7SZc9DRnR3Gp7SrsQWi/view,"Anonymity-redacted copy: full names shortened to first name + last initial, personal e-mails and phone numbers removed. Original (held for review): private copy in MSCA09AA-private"
archive-newsletters-2022-area-newsletter-november-2022-en,Archive,Newsletters,Area Newsletter – November 2022,Boletín del Área – noviembre de 2022,2022-11,2022,English,PDF,1385,,,,msca09aa.org (media library),yes,,docs/archive/newsletters/2022/area-newsletter-november-2022-en.pdf,https://drive.google.com/file/d/1W8tmMgRnlkZRkE_MXfhfMPbtCFTGTfwf/view,"Re-redacted 2026-10-06 after the pre-launch scan (personal phone numbers, personal e-mail addresses removed; checked again with both scanners and OCR)."
archive-newsletters-2022-area-newsletter-november-2022-es,Archive,Newsletters,Area Newsletter – November 2022,Boletín del Área – noviembre de 2022,2022-11,2022,Spanish,PDF,1367,,,,msca09aa.org (media library),yes,,docs/archive/newsletters/2022/area-newsletter-november-2022-es.pdf,https://drive.google.com/file/d/1WEKNkVPPltOfnkCBVy9YM2jseoF6UcUe/view,"Re-redacted 2026-10-06 after the pre-launch scan (personal phone numbers, personal e-mail addresses removed; checked again with both scanners and OCR)."
archive-guidelines-2022-communications-committee-guidelines-revised-draft-late-2022-en,Archive,Guidelines,Communications Committee Guidelines – revised draft (late 2022),Guías del Comité de Comunicaciones – borrador revisado (fines de 2022),2022-10-31,2022,English,PDF,100,,,communications,msca09aa.org (media library),yes,,docs/archive/guidelines/2022/communications-committee-guidelines-revised-draft-late-2022-en.pdf,https://drive.google.com/file/d/1scnK1955dNt14Bw5wkHmzlhwCPVnPY8V/view,
archive-gso-2022-announcement-jacketless-hardcover-big-book-and-twelve-and-twelve-2022-es,Archive,GSO,Announcement: jacketless hardcover Big Book and Twelve and Twelve (2022),Anuncio: Libro Grande y Doce y Doce en tapa dura sin sobrecubierta (2022),2022-10-27,2022,Spanish,PDF,187,,,literature,msca09aa.org (media library),yes,,docs/archive/gso/2022/announcement-jacketless-hardcover-big-book-and-twelve-and-twelve-2022-es.pdf,https://drive.google.com/file/d/1L7xtsWGdXRMtbu4I7Cq27lqreXNuf4mL/view,
archive-flyers-2022-first-annual-heritage-day-october-15-2022-flyer-en,Archive,Flyers,"First annual Heritage Day, October 15, 2022 – flyer","Primer Día de la Herencia anual, 15 de octubre de 2022 – volante",2022-10-15,2022,English,PDF,120,,,,msca09aa.org (media library),yes,,docs/archive/flyers/2022/first-annual-heritage-day-october-15-2022-flyer-en.pdf,https://drive.google.com/file/d/1QXzf5Lnr7lLEsqF4vclKgdr3cMoLfGO6/view,
archive-flyers-2022-first-annual-heritage-day-october-15-2022-flyer-es,Archive,Flyers,"First annual Heritage Day, October 15, 2022 – flyer","Primer Día de la Herencia anual, 15 de octubre de 2022 – volante",2022-10-15,2022,Spanish,PDF,30,,,,msca09aa.org (media library),yes,,docs/archive/flyers/2022/first-annual-heritage-day-october-15-2022-flyer-es.pdf,https://drive.google.com/file/d/1LpoxFCqy1q4bzlVyGipnUws3o7ajZQxT/view,
reports-2022-treatment-committee-report-october-9-2022-en,Archive,Reports,"Treatment Committee Report – October 9, 2022",Informe del Comité de Centros de Tratamiento – 9 de octubre de 2022,2022-10-09,2022,English,PDF,35,,,treatment,msca09aa.org (media library),yes,,docs/reports/2022/treatment-committee-report-october-9-2022-en.pdf,https://drive.google.com/file/d/1-n6-Y2wr1IM9-AFviGcs8EeggfCXjZOk/view,
archive-pages-2022-10-16-october-9-2022-delegate-s-sharing-session-area-service-comm,Archive,Delegate,"October 9, 2022 — Delegate's Sharing Session: Area Service Committee",9 de octubre de 2022 — Sesión de compartimiento del delegado: Comité de Servicio de Área (CSA),2022-10-09,2022,English,PDF,16,,,delegate,msca09aa.org,yes,,docs/archive/pages/2022-10-16-october-9-2022-delegate-s-sharing-session-area-service-comm.pdf,https://drive.google.com/file/d/1vUNZJ2erf3257h36tVvYiUqsS_A3UKsZ/view,"Drive shows the source, so a PDF copy is preferred; PDF copy of the archived web page; url pending (run scripts/drive_ids.py)"
reports-2022-district-17-report-to-the-area-october-9-2022-en,Archive,Reports,"District 17 Report to the Area – October 9, 2022",Informe del Distrito 17 al Área – 9 de octubre de 2022,2022-10-09,2022,English,PDF,603,,d17,,msca09aa.org (media library),yes,,docs/reports/2022/district-17-report-to-the-area-october-9-2022-en.pdf,https://drive.google.com/file/d/1EZDjh7Xpuh3cUpO1kJfL3USUMFcVq8m5/view,
minutes-2022-oct-2022-asc-minutes-en-redacted,Archive,Minutes,ASC Minutes – October 2022,Actas del CSA – octubre de 2022,2022-10-09,2022,English,PDF,437,ASC,,,msca09aa.org,yes,,docs/minutes/2022/oct-2022-asc-minutes-en-redacted.pdf,https://drive.google.com/file/d/1PR55vObrsvt2pPdudbUXsTVAilZx-vey/view,"Anonymity-redacted copy: full names shortened to first name + last initial, personal e-mails and phone numbers removed. Original (held for review): docs/minutes/2022/oct-2022-asc-minutes-en.pdf Re-redacted 2026-10-06: names shortened to first name + initial; personal contact details, addresses and sobriety dates removed (scripts/scan-documents.py)."
minutes-2022-oct-2022-asc-minutes-es-redacted,Archive,Minutes,ASC Minutes – October 2022,Actas del CSA – octubre de 2022,2022-10-09,2022,Spanish,PDF,408,ASC,,,msca09aa.org,yes,,docs/minutes/2022/oct-2022-asc-minutes-es-redacted.pdf,https://drive.google.com/file/d/1lnNgQhioH8Qq3Tdg1k9muDwg8YVF95G2/view,"Anonymity-redacted copy: full names shortened to first name + last initial, personal e-mails and phone numbers removed. Original (held for review): docs/minutes/2022/oct-2022-asc-minutes-es.pdf Re-redacted 2026-10-06: names shortened to first name + initial; personal contact details, addresses and sobriety dates removed (scripts/scan-documents.py)."
archive-districts-d5-2022-d5-newsletter-2022-4th-qtr-issue-27-en-redacted,Archive,Newsletters,District 5 Newsletter – 4th quarter 2022 (issue 27),Boletín del Distrito 5 – 4.º trimestre de 2022 (número 27),2022-10,2022,English,PDF,2705,,d05,,msca09aa.org (media library),yes,,docs/archive/districts/d5/2022/d5-newsletter-2022-4th-qtr-issue-27-en-redacted.pdf,https://drive.google.com/file/d/131Qk_gnnMFhKNy7dMkTPn2RyFPLxwg2Y/view,"Anonymity-redacted copy: full names shortened to first name + last initial, personal e-mails and phone numbers removed. Original (held for review): private copy in MSCA09AA-private Re-redacted 2026-10-06: names shortened to first name + initial; personal contact details, addresses and sobriety dates removed (scripts/scan-documents.py). Re-redacted 2026-10-06 after the pre-launch scan (personal phone numbers, personal e-mail addresses, sobriety dates / birthday-list years removed; checked again with both scanners and OCR)."
reports-2022-district-10-report-to-the-area-october-2022-en,Archive,Reports,District 10 Report to the Area – October 2022,Informe del Distrito 10 al Área – octubre de 2022,2022-10,2022,English,PDF,56,,d10,,msca09aa.org (media library),yes,,docs/reports/2022/district-10-report-to-the-area-october-2022-en.pdf,https://drive.google.com/file/d/1v_EV5hEk4htIhaa1T5U67lQCK8M91HNc/view,
archive-newsletters-2022-area-newsletter-october-2022-en,Archive,Newsletters,Area Newsletter – October 2022,Boletín del Área – octubre de 2022,2022-10,2022,English,PDF,609,,,,msca09aa.org (media library),yes,,docs/archive/newsletters/2022/area-newsletter-october-2022-en.pdf,https://drive.google.com/file/d/1VQq7cBKsdNQZiRtOOBjqAvewHOoS5wUq/view,
archive-newsletters-2022-area-newsletter-october-2022-es,Archive,Newsletters,Area Newsletter – October 2022,Boletín del Área – octubre de 2022,2022-10,2022,Spanish,PDF,610,,,,msca09aa.org (media library),yes,,docs/archive/newsletters/2022/area-newsletter-october-2022-es.pdf,https://drive.google.com/file/d/16wbGii3SZ8Par-BdvxcGW3ISr4KuKE4n/view,
archive-conference-2022-proposed-agenda-items-for-the-73rd-gsc-as-of-september-30-2022-en,Archive,Conference,"Proposed agenda items for the 73rd GSC – as of September 30, 2022",Puntos propuestos para la agenda de la 73.ª CSG – al 30 de septiembre de 2022,2022-09-30,2022,English,PDF,240,,,,msca09aa.org (media library),yes,,docs/archive/conference/2022/proposed-agenda-items-for-the-73rd-gsc-as-of-september-30-2022-en.pdf,https://drive.google.com/file/d/1ILncp53_uUXqVbxTNvYyzSxaCh2zcDHF/view,
archive-conference-2022-proposed-agenda-items-for-the-73rd-gsc-as-of-september-30-2022-es,Archive,Conference,"Proposed agenda items for the 73rd GSC – as of September 30, 2022",Puntos propuestos para la agenda de la 73.ª CSG – al 30 de septiembre de 2022,2022-09-30,2022,Spanish,PDF,278,,,,msca09aa.org (media library),yes,,docs/archive/conference/2022/proposed-agenda-items-for-the-73rd-gsc-as-of-september-30-2022-es.pdf,https://drive.google.com/file/d/14MIfew8X4Q9K3QXqa3Tq9rJWsEqGTetF/view,
archive-gso-2022-call-for-stories-members-who-got-sober-later-in-life-2022-en,Archive,GSO,Call for stories: members who got sober later in life (2022),Solicitud de historias: miembros que lograron la sobriedad a una edad avanzada (2022),2022-09-23,2022,English,PDF,239,,,literature,msca09aa.org (media library),yes,,docs/archive/gso/2022/call-for-stories-members-who-got-sober-later-in-life-2022-en.pdf,https://drive.google.com/file/d/1fXp--89RVt8ISS21VKu7PIXdXkHxJGe_/view,
archive-gso-2022-call-for-stories-members-who-got-sober-later-in-life-2022-es,Archive,GSO,Call for stories: members who got sober later in life (2022),Solicitud de historias: miembros que lograron la sobriedad a una edad avanzada (2022),2022-09-23,2022,Spanish,PDF,333,,,literature,msca09aa.org (media library),yes,,docs/archive/gso/2022/call-for-stories-members-who-got-sober-later-in-life-2022-es.pdf,https://drive.google.com/file/d/19EgI0cJaQ_zyKiZbNOgayqVJdMcApCbp/view,
archive-districts-d8-2022-agenda-for-september-21-2022-en-redacted,Archive,District,"District 8 business meeting agenda – September 21, 2022",Agenda de la reunión de negocios del Distrito 8 – 21 de septiembre de 2022,2022-09-21,2022,English,PDF,67,,d08,,msca09aa.org (media library),yes,,docs/archive/districts/d8/2022/agenda-for-september-21-2022-en-redacted.pdf,https://drive.google.com/file/d/1fqIkhvVrnvCs3k01N1DbxyYJiLWHW1D9/view,"Anonymity-redacted copy: full names shortened to first name + last initial, personal e-mails and phone numbers removed. Original (held for review): private copy in MSCA09AA-private"
archive-conference-2022-proposed-agenda-items-for-the-73rd-gsc-as-of-september-16-2022-en,Archive,Conference,"Proposed agenda items for the 73rd GSC – as of September 16, 2022",Puntos propuestos para la agenda de la 73.ª CSG – al 16 de septiembre de 2022,2022-09-16,2022,English,PDF,180,,,,msca09aa.org (media library),yes,,docs/archive/conference/2022/proposed-agenda-items-for-the-73rd-gsc-as-of-september-16-2022-en.pdf,https://drive.google.com/file/d/15O8q7Bw6VQqzc3XgbaPeKiBJynFOVxZA/view,
archive-conference-2022-proposed-agenda-items-for-the-73rd-gsc-as-of-september-16-2022-es,Archive,Conference,"Proposed agenda items for the 73rd GSC – as of September 16, 2022",Puntos propuestos para la agenda de la 73.ª CSG – al 16 de septiembre de 2022,2022-09-16,2022,Spanish,PDF,216,,,,msca09aa.org (media library),yes,,docs/archive/conference/2022/proposed-agenda-items-for-the-73rd-gsc-as-of-september-16-2022-es.pdf,https://drive.google.com/file/d/1l4sfX6RqXPzXyY7SZfLIaAogw2rWzDuB/view,
archive-gso-2022-letter-from-the-gso-general-manager-september-2022-en,Archive,GSO,Letter from the GSO General Manager (September 2022),Carta del gerente general de la OSG (septiembre de 2022),2022-09-12,2022,English,PDF,90,,,,msca09aa.org (media library),yes,,docs/archive/gso/2022/letter-from-the-gso-general-manager-september-2022-en.pdf,https://drive.google.com/file/d/1WpjYd0D-6PReiXiJHPDPS9BO8QHpURBM/view,
archive-gso-2022-letter-from-the-gso-general-manager-september-2022-es,Archive,GSO,Letter from the GSO General Manager (September 2022),Carta del gerente general de la OSG (septiembre de 2022),2022-09-12,2022,Spanish,PDF,62,,,,msca09aa.org (media library),yes,,docs/archive/gso/2022/letter-from-the-gso-general-manager-september-2022-es.pdf,https://drive.google.com/file/d/12vRExXy0eLEnfJKABOxbpjTQU-5X2GTu/view,
archive-pages-2022-09-14-september-11-2022-delegate-s-sharing-session-area-assembly,Archive,Delegate,"September 11, 2022 — Delegate's Sharing Session: Area Assembly",11 de septiembre de 2022 — Sesión de compartimiento del delegado: Asamblea de Área,2022-09-11,2022,English,PDF,95,,,delegate,msca09aa.org,yes,,docs/archive/pages/2022-09-14-september-11-2022-delegate-s-sharing-session-area-assembly.pdf,https://drive.google.com/file/d/1MMXcOtlxSKGDjaulcdBFVx37QUksy92c/view,"Drive shows the source, so a PDF copy is preferred; PDF copy of the archived web page; url pending (run scripts/drive_ids.py) Re-redacted 2026-10-06: names shortened to first name + initial; personal contact details, addresses and sobriety dates removed (scripts/scan-documents.py)."
minutes-2022-sept-2022-asa-minutes-en-redacted,Archive,Minutes,Assembly (ASA) Minutes – September 2022,Actas de la Asamblea (ASA) – septiembre de 2022,2022-09-11,2022,English,PDF,371,ASA,,,msca09aa.org,yes,,docs/minutes/2022/sept-2022-asa-minutes-en-redacted.pdf,https://drive.google.com/file/d/1IdeBUwJ6pRCphWfqfIdNYJvEhO6JOdjB/view,"Anonymity-redacted copy: full names shortened to first name + last initial, personal e-mails and phone numbers removed. Original (held for review): docs/minutes/2022/sept-2022-asa-minutes-en.pdf Re-redacted 2026-10-06: names shortened to first name + initial; personal contact details, addresses and sobriety dates removed (scripts/scan-documents.py). Re-redacted 2026-10-06 after the pre-launch scan (personal phone numbers removed; checked again with both scanners and OCR)."
minutes-2022-sept-2022-asa-minutes-es-redacted,Archive,Minutes,Assembly (ASA) Minutes – September 2022,Actas de la Asamblea (ASA) – septiembre de 2022,2022-09-11,2022,Spanish,PDF,355,ASA,,,msca09aa.org,yes,,docs/minutes/2022/sept-2022-asa-minutes-es-redacted.pdf,https://drive.google.com/file/d/1_sqs2xYD7WkklHT45W-ByYWZBFs_dGrI/view,"Anonymity-redacted copy: full names shortened to first name + last initial, personal e-mails and phone numbers removed. Original (held for review): docs/minutes/2022/sept-2022-asa-minutes-es.pdf Re-redacted 2026-10-06: names shortened to first name + initial; personal contact details, addresses and sobriety dates removed (scripts/scan-documents.py). Re-redacted 2026-10-06 after the pre-launch scan (personal phone numbers removed; checked again with both scanners and OCR)."
reports-2022-district-6-report-to-the-area-september-6-2022-en,Archive,Reports,"District 6 Report to the Area – September 6, 2022",Informe del Distrito 6 al Área – 6 de septiembre de 2022,2022-09-06,2022,English,PDF,42,,d06,,msca09aa.org (media library),yes,,docs/reports/2022/district-6-report-to-the-area-september-6-2022-en.pdf,https://drive.google.com/file/d/1-wVqWqawS_528HUqcQ53okoMCEnTBbvJ/view,
reports-2022-treatment-committee-report-september-2022-en,Archive,Reports,Treatment Committee Report – September 2022,Informe del Comité de Centros de Tratamiento – septiembre de 2022,2022-09,2022,English,PDF,79,,,treatment,msca09aa.org (media library),yes,,docs/reports/2022/treatment-committee-report-september-2022-en.pdf,https://drive.google.com/file/d/1L3L7NNQYqQUAx_KYne4Ivsq_uzMRymxa/view,
reports-treasurer-ap-2022-statement-of-activity-profit-and-loss-3rd-quarter-2022-en,Archive,Finances,Statement of activity (profit & loss) – 3rd quarter 2022,Estado de actividades (ingresos y gastos) – 3.er trimestre de 2022,2022-09,2022,English,PDF,40,,,treasurer-ap,msca09aa.org (media library),yes,,docs/reports/Treasurer AP/2022/statement-of-activity-profit-and-loss-3rd-quarter-2022-en.pdf,https://drive.google.com/file/d/1lfR1O6-e2DWUDG0C4JUm-YIrpOcX5uB2/view,
archive-flyers-2022-september-2022-area-assembly-hosted-by-district-17-flyer-en,Archive,Flyers,September 2022 Area Assembly hosted by District 17 – flyer,"Asamblea de Área de septiembre de 2022, organizada por el Distrito 17 – volante",2022-09,2022,English,PDF,2863,,d17,,msca09aa.org (media library),yes,,docs/archive/flyers/2022/september-2022-area-assembly-hosted-by-district-17-flyer-en.pdf,https://drive.google.com/file/d/14bsf95XC5HX9bDwa2r3zY-oP4w1Oyp74/view,
reports-2022-district-8-report-to-the-area-september-2022-en,Archive,Reports,District 8 Report to the Area – September 2022,Informe del Distrito 8 al Área – septiembre de 2022,2022-09,2022,English,PDF,54,,d08,,msca09aa.org (media library),yes,,docs/reports/2022/district-8-report-to-the-area-september-2022-en.pdf,https://drive.google.com/file/d/1ooGt9hMAidBn6JsvK1VcfpkohwpGcvyf/view,
archive-newsletters-2022-area-newsletter-september-2022-en,Archive,Newsletters,Area Newsletter – September 2022,Boletín del Área – septiembre de 2022,2022-09,2022,English,PDF,483,,,,msca09aa.org (media library),yes,,docs/archive/newsletters/2022/area-newsletter-september-2022-en.pdf,https://drive.google.com/file/d/14ioZALGrbo3kV-ai9vssPZRQEwtU1ndS/view,
minutes-2022-officers-directors-board-minutes-august-28-2022-en-redacted,Archive,Minutes,"Officers/Directors (Board) Minutes – August 28, 2022",Actas de los oficiales y directores (Junta) – 28 de agosto de 2022,2022-08-28,2022,English,PDF,215,Board,,,msca09aa.org (media library),yes,,docs/minutes/2022/officers-directors-board-minutes-august-28-2022-en-redacted.pdf,https://drive.google.com/file/d/1uue2ybrcXp5P_4TB-W4HZvHpcfCKXhr9/view,"Anonymity-redacted copy: full names shortened to first name + last initial, personal e-mails and phone numbers removed. Original (held for review): private copy in MSCA09AA-private"
reports-2022-archives-committee-meeting-agenda-august-20-2022-en,Archive,Reports,"Archives Committee meeting agenda – August 20, 2022",Agenda de la reunión del Comité de Archivos Históricos – 20 de agosto de 2022,2022-08-20,2022,English,PDF,23,,,archives,msca09aa.org (media library),yes,,docs/reports/2022/archives-committee-meeting-agenda-august-20-2022-en.pdf,https://drive.google.com/file/d/19ma1DVfbG2D3HLii42K3LsrNO-1xRUnP/view,
archive-conference-2022-proposed-agenda-items-for-the-73rd-gsc-as-of-august-17-2022-en,Archive,Conference,"Proposed agenda items for the 73rd GSC – as of August 17, 2022",Puntos propuestos para la agenda de la 73.ª CSG – al 17 de agosto de 2022,2022-08-17,2022,English,PDF,67,,,,msca09aa.org (media library),yes,,docs/archive/conference/2022/proposed-agenda-items-for-the-73rd-gsc-as-of-august-17-2022-en.pdf,https://drive.google.com/file/d/1BZwkYgRDTA0ly88pBpqrniyuQINfYocc/view,
archive-conference-2022-proposed-agenda-items-for-the-73rd-gsc-as-of-august-17-2022-es,Archive,Conference,"Proposed agenda items for the 73rd GSC – as of August 17, 2022",Puntos propuestos para la agenda de la 73.ª CSG – al 17 de agosto de 2022,2022-08-17,2022,Spanish,PDF,270,,,,msca09aa.org (media library),yes,,docs/archive/conference/2022/proposed-agenda-items-for-the-73rd-gsc-as-of-august-17-2022-es.pdf,https://drive.google.com/file/d/1uvtmbgogrSYeAM2q9IQZTbPUVDDi3Umn/view,
archive-flyers-2022-8-15-22-rcgs-flyer-reg-2022-08-en-redacted,Archive,Flyers,"Steps weekend retreat, August 2022 – flyer","Retiro de fin de semana sobre los Pasos, agosto de 2022 – volante",2022-08-15,2022,English,PDF,269,,,,msca09aa.org (media library),yes,,docs/archive/flyers/2022/8-15-22-rcgs-flyer-reg-2022-08-en-redacted.pdf,https://drive.google.com/file/d/1sbsyzZ6d__m2N094SrggDnDlxpOGkv5D/view,"Anonymity-redacted copy: full names shortened to first name + last initial, personal e-mails and phone numbers removed. Original (held for review): private copy in MSCA09AA-private Re-redacted 2026-10-06: names shortened to first name + initial; personal contact details, addresses and sobriety dates removed (scripts/scan-documents.py)."
archive-gso-2022-request-for-2024-gsc-theme-presentation-and-workshop-suggestions-august-2022-en,Archive,GSO,"Request for 2024 GSC theme, presentation and workshop suggestions (August 2022)","Solicitud de sugerencias de lema, presentaciones y talleres para la CSG de 2024 (agosto de 2022)",2022-08-15,2022,English,PDF,241,,,,msca09aa.org (media library),yes,,docs/archive/gso/2022/request-for-2024-gsc-theme-presentation-and-workshop-suggestions-august-2022-en.pdf,https://drive.google.com/file/d/1kJwJWMKLNTJQSrctBQn-zLLCrQ6pnuO8/view,
archive-gso-2022-request-for-2024-gsc-theme-presentation-and-workshop-suggestions-august-2022-es,Archive,GSO,"Request for 2024 GSC theme, presentation and workshop suggestions (August 2022)","Solicitud de sugerencias de lema, presentaciones y talleres para la CSG de 2024 (agosto de 2022)",2022-08-15,2022,Spanish,PDF,198,,,,msca09aa.org (media library),yes,,docs/archive/gso/2022/request-for-2024-gsc-theme-presentation-and-workshop-suggestions-august-2022-es.pdf,https://drive.google.com/file/d/18wAIqZ12IW3dhL-Okw6eT4ySUQfIIkog/view,
minutes-2022-aug-2022-asc-minutes-en-redacted,Archive,Minutes,ASC Minutes – August 2022,Actas del CSA – agosto de 2022,2022-08-14,2022,English,PDF,386,ASC,,,msca09aa.org,yes,,docs/minutes/2022/aug-2022-asc-minutes-en-redacted.pdf,https://drive.google.com/file/d/1XDCXiO3IYsHecRzXG6QXAPP6PBEdhZTp/view,"Anonymity-redacted copy: full names shortened to first name + last initial, personal e-mails and phone numbers removed. Original (held for review): docs/minutes/2022/aug-2022-asc-minutes-en.pdf Re-redacted 2026-10-06: names shortened to first name + initial; personal contact details, addresses and sobriety dates removed (scripts/scan-documents.py)."
minutes-2022-aug-2022-asc-minutes-es-redacted,Archive,Minutes,ASC Minutes – August 2022,Actas del CSA – agosto de 2022,2022-08-14,2022,Spanish,PDF,421,ASC,,,msca09aa.org,yes,,docs/minutes/2022/aug-2022-asc-minutes-es-redacted.pdf,https://drive.google.com/file/d/1oRT38zXZrkiH76KNoltzYI75QJ3tVred/view,"Anonymity-redacted copy: full names shortened to first name + last initial, personal e-mails and phone numbers removed. Original (held for review): docs/minutes/2022/aug-2022-asc-minutes-es.pdf Re-redacted 2026-10-06: names shortened to first name + initial; personal contact details, addresses and sobriety dates removed (scripts/scan-documents.py)."
archive-pages-2022-08-28-august-13-2022-delegate-s-sharing-session-area-committee-me,Archive,Delegate,"August 13, 2022 — Delegate's Sharing Session: Area Committee Meeting",13 de agosto de 2022 — Sesión de compartimiento del delegado: Reunión del Comité de Servicio de Área (CSA),2022-08-13,2022,English,PDF,7,,,delegate,msca09aa.org,yes,,docs/archive/pages/2022-08-28-august-13-2022-delegate-s-sharing-session-area-committee-me.pdf,https://drive.google.com/file/d/1CEe9khMWG1dwqo7WJ4iMpwXMIq1jPCZq/view,"Drive shows the source, so a PDF copy is preferred; PDF copy of the archived web page; url pending (run scripts/drive_ids.py)"
reports-2022-district-17-report-to-the-area-august-9-2022-en,Archive,Reports,"District 17 Report to the Area – August 9, 2022",Informe del Distrito 17 al Área – 9 de agosto de 2022,2022-08-09,2022,English,PDF,554,,d17,,msca09aa.org (media library),yes,,docs/reports/2022/district-17-report-to-the-area-august-9-2022-en.pdf,https://drive.google.com/file/d/1ZbvhEr9q1R7OR5SV6mtHmcK605y-Dx-g/view,
archive-gso-2022-international-convention-member-engagement-survey-2022-en,Archive,GSO,2025 International Convention member engagement survey (2022),Encuesta de participación de los miembros: Convención Internacional 2025 (2022),2022-08-02,2022,English,PDF,270,,,,msca09aa.org (media library),yes,,docs/archive/gso/2022/international-convention-member-engagement-survey-2022-en.pdf,https://drive.google.com/file/d/1xbegytO9KF7Buabr4OVJTH65gDEK7Mlg/view,
archive-gso-2022-international-convention-member-engagement-survey-2022-es,Archive,GSO,2025 International Convention member engagement survey (2022),Encuesta de participación de los miembros: Convención Internacional 2025 (2022),2022-08-02,2022,Spanish,PDF,270,,,,msca09aa.org (media library),yes,,docs/archive/gso/2022/international-convention-member-engagement-survey-2022-es.pdf,https://drive.google.com/file/d/17YF4USMmr4y6f6IlM-i1ySykrImDcDsV/view,
reports-2022-district-8-report-to-the-area-august-2022-en-redacted,Archive,Reports,District 8 Report to the Area – August 2022,Informe del Distrito 8 al Área – agosto de 2022,2022-08,2022,English,PDF,91,,d08,,msca09aa.org (media library),yes,,docs/reports/2022/district-8-report-to-the-area-august-2022-en-redacted.pdf,https://drive.google.com/file/d/191Y79GeTPhZKJgeMvAyYTCtV4JaNWc8_/view,"Anonymity-redacted copy: full names shortened to first name + last initial, personal e-mails and phone numbers removed. Original (held for review): private copy in MSCA09AA-private"
archive-districts-d25-2022-boletind25p72-08-aug-en-redacted,Archive,Newsletters,District 25 Newsletter – August 2022,Boletín del Distrito 25 – agosto de 2022,2022-08,2022,Spanish,PDF,1486,,d25,,msca09aa.org (media library),yes,,docs/archive/districts/d25/2022/boletind25p72-08-aug-en-redacted.pdf,https://drive.google.com/file/d/1Bkrv6GJedUYH9HhcTP7OiWtGwEEVv9JQ/view,"Anonymity-redacted copy: full names shortened to first name + last initial, personal e-mails and phone numbers removed. Original (held for review): private copy in MSCA09AA-private"
reports-2022-district-18-report-to-the-area-august-2022-en,Archive,Reports,District 18 Report to the Area – August 2022,Informe del Distrito 18 al Área – agosto de 2022,2022-08,2022,English,PDF,477,,d18,,msca09aa.org (media library),yes,,docs/reports/2022/district-18-report-to-the-area-august-2022-en.pdf,https://drive.google.com/file/d/14j-d6TWJvMBar155Va1wTgT478iTLT_4/view,
archive-newsletters-2022-area-newsletter-august-2022-en,Archive,Newsletters,Area Newsletter – August 2022,Boletín del Área – agosto de 2022,2022-08,2022,English,PDF,507,,,,msca09aa.org (media library),yes,,docs/archive/newsletters/2022/area-newsletter-august-2022-en.pdf,https://drive.google.com/file/d/1Op1bmDY1SJtkdlsbjUuSD9e9l4pnAOgI/view,
archive-misc-2023-aagv-price-increase-release-eng-2023-en-redacted,Archive,GSO,AA Grapevine news release: 2023 price increase,Comunicado de AA Grapevine: aumento de precios 2023,2022-08,2022,English,PDF,78,,,grapevine-la-vina,msca09aa.org (media library),yes,,docs/archive/misc/2023/aagv-price-increase-release-eng-2023-en-redacted.pdf,https://drive.google.com/file/d/1Lp-yrmKvbPnuyMPKQS0tOpo8hKX6EB0a/view,"Anonymity-redacted copy: full names shortened to first name + last initial, personal e-mails and phone numbers removed. Original (held for review): private copy in MSCA09AA-private Re-redacted 2026-10-06: names shortened to first name + initial; personal contact details, addresses and sobriety dates removed (scripts/scan-documents.py)."
archive-gso-2023-aagv-comunicado-aumento-precios-span-2023-es-redacted,Archive,GSO,AA Grapevine news release: 2023 price increase,Comunicado de AA Grapevine: aumento de precios 2023,2022-08,2022,Spanish,PDF,120,,,grapevine-la-vina,msca09aa.org (media library),yes,,docs/archive/gso/2023/aagv-comunicado-aumento-precios-span-2023-es-redacted.pdf,https://drive.google.com/file/d/1jF7ZOURnUa8LoPZZ3sjRnzJ7EbGtaZl5/view,"Anonymity-redacted copy: full names shortened to first name + last initial, personal e-mails and phone numbers removed. Original (held for review): private copy in MSCA09AA-private Re-redacted 2026-10-06: names shortened to first name + initial; personal contact details, addresses and sobriety dates removed (scripts/scan-documents.py)."
minutes-2022-officers-directors-board-minutes-july-17-2022-en,Archive,Minutes,"Officers/Directors (Board) Minutes – July 17, 2022",Actas de los oficiales y directores (Junta) – 17 de julio de 2022,2022-07-17,2022,English,PDF,230,Board,,,msca09aa.org (media library),yes,,docs/minutes/2022/officers-directors-board-minutes-july-17-2022-en.pdf,https://drive.google.com/file/d/1mMAfIiWaC8wX3cIBMEpaw8Sw7PhV3LfM/view,
archive-districts-d9-2022-district-9-minutes-july-17-2022-en,Archive,District,"District 9 Minutes – July 17, 2022",Actas del Distrito 9 – 17 de julio de 2022,2022-07-17,2022,English,PDF,66,,d09,,msca09aa.org (media library),yes,,docs/archive/districts/d9/2022/district-9-minutes-july-17-2022-en.pdf,https://drive.google.com/file/d/1dNb1ttfrQbxIhjazRAlTE9mnr7qcv1ps/view,
reports-2022-31st-area-foro-2022-round-table-summaries-en,Archive,Reports,31st Area Foro 2022 – round-table summaries,31.º Foro del Área 2022 – resúmenes de las mesas redondas,2022-07-10,2022,English,PDF,144,,,,msca09aa.org (media library),yes,,docs/reports/2022/31st-area-foro-2022-round-table-summaries-en.pdf,https://drive.google.com/file/d/1qdkjMNehOkwCo0Wz-BigkOeOU7_cLbui/view,
reports-2022-31st-area-foro-2022-round-table-summaries-es,Archive,Reports,31st Area Foro 2022 – round-table summaries,31.º Foro del Área 2022 – resúmenes de las mesas redondas,2022-07-10,2022,Spanish,PDF,149,,,,msca09aa.org (media library),yes,,docs/reports/2022/31st-area-foro-2022-round-table-summaries-es.pdf,https://drive.google.com/file/d/1OJnSehlz1xB_VGYC8OiESwt3ZjqdmpMM/view,
reports-2022-standing-committee-report-july-8-2022-en,Archive,Reports,"Standing committee report – July 8, 2022",Informe de comité permanente – 8 de julio de 2022,2022-07-08,2022,English,PDF,16,,,,msca09aa.org (media library),yes,,docs/reports/2022/standing-committee-report-july-8-2022-en.pdf,https://drive.google.com/file/d/10YAfLxvdKab9ah_LK96GnwmAOUiJb5pt/view,
archive-gso-2022-gso-press-release-new-pamphlet-for-lgbtq-alcoholics-july-2022-en,Archive,GSO,GSO press release: new pamphlet for LGBTQ alcoholics (July 2022),Comunicado de prensa de la OSG: nuevo folleto para alcohólicos LGBTQ (julio de 2022),2022-07-06,2022,English,PDF,58,,,,msca09aa.org (media library),yes,,docs/archive/gso/2022/gso-press-release-new-pamphlet-for-lgbtq-alcoholics-july-2022-en.pdf,https://drive.google.com/file/d/1nvCepY3er0tsop8WAunu3lDGPdJoanya/view,
archive-gso-2022-gso-press-release-new-pamphlet-for-lgbtq-alcoholics-july-2022-es,Archive,GSO,GSO press release: new pamphlet for LGBTQ alcoholics (July 2022),Comunicado de prensa de la OSG: nuevo folleto para alcohólicos LGBTQ (julio de 2022),2022-07-06,2022,Spanish,PDF,58,,,,msca09aa.org (media library),yes,,docs/archive/gso/2022/gso-press-release-new-pamphlet-for-lgbtq-alcoholics-july-2022-es.pdf,https://drive.google.com/file/d/1zyYLTKHmZVGBRr0y3VeDKfixx9mFvDEZ/view,
archive-gso-2022-memo-to-conference-members-2022-final-report-timeline-en,Archive,GSO,Memo to Conference members: 2022 Final Report timeline,Memorando a los miembros de la Conferencia: calendario del Informe Final de 2022,2022-07,2022,English,PDF,24,,,,msca09aa.org (media library),yes,,docs/archive/gso/2022/memo-to-conference-members-2022-final-report-timeline-en.pdf,https://drive.google.com/file/d/1qzhrJiLhJcAjb6BVc9scJH9l9vFb8_ii/view,"Re-redacted 2026-10-06: names shortened to first name + initial; personal contact details, addresses and sobriety dates removed (scripts/scan-documents.py)."
archive-gso-2022-memo-to-conference-members-2022-final-report-timeline-es,Archive,GSO,Memo to Conference members: 2022 Final Report timeline,Memorando a los miembros de la Conferencia: calendario del Informe Final de 2022,2022-07,2022,Spanish,PDF,25,,,,msca09aa.org (media library),yes,,docs/archive/gso/2022/memo-to-conference-members-2022-final-report-timeline-es.pdf,https://drive.google.com/file/d/1J9fNarBW0O9qtxZhu0yXfSLujXfQtl2O/view,"Re-redacted 2026-10-06: names shortened to first name + initial; personal contact details, addresses and sobriety dates removed (scripts/scan-documents.py)."
archive-gso-2022-gso-staff-assignments-july-2022-en,Archive,GSO,GSO staff assignments (July 2022),Asignaciones del personal de la OSG (julio de 2022),2022-07,2022,English,PDF,115,,,,msca09aa.org (media library),yes,,docs/archive/gso/2022/gso-staff-assignments-july-2022-en.pdf,https://drive.google.com/file/d/1hX0_wjMJBzFkmMk4R7OUxt_ElFTPi3tM/view,
archive-gso-2022-gso-staff-assignments-july-2022-es,Archive,GSO,GSO staff assignments (July 2022),Asignaciones del personal de la OSG (julio de 2022),2022-07,2022,Spanish,PDF,102,,,,msca09aa.org (media library),yes,,docs/archive/gso/2022/gso-staff-assignments-july-2022-es.pdf,https://drive.google.com/file/d/1K7MSxXz9OhQoGoihVZa07sbKu5OYMmK4/view,"Re-redacted 2026-10-06: names shortened to first name + initial; personal contact details, addresses and sobriety dates removed (scripts/scan-documents.py)."
archive-service-2022-d8-and-11-gsr-school-flyer-en-redacted,Archive,Flyers,Districts 8 & 11 GSR school – flyer,Escuela de RSG de los Distritos 8 y 11 – volante,2022-07,2022,English,PDF,117,,d08,gsr-school,msca09aa.org (media library),yes,,docs/archive/service/2022/d8-and-11-gsr-school-flyer-en-redacted.pdf,https://drive.google.com/file/d/1VgIPUunzgtsLEfjcZDHRmgEN5fTNue1u/view,"Anonymity-redacted copy: full names shortened to first name + last initial, personal e-mails and phone numbers removed. Original (held for review): private copy in MSCA09AA-private"
reports-2022-district-8-report-to-the-area-july-2022-en-redacted,Archive,Reports,District 8 Report to the Area – July 2022,Informe del Distrito 8 al Área – julio de 2022,2022-07,2022,English,PDF,90,,d08,,msca09aa.org (media library),yes,,docs/reports/2022/district-8-report-to-the-area-july-2022-en-redacted.pdf,https://drive.google.com/file/d/1sswYSOyd_1WLDC2t6C8ahMX0YDBLfFzo/view,"Anonymity-redacted copy: full names shortened to first name + last initial, personal e-mails and phone numbers removed. Original (held for review): private copy in MSCA09AA-private Re-redacted 2026-10-06: names shortened to first name + initial; personal contact details, addresses and sobriety dates removed (scripts/scan-documents.py)."
reports-2022-district-6-report-to-the-area-july-2022-en,Archive,Reports,District 6 Report to the Area – July 2022,Informe del Distrito 6 al Área – julio de 2022,2022-07,2022,English,PDF,54,,d06,,msca09aa.org (media library),yes,,docs/reports/2022/district-6-report-to-the-area-july-2022-en.pdf,https://drive.google.com/file/d/19qizXu0fbl5vQBPYFALaLad3ZcG8vGsv/view,
archive-flyers-2022-district-5-movie-night-july-2022-flyer-en,Archive,Flyers,District 5 movie night (July 2022) – flyer,Distrito 5 – noche de cine (julio de 2022) – volante,2022-07,2022,English,PDF,361,,d05,,msca09aa.org (media library),yes,,docs/archive/flyers/2022/district-5-movie-night-july-2022-flyer-en.pdf,https://drive.google.com/file/d/1wqUYedZDGhcVa0eO62P11jgJYFAxY1ac/view,"Re-redacted 2026-10-06: names shortened to first name + initial; personal contact details, addresses and sobriety dates removed (scripts/scan-documents.py)."
reports-2022-district-5-report-to-the-area-july-2022-en,Archive,Reports,District 5 Report to the Area – July 2022,Informe del Distrito 5 al Área – julio de 2022,2022-07,2022,English,PDF,3528,,d05,,msca09aa.org (media library),yes,,docs/reports/2022/district-5-report-to-the-area-july-2022-en.pdf,https://drive.google.com/file/d/1ZL5E52Zt-vFUmtLtutPqs7D5yqyortx8/view,
archive-pages-2022-06-20-june-12-2022-delegate-s-sharing-session-area-service-commit,Archive,Delegate,"June 12, 2022 — Delegate's Sharing Session: Area Service Committee Meeting",12 de junio de 2022 — Sesión de compartimiento del delegado: Comité de Servicio de Área (CSA) Meeting,2022-06-12,2022,English,PDF,8,,,delegate,msca09aa.org,yes,,docs/archive/pages/2022-06-20-june-12-2022-delegate-s-sharing-session-area-service-commit.pdf,https://drive.google.com/file/d/12Pmi_Y08KRUlhOHtg_7S2kOLL2MrfN4N/view,"Drive shows the source, so a PDF copy is preferred; PDF copy of the archived web page; url pending (run scripts/drive_ids.py)"
reports-2022-district-6-dcmc-report-june-12-2022-en-redacted,Archive,Reports,"District 6 Report to the Area – June 12, 2022",Informe del Distrito 6 al Área – 12 de junio de 2022,2022-06-12,2022,English,PDF,46,,d06,,msca09aa.org (media library),yes,,docs/reports/2022/district-6-dcmc-report-june-12-2022-en-redacted.pdf,https://drive.google.com/file/d/1lz4GDDmdGITOK8XiNXijQIFCGgYWLElr/view,"Anonymity-redacted copy: full names shortened to first name + last initial, personal e-mails and phone numbers removed. Original (held for review): private copy in MSCA09AA-private"
reports-2022-archives-committee-report-june-12-2022-en,Archive,Reports,"Archives Committee Report – June 12, 2022",Informe del Comité de Archivos Históricos – 12 de junio de 2022,2022-06-12,2022,English,PDF,47,,,archives,msca09aa.org (media library),yes,,docs/reports/2022/archives-committee-report-june-12-2022-en.pdf,https://drive.google.com/file/d/16D2txaEyi7wBRIk2-2bgh2wMrxL6sEMG/view,
archive-flyers-2022-district-5-72nd-gsc-delegate-share-back-june-9-2022-flyer-en,Archive,Flyers,"District 5 – 72nd GSC delegate share-back, June 9, 2022 (flyer)","Distrito 5 – informe del Delegado sobre la 72.ª CSG, 9 de junio de 2022 (volante)",2022-06-09,2022,English,PDF,692,,d05,delegate,msca09aa.org (media library),yes,,docs/archive/flyers/2022/district-5-72nd-gsc-delegate-share-back-june-9-2022-flyer-en.pdf,https://drive.google.com/file/d/1vM28HboalQys8W1SVvc-UZPnOHP4bw3h/view,
reports-treasurer-ap-2022-statement-of-activity-profit-and-loss-2nd-quarter-2022-en,Archive,Finances,Statement of activity (profit & loss) – 2nd quarter 2022,Estado de actividades (ingresos y gastos) – 2.º trimestre de 2022,2022-06,2022,English,PDF,39,,,treasurer-ap,msca09aa.org (media library),yes,,docs/reports/Treasurer AP/2022/statement-of-activity-profit-and-loss-2nd-quarter-2022-en.pdf,https://drive.google.com/file/d/1yp1j_gu5pqtkmOWofuCeE3GE_W8mskU7/view,
archive-forms-2022-standing-committee-report-form-fillable-2022-06-es,Archive,Forms,Standing committee report form (fillable),Formulario de informe de comité permanente (editable),2022-06,2022,Spanish,PDF,37,,,,msca09aa.org (media library),yes,,docs/archive/forms/2022/standing-committee-report-form-fillable-2022-06-es.pdf,https://drive.google.com/file/d/1FPu3XZgEo4M7xcZQo6MMrupoEwxO2HaX/view,
reports-2022-district-8-report-to-the-area-june-2022-en,Archive,Reports,District 8 Report to the Area – June 2022,Informe del Distrito 8 al Área – junio de 2022,2022-06,2022,English,PDF,64,,d08,,msca09aa.org (media library),yes,,docs/reports/2022/district-8-report-to-the-area-june-2022-en.pdf,https://drive.google.com/file/d/1HhKcE8XX8HYFqRo43iqqvbxhPNnJYk-q/view,
archive-forms-2022-dcmc-report-form-fillable-2022-06-es,Archive,Forms,DCMC report form (fillable),Formulario de informe del CMCD (editable),2022-06,2022,Spanish,PDF,14,,,,msca09aa.org (media library),yes,,docs/archive/forms/2022/dcmc-report-form-fillable-2022-06-es.pdf,https://drive.google.com/file/d/1nW5Z_G6KoGRMnF5n3B1ZRjf4s1kp5Yji/view,
minutes-2022-board-minutes-june-2022-en,Archive,Minutes,Board Minutes – June 2022,Actas de la Junta Directiva – junio de 2022,2022-06,2022,English,PDF,213,Board,,,msca09aa.org (media library),yes,,docs/minutes/2022/board-minutes-june-2022-en.pdf,https://drive.google.com/file/d/1DOQF6B0AFq2l6XR-g0EH_MDDmKmJomUz/view,
archive-districts-d8-2022-district-8-minutes-may-18-2022-en-redacted,Archive,District,"District 8 Minutes – May 18, 2022",Actas del Distrito 8 – 18 de mayo de 2022,2022-05-18,2022,English,PDF,143,,d08,,msca09aa.org (media library),yes,,docs/archive/districts/d8/2022/district-8-minutes-may-18-2022-en-redacted.pdf,https://drive.google.com/file/d/13WJjswjKebaJd6qxZzrvctYGtvMUzh_J/view,"Anonymity-redacted copy: full names shortened to first name + last initial, personal e-mails and phone numbers removed. Original (held for review): private copy in MSCA09AA-private"
archive-misc-2022-committee-considerations-72nd-gsc-2022-05-en,Archive,Misc,Committee considerations – 72nd GSC,Consideraciones de los comités – 72.ª CSG,2022-05-18,2022,English,PDF,128,,,,msca09aa.org (media library),yes,,docs/archive/misc/2022/committee-considerations-72nd-gsc-2022-05-en.pdf,https://drive.google.com/file/d/1cO69CkP9mLXnaN4MHbZOWyXiIhmfrBSg/view,
archive-misc-2022-committee-considerations-72nd-gsc-2022-05-es,Archive,Misc,Committee considerations – 72nd GSC,Consideraciones de los comités – 72.ª CSG,2022-05-18,2022,Spanish,PDF,146,,,,msca09aa.org (media library),yes,,docs/archive/misc/2022/committee-considerations-72nd-gsc-2022-05-es.pdf,https://drive.google.com/file/d/1qAzjIL8urH5XrmS2M98sbEgcluZ9Mj_Z/view,
archive-conference-2022-advisory-actions-of-the-72nd-gsc-2022-05-en-redacted,Archive,Conference,Advisory actions of the 72nd GSC,Acciones recomendables de la 72.ª CSG,2022-05-18,2022,English,PDF,108,,,,msca09aa.org (media library),yes,,docs/archive/conference/2022/advisory-actions-of-the-72nd-gsc-2022-05-en-redacted.pdf,https://drive.google.com/file/d/16kavM_edxFje1t2XbF_WU-oKiymVtc2V/view,"Anonymity-redacted copy: full names shortened to first name + last initial, personal e-mails and phone numbers removed. Original (held for review): private copy in MSCA09AA-private Re-redacted 2026-10-06: names shortened to first name + initial; personal contact details, addresses and sobriety dates removed (scripts/scan-documents.py)."
archive-conference-2022-advisory-actions-of-the-72nd-gsc-2022-05-es-redacted,Archive,Conference,Advisory actions of the 72nd GSC,Acciones recomendables de la 72.ª CSG,2022-05-18,2022,Spanish,PDF,125,,,,msca09aa.org (media library),yes,,docs/archive/conference/2022/advisory-actions-of-the-72nd-gsc-2022-05-es-redacted.pdf,https://drive.google.com/file/d/1hjoTshAoP5z_WIP3TAusq3D88cjtUCtT/view,"Anonymity-redacted copy: full names shortened to first name + last initial, personal e-mails and phone numbers removed. Original (held for review): private copy in MSCA09AA-private Re-redacted 2026-10-06: names shortened to first name + initial; personal contact details, addresses and sobriety dates removed (scripts/scan-documents.py)."
reports-2022-hispanic-women-s-workshop-committee-report-may-15-2022-en,Archive,Reports,"Hispanic Women's Workshop Committee Report – May 15, 2022",Informe del Comité del Taller de Mujeres Hispanas – 15 de mayo de 2022,2022-05-15,2022,Bilingual,PDF,65,,,hispanic-womens,msca09aa.org (media library),yes,,docs/reports/2022/hispanic-women-s-workshop-committee-report-may-15-2022-en.pdf,https://drive.google.com/file/d/1HTa1trbM9w-0L8_bFl5agZ_3S_TZFLIu/view,
reports-2022-district-9-report-to-the-area-may-15-2022-en,Archive,Reports,"District 9 Report to the Area – May 15, 2022",Informe del Distrito 9 al Área – 15 de mayo de 2022,2022-05-15,2022,English,PDF,169,,d09,,msca09aa.org (media library),yes,,docs/reports/2022/district-9-report-to-the-area-may-15-2022-en.pdf,https://drive.google.com/file/d/1JB4MFmZTAcvGYFS0RYn4GDDOt5MnbbZ4/view,
reports-delegate-2022-delegate-s-report-back-on-the-72nd-gsc-transcript-may-15-2022-en,Archive,Delegate,"Delegate's report-back on the 72nd GSC – transcript (May 15, 2022)",Informe del Delegado sobre la 72.ª CSG – transcripción (15 de mayo de 2022),2022-05-15,2022,English,PDF,228,,,delegate,msca09aa.org (media library),yes,,docs/reports/Delegate/2022/delegate-s-report-back-on-the-72nd-gsc-transcript-may-15-2022-en.pdf,https://drive.google.com/file/d/1DfRtJA0VkzcQIKobkyitxEPjBnCTERko/view,"Re-redacted 2026-10-06: names shortened to first name + initial; personal contact details, addresses and sobriety dates removed (scripts/scan-documents.py)."
reports-delegate-2022-delegate-s-report-back-on-the-72nd-gsc-transcript-may-15-2022-es,Archive,Delegate,"Delegate's report-back on the 72nd GSC – transcript (May 15, 2022)",Informe del Delegado sobre la 72.ª CSG – transcripción (15 de mayo de 2022),2022-05-15,2022,Spanish,PDF,156,,,delegate,msca09aa.org (media library),yes,,docs/reports/Delegate/2022/delegate-s-report-back-on-the-72nd-gsc-transcript-may-15-2022-es.pdf,https://drive.google.com/file/d/1F9ODb3BsreiaxCKAOJd3bXWesFla6lDs/view,"Re-redacted 2026-10-06: names shortened to first name + initial; personal contact details, addresses and sobriety dates removed (scripts/scan-documents.py)."
minutes-2022-may-2022-asa-minutes-en-redacted,Archive,Minutes,Assembly (ASA) Minutes – May 2022,Actas de la Asamblea (ASA) – mayo de 2022,2022-05-15,2022,English,PDF,390,ASA,,,msca09aa.org,yes,,docs/minutes/2022/may-2022-asa-minutes-en-redacted.pdf,https://drive.google.com/file/d/1cHIsI6YOpEk2HbWbPDlUUG1YEYqSeBhK/view,"Anonymity-redacted copy: full names shortened to first name + last initial, personal e-mails and phone numbers removed. Original (held for review): docs/minutes/2022/may-2022-asa-minutes-en.pdf Re-redacted 2026-10-06: names shortened to first name + initial; personal contact details, addresses and sobriety dates removed (scripts/scan-documents.py)."
minutes-2022-may-2022-asa-minutes-es-redacted,Archive,Minutes,Assembly (ASA) Minutes – May 2022,Actas de la Asamblea (ASA) – mayo de 2022,2022-05-15,2022,Spanish,PDF,399,ASA,,,msca09aa.org,yes,,docs/minutes/2022/may-2022-asa-minutes-es-redacted.pdf,https://drive.google.com/file/d/1aVykqG4AtD3JbvA-e7W3a6f2JxbptcMl/view,"Anonymity-redacted copy: full names shortened to first name + last initial, personal e-mails and phone numbers removed. Original (held for review): docs/minutes/2022/may-2022-asa-minutes-es.pdf"
reports-2022-district-25-report-to-the-area-may-14-2022-es,Archive,Reports,"District 25 Report to the Area – May 14, 2022",Informe del Distrito 25 al Área – 14 de mayo de 2022,2022-05-14,2022,Spanish,PDF,209,,d25,,msca09aa.org (media library),yes,,docs/reports/2022/district-25-report-to-the-area-may-14-2022-es.pdf,https://drive.google.com/file/d/1Uc_PlrVuHFzSabYjHlyh2-XjtqSoCMj4/view,
reports-treasurer-ap-2022-budget-vs-actual-1st-quarter-2022-en,Archive,Finances,Budget vs. actual – 1st quarter 2022,Presupuesto frente a gastos reales – 1.er trimestre de 2022,2022-05-14,2022,English,PDF,57,,,treasurer-ap,msca09aa.org (media library),yes,,docs/reports/Treasurer AP/2022/budget-vs-actual-1st-quarter-2022-en.pdf,https://drive.google.com/file/d/10_SYMIRie8-zHaK2_LcK_y68HwUrm-xM/view,
minutes-2022-officers-directors-board-minutes-may-2022-en-redacted,Archive,Minutes,Officers/Directors (Board) Minutes – May 2022,Actas de los oficiales y directores (Junta) – mayo de 2022,2022-05-01,2022,English,PDF,207,Board,,,msca09aa.org (media library),yes,,docs/minutes/2022/officers-directors-board-minutes-may-2022-en-redacted.pdf,https://drive.google.com/file/d/1QGk6cdoAnTASiBNsuhjDhiL3gjPEPEpF/view,"Anonymity-redacted copy: full names shortened to first name + last initial, personal e-mails and phone numbers removed. Original (held for review): private copy in MSCA09AA-private"
reports-2022-districts-1-and-3-report-to-the-area-may-2022-en,Archive,Reports,Districts 1 & 3 Report to the Area – May 2022,Informe del Distrito 1 y 3 al Área – mayo de 2022,2022-05,2022,English,PDF,52,,d01-03,,msca09aa.org (media library),yes,,docs/reports/2022/districts-1-and-3-report-to-the-area-may-2022-en.pdf,https://drive.google.com/file/d/16PlSyEMTyybXWqwMDuZ_qixB_LHHNPPt/view,
reports-2022-district-8-report-to-the-area-may-2022-en-redacted,Archive,Reports,District 8 Report to the Area – May 2022,Informe del Distrito 8 al Área – mayo de 2022,2022-05,2022,English,PDF,62,,d08,,msca09aa.org (media library),yes,,docs/reports/2022/district-8-report-to-the-area-may-2022-en-redacted.pdf,https://drive.google.com/file/d/126z2NLyTHKmW9fU1IPF5OSGWe_nPQwAG/view,"Anonymity-redacted copy: full names shortened to first name + last initial, personal e-mails and phone numbers removed. Original (held for review): private copy in MSCA09AA-private"
archive-districts-d25-2022-boletind25p72-05-en-redacted,Archive,Newsletters,District 25 Newsletter – May 2022,Boletín del Distrito 25 – mayo de 2022,2022-05,2022,Spanish,PDF,5010,,d25,,msca09aa.org (media library),yes,,docs/archive/districts/d25/2022/boletind25p72-05-en-redacted.pdf,https://drive.google.com/file/d/1rvuMr1Lw8A1ckVLnc6sc2KQBTxpZUJdw/view,"Anonymity-redacted copy: full names shortened to first name + last initial, personal e-mails and phone numbers removed. Original (held for review): private copy in MSCA09AA-private"
reports-2022-district-18-report-to-the-area-may-2022-en,Archive,Reports,District 18 Report to the Area – May 2022,Informe del Distrito 18 al Área – mayo de 2022,2022-05,2022,English,PDF,462,,d18,,msca09aa.org (media library),yes,,docs/reports/2022/district-18-report-to-the-area-may-2022-en.pdf,https://drive.google.com/file/d/1s_MAyDFT2eiI2lJ3jh7tVEWjPi4_htOx/view,
archive-guidelines-2022-area-guidelines-revision-o-may-2022-en,Archive,Guidelines,"Area Guidelines, Revision O (May 2022)","Guías del Área, revisión O (mayo de 2022)",2022-05,2022,English,PDF,113,,,guidelines-policies,msca09aa.org (media library),yes,,docs/archive/guidelines/2022/area-guidelines-revision-o-may-2022-en.pdf,https://drive.google.com/file/d/1gOOLSNJu4vUw8I8zVJ-FA5k3FII-cuzL/view,
archive-guidelines-2022-area-guidelines-revision-o-may-2022-es,Archive,Guidelines,"Area Guidelines, Revision O (May 2022)","Guías del Área, revisión O (mayo de 2022)",2022-05,2022,Spanish,PDF,166,,,guidelines-policies,msca09aa.org (media library),yes,,docs/archive/guidelines/2022/area-guidelines-revision-o-may-2022-es.pdf,https://drive.google.com/file/d/1ItINYIGsun9bd8AobeGWt5G7N_nRHHZa/view,
archive-conference-2022-72nd-gsc-quick-reference-guide-2022-05-en,Archive,Conference,72nd GSC quick reference guide,Guía rápida de la 72.ª CSG,2022-05,2022,English,PDF,396,,,,msca09aa.org (media library),yes,,docs/archive/conference/2022/72nd-gsc-quick-reference-guide-2022-05-en.pdf,https://drive.google.com/file/d/1Kh10MtQYUMh9kN98fTGp8BJXYEATKEpH/view,"Re-redacted 2026-10-06: names shortened to first name + initial; personal contact details, addresses and sobriety dates removed (scripts/scan-documents.py)."
archive-conference-2022-72nd-gsc-quick-reference-guide-2022-05-es,Archive,Conference,72nd GSC quick reference guide,Guía rápida de la 72.ª CSG,2022-05,2022,Spanish,PDF,544,,,,msca09aa.org (media library),yes,,docs/archive/conference/2022/72nd-gsc-quick-reference-guide-2022-05-es.pdf,https://drive.google.com/file/d/1iIBS-RtqJo1gSeuCPkF1SMt8N9P59fct/view,"Re-redacted 2026-10-06: names shortened to first name + initial; personal contact details, addresses and sobriety dates removed (scripts/scan-documents.py)."
archive-conference-2022-72nd-gsc-picnic-table-slides-2022-04-28-en-redacted,Archive,Conference,72nd GSC – 'Around the Picnic Table' finance presentation,72.ª CSG – presentación de finanzas 'Alrededor de la mesa de picnic',2022-04-28,2022,English,PDF,1093,,,,msca09aa.org (media library),yes,,docs/archive/conference/2022/72nd-gsc-picnic-table-slides-2022-04-28-en-redacted.pdf,https://drive.google.com/file/d/1ktqbvMRIbJEaI3hK9ziufbYYRkRDbtWx/view,"Anonymity-redacted copy: full names shortened to first name + last initial, personal e-mails and phone numbers removed. Original (held for review): private copy in MSCA09AA-private"
archive-conference-2022-72nd-gsc-picnic-table-slides-2022-04-28-es-redacted,Archive,Conference,72nd GSC – 'Around the Picnic Table' finance presentation,72.ª CSG – presentación de finanzas 'Alrededor de la mesa de picnic',2022-04-28,2022,Spanish,PDF,1142,,,,msca09aa.org (media library),yes,,docs/archive/conference/2022/72nd-gsc-picnic-table-slides-2022-04-28-es-redacted.pdf,https://drive.google.com/file/d/1usjJVHZHWJF0MDsS8O8xeOTNyFaicdx9/view,"Anonymity-redacted copy: full names shortened to first name + last initial, personal e-mails and phone numbers removed. Original (held for review): private copy in MSCA09AA-private"
archive-conference-2022-72nd-gsc-financial-report-key-takeaways-and-talking-points-2022-04-en,Archive,Conference,72nd GSC financial report – key takeaways and talking points,Informe financiero de la 72.ª CSG – puntos principales,2022-04-28,2022,English,PDF,103,,,,msca09aa.org (media library),yes,,docs/archive/conference/2022/72nd-gsc-financial-report-key-takeaways-and-talking-points-2022-04-en.pdf,https://drive.google.com/file/d/13c6dzdAz4SEsvIFYTs74stM44_ts64VJ/view,
archive-conference-2022-72nd-gsc-financial-report-key-takeaways-and-talking-points-2022-04-es,Archive,Conference,72nd GSC financial report – key takeaways and talking points,Informe financiero de la 72.ª CSG – puntos principales,2022-04-28,2022,Spanish,PDF,90,,,,msca09aa.org (media library),yes,,docs/archive/conference/2022/72nd-gsc-financial-report-key-takeaways-and-talking-points-2022-04-es.pdf,https://drive.google.com/file/d/12VNk_Ycz_twT74gSPIVOx-D9FrcKrGh6/view,
archive-districts-d8-2022-district-8-minutes-april-20-2022-en-redacted,Archive,District,"District 8 Minutes – April 20, 2022",Actas del Distrito 8 – 20 de abril de 2022,2022-04-20,2022,English,PDF,226,,d08,,msca09aa.org (media library),yes,,docs/archive/districts/d8/2022/district-8-minutes-april-20-2022-en-redacted.pdf,https://drive.google.com/file/d/1AjU3e60zEq3VpkhVW1QSr18Mbo3eWA1r/view,"Anonymity-redacted copy: full names shortened to first name + last initial, personal e-mails and phone numbers removed. Original (held for review): private copy in MSCA09AA-private"
archive-gso-2022-letter-to-conference-members-about-safety-april-2022-en,Archive,GSO,Letter to Conference members about safety (April 2022),Carta a los miembros de la Conferencia sobre la seguridad (abril de 2022),2022-04-12,2022,English,PDF,272,,,,msca09aa.org (media library),yes,,docs/archive/gso/2022/letter-to-conference-members-about-safety-april-2022-en.pdf,https://drive.google.com/file/d/1mOovDiAESYF_TIntL9visdMCJ2xqB2vg/view,
archive-gso-2022-letter-to-conference-members-about-safety-april-2022-es,Archive,GSO,Letter to Conference members about safety (April 2022),Carta a los miembros de la Conferencia sobre la seguridad (abril de 2022),2022-04-12,2022,Spanish,PDF,185,,,,msca09aa.org (media library),yes,,docs/archive/gso/2022/letter-to-conference-members-about-safety-april-2022-es.pdf,https://drive.google.com/file/d/1GqD2LcqntqKImKihWO3RLCFeag3wROmz/view,
minutes-2022-board-minutes-april-2022-en,Archive,Minutes,Board Minutes – April 2022,Actas de la Junta Directiva – abril de 2022,2022-04-11,2022,English,PDF,194,Board,,,msca09aa.org (media library),yes,,docs/minutes/2022/board-minutes-april-2022-en.pdf,https://drive.google.com/file/d/1c7ArzWD66eDS5ynRN3n-d4dWRZ-TBRsV/view,
reports-2022-district-25-report-to-the-area-april-10-2022-es,Archive,Reports,"District 25 Report to the Area – April 10, 2022",Informe del Distrito 25 al Área – 10 de abril de 2022,2022-04-10,2022,Spanish,PDF,521,,d25,,msca09aa.org (media library),yes,,docs/reports/2022/district-25-report-to-the-area-april-10-2022-es.pdf,https://drive.google.com/file/d/13clTBqvoGNTWrA1bgzjb5RMLjb_nqiF9/view,
archive-gso-2022-memo-on-the-big-book-fifth-edition-april-2022-en,Archive,GSO,"Memo on the Big Book, fifth edition (April 2022)",Memorando sobre la quinta edición del Libro Grande (abril de 2022),2022-04-08,2022,English,PDF,526,,,literature,msca09aa.org (media library),yes,,docs/archive/gso/2022/memo-on-the-big-book-fifth-edition-april-2022-en.pdf,https://drive.google.com/file/d/1h-FmSPhJG2rQhjD1xczqjgzr45yc6tSD/view,
archive-gso-2022-memo-on-the-big-book-fifth-edition-april-2022-es,Archive,GSO,"Memo on the Big Book, fifth edition (April 2022)",Memorando sobre la quinta edición del Libro Grande (abril de 2022),2022-04-08,2022,Spanish,PDF,657,,,literature,msca09aa.org (media library),yes,,docs/archive/gso/2022/memo-on-the-big-book-fifth-edition-april-2022-es.pdf,https://drive.google.com/file/d/1MCtvJaREN6UCpOoriOw9BljoVegyyzAT/view,
archive-gso-2022-memo-on-the-big-book-fourth-edition-april-2022-en,Archive,GSO,"Memo on the Big Book, fourth edition (April 2022)",Memorando sobre la cuarta edición del Libro Grande (abril de 2022),2022-04-06,2022,English,PDF,136,,,literature,msca09aa.org (media library),yes,,docs/archive/gso/2022/memo-on-the-big-book-fourth-edition-april-2022-en.pdf,https://drive.google.com/file/d/1fBpc8hKJHlXeLUj2fMlXdL474UxRV8cs/view,
archive-gso-2022-memo-on-the-big-book-fourth-edition-april-2022-es,Archive,GSO,"Memo on the Big Book, fourth edition (April 2022)",Memorando sobre la cuarta edición del Libro Grande (abril de 2022),2022-04-05,2022,Spanish,PDF,142,,,literature,msca09aa.org (media library),yes,,docs/archive/gso/2022/memo-on-the-big-book-fourth-edition-april-2022-es.pdf,https://drive.google.com/file/d/1mIFbB2Md7HxHFM80DPZpi3KouHnCWQxJ/view,
archive-gso-2022-new-a-a-public-service-announcements-april-2022-en,Archive,GSO,New A.A. public service announcements (April 2022),Nuevos anuncios de servicio público de AA (abril de 2022),2022-04-04,2022,English,PDF,160,,,public-information,msca09aa.org (media library),yes,,docs/archive/gso/2022/new-a-a-public-service-announcements-april-2022-en.pdf,https://drive.google.com/file/d/1hQag-Z8T8G2ALSmDvzBFy49aW45U9n9f/view,"Re-redacted 2026-10-06: names shortened to first name + initial; personal contact details, addresses and sobriety dates removed (scripts/scan-documents.py)."
archive-gso-2022-new-a-a-public-service-announcements-april-2022-es,Archive,GSO,New A.A. public service announcements (April 2022),Nuevos anuncios de servicio público de AA (abril de 2022),2022-04-04,2022,Spanish,PDF,144,,,public-information,msca09aa.org (media library),yes,,docs/archive/gso/2022/new-a-a-public-service-announcements-april-2022-es.pdf,https://drive.google.com/file/d/1HFrA3oukHIMrrIHj-btP-_gI1bV4tg8d/view,"Re-redacted 2026-10-06: names shortened to first name + initial; personal contact details, addresses and sobriety dates removed (scripts/scan-documents.py)."
archive-gso-2022-writing-workshop-for-black-and-african-american-alcoholics-april-3-2022-flyer-en,Archive,GSO,"Writing workshop for Black and African American alcoholics, April 3, 2022 – flyer","Taller de escritura para alcohólicos negros y afroamericanos, 3 de abril de 2022 – volante",2022-04-03,2022,English,PDF,628,,,literature,msca09aa.org (media library),yes,,docs/archive/gso/2022/writing-workshop-for-black-and-african-american-alcoholics-april-3-2022-flyer-en.pdf,https://drive.google.com/file/d/1BBPkgAOp7d8jEYfXv4dNRXwYx0WtXqJU/view,
archive-gso-2022-safety-card-for-a-a-groups-f-211-2022-04-en,Archive,GSO,Safety card for A.A. groups (F-211),Tarjeta de seguridad para los grupos de AA (SF-211),2022-04,2022,English,PDF,59,,,,msca09aa.org (media library),yes,,docs/archive/gso/2022/safety-card-for-a-a-groups-f-211-2022-04-en.pdf,https://drive.google.com/file/d/1MhpO3rKLFMyv3MPu1vMIAyt3RRUuu2d2/view,
archive-gso-2022-safety-card-for-a-a-groups-f-211-2022-04-es,Archive,GSO,Safety card for A.A. groups (F-211),Tarjeta de seguridad para los grupos de AA (SF-211),2022-04,2022,Spanish,PDF,60,,,,msca09aa.org (media library),yes,,docs/archive/gso/2022/safety-card-for-a-a-groups-f-211-2022-04-es.pdf,https://drive.google.com/file/d/16O3raavqh0R3uLxXX7aLuoVnKwxh2Mq1/view,
archive-gso-2022-safety-and-a-a-our-common-welfare-smf-209-2022-04-en,Archive,GSO,Safety and A.A.: Our Common Welfare (SMF-209),La seguridad y AA: nuestro bienestar común (SMF-209),2022-04,2022,English,PDF,193,,,,msca09aa.org (media library),yes,,docs/archive/gso/2022/safety-and-a-a-our-common-welfare-smf-209-2022-04-en.pdf,https://drive.google.com/file/d/1OHFVRhVaubIz7S9x2bFmWgTOxuqu1jai/view,
archive-gso-2022-safety-and-a-a-flyer-f-228-2022-04-en,Archive,GSO,Safety and A.A. – flyer (F-228),La seguridad y AA – tríptico (SF-228),2022-04,2022,English,PDF,452,,,,msca09aa.org (media library),yes,,docs/archive/gso/2022/safety-and-a-a-flyer-f-228-2022-04-en.pdf,https://drive.google.com/file/d/1s7knuRpe9IzJ6ff-KjMMKEFFM1yXeQnY/view,
archive-gso-2022-safety-and-a-a-flyer-f-228-2022-04-es,Archive,GSO,Safety and A.A. – flyer (F-228),La seguridad y AA – tríptico (SF-228),2022-04,2022,Spanish,PDF,478,,,,msca09aa.org (media library),yes,,docs/archive/gso/2022/safety-and-a-a-flyer-f-228-2022-04-es.pdf,https://drive.google.com/file/d/1XnpHkAQ1WZZkxzGPncP9-tn-brOq42i8/view,
reports-2022-final-report-of-the-72nd-general-service-conference-anonymity-protected-edition-2022-04-es-redacted,Archive,Conference,Final Report of the 72nd General Service Conference (anonymity-protected edition),Informe final de la 72.ª Conferencia de Servicios Generales (edición con anonimato protegido),2022-04,2022,Spanish,PDF,5277,,,,msca09aa.org (media library),yes,,docs/reports/2022/final-report-of-the-72nd-general-service-conference-anonymity-protected-edition-2022-04-es-redacted.pdf,https://drive.google.com/file/d/1Q_ZwkRAlW9wW7mHkDXS1mmE-RM9z481M/view,"Anonymity-redacted copy: full names shortened to first name + last initial, personal e-mails and phone numbers removed. Original (held for review): private copy in MSCA09AA-private Re-redacted 2026-10-06: names shortened to first name + initial; personal contact details, addresses and sobriety dates removed (scripts/scan-documents.py)."
reports-2022-district-8-report-to-the-area-april-2022-en,Archive,Reports,District 8 Report to the Area – April 2022,Informe del Distrito 8 al Área – abril de 2022,2022-04,2022,English,PDF,118,,d08,,msca09aa.org (media library),yes,,docs/reports/2022/district-8-report-to-the-area-april-2022-en.pdf,https://drive.google.com/file/d/1QiTmoxFbXMlRm0_sAHk4ilxRZnao8j5Z/view,
archive-districts-d5-2022-district-5-newsletter-2nd-quarter-2022-issue-25-en,Archive,Newsletters,District 5 Newsletter – 2nd quarter 2022 (issue 25),Boletín del Distrito 5 – 2.º trimestre de 2022 (número 25),2022-04,2022,English,PDF,2958,,d05,,msca09aa.org (media library),yes,,docs/archive/districts/d5/2022/district-5-newsletter-2nd-quarter-2022-issue-25-en.pdf,https://drive.google.com/file/d/11P7jeRyZ6eibDn5Gdj9CPm23gF32r39Q/view,Re-redacted 2026-10-06 after the pre-launch scan (sobriety dates / birthday-list years removed; checked again with both scanners and OCR).
reports-2022-district-18-report-to-the-area-april-2022-en,Archive,Reports,District 18 Report to the Area – April 2022,Informe del Distrito 18 al Área – abril de 2022,2022-04,2022,English,PDF,514,,d18,,msca09aa.org (media library),yes,,docs/reports/2022/district-18-report-to-the-area-april-2022-en.pdf,https://drive.google.com/file/d/18wXjTL-Hz2LwYiTYS6BtQokRVpD45T2V/view,
reports-2022-ca-you-update-district-11-information-on-area09-website-en-redacted,Archive,District,District 11 (now part of District 8) – information update for the Area website (2022),Distrito 11 (hoy parte del Distrito 8) – actualización de información para el sitio web del Área (2022),2022-04,2022,English,PDF,275,,d08,,msca09aa.org (media library),yes,,docs/reports/2022/ca-you-update-district-11-information-on-area09-website-en-redacted.pdf,https://drive.google.com/file/d/1jsNt7LRBQvH_xRKrjjnW-CfesPXvvZ3C/view,"Anonymity-redacted copy: full names shortened to first name + last initial, personal e-mails and phone numbers removed. Original (held for review): private copy in MSCA09AA-private Re-redacted 2026-10-06 after the pre-launch scan (personal phone numbers, personal e-mail addresses removed; checked again with both scanners and OCR)."
archive-gso-2022-about-a-a-newsletter-for-professionals-spring-2022-en,Archive,GSO,About A.A. – newsletter for professionals (Spring 2022),Acerca de AA – boletín para profesionales (primavera de 2022),2022-04,2022,English,PDF,1852,,,cpc,msca09aa.org (media library),yes,,docs/archive/gso/2022/about-a-a-newsletter-for-professionals-spring-2022-en.pdf,https://drive.google.com/file/d/1wPOjh98YlF_OGdgGGkaGrbp9wZXKg8w9/view,
archive-gso-2022-about-a-a-newsletter-for-professionals-spring-2022-es,Archive,GSO,About A.A. – newsletter for professionals (Spring 2022),Acerca de AA – boletín para profesionales (primavera de 2022),2022-04,2022,Spanish,PDF,1845,,,cpc,msca09aa.org (media library),yes,,docs/archive/gso/2022/about-a-a-newsletter-for-professionals-spring-2022-es.pdf,https://drive.google.com/file/d/162dDHlyE3PDqj1c-IsyBl183EFJGi8Vw/view,
archive-gso-2022-memo-on-the-pamphlet-for-black-and-african-american-alcoholics-march-2022-en,Archive,GSO,Memo on the pamphlet for Black and African American alcoholics (March 2022),Memorando sobre el folleto para alcohólicos negros y afroamericanos (marzo de 2022),2022-03-30,2022,English,PDF,174,,,literature,msca09aa.org (media library),yes,,docs/archive/gso/2022/memo-on-the-pamphlet-for-black-and-african-american-alcoholics-march-2022-en.pdf,https://drive.google.com/file/d/1Z_Qr5Or3eAm4QpD_wh9NDxW4dt9lkfuI/view,
archive-gso-2022-memo-on-the-pamphlet-for-black-and-african-american-alcoholics-march-2022-es,Archive,GSO,Memo on the pamphlet for Black and African American alcoholics (March 2022),Memorando sobre el folleto para alcohólicos negros y afroamericanos (marzo de 2022),2022-03-30,2022,Spanish,PDF,198,,,literature,msca09aa.org (media library),yes,,docs/archive/gso/2022/memo-on-the-pamphlet-for-black-and-african-american-alcoholics-march-2022-es.pdf,https://drive.google.com/file/d/1IYS8a0SQRE4lX4bCWjCLAMafwH-ZnUGc/view,
archive-gso-2022-gso-mixed-title-quantity-discount-pilot-2022-en,Archive,GSO,GSO mixed-title quantity discount pilot (2022),Prueba piloto de la OSG: descuento por cantidad en títulos variados (2022),2022-03-30,2022,English,PDF,75,,,literature,msca09aa.org (media library),yes,,docs/archive/gso/2022/gso-mixed-title-quantity-discount-pilot-2022-en.pdf,https://drive.google.com/file/d/1Rwfmc3n2Y_PPzn940Wg7Or29rleyxGP5/view,
archive-gso-2022-gso-mixed-title-quantity-discount-pilot-2022-es,Archive,GSO,GSO mixed-title quantity discount pilot (2022),Prueba piloto de la OSG: descuento por cantidad en títulos variados (2022),2022-03-30,2022,Spanish,PDF,154,,,literature,msca09aa.org (media library),yes,,docs/archive/gso/2022/gso-mixed-title-quantity-discount-pilot-2022-es.pdf,https://drive.google.com/file/d/1NMvwF-SR79PqiiiG4pZXM8zG7GLm_J_L/view,
minutes-2022-officers-directors-board-minutes-march-20-2022-en,Archive,Minutes,"Officers/Directors (Board) Minutes – March 20, 2022",Actas de los oficiales y directores (Junta) – 20 de marzo de 2022,2022-03-20,2022,English,PDF,198,Board,,,msca09aa.org (media library),yes,,docs/minutes/2022/officers-directors-board-minutes-march-20-2022-en.pdf,https://drive.google.com/file/d/1Tc5JTDiwCumuLOf4M3hgqH_tFQSkHaTt/view,"Re-redacted 2026-10-06: names shortened to first name + initial; personal contact details, addresses and sobriety dates removed (scripts/scan-documents.py)."
archive-districts-d9-2022-district-9-minutes-march-20-2022-en,Archive,District,"District 9 Minutes – March 20, 2022",Actas del Distrito 9 – 20 de marzo de 2022,2022-03-20,2022,English,PDF,64,,d09,,msca09aa.org (media library),yes,,docs/archive/districts/d9/2022/district-9-minutes-march-20-2022-en.pdf,https://drive.google.com/file/d/17DErdLabGOy6dp-8dgpAbbjtqfHY_Sti/view,
archive-districts-d8-2022-district-8-minutes-march-16-2022-en-redacted,Archive,District,"District 8 Minutes – March 16, 2022",Actas del Distrito 8 – 16 de marzo de 2022,2022-03-16,2022,English,PDF,217,,d08,,msca09aa.org (media library),yes,,docs/archive/districts/d8/2022/district-8-minutes-march-16-2022-en-redacted.pdf,https://drive.google.com/file/d/15riiu7nzvaWe6af8hDuxBzJSAYcSw_z0/view,"Anonymity-redacted copy: full names shortened to first name + last initial, personal e-mails and phone numbers removed. Original (held for review): private copy in MSCA09AA-private"
archive-pages-2022-03-13-march-13-2022-delegate-s-sharing-session-area-service-commi,Archive,Delegate,"March 13, 2022 — Delegate's Sharing Session: Area Service Committee",13 de marzo de 2022 — Sesión de compartimiento del delegado: Comité de Servicio de Área (CSA),2022-03-13,2022,English,PDF,17,,,delegate,msca09aa.org,yes,,docs/archive/pages/2022-03-13-march-13-2022-delegate-s-sharing-session-area-service-commi.pdf,https://drive.google.com/file/d/1WYHcRyYnyHySDV-GJoj5rmU71uRj4kFq/view,"Drive shows the source, so a PDF copy is preferred; PDF copy of the archived web page; url pending (run scripts/drive_ids.py)"
minutes-2022-mar-2022-asc-minutes-en,Archive,Minutes,ASC Minutes – March 2022,Actas del CSA – marzo de 2022,2022-03-13,2022,English,PDF,320,ASC,,,msca09aa.org,yes,,docs/minutes/2022/mar-2022-asc-minutes-en.pdf,https://drive.google.com/file/d/1_LxYquUt8EA_JJD_8Iq6JWWkYOhkIRPb/view,
minutes-2022-asc-minutes-march-2022-es-redacted,Archive,Minutes,ASC Minutes – March 2022,Actas del CSA – marzo de 2022,2022-03-13,2022,Spanish,PDF,368,ASC,,,msca09aa.org (media library),yes,,docs/minutes/2022/asc-minutes-march-2022-es-redacted.pdf,https://drive.google.com/file/d/1-6XUQ_aRN2y5SPC6nwM3x7bPBwk-FznM/view,"Anonymity-redacted copy: full names shortened to first name + last initial, personal e-mails and phone numbers removed. Original (held for review): private copy in MSCA09AA-private"
archive-gso-2022-call-for-volunteers-audio-subcommittee-for-the-military-march-2022-en,Archive,GSO,Call for volunteers: audio subcommittee for the military (March 2022),Convocatoria de voluntarios: subcomité de audio para militares (marzo de 2022),2022-03-08,2022,English,PDF,84,,,,msca09aa.org (media library),yes,,docs/archive/gso/2022/call-for-volunteers-audio-subcommittee-for-the-military-march-2022-en.pdf,https://drive.google.com/file/d/1TqMh-Ul6t62KN9V45XJvjinm4zGBWwQ4/view,
reports-treasurer-ap-2022-statement-of-activity-profit-and-loss-1st-quarter-2022-en,Archive,Finances,Statement of activity (profit & loss) – 1st quarter 2022,Estado de actividades (ingresos y gastos) – 1.er trimestre de 2022,2022-03,2022,English,PDF,39,,,treasurer-ap,msca09aa.org (media library),yes,,docs/reports/Treasurer AP/2022/statement-of-activity-profit-and-loss-1st-quarter-2022-en.pdf,https://drive.google.com/file/d/1pwGtIYdeXykgsrENgZkbb1ej5Gfr3PkZ/view,
archive-workbooks-2022-mock-conference-workbook-literature-panel-72-2022-03-en,Archive,Workbooks,Mock Conference workbook – Literature (Panel 72),Cuaderno de trabajo del simulacro de la Conferencia – Literatura (Panel 72),2022-03,2022,English,PDF,687,,,alternate-delegate,msca09aa.org (media library),yes,,docs/archive/workbooks/2022/mock-conference-workbook-literature-panel-72-2022-03-en.pdf,https://drive.google.com/file/d/1vGaNxKK1ZM7md7OR_fmd-lAGkgJfvPv7/view,
archive-workbooks-2022-mock-conference-workbook-cpc-and-public-information-panel-72-2022-03-en,Archive,Workbooks,Mock Conference workbook – CPC and Public Information (Panel 72),Cuaderno de trabajo del simulacro de la Conferencia – CCP e Información Pública (Panel 72),2022-03,2022,English,PDF,649,,,alternate-delegate,msca09aa.org (media library),yes,,docs/archive/workbooks/2022/mock-conference-workbook-cpc-and-public-information-panel-72-2022-03-en.pdf,https://drive.google.com/file/d/1qRY_H7BXiexeIy9TVSUrH1X8VFQbQjIu/view,
archive-workbooks-2022-mock-conference-workbook-archives-report-and-charter-trustees-panel-72-2022-03-en,Archive,Workbooks,"Mock Conference workbook – Archives, Report and Charter, Trustees (Panel 72)","Cuaderno de trabajo del simulacro de la Conferencia – Archivos Históricos, Informe y Carta Constitutiva, Custodios (Panel 72)",2022-03,2022,English,PDF,702,,,alternate-delegate,msca09aa.org (media library),yes,,docs/archive/workbooks/2022/mock-conference-workbook-archives-report-and-charter-trustees-panel-72-2022-03-en.pdf,https://drive.google.com/file/d/1A4QWyb-ab68xDmiH58_f50MVcmESUkJx/view,
reports-2022-districts-1-and-3-report-to-the-area-march-2022-en,Archive,Reports,Districts 1 & 3 Report to the Area – March 2022,Informe del Distrito 1 y 3 al Área – marzo de 2022,2022-03,2022,English,PDF,1140,,d01-03,,msca09aa.org (media library),yes,,docs/reports/2022/districts-1-and-3-report-to-the-area-march-2022-en.pdf,https://drive.google.com/file/d/1quezM2vaPgFaGykg55PFIWltbqExLunD/view,
reports-2022-district-8-report-to-the-area-march-2022-en,Archive,Reports,District 8 Report to the Area – March 2022,Informe del Distrito 8 al Área – marzo de 2022,2022-03,2022,English,PDF,101,,d08,,msca09aa.org (media library),yes,,docs/reports/2022/district-8-report-to-the-area-march-2022-en.pdf,https://drive.google.com/file/d/1EIh9UFfdUiP2cKf3NV9Y4ZAcj57Mbe0L/view,
archive-districts-d25-2022-boletind25p72-03-en-redacted,Archive,Newsletters,District 25 Newsletter – March 2022,Boletín del Distrito 25 – marzo de 2022,2022-03,2022,Spanish,PDF,1447,,d25,,msca09aa.org (media library),yes,,docs/archive/districts/d25/2022/boletind25p72-03-en-redacted.pdf,https://drive.google.com/file/d/1LbOOs11XmR0p-93lXcBSEUQjEsXVgF2i/view,"Anonymity-redacted copy: full names shortened to first name + last initial, personal e-mails and phone numbers removed. Original (held for review): private copy in MSCA09AA-private"
reports-2022-district-17-report-to-the-area-march-2022-en,Archive,Reports,District 17 Report to the Area – March 2022,Informe del Distrito 17 al Área – marzo de 2022,2022-03,2022,English,PDF,412,,d17,,msca09aa.org (media library),yes,,docs/reports/2022/district-17-report-to-the-area-march-2022-en.pdf,https://drive.google.com/file/d/1Th6KzmiZOvEmvFfZxRWUg0c74XlkUq8N/view,
archive-service-2022-dcmc-orientation-panel-72-2022-03-en-redacted,Archive,Service,DCMC orientation (Panel 72),Orientación para CMCD (Panel 72),2022-03,2022,English,PDF,1947,,,,msca09aa.org (media library),yes,,docs/archive/service/2022/dcmc-orientation-panel-72-2022-03-en-redacted.pdf,https://drive.google.com/file/d/1v1xZLOTtmvpArpyINDOzweNhK1XDOh1p/view,"Anonymity-redacted copy: full names shortened to first name + last initial, personal e-mails and phone numbers removed. Original (held for review): private copy in MSCA09AA-private Re-redacted 2026-10-06: names shortened to first name + initial; personal contact details, addresses and sobriety dates removed (scripts/scan-documents.py)."
archive-service-2022-committee-chair-orientation-panel-72-2022-03-en-redacted,Archive,Service,Committee chair orientation (Panel 72),Orientación para coordinadores de comité (Panel 72),2022-03,2022,English,PDF,2299,,,,msca09aa.org (media library),yes,,docs/archive/service/2022/committee-chair-orientation-panel-72-2022-03-en-redacted.pdf,https://drive.google.com/file/d/1FJsYMNsg9eWvSTUAZ0KLLFQD9OFjplZv/view,"Anonymity-redacted copy: full names shortened to first name + last initial, personal e-mails and phone numbers removed. Original (held for review): private copy in MSCA09AA-private Re-redacted 2026-10-06: names shortened to first name + initial; personal contact details, addresses and sobriety dates removed (scripts/scan-documents.py)."
minutes-2022-officers-directors-board-minutes-february-20-2022-en,Archive,Minutes,"Officers/Directors (Board) Minutes – February 20, 2022",Actas de los oficiales y directores (Junta) – 20 de febrero de 2022,2022-02-20,2022,English,PDF,196,Board,,,msca09aa.org (media library),yes,,docs/minutes/2022/officers-directors-board-minutes-february-20-2022-en.pdf,https://drive.google.com/file/d/1Vq58fcKmvlHt3YcHR0TCSd44XCbT0Mso/view,
archive-pages-2022-02-19-february-18-2022-area-h-i-report-january-2022,Archive,Reports,"February 18, 2022 — Area H&I Report - January, 2022","18 de febrero de 2022 — Area H&I Informe - enero, 2022",2022-02-18,2022,English,PDF,5,,,hospitals-institutions,msca09aa.org,yes,,docs/archive/pages/2022-02-19-february-18-2022-area-h-i-report-january-2022.pdf,https://drive.google.com/file/d/1j223go_wpNhL6aPN-qyjODNOydf_OPBu/view,"Drive shows the source, so a PDF copy is preferred; PDF copy of the archived web page; url pending (run scripts/drive_ids.py)"
archive-districts-d8-2022-district-8-minutes-february-16-2022-en-redacted,Archive,District,"District 8 Minutes – February 16, 2022",Actas del Distrito 8 – 16 de febrero de 2022,2022-02-16,2022,English,PDF,206,,d08,,msca09aa.org (media library),yes,,docs/archive/districts/d8/2022/district-8-minutes-february-16-2022-en-redacted.pdf,https://drive.google.com/file/d/1Xp6u2TEh-BvUUONp_E5SQKN3UQxucasa/view,"Anonymity-redacted copy: full names shortened to first name + last initial, personal e-mails and phone numbers removed. Original (held for review): private copy in MSCA09AA-private"
archive-pages-2022-02-14-february-13-2022-delegate-s-sharing-session-virtual-area-se,Archive,Delegate,"February 13, 2022 — Delegate's Sharing Session: Virtual Area Service Committee",13 de febrero de 2022 — Sesión de compartimiento del delegado: Comité de Servicio de Área (CSA) virtual,2022-02-13,2022,English,PDF,16,,,delegate,msca09aa.org,yes,,docs/archive/pages/2022-02-14-february-13-2022-delegate-s-sharing-session-virtual-area-se.pdf,https://drive.google.com/file/d/1fdPuCfIxwWGT2Zz-LTeXTG1AG_n_tvEI/view,"Drive shows the source, so a PDF copy is preferred; PDF copy of the archived web page; url pending (run scripts/drive_ids.py)"
minutes-2022-feb-2022-asc-minutes-en-redacted,Archive,Minutes,ASC Minutes – February 2022,Actas del CSA – febrero de 2022,2022-02-13,2022,English,PDF,318,ASC,,,msca09aa.org,yes,,docs/minutes/2022/feb-2022-asc-minutes-en-redacted.pdf,https://drive.google.com/file/d/1zK_DZI6u24pZQLuz2zyd_HLQ5QpsgPf2/view,"Anonymity-redacted copy: full names shortened to first name + last initial, personal e-mails and phone numbers removed. Original (held for review): docs/minutes/2022/feb-2022-asc-minutes-en.pdf"
minutes-2022-feb-2022-asc-minutes-es-redacted,Archive,Minutes,ASC Minutes – February 2022,Actas del CSA – febrero de 2022,2022-02-13,2022,Spanish,PDF,518,ASC,,,msca09aa.org,yes,,docs/minutes/2022/feb-2022-asc-minutes-es-redacted.pdf,https://drive.google.com/file/d/1rG5VAuDf9Ma6mS0ojzRXYTS1oi4idkGv/view,"Anonymity-redacted copy: full names shortened to first name + last initial, personal e-mails and phone numbers removed. Original (held for review): docs/minutes/2022/feb-2022-asc-minutes-es.pdf Re-redacted 2026-10-06: names shortened to first name + initial; personal contact details, addresses and sobriety dates removed (scripts/scan-documents.py)."
archive-gso-2022-gso-valentine-s-day-literature-offer-2022-en,Archive,GSO,GSO Valentine's Day literature offer (2022),Oferta de literatura de la OSG por el Día de San Valentín (2022),2022-02-11,2022,English,PDF,118,,,,msca09aa.org (media library),yes,,docs/archive/gso/2022/gso-valentine-s-day-literature-offer-2022-en.pdf,https://drive.google.com/file/d/1Nio_Pj1Dpwou1bYfVD7ZXD_EY_g10WWF/view,
archive-gso-2022-gso-valentine-s-day-literature-offer-2022-es,Archive,GSO,GSO Valentine's Day literature offer (2022),Oferta de literatura de la OSG por el Día de San Valentín (2022),2022-02-11,2022,Spanish,PDF,113,,,,msca09aa.org (media library),yes,,docs/archive/gso/2022/gso-valentine-s-day-literature-offer-2022-es.pdf,https://drive.google.com/file/d/1Q-PRX1IEt_wENNYoxBmCzGvr619viwnw/view,
archive-conference-2022-final-list-of-agenda-items-72nd-gsc-february-11-2022-es,Archive,Conference,"Final list of agenda items – 72nd GSC (February 11, 2022)",Lista final de puntos de agenda – 72.ª CSG (11 de febrero de 2022),2022-02-11,2022,Spanish,PDF,66,,,,msca09aa.org (media library),yes,,docs/archive/conference/2022/final-list-of-agenda-items-72nd-gsc-february-11-2022-es.pdf,https://drive.google.com/file/d/1iayalsg6WkbzMfjuf0fAfeZIbPN3lJPP/view,
archive-conference-2022-final-list-of-agenda-items-72nd-gsc-february-3-2022-en,Archive,Conference,"Final list of agenda items – 72nd GSC (February 3, 2022)",Lista final de puntos de agenda – 72.ª CSG (3 de febrero de 2022),2022-02-03,2022,English,PDF,64,,,,msca09aa.org (media library),yes,,docs/archive/conference/2022/final-list-of-agenda-items-72nd-gsc-february-3-2022-en.pdf,https://drive.google.com/file/d/1QMoL86Ix9JP44X9GXD6V95ij1GQCr6Ri/view,
finances-2022-quarterly-statement-04-msca-09-contributions-by-district-2021-10-01-12-31-en-redacted,Archive,Finances,GSO quarterly contribution statement for Area 09 – by district (February 2022),Estado trimestral de contribuciones de la OSG para el Área 09 – por distrito (febrero de 2022),2022-02,2022,English,PDF,307,,,treasurer-ar,msca09aa.org (media library),yes,,docs/finances/2022/quarterly-statement-04-msca-09-contributions-by-district-2021-10-01-12-31-en-redacted.pdf,https://drive.google.com/file/d/1mhF9-Zz8vbBM3R_YL4jcY3GVL-kXbA5m/view,"Anonymity-redacted copy: full names shortened to first name + last initial, personal e-mails and phone numbers removed. Original (held for review): private copy in MSCA09AA-private Re-redacted 2026-10-06: names shortened to first name + initial; personal contact details, addresses and sobriety dates removed (scripts/scan-documents.py)."
reports-2022-area-09-february-2022-district-report-en-redacted,Archive,Reports,District 8 Report to the Area – February 2022 (version 2),Informe del Distrito 8 al Área – febrero de 2022 (versión 2),2022-02,2022,English,PDF,96,,d08,,msca09aa.org (media library),yes,,docs/reports/2022/area-09-february-2022-district-report-en-redacted.pdf,https://drive.google.com/file/d/1EKFTcXs5pfM7QaKs7exs2fLktLaJ4x3-/view,"Anonymity-redacted copy: full names shortened to first name + last initial, personal e-mails and phone numbers removed. Original (held for review): private copy in MSCA09AA-private"
reports-2022-district-8-report-to-the-area-february-2022-en,Archive,Reports,District 8 Report to the Area – February 2022,Informe del Distrito 8 al Área – febrero de 2022,2022-02,2022,English,PDF,100,,d08,,msca09aa.org (media library),yes,,docs/reports/2022/district-8-report-to-the-area-february-2022-en.pdf,https://drive.google.com/file/d/1aSqIkTKeRqI1G9PhPrWsDhck8uV8kkGc/view,
archive-districts-d25-2022-boletind25p72-02-en-redacted,Archive,Newsletters,District 25 Newsletter – February 2022,Boletín del Distrito 25 – febrero de 2022,2022-02,2022,Spanish,PDF,2651,,d25,,msca09aa.org (media library),yes,,docs/archive/districts/d25/2022/boletind25p72-02-en-redacted.pdf,https://drive.google.com/file/d/1r6RQ8bcaFPqjbVpcBfgUOHw1MX9SMqCc/view,"Anonymity-redacted copy: full names shortened to first name + last initial, personal e-mails and phone numbers removed. Original (held for review): private copy in MSCA09AA-private"
archive-gso-2022-annual-letter-to-delegates-on-anonymity-break-procedures-2022-es,Archive,GSO,Annual letter to delegates on anonymity-break procedures (2022),Carta anual a los delegados sobre procedimientos ante rupturas de anonimato (2022),2022-01-26,2022,Spanish,PDF,364,,,public-information,msca09aa.org (media library),yes,,docs/archive/gso/2022/annual-letter-to-delegates-on-anonymity-break-procedures-2022-es.pdf,https://drive.google.com/file/d/1mqJqbeTp2A9T7I4Soc9aBBCu5sUhcjfc/view,"Re-redacted 2026-10-06: names shortened to first name + initial; personal contact details, addresses and sobriety dates removed (scripts/scan-documents.py)."
archive-gso-2022-annual-letter-to-delegates-on-anonymity-break-procedures-2022-en,Archive,GSO,Annual letter to delegates on anonymity-break procedures (2022),Carta anual a los delegados sobre procedimientos ante rupturas de anonimato (2022),2022-01-26,2022,English,PDF,363,,,public-information,msca09aa.org (media library),yes,,docs/archive/gso/2022/annual-letter-to-delegates-on-anonymity-break-procedures-2022-en.pdf,https://drive.google.com/file/d/1oPIVghko11S3IyzlS9LcPZxgJB1XpbkG/view,"Re-redacted 2026-10-06: names shortened to first name + initial; personal contact details, addresses and sobriety dates removed (scripts/scan-documents.py)."
minutes-2022-executive-board-minutes-january-16-2022-en,Archive,Minutes,"Executive Board Minutes – January 16, 2022",Actas de la Junta Ejecutiva – 16 de enero de 2022,2022-01-16,2022,English,PDF,6088,Board,,,msca09aa.org (media library),yes,,docs/minutes/2022/executive-board-minutes-january-16-2022-en.pdf,https://drive.google.com/file/d/1uJHy8of2CDPPJM3Tf1LMJcThbnNA5GOh/view,
archive-gso-2022-from-the-desk-of-the-aa-grapevine-publisher-january-2022-en,Archive,GSO,From the desk of the AA Grapevine publisher (January 2022),Desde el escritorio del editor de AA Grapevine (enero de 2022),2022-01-14,2022,English,PDF,101,,,grapevine-la-vina,msca09aa.org (media library),yes,,docs/archive/gso/2022/from-the-desk-of-the-aa-grapevine-publisher-january-2022-en.pdf,https://drive.google.com/file/d/17wLdToF17I64TyzAyvSQrZRPbAlALE60/view,
reports-2022-district-25-report-to-the-area-january-9-2022-es,Archive,Reports,"District 25 Report to the Area – January 9, 2022",Informe del Distrito 25 al Área – 9 de enero de 2022,2022-01-09,2022,Spanish,PDF,201,,d25,,msca09aa.org (media library),yes,,docs/reports/2022/district-25-report-to-the-area-january-9-2022-es.pdf,https://drive.google.com/file/d/1QuIpF7mY7FenS1qvhHjnXEdMwumCtd6N/view,"Re-redacted 2026-10-06: names shortened to first name + initial; personal contact details, addresses and sobriety dates removed (scripts/scan-documents.py)."
archive-conference-2022-preliminary-list-of-agenda-items-72nd-gsc-updated-january-7-2022-en,Archive,Conference,"Preliminary list of agenda items – 72nd GSC (updated January 7, 2022)",Lista preliminar de puntos de agenda – 72.ª CSG (actualizada al 7 de enero de 2022),2022-01-07,2022,English,PDF,61,,,,msca09aa.org (media library),yes,,docs/archive/conference/2022/preliminary-list-of-agenda-items-72nd-gsc-updated-january-7-2022-en.pdf,https://drive.google.com/file/d/1lj_SsCz4w9XL45PuFU6KcqOVM2zbuXLG/view,
archive-conference-2022-preliminary-list-of-agenda-items-72nd-gsc-updated-january-7-2022-es,Archive,Conference,"Preliminary list of agenda items – 72nd GSC (updated January 7, 2022)",Lista preliminar de puntos de agenda – 72.ª CSG (actualizada al 7 de enero de 2022),2022-01-07,2022,Spanish,PDF,63,,,,msca09aa.org (media library),yes,,docs/archive/conference/2022/preliminary-list-of-agenda-items-72nd-gsc-updated-january-7-2022-es.pdf,https://drive.google.com/file/d/1ezklahDhwniReGJb0jugcfPFfwD6n0PW/view,
archive-gso-2022-update-on-big-book-hardcover-printing-delays-january-2022-en,Archive,GSO,Update on Big Book hardcover printing delays (January 2022),Información actualizada sobre la demora en la impresión del Libro Grande de tapa dura (enero de 2022),2022-01-06,2022,English,PDF,671,,,literature,msca09aa.org (media library),yes,,docs/archive/gso/2022/update-on-big-book-hardcover-printing-delays-january-2022-en.pdf,https://drive.google.com/file/d/1gvoro_4Qz5z4Q7O9BlfYTae2gCZTfGWJ/view,
archive-gso-2022-update-on-big-book-hardcover-printing-delays-january-2022-es,Archive,GSO,Update on Big Book hardcover printing delays (January 2022),Información actualizada sobre la demora en la impresión del Libro Grande de tapa dura (enero de 2022),2022-01-06,2022,Spanish,PDF,643,,,literature,msca09aa.org (media library),yes,,docs/archive/gso/2022/update-on-big-book-hardcover-printing-delays-january-2022-es.pdf,https://drive.google.com/file/d/1M8EA8CdbEIY5vstD4LZtaOR1LeUERAO3/view,
archive-gso-2022-anonymity-letter-to-the-media-gso-2022-en,Archive,GSO,"Anonymity letter to the media (GSO, 2022)","Carta sobre el anonimato a los medios de comunicación (OSG, 2022)",2022-01-01,2022,English,PDF,63,,,public-information,msca09aa.org (media library),yes,,docs/archive/gso/2022/anonymity-letter-to-the-media-gso-2022-en.pdf,https://drive.google.com/file/d/15Pvqa_UcCIlLybAZ9vsIgeDtnRDY9BSi/view,
archive-gso-2022-anonymity-letter-to-the-media-gso-2022-es,Archive,GSO,"Anonymity letter to the media (GSO, 2022)","Carta sobre el anonimato a los medios de comunicación (OSG, 2022)",2022-01-01,2022,Spanish,PDF,65,,,public-information,msca09aa.org (media library),yes,,docs/archive/gso/2022/anonymity-letter-to-the-media-gso-2022-es.pdf,https://drive.google.com/file/d/1UEqMBt1CZuD0t8Q_qRTvkuKh54Ncoyyp/view,
archive-gso-2022-three-sample-letters-to-a-member-whose-anonymity-was-broken-2022-01-en,Archive,GSO,Three sample letters to a member whose anonymity was broken,Tres cartas modelo para el miembro cuyo anonimato fue roto,2022-01,2022,English,PDF,111,,,public-information,msca09aa.org (media library),yes,,docs/archive/gso/2022/three-sample-letters-to-a-member-whose-anonymity-was-broken-2022-01-en.pdf,https://drive.google.com/file/d/1gkMFR76KAR9cSOjKZb0noyGJhpYNlXRc/view,
archive-gso-2022-three-sample-letters-to-a-member-whose-anonymity-was-broken-2022-01-es,Archive,GSO,Three sample letters to a member whose anonymity was broken,Tres cartas modelo para el miembro cuyo anonimato fue roto,2022-01,2022,Spanish,PDF,65,,,public-information,msca09aa.org (media library),yes,,docs/archive/gso/2022/three-sample-letters-to-a-member-whose-anonymity-was-broken-2022-01-es.pdf,https://drive.google.com/file/d/10jDeb5HKEdJAKQOAVsmfzELRIrn3SlBs/view,
archive-gso-2022-procedure-for-electing-regional-trustee-candidates-gso-january-2022-es,Archive,GSO,"Procedure for electing regional trustee candidates (GSO, January 2022)","Procedimiento para elegir candidatos a custodio regional (OSG, enero de 2022)",2022-01,2022,Spanish,PDF,110,,,,msca09aa.org (media library),yes,,docs/archive/gso/2022/procedure-for-electing-regional-trustee-candidates-gso-january-2022-es.pdf,https://drive.google.com/file/d/1Yi6oU94cbNxZlI5tV_dCSvZ54JKkx_9F/view,
archive-gso-2022-procedure-for-electing-regional-trustee-candidates-gso-january-2022-en,Archive,GSO,"Procedure for electing regional trustee candidates (GSO, January 2022)","Procedimiento para elegir candidatos a custodio regional (OSG, enero de 2022)",2022-01,2022,English,PDF,76,,,,msca09aa.org (media library),yes,,docs/archive/gso/2022/procedure-for-electing-regional-trustee-candidates-gso-january-2022-en.pdf,https://drive.google.com/file/d/1qL_29gfAMRSWedgnPHaI0t8WwozCyaJD/view,
archive-gso-2022-memo-to-audio-technicians-gso-2022-en,Archive,GSO,"Memo to audio technicians (GSO, 2022)","Memorando a los técnicos de audio (OSG, 2022)",2022-01,2022,English,PDF,61,,,public-information,msca09aa.org (media library),yes,,docs/archive/gso/2022/memo-to-audio-technicians-gso-2022-en.pdf,https://drive.google.com/file/d/1iGRxtaGAh0QSZmycs0Y1QggeURqmzHrt/view,
archive-gso-2022-memo-to-audio-technicians-gso-2022-es,Archive,GSO,"Memo to audio technicians (GSO, 2022)","Memorando a los técnicos de audio (OSG, 2022)",2022-01,2022,Spanish,PDF,63,,,public-information,msca09aa.org (media library),yes,,docs/archive/gso/2022/memo-to-audio-technicians-gso-2022-es.pdf,https://drive.google.com/file/d/1f8o0EPduqS-03bOw3qPkuGu6l65P05bs/view,
reports-2022-district-8-report-to-the-area-january-2022-en,Archive,Reports,District 8 Report to the Area – January 2022,Informe del Distrito 8 al Área – enero de 2022,2022-01,2022,English,PDF,83,,d08,,msca09aa.org (media library),yes,,docs/reports/2022/district-8-report-to-the-area-january-2022-en.pdf,https://drive.google.com/file/d/1fPrGQb10EZYbyy392kG40vzIHCD7biKm/view,
archive-districts-d5-2022-newsletter-2022-1st-qtr-issue-24-en-redacted,Archive,Newsletters,District 5 Newsletter – 1st quarter 2022 (issue 24),Boletín del Distrito 5 – 1.er trimestre de 2022 (número 24),2022-01,2022,English,PDF,3258,,d05,,msca09aa.org (media library),yes,,docs/archive/districts/d5/2022/newsletter-2022-1st-qtr-issue-24-en-redacted.pdf,https://drive.google.com/file/d/1G_ArRuNWW9MfF3Phgv2XJods9bPNnbPf/view,"Anonymity-redacted copy: full names shortened to first name + last initial, personal e-mails and phone numbers removed. Original (held for review): private copy in MSCA09AA-private Read again 2026-10-06 in the pre-launch scan: no sobriety-birthday list in this issue, nothing to remove."
reports-2022-district-18-report-to-the-area-january-2022-en,Archive,Reports,District 18 Report to the Area – January 2022,Informe del Distrito 18 al Área – enero de 2022,2022-01,2022,English,PDF,481,,d18,,msca09aa.org (media library),yes,,docs/reports/2022/district-18-report-to-the-area-january-2022-en.pdf,https://drive.google.com/file/d/1_qgjqPSb6AARUrF6uIEMc2FTwLEMlur8/view,
archive-gso-2022-young-people-s-video-project-2022-poster-en,Archive,GSO,Young People's Video Project 2022 – poster,Proyecto de videos de jóvenes 2022 – cartel,2022,2022,English,PDF,708,,,ypaa,msca09aa.org (media library),yes,,docs/archive/gso/2022/young-people-s-video-project-2022-poster-en.pdf,https://drive.google.com/file/d/1haI56k3F5x8ZFAVuWKwqqmHJhd2j50SN/view,
archive-gso-2022-young-people-s-video-project-2022-flyer-en,Archive,GSO,Young People's Video Project 2022 – flyer,Proyecto de videos de jóvenes 2022 – volante,2022,2022,English,PDF,245,,,ypaa,msca09aa.org (media library),yes,,docs/archive/gso/2022/young-people-s-video-project-2022-flyer-en.pdf,https://drive.google.com/file/d/1Hn1I7c_WjceqaSE1KUpYafU04UagBOzB/view,
archive-gso-2022-young-people-s-video-project-2022-flyer-es,Archive,GSO,Young People's Video Project 2022 – flyer,Proyecto de videos de jóvenes 2022 – volante,2022,2022,Spanish,PDF,219,,,ypaa,msca09aa.org (media library),yes,,docs/archive/gso/2022/young-people-s-video-project-2022-flyer-es.pdf,https://drive.google.com/file/d/1VTzc7NhDByK6XiFgAZGpgY6qx_Hz70AP/view,
archive-misc-2021-regional-class-b-trustee-nominees-for-2022-english-en,Archive,Misc,Regional Class B Trustee Nominees for 2022,Candidatos a custodio regional Clase B para 2022,2022,2022,English,PDF,338,,,,msca09aa.org,yes,,docs/archive/misc/2021/regional-class-b-trustee-nominees-for-2022-english-en.pdf,https://drive.google.com/file/d/1JrKDBkS8zjRQLVKS85jq3LpZScSKhEId/view,
archive-misc-2021-regional-class-b-trustee-nominees-for-2022-spanish-es,Archive,Misc,Regional Class B Trustee Nominees for 2022,Candidatos a custodio regional Clase B para 2022,2022,2022,Spanish,PDF,362,,,,msca09aa.org,yes,,docs/archive/misc/2021/regional-class-b-trustee-nominees-for-2022-spanish-es.pdf,https://drive.google.com/file/d/1zOkVYTWh8PsKHW1OtjDzca2jZlyhTeu7/view,
archive-workbooks-2022-mock-conference-workbook-finance-grapevine-and-la-vina-panel-72-en,Archive,Workbooks,"Mock Conference workbook – Finance, Grapevine and La Viña (Panel 72)","Cuaderno de trabajo del simulacro de la Conferencia – Finanzas, Grapevine y La Viña (Panel 72)",,2022,English,PDF,693,,,alternate-delegate,msca09aa.org (media library),yes,,docs/archive/workbooks/2022/mock-conference-workbook-finance-grapevine-and-la-vina-panel-72-en.pdf,https://drive.google.com/file/d/19QI3K5lN-9IxwJ4VtF9bTj4kIhqRQwti/view,
archive-conference-2022-mock-conference-work-group-assignments-2022-en,Archive,Conference,Mock Conference work-group assignments (2022),Asignaciones de grupos de trabajo del simulacro de la Conferencia (2022),2022,2022,English,PDF,74,,,alternate-delegate,msca09aa.org (media library),yes,,docs/archive/conference/2022/mock-conference-work-group-assignments-2022-en.pdf,https://drive.google.com/file/d/1oWjfCHevZ3TiXLtBQyQ0VN1HiKmU-LlT/view,
archive-service-2022-grapevine-and-la-vina-resource-links-2022-en,Archive,Service,Grapevine and La Viña – resource links (2022),Grapevine y La Viña – enlaces de recursos (2022),2022,2022,English,PDF,30,,,grapevine-la-vina,msca09aa.org (media library),yes,,docs/archive/service/2022/grapevine-and-la-vina-resource-links-2022-en.pdf,https://drive.google.com/file/d/1BStKbM6DM824P3IslWGxp2A9m6edLG8v/view,
archive-gso-2022-gso-staff-opening-announcement-winter-2022-en,Archive,GSO,GSO staff opening announcement (Winter 2022),Anuncio de vacante en el personal de la OSG (invierno de 2022),2022,2022,English,PDF,176,,,,msca09aa.org (media library),yes,,docs/archive/gso/2022/gso-staff-opening-announcement-winter-2022-en.pdf,https://drive.google.com/file/d/1oDtYcKoxhPuvWikgf3tm9eSuJwPylTor/view,
archive-gso-2022-gso-staff-opening-announcement-winter-2022-es,Archive,GSO,GSO staff opening announcement (Winter 2022),Anuncio de vacante en el personal de la OSG (invierno de 2022),2022,2022,Spanish,PDF,175,,,,msca09aa.org (media library),yes,,docs/archive/gso/2022/gso-staff-opening-announcement-winter-2022-es.pdf,https://drive.google.com/file/d/1ZoCP-rbcDJbXhLOsBha4IEjiOWb3uo61/view,
archive-gso-2022-gso-request-for-shared-experience-on-inside-sponsorship-2022-en,Archive,GSO,GSO request for shared experience on inside sponsorship (2022),Solicitud de la OSG de experiencia compartida sobre el apadrinamiento dentro de las instituciones (2022),2022,2022,English,PDF,149,,,corrections,msca09aa.org (media library),yes,,docs/archive/gso/2022/gso-request-for-shared-experience-on-inside-sponsorship-2022-en.pdf,https://drive.google.com/file/d/1Torem6YPLDTyfigzayI00U9vCwLYpW00/view,
archive-gso-2022-gso-request-for-shared-experience-on-inside-sponsorship-2022-es,Archive,GSO,GSO request for shared experience on inside sponsorship (2022),Solicitud de la OSG de experiencia compartida sobre el apadrinamiento dentro de las instituciones (2022),2022,2022,Spanish,PDF,148,,,corrections,msca09aa.org (media library),yes,,docs/archive/gso/2022/gso-request-for-shared-experience-on-inside-sponsorship-2022-es.pdf,https://drive.google.com/file/d/19vpUGYix1SB4gSlSVC7n2SRXVag_J_04/view,
reports-2022-final-report-of-the-72nd-general-service-conference-anonymity-protected-edition-2022-en-redacted,Archive,Conference,Final Report of the 72nd General Service Conference (anonymity-protected edition),Informe final de la 72.ª Conferencia de Servicios Generales (edición con anonimato protegido),2022,2022,English,PDF,5238,,,,msca09aa.org (media library),yes,,docs/reports/2022/final-report-of-the-72nd-general-service-conference-anonymity-protected-edition-2022-en-redacted.pdf,https://drive.google.com/file/d/11uTAcF6lUNsp7csiZl6IXzxuEPxeTuLC/view,"Anonymity-redacted copy: full names shortened to first name + last initial, personal e-mails and phone numbers removed. Original (held for review): private copy in MSCA09AA-private Re-redacted 2026-10-06: names shortened to first name + initial; personal contact details, addresses and sobriety dates removed (scripts/scan-documents.py)."
motions-2022-area-motions-2022-panel-72-en,Archive,Motions,Area motions 2022 (Panel 72),Mociones del Área 2022 (Panel 72),2022,2022,English,PDF,116,,,,msca09aa.org (media library),yes,,docs/motions/2022/area-motions-2022-panel-72-en.pdf,https://drive.google.com/file/d/1J-uSHnQE5wQV7N8gIJTjc6BU1XEMwhWI/view,
archive-misc-2022-area-financial-audit-report-2022-en,Archive,Misc,Area financial audit report 2022,Informe de auditoría financiera del Área 2022,2022,2022,English,PDF,86,,,finance,msca09aa.org (media library),yes,,docs/archive/misc/2022/area-financial-audit-report-2022-en.pdf,https://drive.google.com/file/d/1LZKmL1aEsNQb1l7rEzA2KBoLZOXcuASO/view,
archive-calendars-2022-area-calendar-2022-en-es,Archive,Calendar,Area calendar 2022,Calendario del Área 2022,2022,2022,Bilingual,PDF,117,,,,msca09aa.org (media library),yes,,docs/archive/calendars/2022/area-calendar-2022-en-es.pdf,https://drive.google.com/file/d/1tfPsGuS-BKEFiwOV6kovXwUEhwrRjZOY/view,
archive-conference-2022-advisory-actions-of-the-general-service-conference-1951-2022-m-39-en,Archive,Conference,"Advisory actions of the General Service Conference, 1951–2022 (M-39)","Acciones recomendables de la Conferencia de Servicios Generales, 1951–2022 (SM-39)",2022,2022,English,PDF,2599,,,,msca09aa.org (media library),yes,,docs/archive/conference/2022/advisory-actions-of-the-general-service-conference-1951-2022-m-39-en.pdf,https://drive.google.com/file/d/1s5RU9SPGkte8Kw4brPpNe4xXqfYEF3Lf/view,"Re-redacted 2026-10-06: names shortened to first name + initial; personal contact details, addresses and sobriety dates removed (scripts/scan-documents.py)."
archive-conference-2022-advisory-actions-of-the-general-service-conference-1951-2022-m-39-es,Archive,Conference,"Advisory actions of the General Service Conference, 1951–2022 (M-39)","Acciones recomendables de la Conferencia de Servicios Generales, 1951–2022 (SM-39)",2022,2022,Spanish,PDF,2818,,,,msca09aa.org (media library),yes,,docs/archive/conference/2022/advisory-actions-of-the-general-service-conference-1951-2022-m-39-es.pdf,https://drive.google.com/file/d/1WZ2O8RYCLfbMlW5VFc9aGXzYJpMTy0FJ/view,"Re-redacted 2026-10-06: names shortened to first name + initial; personal contact details, addresses and sobriety dates removed (scripts/scan-documents.py)."
archive-forms-2022-2022-form-for-submitting-panel-72-theme-suggestions-spanish-es,Archive,Forms,2022 Form for Submitting Panel 72 Theme Suggestions (Spanish),2022 Formulario para enviar Panel 72 sugerencias de lema (español),2022,2022,Spanish,PDF,21,,,,area09.org (legacy site),yes,,docs/archive/forms/2022/2022-form-for-submitting-panel-72-theme-suggestions-spanish-es.pdf,https://drive.google.com/file/d/1Ma8hcIcKpV8Xb2hASkGNwQt2MTgwS-kj/view,
archive-forms-2022-2022-form-for-submitting-panel-72-theme-suggestions-english-en,Archive,Forms,2022 Form for Submitting Panel 72 Theme Suggestions (English),2022 Formulario para enviar Panel 72 sugerencias de lema (inglés),2022,2022,English,PDF,20,,,,area09.org (legacy site),yes,,docs/archive/forms/2022/2022-form-for-submitting-panel-72-theme-suggestions-english-en.pdf,https://drive.google.com/file/d/1DP4gVVkOMc1RyKrP1RTLcDHEAgcR-WMS/view,
