id,collection,category,title_en,title_es,date,year,language,format,size_kb,meeting_type,district,committee,source,publish,anonymity_flag,drive_path,url,notes
"# One row per document in the library (/documents/). The site shows a row only when publish = yes AND it has a link (url, or a drive_path that scripts/drive_ids.py turns into a link). Full guide: scripts/README-documents.md.",,,,,,,,,,,,,,,,,,
"# id = short unique name (never change it). collection = Current | Archive (documents from the previous panel's first year on are always Current). category = the shelf: Minutes, Agendas, Motions, Reports, Delegate, Finances, Guidelines, Conference, GSO, Workbooks, Service, Forms, Calendar, Contributions, Newsletters, District, Flyers, PRAASA, Archives, Misc. title_en / title_es = titles (Spanish one optional). date = 2026-10-11 or 2026-10 (year alone goes in year). language = English | Spanish | Bilingual. format = PDF | Word | Excel | PowerPoint.",,,,,,,,,,,,,,,,,,
"# meeting_type = ASC | ASA | Board (Area minutes and agendas — with the exact date they are matched to /service/area-meetings/). district = d01-03, d05 … committee = committee slug. publish = yes | review (held for an anonymity check — never shown) | no (never shown). anonymity_flag = why it is held. drive_path = path in the Area Drive starting with docs/. url = Drive link. ANONYMITY: run python scripts/scan-documents.py --file <your.pdf> before adding a file.",,,,,,,,,,,,,,,,,,
archive-districts-d8-2024-district-8-minutes-january-8-2024-en-redacted,Archive,District,"District 8 Minutes – December 20, 2023 (approved January 2024)",Actas del Distrito 8 – 20 de diciembre de 2023 (aprobadas en enero de 2024),2023-12-20,2023,English,PDF,6565,,d08,,msca09aa.org (media library),yes,,docs/archive/districts/d8/2024/district-8-minutes-january-8-2024-en-redacted.pdf,https://drive.google.com/file/d/1zyHl3apXGDo1p7_ntXSpcf2o9_jiI2Gd/view,"Anonymity-redacted copy: full names shortened to first name + last initial, personal e-mails and phone numbers removed. Original (held for review): private copy in MSCA09AA-private"
reports-2023-standing-committee-report-december-10-2023-en,Archive,Reports,"Standing committee report – December 10, 2023",Informe de comité permanente – 10 de diciembre de 2023,2023-12-10,2023,English,PDF,40,,,,msca09aa.org (media library),yes,,docs/reports/2023/standing-committee-report-december-10-2023-en.pdf,https://drive.google.com/file/d/16z9nMUF049a_I_0iJJsVS3zcSC2nsCUz/view,
minutes-2023-asc-minutes-december-10-2023-es-redacted,Archive,Delegate,"Delegate's sharing at the ASC, Long Beach – December 10, 2023","Compartimiento del Delegado en el CSA, Long Beach – 10 de diciembre de 2023",2023-12-10,2023,Spanish,PDF,148,,,delegate,msca09aa.org (media library),yes,,docs/minutes/2023/asc-minutes-december-10-2023-es-redacted.pdf,https://drive.google.com/file/d/1DZxymKCNntT5bQ3Kqk8CgQU7Do4FOtb_/view,"Anonymity-redacted copy: full names shortened to first name + last initial, personal e-mails and phone numbers removed. Original (held for review): private copy in MSCA09AA-private"
archive-pages-2023-12-11-december-10-2023-delegate-sharing-asc-long-beach-updates-fo,Archive,Delegate,"December 10, 2023 Delegate Sharing ASC – Long Beach– Updates for December 10, 2023",10 de diciembre de 2023 Compartimiento del delegado CSA – Long Beach– Updates para 10 de diciembre de 2023,2023-12-10,2023,English,PDF,9,,,delegate,msca09aa.org,yes,,docs/archive/pages/2023-12-11-december-10-2023-delegate-sharing-asc-long-beach-updates-fo.pdf,https://drive.google.com/file/d/1lPMlqOQbhANZPknvmjPmKAZHQp3DildT/view,"Drive shows the source, so a PDF copy is preferred; PDF copy of the archived web page; url pending (run scripts/drive_ids.py)"
archive-districts-d2-2023-dec-2023-approved-mins-es-redacted,Archive,Minutes,ASC Minutes – December 2023,Actas del CSA – diciembre de 2023,2023-12-10,2023,Spanish,PDF,571,ASC,,,msca09aa.org (media library),yes,,docs/archive/districts/d2/2023/dec-2023-approved-mins-es-redacted.pdf,https://drive.google.com/file/d/1N0NKvlHc3iFJGXU9ELiJliGCDcroLXgz/view,"Anonymity-redacted copy: full names shortened to first name + last initial, personal e-mails and phone numbers removed. Original (held for review): private copy in MSCA09AA-private Re-redacted 2026-10-06: names shortened to first name + initial; personal contact details, addresses and sobriety dates removed (scripts/scan-documents.py)."
minutes-2023-asc-minutes-december-2023-en-redacted,Archive,Minutes,ASC Minutes – December 2023,Actas del CSA – diciembre de 2023,2023-12-10,2023,English,PDF,492,ASC,,,msca09aa.org (media library),yes,,docs/minutes/2023/asc-minutes-december-2023-en-redacted.pdf,https://drive.google.com/file/d/1FSoyAQZIMHpnuy5RydJgxEeYE7ZbrYyR/view,"Anonymity-redacted copy: full names shortened to first name + last initial, personal e-mails and phone numbers removed. Original (held for review): private copy in MSCA09AA-private Re-redacted 2026-10-06: names shortened to first name + initial; personal contact details, addresses and sobriety dates removed (scripts/scan-documents.py)."
agendas-2023-asc-agenda-december-2023-en,Archive,Agendas,ASC Agenda – December 2023,Agenda del CSA – diciembre de 2023,2023-12-10,2023,English,PDF,670,ASC,,,msca09aa.org (media library),yes,,docs/agendas/2023/asc-agenda-december-2023-en.pdf,https://drive.google.com/file/d/1KAGu2EFypMEyyu8Xsegogi5aK35yT4pd/view,
agendas-2023-asc-agenda-december-2023-es,Archive,Agendas,ASC Agenda – December 2023,Agenda del CSA – diciembre de 2023,2023-12-10,2023,Spanish,PDF,201,ASC,,,msca09aa.org (media library),yes,,docs/agendas/2023/asc-agenda-december-2023-es.pdf,https://drive.google.com/file/d/1zD-nmpX1T4gDfLkm79hphSrYJlL5mIuy/view,
reports-treasurer-ap-2023-statement-of-activity-profit-and-loss-3rd-quarter-2023-en,Archive,Finances,Statement of activity (profit & loss) – 3rd quarter 2023,Estado de actividades (ingresos y gastos) – 3.er trimestre de 2023,2023-12-05,2023,English,PDF,40,,,treasurer-ap,msca09aa.org (media library),yes,,docs/reports/Treasurer AP/2023/statement-of-activity-profit-and-loss-3rd-quarter-2023-en.pdf,https://drive.google.com/file/d/1G_MhL13tvzZlIu3-Aq3Msf0Ng9A4Nytk/view,
motions-2023-district-23-motion-la-vina-grapevine-event-2024-en,Archive,Motions,District 23 motion: La Viña / Grapevine event 2024,Moción del Distrito 23: evento de La Viña y Grapevine 2024,2023-12-01,2023,English,PDF,208,,d23,,msca09aa.org (media library),yes,,docs/motions/2023/district-23-motion-la-vina-grapevine-event-2024-en.pdf,https://drive.google.com/file/d/1u_f7OKxfRb16U_jR9k_rlrRzUbkQg8R2/view,
motions-2023-district-23-motion-la-vina-grapevine-event-2024-es,Archive,Motions,District 23 motion: La Viña / Grapevine event 2024,Moción del Distrito 23: evento de La Viña y Grapevine 2024,2023-12-01,2023,Spanish,PDF,207,,d23,,msca09aa.org (media library),yes,,docs/motions/2023/district-23-motion-la-vina-grapevine-event-2024-es.pdf,https://drive.google.com/file/d/1shCqsZlRMcoBJNnNIYoymshKWdzjcX-2/view,
archive-conference-2023-preliminary-list-of-agenda-items-74th-gsc-updated-december-2023-en,Archive,Conference,Preliminary list of agenda items – 74th GSC (updated December 2023),Lista preliminar de puntos de agenda – 74.ª CSG (actualizada en diciembre de 2023),2023-12,2023,English,PDF,159,,,,msca09aa.org (media library),yes,,docs/archive/conference/2023/preliminary-list-of-agenda-items-74th-gsc-updated-december-2023-en.pdf,https://drive.google.com/file/d/1hu0AYuN2Xqmd6QStYLzHVY4bQAQsBwaX/view,
archive-conference-2023-preliminary-list-of-agenda-items-74th-gsc-december-2023-es,Archive,Conference,Preliminary list of agenda items – 74th GSC (December 2023),Lista preliminar de puntos de agenda – 74.ª CSG (diciembre de 2023),2023-12,2023,Spanish,PDF,149,,,,msca09aa.org (media library),yes,,docs/archive/conference/2023/preliminary-list-of-agenda-items-74th-gsc-december-2023-es.pdf,https://drive.google.com/file/d/1YPOkSMlEPGvdQpHm1ZT1TaSVGrJmXwIS/view,
motions-2023-motions-for-the-december-2023-asc-en,Archive,Motions,Motions for the December 2023 ASC,Mociones para el CSA de diciembre de 2023,2023-12,2023,English,PDF,217,,,,msca09aa.org (media library),yes,,docs/motions/2023/motions-for-the-december-2023-asc-en.pdf,https://drive.google.com/file/d/1itHnHNpqhzK-WbuC9fA2M2tMttb03mLQ/view,
motions-2023-motions-for-the-december-2023-asc-es,Archive,Motions,Motions for the December 2023 ASC,Mociones para el CSA de diciembre de 2023,2023-12,2023,Spanish,PDF,299,,,,msca09aa.org (media library),yes,,docs/motions/2023/motions-for-the-december-2023-asc-es.pdf,https://drive.google.com/file/d/1Oo36Vbu2U05aDvbkj_MmUTNL7XFg30C0/view,
motions-2023-motion-g-area-meeting-locations-december-2023-asc-en,Archive,Motions,Motion G – Area meeting locations (December 2023 ASC),Moción G – lugares de las reuniones del Área (CSA de diciembre de 2023),2023-12,2023,English,PDF,430,,,,msca09aa.org (media library),yes,,docs/motions/2023/motion-g-area-meeting-locations-december-2023-asc-en.pdf,https://drive.google.com/file/d/1BGhLtVoBtOUnUym7sgGlwJ6_jK5TW_b9/view,
motions-2023-motion-g-area-meeting-locations-december-2023-asc-es,Archive,Motions,Motion G – Area meeting locations (December 2023 ASC),Moción G – lugares de las reuniones del Área (CSA de diciembre de 2023),2023-12,2023,Spanish,PDF,120,,,,msca09aa.org (media library),yes,,docs/motions/2023/motion-g-area-meeting-locations-december-2023-asc-es.pdf,https://drive.google.com/file/d/1b6VmkLImwnEk-QuxQv1atshMrmJkYoPZ/view,
reports-treasurer-ar-2023-group-contributions-to-the-area-october-december-2023-en,Archive,Finances,Group contributions to the Area – October–December 2023,Contribuciones de los grupos al Área – octubre a diciembre de 2023,2023-12,2023,English,PDF,115,,,treasurer-ar,msca09aa.org (media library),yes,,docs/reports/Treasurer AR/2023/group-contributions-to-the-area-october-december-2023-en.pdf,https://drive.google.com/file/d/1fOQlIuCbeIFT0u8UDVGN8xOiRhzzBDXW/view,
reports-2023-district-18-report-to-the-area-december-2023-en,Archive,Reports,District 18 Report to the Area – December 2023,Informe del Distrito 18 al Área – diciembre de 2023,2023-12,2023,English,PDF,298,,d18,,msca09aa.org (media library),yes,,docs/reports/2023/district-18-report-to-the-area-december-2023-en.pdf,https://drive.google.com/file/d/1TSiPTZdH6uskm8YlmqJvkFaql-YouaCO/view,
archive-conference-2023-aaws-board-highlights-december-2023-es,Archive,Conference,AAWS Board highlights – December 2023,Aspectos destacados de la junta de AAWS – diciembre de 2023,2023-12,2023,Spanish,PDF,544,,,,msca09aa.org (media library),yes,,docs/archive/conference/2023/aaws-board-highlights-december-2023-es.pdf,https://drive.google.com/file/d/13Khecl9RP5ub7A9zmat4vyD2MMRPl6CM/view,
archive-conference-2023-aaws-board-highlights-december-2023-en,Archive,Conference,AAWS Board highlights – December 2023,Aspectos destacados de la junta de AAWS – diciembre de 2023,2023-12,2023,English,PDF,456,,,,msca09aa.org (media library),yes,,docs/archive/conference/2023/aaws-board-highlights-december-2023-en.pdf,https://drive.google.com/file/d/1DAKMWyOkzHoDR_tZgQW4X1GQrvB2Ycbh/view,
archive-conference-2023-cpc-pi-conference-flyer-v-2023-en-redacted,Archive,Flyers,"2nd annual CPC & PI conference, December 2–3, 2023 – flyer","2.ª conferencia anual de CCP e IP, 2 y 3 de diciembre de 2023 – volante",2023-12,2023,English,PDF,589,,,cpc,msca09aa.org (media library),yes,,docs/archive/conference/2023/cpc-pi-conference-flyer-v-2023-en-redacted.pdf,https://drive.google.com/file/d/13-uvGABDUa6ms66BBrjJwRMij655EKfC/view,"Anonymity-redacted copy: full names shortened to first name + last initial, personal e-mails and phone numbers removed. Original (held for review): private copy in MSCA09AA-private"
archive-districts-d8-2023-district-8-minutes-november-15-2023-en,Archive,District,"District 8 Minutes – November 15, 2023",Actas del Distrito 8 – 15 de noviembre de 2023,2023-11-15,2023,English,PDF,313,,d08,,msca09aa.org (media library),yes,,docs/archive/districts/d8/2023/district-8-minutes-november-15-2023-en.pdf,https://drive.google.com/file/d/1eXHRXC5nBvP2sZBZydYXnarIyB7lFe0X/view,
finances-2023-proposed-area-budget-for-2024-revised-november-14-2023-en,Archive,Finances,"Proposed Area budget for 2024 (revised November 14, 2023)",Presupuesto propuesto del Área para 2024 (revisado el 14 de noviembre de 2023),2023-11-14,2023,English,PDF,60,,,finance,msca09aa.org (media library),yes,,docs/finances/2023/proposed-area-budget-for-2024-revised-november-14-2023-en.pdf,https://drive.google.com/file/d/1c8pjvrpP759WM5ikTAtnPBw1eebS022j/view,
reports-2023-literature-committee-minutes-november-12-2023-en-redacted,Archive,Reports,"Literature Committee Minutes – November 12, 2023",Actas del Comité de Literatura – 12 de noviembre de 2023,2023-11-12,2023,English,PDF,223,,,literature,msca09aa.org (media library),yes,,docs/reports/2023/literature-committee-minutes-november-12-2023-en-redacted.pdf,https://drive.google.com/file/d/1_TVpmEGI9IxyRqZlHMCIBANs_T8k_Qpq/view,"Anonymity-redacted copy: full names shortened to first name + last initial, personal e-mails and phone numbers removed. Original (held for review): private copy in MSCA09AA-private Re-redacted 2026-10-06 after the pre-launch scan (personal e-mail addresses removed; checked again with both scanners and OCR)."
reports-delegate-2023-delegate-sharing-asc-thousand-palms-2023-11-12-en-redacted,Archive,Delegate,"Delegate's sharing at the ASC, Thousand Palms – November 12, 2023","Compartimiento del Delegado en el CSA, Thousand Palms – 12 de noviembre de 2023",2023-11-12,2023,English,PDF,986,,,delegate,msca09aa.org (media library),yes,,docs/reports/Delegate/2023/delegate-sharing-asc-thousand-palms-2023-11-12-en-redacted.pdf,https://drive.google.com/file/d/14Gn_80RuNf7xoNs9BaP2SwJB13IEc0Lc/view,"Anonymity-redacted copy: full names shortened to first name + last initial, personal e-mails and phone numbers removed. Original (held for review): private copy in MSCA09AA-private"
minutes-2023-asc-minutes-november-12-2023-es-redacted,Archive,Delegate,"Delegate's sharing at the ASC, Thousand Palms – November 12, 2023","Compartimiento del Delegado en el CSA, Thousand Palms – 12 de noviembre de 2023",2023-11-12,2023,Spanish,PDF,813,,,delegate,msca09aa.org (media library),yes,,docs/minutes/2023/asc-minutes-november-12-2023-es-redacted.pdf,https://drive.google.com/file/d/1BdQDYrBxrkhdXzk0wck2nXh3ODURbZb1/view,"Anonymity-redacted copy: full names shortened to first name + last initial, personal e-mails and phone numbers removed. Original (held for review): private copy in MSCA09AA-private"
minutes-2023-nov-2023-asc-minutes-en-redacted,Archive,Minutes,ASC Minutes – November 2023,Actas del CSA – noviembre de 2023,2023-11-12,2023,English,PDF,349,ASC,,,msca09aa.org,yes,,docs/minutes/2023/nov-2023-asc-minutes-en-redacted.pdf,https://drive.google.com/file/d/1tQ-HvZyj613YMFFK6QvQZxOlLUIECmiD/view,"Anonymity-redacted copy: full names shortened to first name + last initial, personal e-mails and phone numbers removed. Original (held for review): docs/minutes/2023/nov-2023-asc-minutes-en.pdf Re-redacted 2026-10-06: names shortened to first name + initial; personal contact details, addresses and sobriety dates removed (scripts/scan-documents.py). Re-redacted 2026-10-06 after the pre-launch scan (personal e-mail addresses removed; checked again with both scanners and OCR)."
minutes-2023-nov-2023-asc-minutes-es-redacted,Archive,Minutes,ASC Minutes – November 2023,Actas del CSA – noviembre de 2023,2023-11-12,2023,Spanish,PDF,293,ASC,,,msca09aa.org,yes,,docs/minutes/2023/nov-2023-asc-minutes-es-redacted.pdf,https://drive.google.com/file/d/1u7uhPXHxXtG52xgGcU-752Ggpzav-It4/view,"Anonymity-redacted copy: full names shortened to first name + last initial, personal e-mails and phone numbers removed. Original (held for review): docs/minutes/2023/nov-2023-asc-minutes-es.pdf Re-redacted 2026-10-06: names shortened to first name + initial; personal contact details, addresses and sobriety dates removed (scripts/scan-documents.py). Re-redacted 2026-10-06 after the pre-launch scan (personal e-mail addresses removed; checked again with both scanners and OCR)."
agendas-2023-asc-agenda-november-2023-es,Archive,Agendas,ASC Agenda – November 2023,Agenda del CSA – noviembre de 2023,2023-11-12,2023,Spanish,PDF,132,ASC,,,msca09aa.org (media library),yes,,docs/agendas/2023/asc-agenda-november-2023-es.pdf,https://drive.google.com/file/d/1ZG-nHQV4-pLDn71Mcudd8T62zhTtZmOz/view,"Re-redacted 2026-10-06: names shortened to first name + initial; personal contact details, addresses and sobriety dates removed (scripts/scan-documents.py)."
agendas-2023-asc-agenda-november-2023-en,Archive,Agendas,ASC Agenda – November 2023,Agenda del CSA – noviembre de 2023,2023-11-12,2023,English,PDF,73,ASC,,,msca09aa.org (media library),yes,,docs/agendas/2023/asc-agenda-november-2023-en.pdf,https://drive.google.com/file/d/173p2YX2DbBB-Mqp9fo182OUiuE8N7k42/view,"Re-redacted 2026-10-06: names shortened to first name + initial; personal contact details, addresses and sobriety dates removed (scripts/scan-documents.py)."
archive-gso-2023-class-a-trustee-vacancies-2024-announcement-and-election-procedures-es,Archive,GSO,Class A trustee vacancies 2024 – announcement and election procedures,Vacantes de custodios Clase A 2024 – anuncio y procedimientos de elección,2023-11-09,2023,Spanish,PDF,316,,,,msca09aa.org (media library),yes,,docs/archive/gso/2023/class-a-trustee-vacancies-2024-announcement-and-election-procedures-es.pdf,https://drive.google.com/file/d/11z9g9JBaoxSPFr7D6ozcb6I8H7sKoY2Q/view,"Re-redacted 2026-10-06: names shortened to first name + initial; personal contact details, addresses and sobriety dates removed (scripts/scan-documents.py)."
archive-gso-2023-class-a-trustee-vacancies-2024-announcement-and-election-procedures-en,Archive,GSO,Class A trustee vacancies 2024 – announcement and election procedures,Vacantes de custodios Clase A 2024 – anuncio y procedimientos de elección,2023-11-09,2023,English,PDF,401,,,,msca09aa.org (media library),yes,,docs/archive/gso/2023/class-a-trustee-vacancies-2024-announcement-and-election-procedures-en.pdf,https://drive.google.com/file/d/1R3mAfVZcIbXMYFpDQV41YmsH859Q0Iny/view,"Re-redacted 2026-10-06: names shortened to first name + initial; personal contact details, addresses and sobriety dates removed (scripts/scan-documents.py)."
workbooks-2023-dcmc-workbook-november-2023-en,Archive,Workbooks,DCMC workbook (November 2023),Cuaderno de trabajo del CMCD (noviembre de 2023),2023-11-08,2023,English,PDF,334,,,dcm-school,msca09aa.org (media library),yes,,docs/workbooks/2023/dcmc-workbook-november-2023-en.pdf,https://drive.google.com/file/d/1YO0TYMSUt3_bjT_SBdI7lJDXc32Ftt84/view,
motions-2023-motion-h-floor-motion-from-the-archives-committee-november-2023-en,Archive,Motions,Motion H – floor motion from the Archives Committee (November 2023),Moción H – moción de piso del Comité de Archivos Históricos (noviembre de 2023),2023-11,2023,English,PDF,8,,,archives,msca09aa.org (media library),yes,,docs/motions/2023/motion-h-floor-motion-from-the-archives-committee-november-2023-en.pdf,https://drive.google.com/file/d/1shWQd3MsfqtdcZqXkZ5iZ51ZRc-HZXaz/view,
motions-2023-motion-h-floor-motion-from-the-archives-committee-november-2023-es,Archive,Motions,Motion H – floor motion from the Archives Committee (November 2023),Moción H – moción de piso del Comité de Archivos Históricos (noviembre de 2023),2023-11,2023,Spanish,PDF,95,,,archives,msca09aa.org (media library),yes,,docs/motions/2023/motion-h-floor-motion-from-the-archives-committee-november-2023-es.pdf,https://drive.google.com/file/d/1BtwmmcPf3wM8sw79f3RDdLtJEoHNiYDC/view,
archive-newsletters-2023-area-newsletter-november-2023-es,Archive,Newsletters,Area Newsletter – November 2023,Boletín del Área – noviembre de 2023,2023-11,2023,Spanish,PDF,4421,,,,msca09aa.org (media library),yes,,docs/archive/newsletters/2023/area-newsletter-november-2023-es.pdf,https://drive.google.com/file/d/1jwQMwwNOmM53owpflf_T6Aylzzw4fib0/view,
archive-newsletters-2023-area-newsletter-november-2023-en,Archive,Newsletters,Area Newsletter – November 2023,Boletín del Área – noviembre de 2023,2023-11,2023,English,PDF,3973,,,,msca09aa.org (media library),yes,,docs/archive/newsletters/2023/area-newsletter-november-2023-en.pdf,https://drive.google.com/file/d/1xid7ehhwUTZPB00tvMUHAoUQKefedGCV/view,
archive-flyers-2023-gratitude-dinner-speaker-meeting-flyer-2023-11-en,Archive,Flyers,2023 Gratitude Dinner speaker meeting – flyer,Cena de Gratitud 2023 con orador – volante,2023-11,2023,English,PDF,343,,,,msca09aa.org (media library),yes,,docs/archive/flyers/2023/gratitude-dinner-speaker-meeting-flyer-2023-11-en.pdf,https://drive.google.com/file/d/1j3hCrYQSkROoUfXwGUS-X8gbwpEQLCTb/view,
reports-2023-panel-72-ad-hoc-committee-on-area-meeting-locations-memo-october-2023-es,Archive,Reports,Panel 72 ad hoc committee on Area meeting locations – memo (October 2023),Comité ad hoc del Panel 72 sobre lugares de reunión del Área – memorando (octubre de 2023),2023-10-13,2023,Spanish,PDF,155,,,,msca09aa.org (media library),yes,,docs/reports/2023/panel-72-ad-hoc-committee-on-area-meeting-locations-memo-october-2023-es.pdf,https://drive.google.com/file/d/1CLYhEZNq9US_K7cxoALGNUkOlzaKQuTk/view,
reports-2023-panel-72-ad-hoc-committee-on-area-meeting-locations-memo-october-2023-en,Archive,Reports,Panel 72 ad hoc committee on Area meeting locations – memo (October 2023),Comité ad hoc del Panel 72 sobre lugares de reunión del Área – memorando (octubre de 2023),2023-10-13,2023,English,PDF,60,,,,msca09aa.org (media library),yes,,docs/reports/2023/panel-72-ad-hoc-committee-on-area-meeting-locations-memo-october-2023-en.pdf,https://drive.google.com/file/d/11MMRDBcmXCtTf1mg6ESTRNmxxFduable/view,
archive-districts-d5-2023-district-5-guidelines-revision-j-october-2023-en,Archive,District,"District 5 Guidelines, Revision J (October 2023)","Guías del Distrito 5, revisión J (octubre de 2023)",2023-10-11,2023,English,PDF,484,,d05,,msca09aa.org (media library),yes,,docs/archive/districts/d5/2023/district-5-guidelines-revision-j-october-2023-en.pdf,https://drive.google.com/file/d/16fY5lCgDGS87Rs-A5uWSo6eyOWu0nSgU/view,
archive-guidelines-2023-literature-committee-guidelines-draft-3-october-2023-en,Archive,Guidelines,Literature Committee Guidelines – draft 3 (October 2023),Guías del Comité de Literatura – borrador 3 (octubre de 2023),2023-10-10,2023,English,PDF,138,,,literature,msca09aa.org (media library),yes,,docs/archive/guidelines/2023/literature-committee-guidelines-draft-3-october-2023-en.pdf,https://drive.google.com/file/d/1wPp9ksjd2yp0JczBQEvqrwY9ZjQBA9HQ/view,
archive-guidelines-2023-literature-committee-guidelines-draft-3-october-2023-es,Archive,Guidelines,Literature Committee Guidelines – draft 3 (October 2023),Guías del Comité de Literatura – borrador 3 (octubre de 2023),2023-10-10,2023,Spanish,PDF,88,,,literature,msca09aa.org (media library),yes,,docs/archive/guidelines/2023/literature-committee-guidelines-draft-3-october-2023-es.pdf,https://drive.google.com/file/d/1MX3i2RM9VHj-mhJ_cJJ19tr3xXYqiSy_/view,
archive-flyers-2023-panel-74-election-assembly-october-8-2023-flyer-es,Archive,Flyers,"Panel 74 election Assembly, October 8, 2023 – flyer","Asamblea de elecciones del Panel 74, 8 de octubre de 2023 – volante",2023-10-08,2023,Spanish,PDF,719,,,,msca09aa.org (media library),yes,,docs/archive/flyers/2023/panel-74-election-assembly-october-8-2023-flyer-es.pdf,https://drive.google.com/file/d/1ulnG8lcRxmgjX6EV_Jr8Pl8RnJdaJwyE/view,
minutes-2023-oct-2023-asa-minutes-en,Archive,Minutes,Assembly (ASA) Minutes – October 2023,Actas de la Asamblea (ASA) – octubre de 2023,2023-10-08,2023,English,PDF,95,ASA,,,msca09aa.org,yes,,docs/minutes/2023/oct-2023-asa-minutes-en.pdf,https://drive.google.com/file/d/1J4OlKhugnlsSFsvkApbPjAc49uOTUy1h/view,
archive-service-2023-the-gsr-preamble-2023-10-en,Archive,Service,The GSR Preamble,El Preámbulo del RSG (inglés),2023-10,2023,English,PDF,35,,,,msca09aa.org (media library),yes,,docs/archive/service/2023/the-gsr-preamble-2023-10-en.pdf,https://drive.google.com/file/d/1TCfqFX6bBqOERNPC6_0ghmxUeSHHbuL5/view,
motions-2023-motion-on-event-scheduling-no-competing-area-events-in-the-same-month-2023-10-en,Archive,Motions,Motion on event scheduling (no competing Area events in the same month),Moción sobre la programación de eventos (sin eventos del Área en competencia en el mismo mes),2023-10,2023,English,PDF,7,,,,msca09aa.org (media library),yes,,docs/motions/2023/motion-on-event-scheduling-no-competing-area-events-in-the-same-month-2023-10-en.pdf,https://drive.google.com/file/d/1m-UoVlnlj9xdydI8yH9vKQJXpfB4hwcQ/view,
motions-2023-motion-on-event-scheduling-no-competing-area-events-in-the-same-month-2023-10-es,Archive,Motions,Motion on event scheduling (no competing Area events in the same month),Moción sobre la programación de eventos (sin eventos del Área en competencia en el mismo mes),2023-10,2023,Spanish,PDF,44,,,,msca09aa.org (media library),yes,,docs/motions/2023/motion-on-event-scheduling-no-competing-area-events-in-the-same-month-2023-10-es.pdf,https://drive.google.com/file/d/1p5XncXCjEFtL9zKSUFUBj7uuBpXr6uBI/view,
motions-2023-motion-g-adopt-an-official-area-logo-2023-10-en,Archive,Motions,Motion G – adopt an official Area logo,Moción G – adoptar un logotipo oficial del Área,2023-10,2023,English,PDF,8,,,,msca09aa.org (media library),yes,,docs/motions/2023/motion-g-adopt-an-official-area-logo-2023-10-en.pdf,https://drive.google.com/file/d/1zwG6IHe_SLc6TCHSqfcB5zX23TnDOewf/view,
motions-2023-motion-g-adopt-an-official-area-logo-2023-10-es,Archive,Motions,Motion G – adopt an official Area logo,Moción G – adoptar un logotipo oficial del Área,2023-10,2023,Spanish,PDF,9,,,,msca09aa.org (media library),yes,,docs/motions/2023/motion-g-adopt-an-official-area-logo-2023-10-es.pdf,https://drive.google.com/file/d/1qkvRyp2tYafwSm4zuPb107EqJOusvkAQ/view,
motions-2023-motion-f-revised-literature-committee-guidelines-october-2023-en,Archive,Motions,Motion F – revised Literature Committee Guidelines (October 2023),Moción F – Guías revisadas del Comité de Literatura (octubre de 2023),2023-10,2023,English,PDF,36,,,literature,msca09aa.org (media library),yes,,docs/motions/2023/motion-f-revised-literature-committee-guidelines-october-2023-en.pdf,https://drive.google.com/file/d/1Tv3JAgoH-ZWtAX5dAULiGFg6THfHHQM9/view,
motions-2023-motion-f-revised-literature-committee-guidelines-october-2023-es,Archive,Motions,Motion F – revised Literature Committee Guidelines (October 2023),Moción F – Guías revisadas del Comité de Literatura (octubre de 2023),2023-10,2023,Spanish,PDF,38,,,literature,msca09aa.org (media library),yes,,docs/motions/2023/motion-f-revised-literature-committee-guidelines-october-2023-es.pdf,https://drive.google.com/file/d/1eDKqYvJC3ncM0Ld74anl8hrYLUtADCRN/view,
archive-districts-d8-2023-district-8-guidelines-revised-october-2023-en,Archive,District,District 8 Guidelines (revised October 2023),Guías del Distrito 8 (revisadas en octubre de 2023),2023-10,2023,English,PDF,268,,d08,,msca09aa.org (media library),yes,,docs/archive/districts/d8/2023/district-8-guidelines-revised-october-2023-en.pdf,https://drive.google.com/file/d/1b0Lq7VfvytQUxC2bZErorHbZnLjiWU7f/view,
archive-districts-d5-2023-district-5-newsletter-4th-quarter-2023-issue-31-en,Archive,Newsletters,District 5 Newsletter – 4th quarter 2023 (issue 31),Boletín del Distrito 5 – 4.º trimestre de 2023 (número 31),2023-10,2023,English,PDF,2497,,d05,,msca09aa.org (media library),yes,,docs/archive/districts/d5/2023/district-5-newsletter-4th-quarter-2023-issue-31-en.pdf,https://drive.google.com/file/d/13Ij9d_Vkuahc0h7FJ_ilOIc8A73j5ixd/view,Re-redacted 2026-10-06 after the pre-launch scan (sobriety dates / birthday-list years removed; checked again with both scanners and OCR).
archive-newsletters-2023-area-newsletter-october-2023-es,Archive,Newsletters,Area Newsletter – October 2023,Boletín del Área – octubre de 2023,2023-10,2023,Spanish,PDF,16218,,,,msca09aa.org (media library),yes,,docs/archive/newsletters/2023/area-newsletter-october-2023-es.pdf,https://drive.google.com/file/d/1HNzsBsmOoXYm17dfwHLVbkzqO1TnZWnz/view,
archive-gso-2023-gso-quarterly-financial-report-3rd-quarter-2023-en,Archive,GSO,GSO quarterly financial report – 3rd quarter 2023,Informe financiero trimestral de la OSG – 3.er trimestre de 2023,2023-09-30,2023,English,PDF,2926,,,,msca09aa.org (media library),yes,,docs/archive/gso/2023/gso-quarterly-financial-report-3rd-quarter-2023-en.pdf,https://drive.google.com/file/d/1DWtwuMMn3sGVTn8V06MxlyjVNG36cFXc/view,
archive-gso-2023-gso-quarterly-financial-report-3rd-quarter-2023-es,Archive,GSO,GSO quarterly financial report – 3rd quarter 2023,Informe financiero trimestral de la OSG – 3.er trimestre de 2023,2023-09-30,2023,Spanish,PDF,1345,,,,msca09aa.org (media library),yes,,docs/archive/gso/2023/gso-quarterly-financial-report-3rd-quarter-2023-es.pdf,https://drive.google.com/file/d/1jV0atV5f8S4r_aoSW2YzKgFwqXZ65hpp/view,
archive-districts-d8-2023-district-8-minutes-september-20-2023-en-redacted,Archive,District,"District 8 Minutes – September 20, 2023",Actas del Distrito 8 – 20 de septiembre de 2023,2023-09-20,2023,English,PDF,378,,d08,,msca09aa.org (media library),yes,,docs/archive/districts/d8/2023/district-8-minutes-september-20-2023-en-redacted.pdf,https://drive.google.com/file/d/1jgjR-OkMNMe0fbPCWjQ4zxWCbOPvEhy1/view,"Anonymity-redacted copy: full names shortened to first name + last initial, personal e-mails and phone numbers removed. Original (held for review): private copy in MSCA09AA-private"
agendas-2023-assembly-asa-agenda-september-2023-draft-en,Archive,Agendas,Assembly (ASA) Agenda – September 2023,Agenda de la Asamblea (ASA) – septiembre de 2023,2023-09-10,2023,English,PDF,215,ASA,,,msca09aa.org (media library),yes,,docs/agendas/2023/assembly-asa-agenda-september-2023-draft-en.pdf,https://drive.google.com/file/d/1EpVAZjmelZU3JXb_j3qifvK6CSipTkEz/view,
reports-2023-treatment-committee-report-september-2023-en,Archive,Reports,Treatment Committee Report – September 2023,Informe del Comité de Centros de Tratamiento – septiembre de 2023,2023-09,2023,English,PDF,16,,,treatment,msca09aa.org (media library),yes,,docs/reports/2023/treatment-committee-report-september-2023-en.pdf,https://drive.google.com/file/d/1VzLkX12Wu_F4YbFvA5sFpvbJH_YqqmjO/view,
archive-gso-2023-the-grapevine-and-la-vina-apps-flyer-2023-09-en,Archive,GSO,The Grapevine and La Viña apps – flyer,Las aplicaciones de Grapevine y La Viña – volante,2023-09,2023,English,PDF,247,,,grapevine-la-vina,msca09aa.org (media library),yes,,docs/archive/gso/2023/the-grapevine-and-la-vina-apps-flyer-2023-09-en.pdf,https://drive.google.com/file/d/1FJpnk9_GC6qO0fzcXklB3vivXlOzxNgQ/view,
archive-gso-2023-the-grapevine-and-la-vina-apps-flyer-2023-09-es,Archive,GSO,The Grapevine and La Viña apps – flyer,Las aplicaciones de Grapevine y La Viña – volante,2023-09,2023,Spanish,PDF,289,,,grapevine-la-vina,msca09aa.org (media library),yes,,docs/archive/gso/2023/the-grapevine-and-la-vina-apps-flyer-2023-09-es.pdf,https://drive.google.com/file/d/1dh1msiTru39YrL6fhoQXB8NfYv80BE8l/view,
motions-2023-motion-d-create-a-hispanic-women-s-standing-committee-september-2023-en,Archive,Motions,Motion D – create a Hispanic Women's standing committee (September 2023),Moción D – crear un comité permanente de Mujeres Hispanas (septiembre de 2023),2023-09,2023,English,PDF,54,,,hispanic-womens,msca09aa.org (media library),yes,,docs/motions/2023/motion-d-create-a-hispanic-women-s-standing-committee-september-2023-en.pdf,https://drive.google.com/file/d/1z5WAsaoa_10JfnxGcFdvPG1SCgKsDVNj/view,
motions-2023-motion-d-create-a-hispanic-women-s-standing-committee-september-2023-es,Archive,Motions,Motion D – create a Hispanic Women's standing committee (September 2023),Moción D – crear un comité permanente de Mujeres Hispanas (septiembre de 2023),2023-09,2023,Spanish,PDF,13,,,hispanic-womens,msca09aa.org (media library),yes,,docs/motions/2023/motion-d-create-a-hispanic-women-s-standing-committee-september-2023-es.pdf,https://drive.google.com/file/d/1hgnSTJ3mnrihj_va-GnqgtEz0OTUbIME/view,
reports-treasurer-ap-2023-budget-vs-actual-3rd-quarter-2023-en,Archive,Finances,Budget vs. actual – 3rd quarter 2023,Presupuesto frente a gastos reales – 3.er trimestre de 2023,2023-09,2023,English,PDF,382,,,treasurer-ap,msca09aa.org (media library),yes,,docs/reports/Treasurer AP/2023/budget-vs-actual-3rd-quarter-2023-en.pdf,https://drive.google.com/file/d/1RJIXu8eGHgG5bztVORoBu8yShUkDXi0I/view,
finances-2023-area-budget-2024-en-redacted,Archive,Finances,Area budget 2024,Presupuesto del Área 2024,2023-09,2023,English,PDF,496,,,finance,msca09aa.org (media library),yes,,docs/finances/2023/area-budget-2024-en-redacted.pdf,https://drive.google.com/file/d/1bGFIv-1X7NBBrI2uFZHqaMPJxb6rVV3t/view,"Anonymity-redacted copy: full names shortened to first name + last initial, personal e-mails and phone numbers removed. Original (held for review): private copy in MSCA09AA-private"
archive-newsletters-2023-area-newsletter-september-2023-en,Archive,Newsletters,Area Newsletter – September 2023,Boletín del Área – septiembre de 2023,2023-09,2023,English,PDF,11877,,,,msca09aa.org (media library),yes,,docs/archive/newsletters/2023/area-newsletter-september-2023-en.pdf,https://drive.google.com/file/d/1EhfPBKrP1h2DYJp4J2bmIQHVPXVIOOhc/view,
archive-gso-2023-letter-on-the-policy-admissions-committee-consideration-august-2023-en,Archive,GSO,Letter on the Policy/Admissions committee consideration (August 2023),Carta sobre la consideración del comité de Política/Admisiones (agosto de 2023),2023-08-25,2023,English,PDF,114,,,,msca09aa.org (media library),yes,,docs/archive/gso/2023/letter-on-the-policy-admissions-committee-consideration-august-2023-en.pdf,https://drive.google.com/file/d/1d4xPdoZCz5rV-YC2FV4AsUd4H96x_IFJ/view,
archive-gso-2023-letter-on-the-policy-admissions-committee-consideration-august-2023-es,Archive,GSO,Letter on the Policy/Admissions committee consideration (August 2023),Carta sobre la consideración del comité de Política/Admisiones (agosto de 2023),2023-08-25,2023,Spanish,PDF,99,,,,msca09aa.org (media library),yes,,docs/archive/gso/2023/letter-on-the-policy-admissions-committee-consideration-august-2023-es.pdf,https://drive.google.com/file/d/1jMq4rwfI4oAj9nYhHN3ugft4jECnZ1oP/view,
reports-2023-treatment-committee-report-august-13-2023-en,Archive,Reports,"Treatment Committee Report – August 13, 2023",Informe del Comité de Centros de Tratamiento – 13 de agosto de 2023,2023-08-13,2023,English,PDF,15,,,treatment,msca09aa.org (media library),yes,,docs/reports/2023/treatment-committee-report-august-13-2023-en.pdf,https://drive.google.com/file/d/1DaNYS4L3Ar1gRkJVvbEwB37bYg5V-NZu/view,
motions-2023-motions-for-the-august-2023-asc-es,Archive,Motions,Motions for the August 2023 ASC,Mociones para el CSA de agosto de 2023,2023-08-13,2023,Spanish,PDF,194,,,,msca09aa.org (media library),yes,,docs/motions/2023/motions-for-the-august-2023-asc-es.pdf,https://drive.google.com/file/d/1K2b4-In75gCa6GaD7UiOhAHEmpJa46T-/view,
archive-pages-2023-08-19-august-13-2023-delegate-s-sharing-session-asc-los-flores-up,Archive,Delegate,"August 13, 2023 — Delegate's Sharing Session: ASC - Los Flores — Update for August 13, 2023",13 de agosto de 2023 — Sesión de compartimiento del delegado: CSA - Los Flores — Actualización para 13 de agosto de 2023,2023-08-13,2023,English,PDF,70,,,delegate,msca09aa.org,yes,,docs/archive/pages/2023-08-19-august-13-2023-delegate-s-sharing-session-asc-los-flores-up.pdf,https://drive.google.com/file/d/1k5Kz5m2V0NE7few78Dm5sUTS2hi_wtMe/view,"Drive shows the source, so a PDF copy is preferred; PDF copy of the archived web page; url pending (run scripts/drive_ids.py) Re-redacted 2026-10-06: names shortened to first name + initial; personal contact details, addresses and sobriety dates removed (scripts/scan-documents.py)."
minutes-2023-aug-2023-asc-minutes-en-redacted,Archive,Minutes,ASC Minutes – August 2023,Actas del CSA – agosto de 2023,2023-08-13,2023,English,PDF,400,ASC,,,msca09aa.org,yes,,docs/minutes/2023/aug-2023-asc-minutes-en-redacted.pdf,https://drive.google.com/file/d/10Wruww-BZKIqqDKnlzj7QIYuyj2xfOoe/view,"Anonymity-redacted copy: full names shortened to first name + last initial, personal e-mails and phone numbers removed. Original (held for review): docs/minutes/2023/aug-2023-asc-minutes-en.pdf Re-redacted 2026-10-06: names shortened to first name + initial; personal contact details, addresses and sobriety dates removed (scripts/scan-documents.py). Re-redacted 2026-10-06 after the pre-launch scan (personal phone numbers removed; checked again with both scanners and OCR)."
minutes-2023-aug-2023-asc-minutes-es-redacted,Archive,Minutes,ASC Minutes – August 2023,Actas del CSA – agosto de 2023,2023-08-13,2023,Spanish,PDF,385,ASC,,,msca09aa.org,yes,,docs/minutes/2023/aug-2023-asc-minutes-es-redacted.pdf,https://drive.google.com/file/d/1gcry9g6lYFZI4in-ANgtwC3UFsljI_5t/view,"Anonymity-redacted copy: full names shortened to first name + last initial, personal e-mails and phone numbers removed. Original (held for review): docs/minutes/2023/aug-2023-asc-minutes-es.pdf Re-redacted 2026-10-06: names shortened to first name + initial; personal contact details, addresses and sobriety dates removed (scripts/scan-documents.py)."
agendas-2023-asc-agenda-august-2023-es,Archive,Agendas,ASC Agenda – August 2023,Agenda del CSA – agosto de 2023,2023-08-13,2023,Spanish,PDF,207,ASC,,,msca09aa.org (media library),yes,,docs/agendas/2023/asc-agenda-august-2023-es.pdf,https://drive.google.com/file/d/1ZYb8cDUd6Kjsjvrbi96tJGOBVLajg91D/view,
agendas-2023-asc-agenda-august-2023-en,Archive,Agendas,ASC Agenda – August 2023,Agenda del CSA – agosto de 2023,2023-08-13,2023,English,PDF,203,ASC,,,msca09aa.org (media library),yes,,docs/agendas/2023/asc-agenda-august-2023-en.pdf,https://drive.google.com/file/d/1fD9ojCJm3KMAVjHu9IAp2_4nS4iZ2U_Z/view,
motions-2023-motion-c-revised-area-guidelines-eligibility-section-august-2023-en,Archive,Motions,Motion C – revised Area Guidelines eligibility section (August 2023),Moción C – sección revisada de elegibilidad de las Guías del Área (agosto de 2023),2023-08,2023,English,PDF,159,,,guidelines-policies,msca09aa.org (media library),yes,,docs/motions/2023/motion-c-revised-area-guidelines-eligibility-section-august-2023-en.pdf,https://drive.google.com/file/d/1AS99j0x0aWHi7D_76DUsaMgLYoCC14cT/view,
motions-2023-motion-c-revised-area-guidelines-eligibility-section-august-2023-es,Archive,Motions,Motion C – revised Area Guidelines eligibility section (August 2023),Moción C – sección revisada de elegibilidad de las Guías del Área (agosto de 2023),2023-08,2023,Spanish,PDF,158,,,guidelines-policies,msca09aa.org (media library),yes,,docs/motions/2023/motion-c-revised-area-guidelines-eligibility-section-august-2023-es.pdf,https://drive.google.com/file/d/1sF0TSazvQTm8ImecwsJ7oP3BozKRGSLs/view,
motions-2023-motion-c-dcm-school-committee-guidelines-august-2023-en,Archive,Motions,Motion C – DCM School Committee Guidelines (August 2023),Moción C – Guías del Comité de la Escuela de MCD (agosto de 2023),2023-08,2023,English,PDF,204,,,dcm-school,msca09aa.org (media library),yes,,docs/motions/2023/motion-c-dcm-school-committee-guidelines-august-2023-en.pdf,https://drive.google.com/file/d/1hOLsRxOTmW2DGid0WMJaMfiqetg4fmab/view,
motions-2023-motion-c-dcm-school-committee-guidelines-august-2023-es,Archive,Motions,Motion C – DCM School Committee Guidelines (August 2023),Moción C – Guías del Comité de la Escuela de MCD (agosto de 2023),2023-08,2023,Spanish,PDF,129,,,dcm-school,msca09aa.org (media library),yes,,docs/motions/2023/motion-c-dcm-school-committee-guidelines-august-2023-es.pdf,https://drive.google.com/file/d/16Fs1x8QL5Ykx9ZGRjfp3WnJLTPiW_gCv/view,
archive-guidelines-2023-literature-committee-guidelines-revised-draft-3-2023-en,Archive,Guidelines,Literature Committee Guidelines – revised draft 3 (2023),Guías del Comité de Literatura – borrador revisado 3 (2023),2023-08,2023,English,PDF,125,,,literature,msca09aa.org (media library),yes,,docs/archive/guidelines/2023/literature-committee-guidelines-revised-draft-3-2023-en.pdf,https://drive.google.com/file/d/1aeL1D7EaMARuKyQr5Rywa-WN7uni9Df6/view,
archive-misc-2023-webservant-job-listing-2-1-final-en-redacted,Archive,Service,Area webservant – job listing,Servidor web del Área – descripción del puesto,2023-08,2023,English,PDF,42,,,technology,msca09aa.org (media library),yes,,docs/archive/misc/2023/webservant-job-listing-2-1-final-en-redacted.pdf,https://drive.google.com/file/d/1Uv8cynyBvvPPZd6B5QMlyFGI2jW-f97z/view,"Anonymity-redacted copy: full names shortened to first name + last initial, personal e-mails and phone numbers removed. Original (held for review): private copy in MSCA09AA-private"
archive-misc-2023-webservant-job-listing-2-1-final-es-redacted,Archive,Service,Area webservant – job listing,Servidor web del Área – descripción del puesto,2023-08,2023,Spanish,PDF,42,,,technology,msca09aa.org (media library),yes,,docs/archive/misc/2023/webservant-job-listing-2-1-final-es-redacted.pdf,https://drive.google.com/file/d/1mKYL5TNOYXrNaGKlEgymxKARbEzFTyRs/view,"Anonymity-redacted copy: full names shortened to first name + last initial, personal e-mails and phone numbers removed. Original (held for review): private copy in MSCA09AA-private"
archive-newsletters-2023-area-newsletter-august-2023-en,Archive,Newsletters,Area Newsletter – August 2023,Boletín del Área – agosto de 2023,2023-08,2023,English,PDF,6838,,,,msca09aa.org (media library),yes,,docs/archive/newsletters/2023/area-newsletter-august-2023-en.pdf,https://drive.google.com/file/d/1XmeXDFaqj97z6ChVm8CcBJ8qwTgoCm3H/view,
archive-newsletters-2023-area-newsletter-august-2023-es,Archive,Newsletters,Area Newsletter – August 2023,Boletín del Área – agosto de 2023,2023-08,2023,Spanish,PDF,7270,,,,msca09aa.org (media library),yes,,docs/archive/newsletters/2023/area-newsletter-august-2023-es.pdf,https://drive.google.com/file/d/1J3R4RgL9f31EcG5YSussyYfodPKT-YJB/view,Re-redacted 2026-10-06 after the pre-launch scan (personal phone numbers removed; checked again with both scanners and OCR).
workbooks-2023-area-09-workbook-2023-24-en,Archive,Workbooks,Area 09 Workbook 2023–24,Libro de trabajo del Área 09 2023–24,2023-07-31,2023,English,PDF,1058,,,literature,msca09aa.org (media library),yes,,docs/workbooks/2023/area-09-workbook-2023-24-en.pdf,https://drive.google.com/file/d/1Lmp38UNTogw1zE4TLejRJ2safY6LNvtL/view,"Re-redacted 2026-10-06: names shortened to first name + initial; personal contact details, addresses and sobriety dates removed (scripts/scan-documents.py)."
archive-gso-2023-gso-update-on-quarterly-contribution-statements-july-2023-en,Archive,GSO,GSO update on quarterly contribution statements (July 2023),Información de la OSG sobre los estados trimestrales de contribuciones (julio de 2023),2023-07-27,2023,English,PDF,175,,,treasurer-ar,msca09aa.org (media library),yes,,docs/archive/gso/2023/gso-update-on-quarterly-contribution-statements-july-2023-en.pdf,https://drive.google.com/file/d/1tzZ3suzUzn5UT7qVm5B5GoiTtzhHLkFy/view,
archive-gso-2023-gso-update-on-quarterly-contribution-statements-july-2023-es,Archive,GSO,GSO update on quarterly contribution statements (July 2023),Información de la OSG sobre los estados trimestrales de contribuciones (julio de 2023),2023-07-27,2023,Spanish,PDF,168,,,treasurer-ar,msca09aa.org (media library),yes,,docs/archive/gso/2023/gso-update-on-quarterly-contribution-statements-july-2023-es.pdf,https://drive.google.com/file/d/1rz2Fs96XAUwl8c1cRgGYFyjtKmslXZsY/view,
archive-newsletters-2023-area-newsletter-july-2023-en,Archive,Newsletters,Area Newsletter – July 2023,Boletín del Área – julio de 2023,2023-07,2023,English,PDF,3439,,,,msca09aa.org (media library),yes,,docs/archive/newsletters/2023/area-newsletter-july-2023-en.pdf,https://drive.google.com/file/d/1g1LrGCTO0B2INpiLBV0MbnxaXep-zGh8/view,"Re-redacted 2026-10-06: names shortened to first name + initial; personal contact details, addresses and sobriety dates removed (scripts/scan-documents.py). Re-redacted 2026-10-06 after the pre-launch scan (personal phone numbers removed; checked again with both scanners and OCR)."
archive-newsletters-2023-area-newsletter-july-2023-es,Archive,Newsletters,Area Newsletter – July 2023,Boletín del Área – julio de 2023,2023-07,2023,Spanish,PDF,3784,,,,msca09aa.org (media library),yes,,docs/archive/newsletters/2023/area-newsletter-july-2023-es.pdf,https://drive.google.com/file/d/1A7xjVJg0yGmZRtQrgR5xdeVAM5oK0w8J/view,
archive-gso-2023-vacancy-non-trustee-director-aa-grapevine-board-june-2023-en,Archive,GSO,"Vacancy: non-trustee director, AA Grapevine board (June 2023)","Vacante: director no custodio, junta de AA Grapevine (junio de 2023)",2023-06-30,2023,English,PDF,60,,,,msca09aa.org (media library),yes,,docs/archive/gso/2023/vacancy-non-trustee-director-aa-grapevine-board-june-2023-en.pdf,https://drive.google.com/file/d/1grY1MRBYBnz2ijbRGiBEjzE8TP2Afx4b/view,
motions-2023-motion-a-create-an-lgbtqia-standing-committee-june-2023-en,Archive,Motions,Motion A – create an LGBTQIA+ standing committee (June 2023),Moción A – crear un comité permanente LGBTQIA+ (junio de 2023),2023-06-24,2023,English,PDF,8,,,,msca09aa.org (media library),yes,,docs/motions/2023/motion-a-create-an-lgbtqia-standing-committee-june-2023-en.pdf,https://drive.google.com/file/d/1k630W30xK7uuoYmILydHb8fxPGpKNBUl/view,
motions-2023-motion-a-create-an-lgbtqia-standing-committee-june-2023-es,Archive,Motions,Motion A – create an LGBTQIA+ standing committee (June 2023),Moción A – crear un comité permanente LGBTQIA+ (junio de 2023),2023-06-24,2023,Spanish,PDF,68,,,,msca09aa.org (media library),yes,,docs/motions/2023/motion-a-create-an-lgbtqia-standing-committee-june-2023-es.pdf,https://drive.google.com/file/d/156T09LInwqIItyJFS27le8TKbO0XJhkL/view,"Re-redacted 2026-10-06: names shortened to first name + initial; personal contact details, addresses and sobriety dates removed (scripts/scan-documents.py)."
archive-districts-d8-2023-district-8-minutes-june-21-2023-en-redacted,Archive,District,"District 8 Minutes – June 21, 2023",Actas del Distrito 8 – 21 de junio de 2023,2023-06-21,2023,English,PDF,325,,d08,,msca09aa.org (media library),yes,,docs/archive/districts/d8/2023/district-8-minutes-june-21-2023-en-redacted.pdf,https://drive.google.com/file/d/1gNVUWAdjEJQ5vzjhB0gtR2_ZSqLcp4nR/view,"Anonymity-redacted copy: full names shortened to first name + last initial, personal e-mails and phone numbers removed. Original (held for review): private copy in MSCA09AA-private"
archive-gso-2023-gsb-treasurer-memo-grapevine-subscription-liability-reserve-fund-june-2023-en,Archive,GSO,GSB Treasurer memo: Grapevine subscription liability reserve fund (June 2023),Memorando del tesorero de la JSG: fondo de reserva para el pasivo de suscripciones de Grapevine (junio de 2023),2023-06-20,2023,English,PDF,81,,,grapevine-la-vina,msca09aa.org (media library),yes,,docs/archive/gso/2023/gsb-treasurer-memo-grapevine-subscription-liability-reserve-fund-june-2023-en.pdf,https://drive.google.com/file/d/1kyMwVENOCcqWDPVr6q8ey-pOkq2T8bgu/view,
archive-gso-2023-gsb-treasurer-memo-grapevine-subscription-liability-reserve-fund-june-2023-es,Archive,GSO,GSB Treasurer memo: Grapevine subscription liability reserve fund (June 2023),Memorando del tesorero de la JSG: fondo de reserva para el pasivo de suscripciones de Grapevine (junio de 2023),2023-06-20,2023,Spanish,PDF,33,,,grapevine-la-vina,msca09aa.org (media library),yes,,docs/archive/gso/2023/gsb-treasurer-memo-grapevine-subscription-liability-reserve-fund-june-2023-es.pdf,https://drive.google.com/file/d/1stl1q7I2wDvzgrKosu0n7bLcd9fKDpF0/view,
reports-2023-literature-committee-minutes-june-11-2023-en-redacted,Archive,Reports,"Literature Committee Minutes – June 11, 2023",Actas del Comité de Literatura – 11 de junio de 2023,2023-06-11,2023,English,PDF,160,,,literature,msca09aa.org (media library),yes,,docs/reports/2023/literature-committee-minutes-june-11-2023-en-redacted.pdf,https://drive.google.com/file/d/1dUsvjJAu4Eh-tEA0dlpPJqOHIPNDKeEc/view,"Anonymity-redacted copy: full names shortened to first name + last initial, personal e-mails and phone numbers removed. Original (held for review): private copy in MSCA09AA-private Re-redacted 2026-10-06 after the pre-launch scan (personal e-mail addresses removed; checked again with both scanners and OCR)."
archive-pages-2023-06-21-june-11-2023-delegate-s-sharing-session-area-service-commit,Archive,Delegate,"June 11, 2023 — Delegate’s Sharing Session: Area Service Committee — Updates for June 11, 2023",11 de junio de 2023 — Sesión de compartimiento del delegado: Comité de Servicio de Área (CSA) — Updates para 11 de junio de 2023,2023-06-11,2023,English,PDF,49,,,delegate,msca09aa.org,yes,,docs/archive/pages/2023-06-21-june-11-2023-delegate-s-sharing-session-area-service-commit.pdf,https://drive.google.com/file/d/1Vk95Gby3zv4rxSc3ZWemKGdy5ldGlE5N/view,"Drive shows the source, so a PDF copy is preferred; PDF copy of the archived web page; url pending (run scripts/drive_ids.py) Re-redacted 2026-10-06: names shortened to first name + initial; personal contact details, addresses and sobriety dates removed (scripts/scan-documents.py)."
reports-2023-communications-committee-minutes-june-11-2023-es,Archive,Reports,"Communications Committee Minutes – June 11, 2023",Actas del Comité de Comunicaciones – 11 de junio de 2023,2023-06-11,2023,Spanish,PDF,254,,,communications,msca09aa.org (media library),yes,,docs/reports/2023/communications-committee-minutes-june-11-2023-es.pdf,https://drive.google.com/file/d/1PqyxYHsbOA-PD5irJo87aEEh9YRDsq6W/view,
reports-2023-communications-committee-minutes-june-11-2023-en,Archive,Reports,"Communications Committee Minutes – June 11, 2023",Actas del Comité de Comunicaciones – 11 de junio de 2023,2023-06-11,2023,English,PDF,229,,,communications,msca09aa.org (media library),yes,,docs/reports/2023/communications-committee-minutes-june-11-2023-en.pdf,https://drive.google.com/file/d/1MWFQdB9gw6xPEZh4dkyqsLk29Sgqr20T/view,
minutes-2023-jun-2023-asc-minutes-en-redacted,Archive,Minutes,ASC Minutes – June 2023,Actas del CSA – junio de 2023,2023-06-11,2023,English,PDF,429,ASC,,,msca09aa.org,yes,,docs/minutes/2023/jun-2023-asc-minutes-en-redacted.pdf,https://drive.google.com/file/d/17O3Sn6Dxu1NlCsA7eCBgLSmzZdFmmlqp/view,"Anonymity-redacted copy: full names shortened to first name + last initial, personal e-mails and phone numbers removed. Original (held for review): docs/minutes/2023/jun-2023-asc-minutes-en.pdf Re-redacted 2026-10-06 after the pre-launch scan (personal e-mail addresses removed; checked again with both scanners and OCR)."
agendas-2023-asc-agenda-june-2023-en,Archive,Agendas,ASC Agenda – June 2023,Agenda del CSA – junio de 2023,2023-06-11,2023,English,PDF,62,ASC,,,msca09aa.org (media library),yes,,docs/agendas/2023/asc-agenda-june-2023-en.pdf,https://drive.google.com/file/d/1hO3mK9wdNJ-CtMTqVIVh7tuK77u-DtTx/view,
agendas-2023-asc-agenda-june-2023-es,Archive,Agendas,ASC Agenda – June 2023,Agenda del CSA – junio de 2023,2023-06-11,2023,Spanish,PDF,194,ASC,,,msca09aa.org (media library),yes,,docs/agendas/2023/asc-agenda-june-2023-es.pdf,https://drive.google.com/file/d/1zyyFnRxyH5BhjDRt5lw7rP5vADvTRBUb/view,
archive-gso-2023-gsb-treasurer-memo-insurance-settlement-from-the-2020-international-convention-en,Archive,GSO,GSB Treasurer memo: insurance settlement from the 2020 International Convention (June 2023),Memorando del tesorero de la JSG: indemnización del seguro de la Convención Internacional 2020 (junio de 2023),2023-06-01,2023,English,PDF,418,,,,msca09aa.org (media library),yes,,docs/archive/gso/2023/gsb-treasurer-memo-insurance-settlement-from-the-2020-international-convention-en.pdf,https://drive.google.com/file/d/1On4qkr7ZdV6kDyJ8ceUXUP9vo64Zup5j/view,
reports-2023-treatment-committee-report-june-2023-en,Archive,Reports,Treatment Committee Report – June 2023,Informe del Comité de Centros de Tratamiento – junio de 2023,2023-06,2023,English,PDF,16,,,treatment,msca09aa.org (media library),yes,,docs/reports/2023/treatment-committee-report-june-2023-en.pdf,https://drive.google.com/file/d/1sY2bEzC1JjM82OmbBNjoI0qKJoNpRMU9/view,
reports-treasurer-ap-2023-statement-of-activity-profit-and-loss-2nd-quarter-2023-en,Archive,Finances,Statement of activity (profit & loss) – 2nd quarter 2023,Estado de actividades (ingresos y gastos) – 2.º trimestre de 2023,2023-06,2023,English,PDF,39,,,treasurer-ap,msca09aa.org (media library),yes,,docs/reports/Treasurer AP/2023/statement-of-activity-profit-and-loss-2nd-quarter-2023-en.pdf,https://drive.google.com/file/d/1gZTh7bTL_NbL5qA19CDzE7VV-oIDJ2-0/view,
motions-2023-motions-for-the-june-2023-asc-es,Archive,Motions,Motions for the June 2023 ASC,Mociones para el CSA de junio de 2023,2023-06,2023,Spanish,PDF,37,,,,msca09aa.org (media library),yes,,docs/motions/2023/motions-for-the-june-2023-asc-es.pdf,https://drive.google.com/file/d/13iapgzcdIqKH--3eZLMhhmseR-UVzv3Q/view,
motions-2023-motions-for-the-june-2023-asc-en,Archive,Motions,Motions for the June 2023 ASC,Mociones para el CSA de junio de 2023,2023-06,2023,English,PDF,131,,,,msca09aa.org (media library),yes,,docs/motions/2023/motions-for-the-june-2023-asc-en.pdf,https://drive.google.com/file/d/1ViTXWqKhAYK61hCIoL6x_c8QeCaZQ_y7/view,
motions-2023-motion-biannual-area-inventory-2023-06-en,Archive,Motions,Motion – biannual Area inventory,Moción – inventario semestral del Área,2023-06,2023,English,PDF,59,,,,msca09aa.org (media library),yes,,docs/motions/2023/motion-biannual-area-inventory-2023-06-en.pdf,https://drive.google.com/file/d/1_bSW5di6isFbi5LYRQSAdRo4dLyGy9Ft/view,
motions-2023-motion-biannual-area-inventory-2023-06-es,Archive,Motions,Motion – biannual Area inventory,Moción – inventario semestral del Área,2023-06,2023,Spanish,PDF,61,,,,msca09aa.org (media library),yes,,docs/motions/2023/motion-biannual-area-inventory-2023-06-es.pdf,https://drive.google.com/file/d/1h4aMfFuMb5z0IRjyP_D9OAeCC3Pdh1DU/view,
motions-2023-motion-e-make-the-delegate-s-share-back-a-stand-alone-event-districts-1-and-3-2023-06-en,Archive,Motions,Motion E – make the Delegate's share-back a stand-alone event (Districts 1 & 3),Moción E – que el informe del Delegado sea un evento independiente (Distrito 1 y 3),2023-06,2023,English,PDF,20,,,,msca09aa.org (media library),yes,,docs/motions/2023/motion-e-make-the-delegate-s-share-back-a-stand-alone-event-districts-1-and-3-2023-06-en.pdf,https://drive.google.com/file/d/1DMy8gyta-sxAubuh04_bJTkR5G-db1BG/view,
motions-2023-motion-e-make-the-delegate-s-share-back-a-stand-alone-event-districts-1-and-3-2023-06-es,Archive,Motions,Motion E – make the Delegate's share-back a stand-alone event (Districts 1 & 3),Moción E – que el informe del Delegado sea un evento independiente (Distrito 1 y 3),2023-06,2023,Bilingual,PDF,58,,,,msca09aa.org (media library),yes,,docs/motions/2023/motion-e-make-the-delegate-s-share-back-a-stand-alone-event-districts-1-and-3-2023-06-es.pdf,https://drive.google.com/file/d/1jyQtb3YzNghCSyXZAXSrGKX7KVzT2t3w/view,
archive-guidelines-2023-literature-committee-guidelines-revised-draft-2-2023-en,Archive,Guidelines,Literature Committee Guidelines – revised draft 2 (2023),Guías del Comité de Literatura – borrador revisado 2 (2023),2023-06,2023,English,PDF,205,,,literature,msca09aa.org (media library),yes,,docs/archive/guidelines/2023/literature-committee-guidelines-revised-draft-2-2023-en.pdf,https://drive.google.com/file/d/19rnMVN_qybZyfSDu7o_Xh-IzHCSBt7hB/view,
reports-2023-district-17-report-to-the-area-june-2023-en,Archive,Reports,District 17 Report to the Area – June 2023,Informe del Distrito 17 al Área – junio de 2023,2023-06,2023,English,PDF,425,,d17,,msca09aa.org (media library),yes,,docs/reports/2023/district-17-report-to-the-area-june-2023-en.pdf,https://drive.google.com/file/d/1QqukA60kmQgX3EU3MuitAlFP5LzVYisy/view,
motions-2023-district-15-motion-to-change-the-a-a-preamble-read-at-area-meetings-2023-06-en,Archive,Motions,District 15 motion to change the A.A. Preamble read at Area meetings,Moción del Distrito 15 para cambiar el Preámbulo de AA que se lee en las reuniones del Área,2023-06,2023,English,PDF,108,,d15,,msca09aa.org (media library),yes,,docs/motions/2023/district-15-motion-to-change-the-a-a-preamble-read-at-area-meetings-2023-06-en.pdf,https://drive.google.com/file/d/1kdy_lVi-8yRcxl9dN1JAnBnhq2COT5-1/view,
motions-2023-district-15-motion-to-change-the-a-a-preamble-read-at-area-meetings-2023-06-es,Archive,Motions,District 15 motion to change the A.A. Preamble read at Area meetings,Moción del Distrito 15 para cambiar el Preámbulo de AA que se lee en las reuniones del Área,2023-06,2023,Spanish,PDF,109,,d15,,msca09aa.org (media library),yes,,docs/motions/2023/district-15-motion-to-change-the-a-a-preamble-read-at-area-meetings-2023-06-es.pdf,https://drive.google.com/file/d/1yBAJ2c5uySJzjwPClfrp-8NtITwNIbsy/view,
reports-2023-communications-committee-report-june-2023-en,Archive,Reports,Communications Committee Report – June 2023,Informe del Comité de Comunicaciones – junio de 2023,2023-06,2023,English,PDF,91,,,communications,msca09aa.org (media library),yes,,docs/reports/2023/communications-committee-report-june-2023-en.pdf,https://drive.google.com/file/d/1SZ3e06ue8tygdHvuVwSz764SWNextneq/view,
reports-2023-communications-committee-report-june-2023-es,Archive,Reports,Communications Committee Report – June 2023,Informe del Comité de Comunicaciones – junio de 2023,2023-06,2023,Spanish,PDF,93,,,communications,msca09aa.org (media library),yes,,docs/reports/2023/communications-committee-report-june-2023-es.pdf,https://drive.google.com/file/d/1K0LHPB0I7l9i-ECS0VPHObgJRjiXV7sC/view,
archive-newsletters-2023-area-newsletter-june-2023-en,Archive,Newsletters,Area Newsletter – June 2023,Boletín del Área – junio de 2023,2023-06,2023,English,PDF,2809,,,,msca09aa.org (media library),yes,,docs/archive/newsletters/2023/area-newsletter-june-2023-en.pdf,https://drive.google.com/file/d/1mxTOcDQ68zAr2VsqE2T1dt8hVHBPGxIt/view,Re-redacted 2026-10-06 after the pre-launch scan (personal phone numbers removed; checked again with both scanners and OCR).
archive-newsletters-2023-area-newsletter-june-2023-es,Archive,Newsletters,Area Newsletter – June 2023,Boletín del Área – junio de 2023,2023-06,2023,Spanish,PDF,2166,,,,msca09aa.org (media library),yes,,docs/archive/newsletters/2023/area-newsletter-june-2023-es.pdf,https://drive.google.com/file/d/13lqMQt6DvjOK_pvi3KtqQmgAkZuBmBKn/view,Re-redacted 2026-10-06 after the pre-launch scan (personal phone numbers removed; checked again with both scanners and OCR).
archive-guidelines-2023-area-guidelines-proposed-revision-spanish-translation-june-2023-es,Archive,Guidelines,"Area Guidelines – proposed revision, Spanish translation (June 2023)","Guías del Área – revisión propuesta, traducción al español (junio de 2023)",2023-06,2023,Spanish,PDF,158,,,guidelines-policies,msca09aa.org (media library),yes,,docs/archive/guidelines/2023/area-guidelines-proposed-revision-spanish-translation-june-2023-es.pdf,https://drive.google.com/file/d/1-7noXYEvLF9-_ai-ARYqNTqOaaxKVPW0/view,
archive-guidelines-2023-area-guidelines-proposed-revision-june-2023-en,Archive,Guidelines,Area Guidelines – proposed revision (June 2023),Guías del Área – revisión propuesta (junio de 2023),2023-06,2023,English,PDF,162,,,guidelines-policies,msca09aa.org (media library),yes,,docs/archive/guidelines/2023/area-guidelines-proposed-revision-june-2023-en.pdf,https://drive.google.com/file/d/1F4uUWtmBJxW3js_5aGIpyoY-KdCm8FqE/view,
reports-2023-treatment-committee-report-may-21-2023-en,Archive,Reports,"Treatment Committee Report – May 21, 2023",Informe del Comité de Centros de Tratamiento – 21 de mayo de 2023,2023-05-21,2023,English,PDF,38,,,treatment,msca09aa.org (media library),yes,,docs/reports/2023/treatment-committee-report-may-21-2023-en.pdf,https://drive.google.com/file/d/1K7EhEZUcHTkMZEk2YAYJRwNb3i4o88Gw/view,
reports-delegate-2021-shareback-flyer-2021-05-en-redacted,Archive,Flyers,"Delegate's 73rd GSC share-back, May 21, 2023 – flyer","Informe del Delegado sobre la 73.ª CSG, 21 de mayo de 2023 – volante",2023-05-21,2023,English,PDF,577,,,delegate,msca09aa.org (media library),yes,,docs/reports/Delegate/2021/shareback-flyer-2021-05-en-redacted.pdf,https://drive.google.com/file/d/1uQQMt-1cdCnWC17E5uds-3b6Km7i0Y21/view,"Anonymity-redacted copy: full names shortened to first name + last initial, personal e-mails and phone numbers removed. Original (held for review): private copy in MSCA09AA-private"
minutes-2023-may-2023-asa-minutes-en-redacted,Archive,Minutes,Assembly (ASA) Minutes – May 2023,Actas de la Asamblea (ASA) – mayo de 2023,2023-05-21,2023,English,PDF,361,ASA,,,msca09aa.org,yes,,docs/minutes/2023/may-2023-asa-minutes-en-redacted.pdf,https://drive.google.com/file/d/1hnyHf9pvk-AuJODgv-7lVkI-zaSAt-SB/view,"Anonymity-redacted copy: full names shortened to first name + last initial, personal e-mails and phone numbers removed. Original (held for review): docs/minutes/2023/may-2023-asa-minutes-en.pdf Re-redacted 2026-10-06: names shortened to first name + initial; personal contact details, addresses and sobriety dates removed (scripts/scan-documents.py). Re-redacted 2026-10-06 after the pre-launch scan (personal phone numbers, personal e-mail addresses removed; checked again with both scanners and OCR)."
minutes-2023-may-2023-asa-minutes-es-redacted,Archive,Minutes,Assembly (ASA) Minutes – May 2023,Actas de la Asamblea (ASA) – mayo de 2023,2023-05-21,2023,Spanish,PDF,412,ASA,,,msca09aa.org,yes,,docs/minutes/2023/may-2023-asa-minutes-es-redacted.pdf,https://drive.google.com/file/d/133VMOUmsEoOIMFhPrxiweuvh-fFzc4kg/view,"Anonymity-redacted copy: full names shortened to first name + last initial, personal e-mails and phone numbers removed. Original (held for review): docs/minutes/2023/may-2023-asa-minutes-es.pdf Re-redacted 2026-10-06: names shortened to first name + initial; personal contact details, addresses and sobriety dates removed (scripts/scan-documents.py)."
archive-flyers-2023-delegate-s-73rd-gsc-share-back-event-may-20-2023-flyer-en,Archive,Flyers,"Delegate's 73rd GSC share-back event, May 20, 2023 – flyer","Informe del Delegado sobre la 73.ª CSG, 20 de mayo de 2023 – volante",2023-05-20,2023,English,PDF,954,,,,msca09aa.org (media library),yes,,docs/archive/flyers/2023/delegate-s-73rd-gsc-share-back-event-may-20-2023-flyer-en.pdf,https://drive.google.com/file/d/1v6S_A8LlONfz8MNY2e7MTipdVYTUS5uc/view,
archive-flyers-2023-delegate-share-back-hosted-by-district-18-may-20-2023-save-the-date-en,Archive,Flyers,"Delegate share-back hosted by District 18, May 20, 2023 – save the date","Informe del Delegado organizado por el Distrito 18, 20 de mayo de 2023 – reserve la fecha",2023-05-20,2023,English,PDF,792,,d18,delegate,msca09aa.org (media library),yes,,docs/archive/flyers/2023/delegate-share-back-hosted-by-district-18-may-20-2023-save-the-date-en.pdf,https://drive.google.com/file/d/1AIHB2z1azIUGCsy9vNzm-hCOQE9TCtGN/view,"Re-redacted 2026-10-06: names shortened to first name + initial; personal contact details, addresses and sobriety dates removed (scripts/scan-documents.py)."
archive-gso-2023-announcement-appointed-committee-member-for-the-trustees-literature-committee-2023-05-en,Archive,GSO,Announcement: appointed committee member for the trustees' Literature Committee (May 2023),Anuncio: miembro de comité nombrado para el Comité de Literatura de los custodios (mayo de 2023),2023-05-12,2023,English,PDF,448,,,literature,msca09aa.org (media library),yes,,docs/archive/gso/2023/announcement-appointed-committee-member-for-the-trustees-literature-committee-2023-05-en.pdf,https://drive.google.com/file/d/1FyrjV1OdMmJT7ZE-t-vFwKLaZ9xIXi-b/view,"Re-redacted 2026-10-06: names shortened to first name + initial; personal contact details, addresses and sobriety dates removed (scripts/scan-documents.py)."
archive-gso-2023-announcement-appointed-committee-member-for-the-trustees-literature-committee-2023-05-es,Archive,GSO,Announcement: appointed committee member for the trustees' Literature Committee (May 2023),Anuncio: miembro de comité nombrado para el Comité de Literatura de los custodios (mayo de 2023),2023-05-12,2023,Spanish,PDF,303,,,literature,msca09aa.org (media library),yes,,docs/archive/gso/2023/announcement-appointed-committee-member-for-the-trustees-literature-committee-2023-05-es.pdf,https://drive.google.com/file/d/1md7gwRkxdfjLd2i_7P9fBYIpmhcV2UmS/view,"Re-redacted 2026-10-06: names shortened to first name + initial; personal contact details, addresses and sobriety dates removed (scripts/scan-documents.py)."
archive-conference-2023-73rd-gsc-quick-reference-guide-2023-05-es,Archive,Conference,73rd GSC quick reference guide,Guía rápida de la 73.ª CSG,2023-05-12,2023,Spanish,PDF,229,,,,msca09aa.org (media library),yes,,docs/archive/conference/2023/73rd-gsc-quick-reference-guide-2023-05-es.pdf,https://drive.google.com/file/d/1mAN2PU5TkS-yrOtukbUG8IMGD5n0rcSP/view,
archive-conference-2023-73rd-gsc-quick-reference-guide-2023-05-en,Archive,Conference,73rd GSC quick reference guide,Guía rápida de la 73.ª CSG,2023-05-08,2023,English,PDF,270,,,,msca09aa.org (media library),yes,,docs/archive/conference/2023/73rd-gsc-quick-reference-guide-2023-05-en.pdf,https://drive.google.com/file/d/1qmadft-jKgkGfz1p34Ei-pOPZx0yv6yL/view,"Re-redacted 2026-10-06: names shortened to first name + initial; personal contact details, addresses and sobriety dates removed (scripts/scan-documents.py)."
archive-conference-2023-reserve-fund-emergency-actions-provision-2023-en,Archive,Conference,Reserve Fund – emergency actions provision (2023),Fondo de reserva – disposición sobre acciones de emergencia (2023),2023-05,2023,English,PDF,68,,,,msca09aa.org (media library),yes,,docs/archive/conference/2023/reserve-fund-emergency-actions-provision-2023-en.pdf,https://drive.google.com/file/d/1diq_wZpQW_qnOFH_hRoVTgVUr8IRhmlf/view,
archive-conference-2023-reserve-fund-emergency-actions-provision-2023-es,Archive,Conference,Reserve Fund – emergency actions provision (2023),Fondo de reserva – disposición sobre acciones de emergencia (2023),2023-05,2023,Spanish,PDF,68,,,,msca09aa.org (media library),yes,,docs/archive/conference/2023/reserve-fund-emergency-actions-provision-2023-es.pdf,https://drive.google.com/file/d/1uG6IXUMOGPK5cRxeU-MqK263QOXAsWGX/view,
archive-conference-2023-plain-language-big-book-review-notes-2023-en,Archive,Conference,Plain Language Big Book – review notes (2023),El Libro Grande en lenguaje sencillo – notas de revisión (2023),2023-05,2023,English,PDF,101,,,literature,msca09aa.org (media library),yes,,docs/archive/conference/2023/plain-language-big-book-review-notes-2023-en.pdf,https://drive.google.com/file/d/1xrYPBYFsnfpMmbnLgt1xquxIg2mDqqJp/view,
archive-conference-2023-plain-language-big-book-review-notes-2023-es,Archive,Conference,Plain Language Big Book – review notes (2023),El Libro Grande en lenguaje sencillo – notas de revisión (2023),2023-05,2023,Spanish,PDF,120,,,literature,msca09aa.org (media library),yes,,docs/archive/conference/2023/plain-language-big-book-review-notes-2023-es.pdf,https://drive.google.com/file/d/1jL_v9TIltOhUOBGg4PkDPitqaSk3s7Mw/view,
contributions-f-203-the-seventh-tradition-carry-the-message-en,Archive,Contributions,F-203 - The Seventh Tradition: Carry the Message,F-203 - La Séptima Tradición: llevar el mensaje,2023-05,2023,English,PDF,1956,,,,msca09aa.org,yes,,docs/contributions/f-203-the-seventh-tradition-carry-the-message-en.pdf,https://drive.google.com/file/d/10i3Jzb5W5Egy-zlUuaGJXAoGsoKPpapF/view,
reports-2023-dcmc-report-to-the-area-scan-may-2023-en,Archive,Reports,"DCMC report to the Area (scan, May 2023)","Informe de un CMCD al Área (escaneado, mayo de 2023)",2023-05,2023,English,PDF,428,,,,msca09aa.org (media library),yes,,docs/reports/2023/dcmc-report-to-the-area-scan-may-2023-en.pdf,https://drive.google.com/file/d/15RW9-ZpVRO_wY88AllNVV3PYmpqsjJdv/view,
archive-newsletters-2023-area-newsletter-may-2023-es,Archive,Newsletters,Area Newsletter – May 2023,Boletín del Área – mayo de 2023,2023-05,2023,Spanish,PDF,1398,,,,msca09aa.org (media library),yes,,docs/archive/newsletters/2023/area-newsletter-may-2023-es.pdf,https://drive.google.com/file/d/1466ihxgEE2uhTZBWLTSNDuTLDAlSEUFM/view,Re-redacted 2026-10-06 after the pre-launch scan (personal phone numbers removed; checked again with both scanners and OCR).
archive-newsletters-2023-area-newsletter-may-2023-en,Archive,Newsletters,Area Newsletter – May 2023,Boletín del Área – mayo de 2023,2023-05,2023,English,PDF,1579,,,,msca09aa.org (media library),yes,,docs/archive/newsletters/2023/area-newsletter-may-2023-en.pdf,https://drive.google.com/file/d/1W1ez-k5m1WVyX29hlVk_IvapFOU5zFT2/view,Re-redacted 2026-10-06 after the pre-launch scan (personal phone numbers removed; checked again with both scanners and OCR).
archive-conference-2023-73rd-gsc-picnic-table-slides-2023-es-redacted,Archive,Conference,73rd GSC – 'Around the Picnic Table' finance presentation,73.ª CSG – presentación de finanzas 'Alrededor de la mesa de picnic',2023-05,2023,Spanish,PDF,277,,,,msca09aa.org (media library),yes,,docs/archive/conference/2023/73rd-gsc-picnic-table-slides-2023-es-redacted.pdf,https://drive.google.com/file/d/1hyruvIrBZSMcjS2e5mh83qWCIkoXf8z6/view,"Anonymity-redacted copy: full names shortened to first name + last initial, personal e-mails and phone numbers removed. Original (held for review): private copy in MSCA09AA-private"
archive-conference-2023-grapevine-and-la-vina-apps-plan-73rd-gsc-presentation-2023-04-en,Archive,Conference,Grapevine and La Viña apps plan – 73rd GSC presentation,Plan de las aplicaciones de Grapevine y La Viña – presentación en la 73.ª CSG,2023-04-23,2023,English,PDF,1842,,,grapevine-la-vina,msca09aa.org (media library),yes,,docs/archive/conference/2023/grapevine-and-la-vina-apps-plan-73rd-gsc-presentation-2023-04-en.pdf,https://drive.google.com/file/d/1Fg70J1pW5KiRFZ99AZtxgW8lKkXob1fi/view,
archive-conference-2023-advisory-actions-of-the-73rd-gsc-with-committee-considerations-and-floor-actions-2023-04-en-redacted,Archive,Conference,Advisory actions of the 73rd GSC (with committee considerations and floor actions),Acciones recomendables de la 73.ª CSG (con consideraciones de los comités y acciones de pleno),2023-04-01,2023,English,PDF,497,,,,msca09aa.org (media library),yes,,docs/archive/conference/2023/advisory-actions-of-the-73rd-gsc-with-committee-considerations-and-floor-actions-2023-04-en-redacted.pdf,https://drive.google.com/file/d/1ijrAItMNEdhwS3TZejl4-DEgUCiWEqsx/view,"Anonymity-redacted copy: full names shortened to first name + last initial, personal e-mails and phone numbers removed. Original (held for review): private copy in MSCA09AA-private Re-redacted 2026-10-06: names shortened to first name + initial; personal contact details, addresses and sobriety dates removed (scripts/scan-documents.py)."
archive-misc-2023-advisory-actions-of-the-73rd-gsc-2023-04-es-redacted,Archive,Conference,Advisory actions of the 73rd GSC,Acciones recomendables de la 73.ª CSG,2023-04-01,2023,Spanish,PDF,222,,,,msca09aa.org (media library),yes,,docs/archive/misc/2023/advisory-actions-of-the-73rd-gsc-2023-04-es-redacted.pdf,https://drive.google.com/file/d/1MKSfHJsZR_5OFYngkkiHZHD1d3AlGXvI/view,"Anonymity-redacted copy: full names shortened to first name + last initial, personal e-mails and phone numbers removed. Original (held for review): private copy in MSCA09AA-private Re-redacted 2026-10-06: names shortened to first name + initial; personal contact details, addresses and sobriety dates removed (scripts/scan-documents.py)."
archive-conference-2023-participation-of-online-groups-gsb-ad-hoc-committee-report-april-2023-revised-es,Archive,Conference,"Participation of online groups – GSB ad hoc committee report (April 2023, revised)","Participación de los grupos en línea – informe del comité especial de la JSG (abril de 2023, revisado)",2023-04,2023,Spanish,PDF,609,,,,msca09aa.org (media library),yes,,docs/archive/conference/2023/participation-of-online-groups-gsb-ad-hoc-committee-report-april-2023-revised-es.pdf,https://drive.google.com/file/d/198Nn41YlS_QUxeaTpNGDHsqvbwZmj4nr/view,
archive-conference-2023-participation-of-online-groups-gsb-ad-hoc-committee-report-april-2023-revised-en,Archive,Conference,"Participation of online groups – GSB ad hoc committee report (April 2023, revised)","Participación de los grupos en línea – informe del comité especial de la JSG (abril de 2023, revisado)",2023-04,2023,English,PDF,593,,,,msca09aa.org (media library),yes,,docs/archive/conference/2023/participation-of-online-groups-gsb-ad-hoc-committee-report-april-2023-revised-en.pdf,https://drive.google.com/file/d/1jNUqe-U9sPXcSvDOqPZD_d407vwCKXwE/view,
archive-districts-d5-2023-district-5-newsletter-2nd-quarter-2023-issue-29-en,Archive,Newsletters,District 5 Newsletter – 2nd quarter 2023 (issue 29),Boletín del Distrito 5 – 2.º trimestre de 2023 (número 29),2023-04,2023,English,PDF,2621,,d05,,msca09aa.org (media library),yes,,docs/archive/districts/d5/2023/district-5-newsletter-2nd-quarter-2023-issue-29-en.pdf,https://drive.google.com/file/d/1YwQrzVZFQIoKP16DXHOgvne5rJULeHQw/view,"Re-redacted 2026-10-06: names shortened to first name + initial; personal contact details, addresses and sobriety dates removed (scripts/scan-documents.py). Re-redacted 2026-10-06 after the pre-launch scan (personal phone numbers, sobriety dates / birthday-list years removed; checked again with both scanners and OCR)."
archive-newsletters-2023-area-newsletter-april-2023-es,Archive,Newsletters,Area Newsletter – April 2023,Boletín del Área – abril de 2023,2023-04,2023,Spanish,PDF,1340,,,,msca09aa.org (media library),yes,,docs/archive/newsletters/2023/area-newsletter-april-2023-es.pdf,https://drive.google.com/file/d/1mf6vebbWIwb8zsoZUws_J_gMQRt1UGiR/view,"Re-redacted 2026-10-06: names shortened to first name + initial; personal contact details, addresses and sobriety dates removed (scripts/scan-documents.py). Re-redacted 2026-10-06 after the pre-launch scan (personal phone numbers removed; checked again with both scanners and OCR)."
archive-newsletters-2023-area-newsletter-april-2023-en-redacted,Archive,Newsletters,Area Newsletter – April 2023,Boletín del Área – abril de 2023,2023-04,2023,English,PDF,1863,,,,msca09aa.org (media library),yes,,docs/archive/newsletters/2023/area-newsletter-april-2023-en-redacted.pdf,https://drive.google.com/file/d/11fY7t7xCQAz9h19H-l04b0lu5ua3kcFG/view,"Anonymity-redacted copy: full names shortened to first name + last initial, personal e-mails and phone numbers removed. Original (held for review): private copy in MSCA09AA-private Re-redacted 2026-10-06 after the pre-launch scan (personal phone numbers removed; checked again with both scanners and OCR)."
archive-guidelines-2023-technology-committee-guidelines-draft-revision-b-revised-march-2023-en,Archive,Guidelines,"Technology Committee Guidelines – draft revision B, revised (March 2023)","Guías del Comité de Tecnología – borrador de revisión B, revisado (marzo de 2023)",2023-03-26,2023,English,PDF,87,,,technology,msca09aa.org (media library),yes,,docs/archive/guidelines/2023/technology-committee-guidelines-draft-revision-b-revised-march-2023-en.pdf,https://drive.google.com/file/d/1GqIM0n3O9bg12MuYynM93CZVLhQmEyDE/view,
archive-guidelines-2023-technology-committee-guidelines-draft-revision-b-march-2023-en,Archive,Guidelines,Technology Committee Guidelines – draft revision B (March 2023),Guías del Comité de Tecnología – borrador de revisión B (marzo de 2023),2023-03-26,2023,English,PDF,129,,,technology,msca09aa.org (media library),yes,,docs/archive/guidelines/2023/technology-committee-guidelines-draft-revision-b-march-2023-en.pdf,https://drive.google.com/file/d/1marhXJNIzivpoZH63YvnkewZ4_M-mizS/view,
reports-2023-treatment-committee-report-march-12-2023-en,Archive,Reports,"Treatment Committee Report – March 12, 2023",Informe del Comité de Centros de Tratamiento – 12 de marzo de 2023,2023-03-12,2023,English,PDF,22,,,treatment,msca09aa.org (media library),yes,,docs/reports/2023/treatment-committee-report-march-12-2023-en.pdf,https://drive.google.com/file/d/1FAlFAAtgKn-bu-bbbOkkCYD30Q4aYoz3/view,
archive-pages-2023-03-12-march-12-2023-delegate-s-sharing-session-area-service-commi,Archive,Delegate,"March 12, 2023 — Delegate’s Sharing Session: Area Service Committee — Updates for March 12, 2023",12 de marzo de 2023 — Sesión de compartimiento del delegado: Comité de Servicio de Área (CSA) — Updates para 12 de marzo de 2023,2023-03-12,2023,English,PDF,9,,,delegate,msca09aa.org,yes,,docs/archive/pages/2023-03-12-march-12-2023-delegate-s-sharing-session-area-service-commi.pdf,https://drive.google.com/file/d/1DHseFh96qlf5VJWjwO7G-sgNvGzbKyQB/view,"Drive shows the source, so a PDF copy is preferred; PDF copy of the archived web page; url pending (run scripts/drive_ids.py)"
minutes-2023-mar-2023-asc-minutes-en-redacted,Archive,Minutes,ASC Minutes – March 2023,Actas del CSA – marzo de 2023,2023-03-12,2023,English,PDF,376,ASC,,,msca09aa.org,yes,,docs/minutes/2023/mar-2023-asc-minutes-en-redacted.pdf,https://drive.google.com/file/d/1XKxoYPjG9t8y7cdwm7nsUpU-g4YS5jUz/view,"Anonymity-redacted copy: full names shortened to first name + last initial, personal e-mails and phone numbers removed. Original (held for review): docs/minutes/2023/mar-2023-asc-minutes-en.pdf Re-redacted 2026-10-06: names shortened to first name + initial; personal contact details, addresses and sobriety dates removed (scripts/scan-documents.py)."
minutes-2023-mar-2023-asc-minutes-es-redacted,Archive,Minutes,ASC Minutes – March 2023,Actas del CSA – marzo de 2023,2023-03-12,2023,Spanish,PDF,383,ASC,,,msca09aa.org,yes,,docs/minutes/2023/mar-2023-asc-minutes-es-redacted.pdf,https://drive.google.com/file/d/1adWUC138ex9SPbAGVsGIsHbtnv4hM6ji/view,"Anonymity-redacted copy: full names shortened to first name + last initial, personal e-mails and phone numbers removed. Original (held for review): docs/minutes/2023/mar-2023-asc-minutes-es.pdf Re-redacted 2026-10-06: names shortened to first name + initial; personal contact details, addresses and sobriety dates removed (scripts/scan-documents.py). Re-redacted 2026-10-06 after the pre-launch scan (personal phone numbers removed; checked again with both scanners and OCR)."
reports-treasurer-ap-2023-statement-of-activity-profit-and-loss-1st-quarter-2023-en,Archive,Finances,Statement of activity (profit & loss) – 1st quarter 2023,Estado de actividades (ingresos y gastos) – 1.er trimestre de 2023,2023-03,2023,English,PDF,40,,,treasurer-ap,msca09aa.org (media library),yes,,docs/reports/Treasurer AP/2023/statement-of-activity-profit-and-loss-1st-quarter-2023-en.pdf,https://drive.google.com/file/d/1OrYVKLG7X0-wU32UG1-nCcVf2SijRu49/view,
archive-praasa-2023-praasa-2023-los-angeles-save-the-date-es,Archive,PRAASA,PRAASA 2023 (Los Angeles) – save the date,PRAASA 2023 (Los Ángeles) – reserve la fecha,2023-03,2023,Spanish,PDF,24,,,,msca09aa.org (media library),yes,,docs/archive/praasa/2023/praasa-2023-los-angeles-save-the-date-es.pdf,https://drive.google.com/file/d/1Hyt4i3UoSwhIqNpswfFm3ljLt7qDS9Ef/view,
archive-praasa-2023-praasa-2023-los-angeles-save-the-date-en,Archive,PRAASA,PRAASA 2023 (Los Angeles) – save the date,PRAASA 2023 (Los Ángeles) – reserve la fecha,2023-03,2023,English,PDF,25,,,,msca09aa.org (media library),yes,,docs/archive/praasa/2023/praasa-2023-los-angeles-save-the-date-en.pdf,https://drive.google.com/file/d/1XfZM7_lyIVDpex5LIBrzsW0LyR05jlUM/view,
reports-treasurer-ar-2023-group-contributions-to-the-area-january-march-2023-en,Archive,Finances,Group contributions to the Area – January–March 2023,Contribuciones de los grupos al Área – enero a marzo de 2023,2023-03,2023,English,PDF,122,,,treasurer-ar,msca09aa.org (media library),yes,,docs/reports/Treasurer AR/2023/group-contributions-to-the-area-january-march-2023-en.pdf,https://drive.google.com/file/d/1EWQZqSC7ZMumA_upc7zfQeMcpg49I5IT/view,
archive-districts-d8-2023-district-8-guidelines-march-2023-en,Archive,District,District 8 Guidelines (March 2023),Guías del Distrito 8 (marzo de 2023),2023-03,2023,English,PDF,211,,d08,,msca09aa.org (media library),yes,,docs/archive/districts/d8/2023/district-8-guidelines-march-2023-en.pdf,https://drive.google.com/file/d/1_5YexPPCC4rfjhqakP60VzBl5TpgV6fu/view,
archive-districts-d8-2023-district-8-guidelines-march-2023-es,Archive,District,District 8 Guidelines (March 2023),Guías del Distrito 8 (marzo de 2023),2023-03,2023,Spanish,PDF,190,,d08,,msca09aa.org (media library),yes,,docs/archive/districts/d8/2023/district-8-guidelines-march-2023-es.pdf,https://drive.google.com/file/d/1yevW58i-QIP6pCz2NKxJu1MZX0BWDyfK/view,
reports-2023-district-18-report-to-the-area-march-2023-en,Archive,Reports,District 18 Report to the Area – March 2023,Informe del Distrito 18 al Área – marzo de 2023,2023-03,2023,English,PDF,523,,d18,,msca09aa.org (media library),yes,,docs/reports/2023/district-18-report-to-the-area-march-2023-en.pdf,https://drive.google.com/file/d/1mjahVVuMwHrMGjvBBl5nYON7VmawUy07/view,
reports-2023-district-17-report-to-the-area-march-2023-en,Archive,Reports,District 17 Report to the Area – March 2023,Informe del Distrito 17 al Área – marzo de 2023,2023-03,2023,English,PDF,571,,d17,,msca09aa.org (media library),yes,,docs/reports/2023/district-17-report-to-the-area-march-2023-en.pdf,https://drive.google.com/file/d/1zJxSdO33l5ekhUzXegsm0-TqhDfkl_DY/view,
archive-newsletters-2023-area-newsletter-march-2023-en,Archive,Newsletters,Area Newsletter – March 2023,Boletín del Área – marzo de 2023,2023-03,2023,English,PDF,3676,,,,msca09aa.org (media library),yes,,docs/archive/newsletters/2023/area-newsletter-march-2023-en.pdf,https://drive.google.com/file/d/1sAyJTgQ-1OSbnlLOofPriUYJ9SoMqxwX/view,"Re-redacted 2026-10-06: names shortened to first name + initial; personal contact details, addresses and sobriety dates removed (scripts/scan-documents.py). Re-redacted 2026-10-06 after the pre-launch scan (personal phone numbers removed; checked again with both scanners and OCR)."
archive-newsletters-2023-area-newsletter-march-2023-es,Archive,Newsletters,Area Newsletter – March 2023,Boletín del Área – marzo de 2023,2023-03,2023,Spanish,PDF,3660,,,,msca09aa.org (media library),yes,,docs/archive/newsletters/2023/area-newsletter-march-2023-es.pdf,https://drive.google.com/file/d/122yiiRGzxt-rUV2cMX2V53kCPd2dXhVx/view,"Re-redacted 2026-10-06: names shortened to first name + initial; personal contact details, addresses and sobriety dates removed (scripts/scan-documents.py). Re-redacted 2026-10-06 after the pre-launch scan (personal phone numbers removed; checked again with both scanners and OCR)."
archive-gso-2023-announcement-literature-price-increase-effective-april-3-2023-en,Archive,GSO,"Announcement: literature price increase effective April 3, 2023",Anuncio: aumento de precios de la literatura a partir del 3 de abril de 2023,2023-02-17,2023,English,PDF,160,,,literature,msca09aa.org (media library),yes,,docs/archive/gso/2023/announcement-literature-price-increase-effective-april-3-2023-en.pdf,https://drive.google.com/file/d/1zWNyj0Wn6DCNIoWLc5ofxE7bSnXW4Rya/view,
archive-gso-2023-announcement-literature-price-increase-effective-april-3-2023-es,Archive,GSO,"Announcement: literature price increase effective April 3, 2023",Anuncio: aumento de precios de la literatura a partir del 3 de abril de 2023,2023-02-17,2023,Spanish,PDF,160,,,literature,msca09aa.org (media library),yes,,docs/archive/gso/2023/announcement-literature-price-increase-effective-april-3-2023-es.pdf,https://drive.google.com/file/d/1-n1CVN9VUtVv41WxQ9VbuoARi2-xSNQk/view,
archive-gso-2023-three-sample-letters-to-a-member-whose-anonymity-was-broken-2023-en,Archive,GSO,Three sample letters to a member whose anonymity was broken (2023),Tres cartas modelo para el miembro cuyo anonimato fue roto (2023),2023-02-14,2023,English,PDF,116,,,public-information,msca09aa.org (media library),yes,,docs/archive/gso/2023/three-sample-letters-to-a-member-whose-anonymity-was-broken-2023-en.pdf,https://drive.google.com/file/d/1IQ1qhZnZpqVGsfw3RFQkA3yV8iOsgRXh/view,
archive-gso-2023-three-sample-letters-to-a-member-whose-anonymity-was-broken-2023-es,Archive,GSO,Three sample letters to a member whose anonymity was broken (2023),Tres cartas modelo para el miembro cuyo anonimato fue roto (2023),2023-02-14,2023,Spanish,PDF,70,,,public-information,msca09aa.org (media library),yes,,docs/archive/gso/2023/three-sample-letters-to-a-member-whose-anonymity-was-broken-2023-es.pdf,https://drive.google.com/file/d/1sb51UZewyLB1l_x-lAJml3Jvh59RhHwU/view,
archive-gso-2023-memo-to-audio-technicians-f-226-february-2023-en,Archive,GSO,"Memo to audio technicians (F-226, February 2023)","Memorando a los técnicos de audio (F-226, febrero de 2023)",2023-02-14,2023,English,PDF,177,,,public-information,msca09aa.org (media library),yes,,docs/archive/gso/2023/memo-to-audio-technicians-f-226-february-2023-en.pdf,https://drive.google.com/file/d/11KT9GOcAdRuQsZq7Bh1D1O_0kpeIP7c-/view,
archive-gso-2023-memo-to-audio-technicians-f-226-february-2023-es,Archive,GSO,"Memo to audio technicians (F-226, February 2023)","Memorando a los técnicos de audio (F-226, febrero de 2023)",2023-02-14,2023,Spanish,PDF,170,,,public-information,msca09aa.org (media library),yes,,docs/archive/gso/2023/memo-to-audio-technicians-f-226-february-2023-es.pdf,https://drive.google.com/file/d/1FjcwZdpxfnrXehI67dtgQCzf1kz_aAXL/view,
archive-gso-2023-memo-on-anonymity-breaks-at-the-public-level-february-2023-en,Archive,GSO,Memo on anonymity breaks at the public level (February 2023),Memorando sobre las rupturas de anonimato ante el público (febrero de 2023),2023-02-14,2023,English,PDF,138,,,public-information,msca09aa.org (media library),yes,,docs/archive/gso/2023/memo-on-anonymity-breaks-at-the-public-level-february-2023-en.pdf,https://drive.google.com/file/d/14sX5F1iLn0VV1phbj76PAWQTV2OVsBMM/view,"Re-redacted 2026-10-06: names shortened to first name + initial; personal contact details, addresses and sobriety dates removed (scripts/scan-documents.py)."
archive-gso-2023-memo-on-anonymity-breaks-at-the-public-level-february-2023-es,Archive,GSO,Memo on anonymity breaks at the public level (February 2023),Memorando sobre las rupturas de anonimato ante el público (febrero de 2023),2023-02-14,2023,Spanish,PDF,172,,,public-information,msca09aa.org (media library),yes,,docs/archive/gso/2023/memo-on-anonymity-breaks-at-the-public-level-february-2023-es.pdf,https://drive.google.com/file/d/1IRqYg_ExLpVYLSei0B7A73jQxxHjc1BG/view,"Re-redacted 2026-10-06: names shortened to first name + initial; personal contact details, addresses and sobriety dates removed (scripts/scan-documents.py)."
archive-gso-2023-a-letter-to-the-media-about-anonymity-f-21-february-2023-en,Archive,GSO,"A letter to the media about anonymity (F-21, February 2023)","Carta a los medios sobre el anonimato (F-21, febrero de 2023)",2023-02-14,2023,English,PDF,53,,,public-information,msca09aa.org (media library),yes,,docs/archive/gso/2023/a-letter-to-the-media-about-anonymity-f-21-february-2023-en.pdf,https://drive.google.com/file/d/1IsWg5VQBISq5ufEPQ373LODRx3eTnIiQ/view,
reports-2023-literature-committee-report-february-12-2023-en,Archive,Reports,"Literature Committee Report – February 12, 2023",Informe del Comité de Literatura – 12 de febrero de 2023,2023-02-12,2023,English,PDF,61,,,literature,msca09aa.org (media library),yes,,docs/reports/2023/literature-committee-report-february-12-2023-en.pdf,https://drive.google.com/file/d/1VY9OKnaGqxhDdvji22yxLc3qq1tmXDJo/view,
reports-2023-communications-committee-minutes-february-12-2023-en,Archive,Reports,"Communications Committee Minutes – February 12, 2023",Actas del Comité de Comunicaciones – 12 de febrero de 2023,2023-02-12,2023,English,PDF,111,,,communications,msca09aa.org (media library),yes,,docs/reports/2023/communications-committee-minutes-february-12-2023-en.pdf,https://drive.google.com/file/d/1QIGo_RlIm_c4QdT9EQ_qUyl65GQBz9MJ/view,
reports-2023-communications-committee-minutes-february-12-2023-es,Archive,Reports,"Communications Committee Minutes – February 12, 2023",Actas del Comité de Comunicaciones – 12 de febrero de 2023,2023-02-12,2023,Spanish,PDF,109,,,communications,msca09aa.org (media library),yes,,docs/reports/2023/communications-committee-minutes-february-12-2023-es.pdf,https://drive.google.com/file/d/1hM18vlSaxVbkfULCMF1QFUBT1RNiAoIA/view,
finances-2023-area-budget-2023-final-revised-february-12-2023-en,Archive,Finances,"Area budget 2023 (final, revised February 12, 2023)","Presupuesto del Área 2023 (final, revisado el 12 de febrero de 2023)",2023-02-12,2023,English,PDF,49,,,finance,msca09aa.org (media library),yes,,docs/finances/2023/area-budget-2023-final-revised-february-12-2023-en.pdf,https://drive.google.com/file/d/1VMeXU9WGxVIaFueZufWuZ8tWk6hfLWnY/view,
minutes-2023-feb-2023-asc-minutes-en-redacted,Archive,Minutes,ASC Minutes – February 2023,Actas del CSA – febrero de 2023,2023-02-12,2023,English,PDF,342,ASC,,,msca09aa.org,yes,,docs/minutes/2023/feb-2023-asc-minutes-en-redacted.pdf,https://drive.google.com/file/d/1EvzcyCgDhuelJRPbZ2Z2Nvfvok9xVgpB/view,"Anonymity-redacted copy: full names shortened to first name + last initial, personal e-mails and phone numbers removed. Original (held for review): docs/minutes/2023/feb-2023-asc-minutes-en.pdf Re-redacted 2026-10-06: names shortened to first name + initial; personal contact details, addresses and sobriety dates removed (scripts/scan-documents.py)."
minutes-2023-feb-2023-asc-minutes-es-redacted,Archive,Minutes,ASC Minutes – February 2023,Actas del CSA – febrero de 2023,2023-02-12,2023,Spanish,PDF,359,ASC,,,msca09aa.org,yes,,docs/minutes/2023/feb-2023-asc-minutes-es-redacted.pdf,https://drive.google.com/file/d/1Rn_DjD-whwXHJe98UERr54qboVsy5Sts/view,"Anonymity-redacted copy: full names shortened to first name + last initial, personal e-mails and phone numbers removed. Original (held for review): docs/minutes/2023/feb-2023-asc-minutes-es.pdf Re-redacted 2026-10-06: names shortened to first name + initial; personal contact details, addresses and sobriety dates removed (scripts/scan-documents.py)."
archive-conference-2023-final-list-of-agenda-items-73rd-gsc-february-10-2023-en,Archive,Conference,"Final list of agenda items – 73rd GSC (February 10, 2023)",Lista final de puntos de agenda – 73.ª CSG (10 de febrero de 2023),2023-02-10,2023,English,PDF,125,,,,msca09aa.org (media library),yes,,docs/archive/conference/2023/final-list-of-agenda-items-73rd-gsc-february-10-2023-en.pdf,https://drive.google.com/file/d/1vE5TPymMMwwk9iJCvEUdDsAnfOwXzvWn/view,
archive-conference-2023-final-list-of-agenda-items-73rd-gsc-february-10-2023-es,Archive,Conference,"Final list of agenda items – 73rd GSC (February 10, 2023)",Lista final de puntos de agenda – 73.ª CSG (10 de febrero de 2023),2023-02-10,2023,Spanish,PDF,66,,,,msca09aa.org (media library),yes,,docs/archive/conference/2023/final-list-of-agenda-items-73rd-gsc-february-10-2023-es.pdf,https://drive.google.com/file/d/1og4FkTdst9BtVbGm0U2IaEd_u5QWOvkp/view,
archive-gso-2023-gsb-centennial-commemoration-ad-hoc-committee-announcement-2023-en,Archive,GSO,GSB Centennial Commemoration ad hoc committee announcement (2023),Anuncio del comité especial de la JSG para la conmemoración del centenario (2023),2023-02-03,2023,English,PDF,143,,,,msca09aa.org (media library),yes,,docs/archive/gso/2023/gsb-centennial-commemoration-ad-hoc-committee-announcement-2023-en.pdf,https://drive.google.com/file/d/1ifUxnCqwGQul-UQyAP8470kFakfCsFIk/view,
archive-gso-2023-gsb-centennial-commemoration-ad-hoc-committee-announcement-2023-es,Archive,GSO,GSB Centennial Commemoration ad hoc committee announcement (2023),Anuncio del comité especial de la JSG para la conmemoración del centenario (2023),2023-02-03,2023,Spanish,PDF,100,,,,msca09aa.org (media library),yes,,docs/archive/gso/2023/gsb-centennial-commemoration-ad-hoc-committee-announcement-2023-es.pdf,https://drive.google.com/file/d/17ampg4k-6RKjnJ61mNeDKnG50g6S49oJ/view,
reports-2023-treatment-committee-report-february-2023-en,Archive,Reports,Treatment Committee Report – February 2023,Informe del Comité de Centros de Tratamiento – febrero de 2023,2023-02,2023,English,PDF,307,,,treatment,msca09aa.org (media library),yes,,docs/reports/2023/treatment-committee-report-february-2023-en.pdf,https://drive.google.com/file/d/19zcTXj1BDynwUkWgl-ARXNKBYPu2lMjZ/view,
archive-newsletters-2023-area-newsletter-february-2023-en,Archive,Newsletters,Area Newsletter – February 2023,Boletín del Área – febrero de 2023,2023-02,2023,English,PDF,2950,,,,msca09aa.org (media library),yes,,docs/archive/newsletters/2023/area-newsletter-february-2023-en.pdf,https://drive.google.com/file/d/1wa2tAtclb901pIHRoCZRyqAWw4MCGXh_/view,Re-redacted 2026-10-06 after the pre-launch scan (personal phone numbers removed; checked again with both scanners and OCR).
archive-newsletters-2023-area-newsletter-february-2023-es-redacted,Archive,Newsletters,Area Newsletter – February 2023,Boletín del Área – febrero de 2023,2023-02,2023,Spanish,PDF,2728,,,,msca09aa.org (media library),yes,,docs/archive/newsletters/2023/area-newsletter-february-2023-es-redacted.pdf,https://drive.google.com/file/d/1ZtCQQqmBr8kPbwe8VIgzOkuziIjyGFQE/view,"Anonymity-redacted copy: full names shortened to first name + last initial, personal e-mails and phone numbers removed. Original (held for review): private copy in MSCA09AA-private Re-redacted 2026-10-06 after the pre-launch scan (personal phone numbers removed; checked again with both scanners and OCR)."
reports-2023-treatment-committee-report-january-8-2023-en,Archive,Reports,"Treatment Committee Report – January 8, 2023",Informe del Comité de Centros de Tratamiento – 8 de enero de 2023,2023-01-08,2023,English,PDF,15,,,treatment,msca09aa.org (media library),yes,,docs/reports/2023/treatment-committee-report-january-8-2023-en.pdf,https://drive.google.com/file/d/1_5m1TQhr0ZDpRvkZiSqHI4PvkJNXU-Nw/view,
reports-2023-literature-committee-report-january-8-2023-en-redacted,Archive,Reports,"Literature Committee Report – January 8, 2023",Informe del Comité de Literatura – 8 de enero de 2023,2023-01-08,2023,English,PDF,129,,,literature,msca09aa.org (media library),yes,,docs/reports/2023/literature-committee-report-january-8-2023-en-redacted.pdf,https://drive.google.com/file/d/1Lu9dn5pYueHfQ8ykt6JksCE2LFxP4T9-/view,"Anonymity-redacted copy: full names shortened to first name + last initial, personal e-mails and phone numbers removed. Original (held for review): private copy in MSCA09AA-private"
reports-2023-district-25-report-to-the-area-january-8-2023-es,Archive,Reports,"District 25 Report to the Area – January 8, 2023",Informe del Distrito 25 al Área – 8 de enero de 2023,2023-01-08,2023,Bilingual,PDF,199,,d25,,msca09aa.org (media library),yes,,docs/reports/2023/district-25-report-to-the-area-january-8-2023-es.pdf,https://drive.google.com/file/d/1q9tk_UgoCMBplgdpswV8aYJ6N5JpwXez/view,
reports-2023-district-19-report-to-the-area-january-8-2023-en,Archive,Reports,"District 19 Report to the Area – January 8, 2023",Informe del Distrito 19 al Área – 8 de enero de 2023,2023-01-08,2023,English,PDF,64,,d19,,msca09aa.org (media library),yes,,docs/reports/2023/district-19-report-to-the-area-january-8-2023-en.pdf,https://drive.google.com/file/d/1j4ha2TbMocNL-F8HKC7UKd_Y-U8-FRSp/view,
minutes-2023-jan-2023-asa-minutes-en-redacted,Archive,Minutes,Assembly (ASA) Minutes – January 2023,Actas de la Asamblea (ASA) – enero de 2023,2023-01-08,2023,English,PDF,440,ASA,,,msca09aa.org,yes,,docs/minutes/2023/jan-2023-asa-minutes-en-redacted.pdf,https://drive.google.com/file/d/1AzFsZ-5FEy7sAAOCYTWuiAvz4YV3Deux/view,"Anonymity-redacted copy: full names shortened to first name + last initial, personal e-mails and phone numbers removed. Original (held for review): docs/minutes/2023/jan-2023-asa-minutes-en.pdf Re-redacted 2026-10-06: names shortened to first name + initial; personal contact details, addresses and sobriety dates removed (scripts/scan-documents.py)."
minutes-2023-jan-2023-asa-minutes-es-redacted,Archive,Minutes,Assembly (ASA) Minutes – January 2023,Actas de la Asamblea (ASA) – enero de 2023,2023-01-08,2023,Spanish,PDF,385,ASA,,,msca09aa.org,yes,,docs/minutes/2023/jan-2023-asa-minutes-es-redacted.pdf,https://drive.google.com/file/d/1T1xi8povWSdkzLg4Ccgpcshm4WEHKdUW/view,"Anonymity-redacted copy: full names shortened to first name + last initial, personal e-mails and phone numbers removed. Original (held for review): docs/minutes/2023/jan-2023-asa-minutes-es.pdf Re-redacted 2026-10-06: names shortened to first name + initial; personal contact details, addresses and sobriety dates removed (scripts/scan-documents.py)."
reports-2023-literature-committee-report-january-7-2023-en,Archive,Reports,"Literature Committee Report – January 7, 2023",Informe del Comité de Literatura – 7 de enero de 2023,2023-01-07,2023,English,PDF,143,,,literature,msca09aa.org (media library),yes,,docs/reports/2023/literature-committee-report-january-7-2023-en.pdf,https://drive.google.com/file/d/1ld4PfMns84HM1LRa2cxdNFUNtwVEB1zq/view,
archive-districts-d5-2023-d5-newsletter-2023-1st-qtr-issue-28-en-redacted,Archive,Newsletters,District 5 Newsletter – 1st quarter 2023 (issue 28),Boletín del Distrito 5 – 1.er trimestre de 2023 (número 28),2023-01,2023,English,PDF,2632,,d05,,msca09aa.org (media library),yes,,docs/archive/districts/d5/2023/d5-newsletter-2023-1st-qtr-issue-28-en-redacted.pdf,https://drive.google.com/file/d/1d-CdvXzJqmOeZkfB7mypycFf0Qh-uxzw/view,"Anonymity-redacted copy: full names shortened to first name + last initial, personal e-mails and phone numbers removed. Original (held for review): private copy in MSCA09AA-private Re-redacted 2026-10-06: names shortened to first name + initial; personal contact details, addresses and sobriety dates removed (scripts/scan-documents.py). Re-redacted 2026-10-06 after the pre-launch scan (personal phone numbers, sobriety dates / birthday-list years removed; checked again with both scanners and OCR)."
reports-2023-district-17-report-to-the-area-january-2023-en,Archive,Reports,District 17 Report to the Area – January 2023,Informe del Distrito 17 al Área – enero de 2023,2023-01,2023,English,PDF,556,,d17,,msca09aa.org (media library),yes,,docs/reports/2023/district-17-report-to-the-area-january-2023-en.pdf,https://drive.google.com/file/d/10LLqmbXc6HsngIYaZGS1e6R3i7FHRi1E/view,
reports-2023-communications-committee-report-january-2023-en,Archive,Reports,Communications Committee Report – January 2023,Informe del Comité de Comunicaciones – enero de 2023,2023-01,2023,English,PDF,100,,,communications,msca09aa.org (media library),yes,,docs/reports/2023/communications-committee-report-january-2023-en.pdf,https://drive.google.com/file/d/1wF5S4aA1QkRVdDom3Z9GYuJT_hfYVAN3/view,
archive-newsletters-2023-area-newsletter-january-2023-en,Archive,Newsletters,Area Newsletter – January 2023,Boletín del Área – enero de 2023,2023-01,2023,English,PDF,1736,,,,msca09aa.org (media library),yes,,docs/archive/newsletters/2023/area-newsletter-january-2023-en.pdf,https://drive.google.com/file/d/1gZWnVSjjKOH0EaW-whegq8I9mCbAONKd/view,"Re-redacted 2026-10-06: names shortened to first name + initial; personal contact details, addresses and sobriety dates removed (scripts/scan-documents.py). Re-redacted 2026-10-06 after the pre-launch scan (personal phone numbers removed; checked again with both scanners and OCR)."
archive-newsletters-2023-area-newsletter-january-2023-es,Archive,Newsletters,Area Newsletter – January 2023,Boletín del Área – enero de 2023,2023-01,2023,Spanish,PDF,1720,,,,msca09aa.org (media library),yes,,docs/archive/newsletters/2023/area-newsletter-january-2023-es.pdf,https://drive.google.com/file/d/1up5V_uEVqiSJdq-s_kOB2DazwJ4IiqtL/view,"Re-redacted 2026-10-06: names shortened to first name + initial; personal contact details, addresses and sobriety dates removed (scripts/scan-documents.py). Re-redacted 2026-10-06 after the pre-launch scan (personal phone numbers removed; checked again with both scanners and OCR)."
finances-2023-group-contributions-to-gso-3rd-quarter-2023-en-redacted,Archive,Finances,Group contributions to GSO – 3rd quarter 2023,Contribuciones de los grupos a la OSG – 3.er trimestre de 2023,2023,2023,English,PDF,550,,,,msca09aa.org (media library),yes,,docs/finances/2023/group-contributions-to-gso-3rd-quarter-2023-en-redacted.pdf,https://drive.google.com/file/d/1Oc0BzazSFVMs3rwD-aJ0bbuHC4OnpB5R/view,"Anonymity-redacted copy: full names shortened to first name + last initial, personal e-mails and phone numbers removed. Original (held for review): private copy in MSCA09AA-private Re-redacted 2026-10-06: names shortened to first name + initial; personal contact details, addresses and sobriety dates removed (scripts/scan-documents.py)."
finances-2023-group-contributions-to-gso-2nd-quarter-2023-en-redacted,Archive,Finances,Group contributions to GSO – 2nd quarter 2023,Contribuciones de los grupos a la OSG – 2.º trimestre de 2023,2023,2023,English,PDF,535,,,,msca09aa.org (media library),yes,,docs/finances/2023/group-contributions-to-gso-2nd-quarter-2023-en-redacted.pdf,https://drive.google.com/file/d/1-8YNhfX6KXGRF0fAPl6BjkuM3zfKfsBs/view,"Anonymity-redacted copy: full names shortened to first name + last initial, personal e-mails and phone numbers removed. Original (held for review): private copy in MSCA09AA-private Re-redacted 2026-10-06: names shortened to first name + initial; personal contact details, addresses and sobriety dates removed (scripts/scan-documents.py)."
archive-gso-2023-gso-quarterly-financial-report-4th-quarter-2023-and-2024-budgets-en,Archive,GSO,GSO quarterly financial report – 4th quarter 2023 and 2024 budgets,Informe financiero trimestral de la OSG – 4.º trimestre de 2023 y presupuestos de 2024,2023,2023,English,PDF,1798,,,,msca09aa.org (media library),yes,,docs/archive/gso/2023/gso-quarterly-financial-report-4th-quarter-2023-and-2024-budgets-en.pdf,https://drive.google.com/file/d/1u9rSUM54WfZ33q73s8LfSuhWpP5JlL8I/view,
archive-gso-2023-gso-quarterly-financial-report-4th-quarter-2023-and-2024-budgets-es,Archive,GSO,GSO quarterly financial report – 4th quarter 2023 and 2024 budgets,Informe financiero trimestral de la OSG – 4.º trimestre de 2023 y presupuestos de 2024,2023,2023,Spanish,PDF,1456,,,,msca09aa.org (media library),yes,,docs/archive/gso/2023/gso-quarterly-financial-report-4th-quarter-2023-and-2024-budgets-es.pdf,https://drive.google.com/file/d/1VZm1jXaV4w64wTEH_q6MWOabtaHXVbKg/view,
archive-gso-2023-gso-operating-budget-2023-en,Archive,GSO,GSO operating budget 2023,Presupuesto operativo 2023 de la OSG,2023,2023,English,PDF,36,,,,msca09aa.org (media library),yes,,docs/archive/gso/2023/gso-operating-budget-2023-en.pdf,https://drive.google.com/file/d/1t62A7NodbYnZAmuBvulVIyjA-Qi2JMLT/view,
archive-gso-2023-gso-operating-budget-2023-es,Archive,GSO,GSO operating budget 2023,Presupuesto operativo 2023 de la OSG,2023,2023,Spanish,PDF,102,,,,msca09aa.org (media library),yes,,docs/archive/gso/2023/gso-operating-budget-2023-es.pdf,https://drive.google.com/file/d/1eHVj9AURzWmcDCQvgeS6VlDbVn-FQrcF/view,
archive-conference-2023-final-report-of-the-73rd-general-service-conference-anonymity-protected-edition-2023-en,Archive,Conference,Final Report of the 73rd General Service Conference (anonymity-protected edition),Informe final de la 73.ª Conferencia de Servicios Generales (edición con anonimato protegido),2023,2023,English,PDF,5998,,,,msca09aa.org (media library),yes,,docs/archive/conference/2023/final-report-of-the-73rd-general-service-conference-anonymity-protected-edition-2023-en.pdf,https://drive.google.com/file/d/1LCYZAjqb7JSfaZGGO3Fe1AE0EW7EMJgw/view,"Re-redacted 2026-10-06: names shortened to first name + initial; personal contact details, addresses and sobriety dates removed (scripts/scan-documents.py)."
archive-conference-2023-final-report-of-the-73rd-general-service-conference-anonymity-protected-edition-2023-es,Archive,Conference,Final Report of the 73rd General Service Conference (anonymity-protected edition),Informe final de la 73.ª Conferencia de Servicios Generales (edición con anonimato protegido),2023,2023,Spanish,PDF,6505,,,,msca09aa.org (media library),yes,,docs/archive/conference/2023/final-report-of-the-73rd-general-service-conference-anonymity-protected-edition-2023-es.pdf,https://drive.google.com/file/d/195mdfMc7-OHeO8DMFrYdBOOwrIag4dwo/view,"Re-redacted 2026-10-06: names shortened to first name + initial; personal contact details, addresses and sobriety dates removed (scripts/scan-documents.py)."
motions-2023-area-motions-2023-panel-72-en,Archive,Motions,Area motions 2023 (Panel 72),Mociones del Área 2023 (Panel 72),2023,2023,English,PDF,162,,,,msca09aa.org (media library),yes,,docs/motions/2023/area-motions-2023-panel-72-en.pdf,https://drive.google.com/file/d/1R0WT3AfgOg_k6Vz7xc-YHkPuPc3qCsMu/view,
archive-calendars-2023-area-calendar-2023-revised-april-2023-en-es,Archive,Calendar,Area calendar 2023 (revised April 2023),Calendario del Área 2023 (revisado en abril de 2023),2023,2023,Bilingual,PDF,256,,,,msca09aa.org (media library),yes,,docs/archive/calendars/2023/area-calendar-2023-revised-april-2023-en-es.pdf,https://drive.google.com/file/d/1VepW7WZG5ouDNv6mRbmuzwX23Saug6yI/view,
archive-gso-2023-aa-grapevine-budget-2023-en,Archive,GSO,AA Grapevine budget 2023,Presupuesto 2023 de AA Grapevine,2023,2023,English,PDF,53,,,grapevine-la-vina,msca09aa.org (media library),yes,,docs/archive/gso/2023/aa-grapevine-budget-2023-en.pdf,https://drive.google.com/file/d/1ayAnmoEYKjDprdCP88rKiwW3Bg-f2xWI/view,
archive-gso-2023-aa-grapevine-budget-2023-es,Archive,GSO,AA Grapevine budget 2023,Presupuesto 2023 de AA Grapevine,2023,2023,Spanish,PDF,122,,,grapevine-la-vina,msca09aa.org (media library),yes,,docs/archive/gso/2023/aa-grapevine-budget-2023-es.pdf,https://drive.google.com/file/d/1m1adnDsbH3fmSbVdYWSRbxoRX7Lkv0f0/view,
