id,collection,category,title_en,title_es,date,year,language,format,size_kb,meeting_type,district,committee,source,publish,anonymity_flag,drive_path,url,notes
"# One row per document in the library (/documents/). The site shows a row only when publish = yes AND it has a link (url, or a drive_path that scripts/drive_ids.py turns into a link). Full guide: scripts/README-documents.md.",,,,,,,,,,,,,,,,,,
"# id = short unique name (never change it). collection = Current | Archive (documents from the previous panel's first year on are always Current). category = the shelf: Minutes, Agendas, Motions, Reports, Delegate, Finances, Guidelines, Conference, GSO, Workbooks, Service, Forms, Calendar, Contributions, Newsletters, District, Flyers, PRAASA, Archives, Misc. title_en / title_es = titles (Spanish one optional). date = 2026-10-11 or 2026-10 (year alone goes in year). language = English | Spanish | Bilingual. format = PDF | Word | Excel | PowerPoint.",,,,,,,,,,,,,,,,,,
"# meeting_type = ASC | ASA | Board (Area minutes and agendas — with the exact date they are matched to /service/area-meetings/). district = d01-03, d05 … committee = committee slug. publish = yes | review (held for an anonymity check — never shown) | no (never shown). anonymity_flag = why it is held. drive_path = path in the Area Drive starting with docs/. url = Drive link. ANONYMITY: run python scripts/scan-documents.py --file <your.pdf> before adding a file.",,,,,,,,,,,,,,,,,,
"# Example: minutes-2026-oct-asc-en,Current,Minutes,ASC Minutes – October 2026,Actas del CSA – octubre de 2026,2026-10-11,2026,English,PDF,,ASC,,,Area Secretary,yes,,docs/minutes/2026/asc-minutes-october-2026-en.pdf,,",,,,,,,,,,,,,,,,,,
reports-delegate-2026-delegate-report-asc-october-11-2026-en-es,Current,Delegate,"Delegate's report – October 11, 2026 ASC (slides)",Informe de la Delegada – CSA del 11 de octubre de 2026 (diapositivas),2026-10-11,2026,Bilingual,PDF,6997,,,delegate,Delegate,yes,,docs/reports/Delegate/2026/delegate-report-asc-october-11-2026-en-es.pdf,https://drive.google.com/file/d/1oCNbSMKlP8E7m9riscM1Qwof8wMFKdVC/view,"PDF of the Delegate's Google Slides as of 2026-10-07. Public copy: the presenter's phone number, an old-site page password in a reused flyer image and the personal phone numbers in two event flyer images were removed. Checked 2026-10-07 (two reviewers + scanner); file properties cleared."
gso-2026-self-support-finance-activity-update-september-2026-en,Current,Conference,G.S.O. Self-Support & Finance activity update – September 2026,Novedades del despacho de Automantenimiento y Finanzas de la OSG – septiembre de 2026,2026-09,2026,English,PDF,164,,,finance; treasurer-ap; treasurer-ar,G.S.O. (via the Delegate),yes,,docs/gso/2026/gso-self-support-finance-activity-update-september-2026-en.pdf,https://drive.google.com/file/d/12PqlEwysoKHyswd-b0hSsgBeKruO69fV/view,"Shared with the Area in the Oct 11, 2026 ASC e-mail. Checked 2026-10-07 (two reviewers + scanner); file properties cleared."
gso-2026-treatment-accessibilities-activity-update-september-2026-en,Current,Conference,G.S.O. Treatment & Accessibilities activity update – September 2026,Novedades del despacho de Tratamiento y Accesibilidades de la OSG – septiembre de 2026,2026-09,2026,English,PDF,397,,,treatment; accessibilities; remote-communities; cec,G.S.O. (via the Delegate),yes,,docs/gso/2026/gso-treatment-accessibilities-activity-update-september-2026-en.pdf,https://drive.google.com/file/d/1XwFa6rhjj-gK-j8dJw-VSe5vyDxEdUB8/view,"Shared with the Area in the Oct 11, 2026 ASC e-mail. Checked 2026-10-07 (two reviewers + scanner); file properties cleared."
gso-2026-public-information-activity-update-march-2026-en,Current,Conference,G.S.O. Public Information activity update – March 2026,Novedades del despacho de Información Pública de la OSG – marzo de 2026,2026-03,2026,English,PDF,536,,,public-information,G.S.O. (via the Delegate),yes,,docs/gso/2026/gso-public-information-activity-update-march-2026-en.pdf,https://drive.google.com/file/d/1PiUmWPa_LMPMDbsBHU2Z8cJtn92XN-Mr/view,"Shared with the Area in the Oct 11, 2026 ASC e-mail. Checked 2026-10-07 (two reviewers + scanner); file properties cleared."
gso-2026-grapevine-la-vina-pricing-update-effective-january-1-2027-en,Current,Conference,"AA Grapevine & La Viña pricing update – effective January 1, 2027",Nuevos precios de AA Grapevine y La Viña – a partir del 1 de enero de 2027,2026-10-01,2026,English,PDF,83,,,grapevine-la-vina,AA Grapevine (via the Delegate),yes,,docs/gso/2026/grapevine-la-vina-pricing-update-effective-january-1-2027-en.pdf,https://drive.google.com/file/d/1tHpozwRMFYnYxRzWLonjUb3pl7Kv6WLp/view,"Shared with the Area in the Oct 11, 2026 ASC e-mail. Signer shortened to first name + initial. Checked 2026-10-07 (two reviewers + scanner); file properties cleared."
conference-2026-fifth-edition-big-book-faqs-gso-en,Current,Conference,FAQs related to the Fifth Edition of Alcoholics Anonymous (G.S.O.),Preguntas frecuentes sobre la quinta edición de Alcohólicos Anónimos (OSG),2026-09,2026,English,PDF,537,,,literature; delegate,G.S.O. (via the Delegate),yes,,docs/conference/2026/fifth-edition-big-book-faqs-gso-2026-en.pdf,https://drive.google.com/file/d/1Oe2KaXsqfwde4kTVIE57TByZbMpkJzkm/view,"G.S.O. letter to Conference members, shared with the Area in the Oct 11, 2026 ASC e-mail. Checked 2026-10-07 (two reviewers + scanner); file properties cleared."
conference-2026-spanish-plain-language-big-book-survey-letter-en,Current,Conference,"Survey on a Spanish plain-language Big Book – G.S.O. letter (open until Dec 31, 2026)",Encuesta sobre un Libro Grande en lenguaje sencillo en español – carta de la OSG (abierta hasta el 31 de diciembre de 2026),2026-09,2026,English,PDF,265,,,literature; delegate; inter-district-hispanic,G.S.O. (via the Delegate),yes,,docs/conference/2026/spanish-plain-language-big-book-survey-letter-2026-en.pdf,https://drive.google.com/file/d/1LeNmgKtFYRs1yFBwe9mhhuBoq6dpVN0_/view,"G.S.O. asks Areas to share the survey with Spanish-speaking members. Signer shortened to first name + initial, as she asks. Checked 2026-10-07 (two reviewers + scanner); file properties cleared."
conference-2026-spanish-plain-language-big-book-survey-letter-es,Current,Conference,"Survey on a Spanish plain-language Big Book – G.S.O. letter (open until Dec 31, 2026)",Encuesta sobre un Libro Grande en lenguaje sencillo en español – carta de la OSG (abierta hasta el 31 de diciembre de 2026),2026-09,2026,Spanish,PDF,260,,,literature; delegate; inter-district-hispanic,G.S.O. (via the Delegate),yes,,docs/conference/2026/spanish-plain-language-big-book-survey-letter-2026-es.pdf,https://drive.google.com/file/d/1eQYZeHKpK7coBfyaeWJAHThPTFzy1UvE/view,"G.S.O. asks Areas to share the survey with Spanish-speaking members. Signer shortened to first name + initial, as she asks. Checked 2026-10-07 (two reviewers + scanner); file properties cleared."
reports-2026-ad-hoc-website-committee-final-report-2026-06-26-en,Current,Reports,Ad Hoc Website Committee – Final Report (June 2026),Comité Ad Hoc del Sitio Web – informe final (junio de 2026),2026-06-26,2026,English,PDF,191,,,ad-hoc-website; technology,Ad Hoc Website Committee,yes,,docs/reports/2026/ad-hoc-website-committee-final-report-2026-06-26-en.pdf,https://drive.google.com/file/d/1zJ9Cp2j93OxUATQDyL-wkWgr54isa064/view,"Public PDF of the report the Area Secretary linked in the Oct 11, 2026 ASC e-mail. Members appear as first name + initial; a link to a member's personal work drive and the Word file's author field were removed. The Word original stays held (held.csv row reports-ad-hoc-website-committee-final-report-2026-06-24). Checked 2026-10-07 (two reviewers + scanner); file properties cleared."
archive-flyers-2026-empowering-community-event-save-the-date-2026-12-en-redacted,Current,Flyers,"11th Hispanic Women's Workshop, December 12, 2026 – save the date","11.º Taller de Mujeres Hispanas, 12 de diciembre de 2026 – reserve la fecha",2026-12-12,2026,Bilingual,PDF,825,,,hispanic-womens,msca09aa.org (media library),yes,,docs/archive/flyers/2026/empowering-community-event-save-the-date-2026-12-en-redacted.pdf,https://drive.google.com/file/d/1BmQQnqLbGELXi3psOoW8Tz9BnTnvAtXo/view,"Anonymity-redacted copy: full names shortened to first name + last initial, personal e-mails and phone numbers removed. Original (held for review): private copy in MSCA09AA-private"
archive-flyers-2026-pacific-regional-forum-december-4-6-2026-san-diego-save-the-date-en,Current,Flyers,"Pacific Regional Forum, December 4–6, 2026 (San Diego) – save the date","Foro Regional del Pacífico, 4 al 6 de diciembre de 2026 (San Diego) – reserve la fecha",2026-12,2026,English,PDF,1878,,,,msca09aa.org (media library),yes,,docs/archive/flyers/2026/pacific-regional-forum-december-4-6-2026-san-diego-save-the-date-en.pdf,https://drive.google.com/file/d/1valCIJivPe1AFnQeynb4O8J_8tDFGr2Z/view,
archive-flyers-2026-pacific-regional-forum-december-4-6-2026-san-diego-save-the-date-es,Current,Flyers,"Pacific Regional Forum, December 4–6, 2026 (San Diego) – save the date","Foro Regional del Pacífico, 4 al 6 de diciembre de 2026 (San Diego) – reserve la fecha",2026-12,2026,Spanish,PDF,183,,,,msca09aa.org (media library),yes,,docs/archive/flyers/2026/pacific-regional-forum-december-4-6-2026-san-diego-save-the-date-es.pdf,https://drive.google.com/file/d/1E2KVeHGdmkaMBp_tjjeWTqPJzPzuZMjn/view,
agendas-2026-asc-agenda-october-11-2026-en,Current,Agendas,"ASC Agenda – October 11, 2026",Agenda del CSA – 11 de octubre de 2026,2026-10-11,2026,English,PDF,96,ASC,,,Area Chair (Google Doc),yes,,docs/agendas/2026/asc-agenda-october-11-2026-en.pdf,https://drive.google.com/file/d/12HxoYnubLRmN5eCujTBlaJJUPa-5x4wU/view,"PDF copy of the Chair's Google Doc as updated on 2026-10-08 (committees 9:45-11:00, lunch 11:00, ASC 11:45; GAP Committee presentation added; no motions at this ASC). It replaced the 2026-10-07 copy in the same Drive file, so every link stays the same. File properties cleared; checked for anonymity (clean). If the Chair changes the agenda again, replace this file the same way."
agendas-2026-asc-agenda-october-11-2026-es,Current,Agendas,"ASC Agenda – October 11, 2026",Agenda del CSA – 11 de octubre de 2026,2026-10-11,2026,Spanish,PDF,76,ASC,,,Area Chair,yes,,docs/agendas/2026/asc-agenda-october-11-2026-es.pdf,https://drive.google.com/file/d/1Z9yYmb5ZlbdiUOoZfHFNsHn1dUCskKS-/view,Updated Spanish agenda (orden del día) received 2026-10-08; it replaced the 2026-10-07 copy in the same Drive file. File properties cleared; checked for anonymity (clean).
reports-treasurer-ap-2026-treasurer-a-p-report-october-11-2026-en-es,Current,Finances,"Treasurer (A/P) report – October 11, 2026",Informe del tesorero (cuentas por pagar) – 11 de octubre de 2026,2026-10-11,2026,Bilingual,PDF,283,,,treasurer-ap,Treasurer A/P,yes,,docs/reports/Treasurer AP/2026/treasurer-a-p-report-october-11-2026-en-es.pdf,https://drive.google.com/file/d/1bFC4-Pao2obLJDrJYUIQCNTCTjtGvfvg/view,"September 2026 financials, for the October 11, 2026 ASC. Received 2026-10-07; the author's full name was removed from the file properties; checked for anonymity (clean)."
reports-treasurer-ar-2026-treasurer-a-r-report-october-11-2026-en-es-redacted,Current,Finances,"Treasurer (A/R) report – October 11, 2026",Informe del tesorero (cuentas por cobrar) – 11 de octubre de 2026,2026-10-11,2026,Bilingual,PDF,467,,,treasurer-ar,Treasurer A/R,yes,,docs/reports/Treasurer AR/2026/treasurer-a-r-report-october-11-2026-en-es-redacted.pdf,https://drive.google.com/file/d/1HuV5nQI4RPAg2CJ7t4YvThfA6CLB2I5t/view,"September 2026 contributions, for the October 11, 2026 ASC (the report itself says October 13). Anonymity-redacted copy (2026-10-07): 12 surnames and full names in the contribution tables shortened to an initial; author name removed from the file properties. Original: MSCA09AA-private/intake-originals-2026-10-07."
finances-2026-proposed-area-budget-for-2027-draft-1-revised-october-5-2026-not-yet-approved-en-es,Current,Finances,"Proposed Area budget for 2027 – Draft #1 (revised October 5, 2026; not yet approved)",Presupuesto propuesto del Área para 2027 – borrador n.º 1 (revisado el 5 de octubre de 2026; sin aprobar),2026-10-05,2026,Bilingual,PDF,1152,,,finance,Finance Committee,yes,,docs/finances/2026/proposed-area-budget-for-2027-draft-1-revised-october-5-2026-not-yet-approved-en-es.pdf,https://drive.google.com/file/d/1pX31znP7XRWA1AR45fu4eackSHDtVHTu/view,"Presented for review at the October 11, 2026 ASC. Updated copy from the Treasurer A/P received 2026-10-08 (Spanish wording revised; a fourth page with the summary added); it replaced the 2026-10-07 copy in the same Drive file. Replace or relabel once the 2027 budget is adopted. A personal name was removed from the file properties; checked for anonymity (clean)."
reports-treasurer-ap-2026-statement-of-activity-profit-and-loss-1st-3rd-quarters-2026-en,Current,Finances,Statement of activity (profit & loss) – 1st through 3rd quarters 2026 (January–September),Estado de actividades (ingresos y gastos) – 1.er al 3.er trimestre de 2026 (enero a septiembre),2026-09,2026,English,PDF,465,,,treasurer-ap,Treasurer A/P,yes,,docs/reports/Treasurer AP/2026/statement-of-activity-profit-and-loss-1st-3rd-quarters-2026-en.pdf,https://drive.google.com/file/d/1x97dlWWIK0CNHX0jX57150sM7t19hiZ5/view,"Run 2026-10-03 (the original file name says 2025 by mistake). Printed to PDF without a text layer, so it cannot be searched. The author's full name was removed from the file properties (2026-10-07); read page by page (no personal details)."
minutes-2026-asc-minutes-august-9-2026-draft-en,Current,Minutes,"ASC Minutes – August 9, 2026 (draft, not yet approved)","Actas del CSA – 9 de agosto de 2026 (borrador, sin aprobar)",2026-08-09,2026,English,PDF,126,ASC,,,Area Secretary,yes,,docs/minutes/2026/asc-minutes-august-9-2026-draft-en.pdf,https://drive.google.com/file/d/1MH9F5n9h9Gzxdr6hOgSGc2jprTOINJBd/view,"Unapproved draft, up for approval at the October 11, 2026 ASC: replace it with the approved version afterwards and take 'draft' out of the titles. Public copy (2026-10-07): the list of members' sobriety anniversaries was left out; converted from Word; file properties cleared."
minutes-2026-asc-minutes-august-9-2026-draft-es,Current,Minutes,"ASC Minutes – August 9, 2026 (draft, not yet approved)","Actas del CSA – 9 de agosto de 2026 (borrador, sin aprobar)",2026-08-09,2026,Spanish,PDF,128,ASC,,,Area Secretary,yes,,docs/minutes/2026/asc-minutes-august-9-2026-draft-es.pdf,https://drive.google.com/file/d/1x6Jshz6AxqgKu4hQcr3GUPLQiYcOM7Vw/view,"Borrador sin aprobar (draft), up for approval at the October 11, 2026 ASC: replace it with the approved version afterwards. Public copy (2026-10-07): the list of members' sobriety anniversaries was left out; converted from Word; file properties cleared."
reports-treasurer-ap-08-p76-treasurer-ap-rpt-2026-09-13-asa-en-sp,Current,Finances,"Treasurer (A/P) report – September 13, 2026 Assembly",Informe del tesorero (cuentas por pagar) – Asamblea del 13 de septiembre de 2026,2026-09-13,2026,Bilingual,PDF,244,,,treasurer-ap,Area Drive (docs/),yes,,docs/reports/Treasurer AP/08_P76_Treasurer_AP_Rpt_2026_09_13_ASA_EN_SP.pdf,https://drive.google.com/file/d/1oHtUa6HF7UCMcl0z7Ebb3CdGLhcd9WkA/view,
agendas-2026-assembly-asa-agenda-september-13-2026-en,Current,Agendas,"Assembly (ASA) Agenda – September 13, 2026",Agenda de la Asamblea (ASA) – 13 de septiembre de 2026,2026-09-13,2026,English,PDF,137,ASA,,,Area meeting folder (linked from the calendar and data/motions.csv),yes,,,https://drive.google.com/file/d/1fgAmJHwkdolQSkXOj4KLRvjgSOqYqkzy/view,Checked with scripts/scan-documents.py on 2026-10-06 (clean). Copy into docs/agendas/2026/ when convenient.
agendas-2026-assembly-asa-agenda-september-13-2026-es,Current,Agendas,"Assembly (ASA) Agenda – September 13, 2026",Agenda de la Asamblea (ASA) – 13 de septiembre de 2026,2026-09-13,2026,Spanish,PDF,139,ASA,,,Area meeting folder (linked from the calendar and data/motions.csv),yes,,,https://drive.google.com/file/d/15j3b2IEtULcYaTdfILqCy8cqOO293dBY/view,Checked with scripts/scan-documents.py on 2026-10-06 (clean). Copy into docs/agendas/2026/ when convenient.
forms-annual-budget-request-form-2027-fillable-word-en,Current,Forms,Annual budget request form 2027 (fillable Word),Formulario de solicitud de presupuesto anual 2027 (Word editable),2026-08,2026,English,Word,32,,,finance,msca09aa.org (media library),yes,,docs/forms/annual-budget-request-form-2027-fillable-word-en.docx,https://drive.google.com/file/d/1QZQn1c7JwnWC_CNt6sq6NjfsVaccFwyH/view,
forms-annual-budget-request-form-2027-fillable-word-es,Current,Forms,Annual budget request form 2027 (fillable Word),Formulario de solicitud de presupuesto anual 2027 (Word editable),2026-08,2026,Spanish,Word,31,,,finance,msca09aa.org (media library),yes,,docs/forms/annual-budget-request-form-2027-fillable-word-es.docx,https://drive.google.com/file/d/1u8OLcwy0y91md23oAKmr94_Lz4Ihmqmu/view,
forms-annual-budget-request-form-2027-es,Current,Forms,Annual budget request form 2027,Formulario de solicitud de presupuesto anual 2027,2026-08,2026,Spanish,PDF,255,,,finance,msca09aa.org (media library),yes,,docs/forms/annual-budget-request-form-2027-es.pdf,https://drive.google.com/file/d/1Y7bTmljUTUelAf7BHC5OG6fi79AfiYFp/view,
forms-annual-budget-request-form-2027-en,Current,Forms,Annual budget request form 2027,Formulario de solicitud de presupuesto anual 2027,2026-08,2026,English,PDF,249,,,finance,msca09aa.org (media library),yes,,docs/forms/annual-budget-request-form-2027-en.pdf,https://drive.google.com/file/d/1qINMABsL97NxPQn_wrremoZBgZkaoFed/view,
contributions-7th-tradition-contributions-how-groups-can-contribute-flyer-2026-08-en,Current,Contributions,7th Tradition contributions – how groups can contribute (flyer),Contribuciones de la Séptima Tradición – cómo pueden contribuir los grupos (volante),2026-08,2026,English,PDF,610,,,treasurer-ar,msca09aa.org (media library),yes,,docs/contributions/7th-tradition-contributions-how-groups-can-contribute-flyer-2026-08-en.pdf,https://drive.google.com/file/d/1DQkfYXcZq4GiySoXIamXcn4AaaXly0Cp/view,
contributions-7th-tradition-contributions-how-groups-can-contribute-flyer-2026-08-es,Current,Contributions,7th Tradition contributions – how groups can contribute (flyer),Contribuciones de la Séptima Tradición – cómo pueden contribuir los grupos (volante),2026-08,2026,Spanish,PDF,668,,,treasurer-ar,msca09aa.org (media library),yes,,docs/contributions/7th-tradition-contributions-how-groups-can-contribute-flyer-2026-08-es.pdf,https://drive.google.com/file/d/1pp9iqyE-FBw8KgXaZYDLDq2JBfXJIva7/view,
reports-treasurer-ap-2026-treasurer-a-p-report-june-14-2026-en-es,Current,Finances,"Treasurer (A/P) report – June 14, 2026",Informe del tesorero (cuentas por pagar) – 14 de junio de 2026,2026-06-14,2026,Bilingual,PDF,240,,,treasurer-ap,msca09aa.org (media library),yes,,docs/reports/Treasurer AP/2026/treasurer-a-p-report-june-14-2026-en-es.pdf,https://drive.google.com/file/d/1Cd0zDmQ_vgzr0m06eC8vRDd4eXVSb_Wy/view,
reports-treasurer-ap-msca09-stmt-of-activity-p-amp-l-2026-1st-amp-2nd-qtrs-rev-2026-09,Current,Finances,Statement of activity (profit & loss) – 1st and 2nd quarters 2026 (rev. September 2026),Estado de actividades (ingresos y gastos) – 1.er y 2.º trimestres de 2026 (rev. septiembre de 2026),2026-06,2026,English,PDF,695,,,treasurer-ap,Area Drive (docs/),yes,,docs/reports/Treasurer AP/MSCA09_Stmt_of_Activity_P_amp_L_2026_1st_amp_2nd_Qtrs_Rev_2026_09.pdf,https://drive.google.com/file/d/1OiMIO0x4tZH7l2VD03sbcB1shCEDhzFV/view,
flyers-7th-tradition-contributions-en-sp,Current,Contributions,7th Tradition Contributions - What Are The Ways? (EN & SP),7th Tradition Contribuciones - ¿cuáles son las formas? (EN & SP),2026-06,2026,Bilingual,PDF,1110,,,,msca09aa.org,yes,,docs/flyers/7th-tradition-contributions-en-sp.pdf,https://drive.google.com/file/d/1JHwv90iIs1rb5X2alE4d27UOdQDY12MJ/view,
reports-treasurer-ap-2026-treasurer-a-p-report-may-17-2026-en-es,Current,Finances,"Treasurer (A/P) report – May 17, 2026",Informe del tesorero (cuentas por pagar) – 17 de mayo de 2026,2026-05-17,2026,Bilingual,PDF,221,,,treasurer-ap,msca09aa.org (media library),yes,,docs/reports/Treasurer AP/2026/treasurer-a-p-report-may-17-2026-en-es.pdf,https://drive.google.com/file/d/16ZyCZbpFE0L2Cwjd-UTQ0Xrya2l1y-S1/view,
minutes-2026-may-2026-area-assembly-approved-minutes-docx,Current,Minutes,Assembly (ASA) Minutes – May 2026,Actas de la Asamblea (ASA) – mayo de 2026,2026-05-17,2026,English,PDF,164,ASA,,,Area Drive (docs/),yes,,docs/minutes/2026/May_2026_Area_Assembly_Approved_Minutes.docx.pdf,https://drive.google.com/file/d/11Q1KozzKgm7FxZCuDyZvZGr0mOTM8rs3/view,
minutes-2026-es-mayo-2026-docx,Current,Minutes,Assembly (ASA) Minutes – May 2026,Actas de la Asamblea (ASA) – mayo de 2026,2026-05-17,2026,Spanish,PDF,221,ASA,,,Area Drive (docs/),yes,,docs/minutes/2026/ES_Mayo_2026.docx.pdf,https://drive.google.com/file/d/1KaiCbV4sa9EwDsYZ202-nXXSK-U1cvHt/view,"Re-redacted 2026-10-06: names shortened to first name + initial; personal contact details, addresses and sobriety dates removed (scripts/scan-documents.py)."
conference-2026-floor-actions-5-6-76th-gsc-2026-05-en-redacted,Current,Conference,Floor actions 5–6 – 76th GSC,Acciones de pleno 5–6 – 76.ª CSG,2026-05-01,2026,English,PDF,74,,,,msca09aa.org (media library),yes,,docs/conference/2026/floor-actions-5-6-76th-gsc-2026-05-en-redacted.pdf,https://drive.google.com/file/d/1C1w7-EKdZvrr-wOLuV3WL8d0LGxmxKWO/view,"Anonymity-redacted copy: full names shortened to first name + last initial, personal e-mails and phone numbers removed. Original (held for review): private copy in MSCA09AA-private Re-redacted 2026-10-06: names shortened to first name + initial; personal contact details, addresses and sobriety dates removed (scripts/scan-documents.py)."
conference-2026-floor-actions-4-76th-gsc-2026-05-en-redacted,Current,Conference,Floor actions 4 – 76th GSC,Acciones de pleno 4 – 76.ª CSG,2026-05-01,2026,English,PDF,61,,,,msca09aa.org (media library),yes,,docs/conference/2026/floor-actions-4-76th-gsc-2026-05-en-redacted.pdf,https://drive.google.com/file/d/1WJHSIs42XKGIj8nxuVuXfWIGdIDEFW37/view,"Anonymity-redacted copy: full names shortened to first name + last initial, personal e-mails and phone numbers removed. Original (held for review): private copy in MSCA09AA-private"
conference-2026-committee-considerations-76th-gsc-2026-05-en,Current,Conference,Committee considerations – 76th GSC,Consideraciones de los comités – 76.ª CSG,2026-05-01,2026,English,PDF,267,,,,msca09aa.org (media library),yes,,docs/conference/2026/committee-considerations-76th-gsc-2026-05-en.pdf,https://drive.google.com/file/d/1uR-aws6xWCKGDnae0nXZWq9GpPI0I-Ho/view,
conference-2026-advisory-actions-of-the-76th-gsc-2026-05-en,Current,Conference,Advisory actions of the 76th GSC,Acciones recomendables de la 76.ª CSG,2026-05-01,2026,English,PDF,282,,,,msca09aa.org (media library),yes,,docs/conference/2026/advisory-actions-of-the-76th-gsc-2026-05-en.pdf,https://drive.google.com/file/d/15ej7-dvkD6HxxOYySD-DRG1zs8RUfavO/view,"Re-redacted 2026-10-06: names shortened to first name + initial; personal contact details, addresses and sobriety dates removed (scripts/scan-documents.py)."
archive-districts-d1-2026-districts-1-and-3-minutes-may-2026-en,Current,District,Districts 1 & 3 Minutes – May 2026,Actas del Distrito 1 y 3 – mayo de 2026,2026-05,2026,English,PDF,87,,d01-03,,msca09aa.org (media library),yes,,docs/archive/districts/d1/2026/districts-1-and-3-minutes-may-2026-en.pdf,https://drive.google.com/file/d/11_z2cS_ZfzJWIP4ygeqDizD5YrRkhWzW/view,
reports-delegate-2026-delegate-s-share-back-on-the-76th-gsc-may-2026-es,Current,Delegate,Delegate's share-back on the 76th GSC (May 2026),Informe del Delegado sobre la 76.ª CSG (mayo de 2026),2026-05,2026,Spanish,PDF,6037,,,delegate,msca09aa.org (media library),yes,,docs/reports/Delegate/2026/delegate-s-share-back-on-the-76th-gsc-may-2026-es.pdf,https://drive.google.com/file/d/1surbdUllued7-ccSnV_Y_0x5tJTupdZz/view,
reports-delegate-2026-delegate-s-share-back-on-the-76th-gsc-may-2026-en,Current,Delegate,Delegate's share-back on the 76th GSC (May 2026),Informe del Delegado sobre la 76.ª CSG (mayo de 2026),2026-05,2026,English,PDF,5835,,,delegate,msca09aa.org (media library),yes,,docs/reports/Delegate/2026/delegate-s-share-back-on-the-76th-gsc-may-2026-en.pdf,https://drive.google.com/file/d/1iRdeCaBlh5Z9OJfXBBCluwaNaRLk_V8h/view,
conference-2026-floor-actions-76th-gsc-2026-04-es-redacted,Current,Conference,Floor actions – 76th GSC,Acciones de pleno – 76.ª CSG,2026-04-29,2026,Spanish,PDF,46,,,,msca09aa.org (media library),yes,,docs/conference/2026/floor-actions-76th-gsc-2026-04-es-redacted.pdf,https://drive.google.com/file/d/1Nce7TjWKymDLe7hFvebTpUR1ateOVarL/view,"Anonymity-redacted copy: full names shortened to first name + last initial, personal e-mails and phone numbers removed. Original (held for review): private copy in MSCA09AA-private"
conference-2026-floor-actions-1-3-76th-gsc-2026-04-en-redacted,Current,Conference,Floor actions 1–3 – 76th GSC,Acciones de pleno 1–3 – 76.ª CSG,2026-04-29,2026,English,PDF,72,,,,msca09aa.org (media library),yes,,docs/conference/2026/floor-actions-1-3-76th-gsc-2026-04-en-redacted.pdf,https://drive.google.com/file/d/1fgiueEoMADTa0SM_3GMG_VCC0g_8wzkp/view,"Anonymity-redacted copy: full names shortened to first name + last initial, personal e-mails and phone numbers removed. Original (held for review): private copy in MSCA09AA-private"
conference-2026-conference-committee-on-the-aa-grapevine-and-la-vina-report-76th-gsc-2026-04-en,Current,Conference,Conference Committee on the AA Grapevine and La Viña – report (76th GSC),Comité de la Conferencia sobre AA Grapevine y La Viña – informe (76.ª CSG),2026-04-27,2026,English,PDF,68,,,grapevine-la-vina,msca09aa.org (media library),yes,,docs/conference/2026/conference-committee-on-the-aa-grapevine-and-la-vina-report-76th-gsc-2026-04-en.pdf,https://drive.google.com/file/d/1iI7JN9P6dRqR1GxckMMRfn--3AvBcGTs/view,"Re-redacted 2026-10-06: names shortened to first name + initial; personal contact details, addresses and sobriety dates removed (scripts/scan-documents.py)."
conference-2026-conference-committee-on-the-aa-grapevine-and-la-vina-report-76th-gsc-2026-04-es,Current,Conference,Conference Committee on the AA Grapevine and La Viña – report (76th GSC),Comité de la Conferencia sobre AA Grapevine y La Viña – informe (76.ª CSG),2026-04-27,2026,Spanish,PDF,53,,,grapevine-la-vina,msca09aa.org (media library),yes,,docs/conference/2026/conference-committee-on-the-aa-grapevine-and-la-vina-report-76th-gsc-2026-04-es.pdf,https://drive.google.com/file/d/114iusCVyKiI3a1Sb9HlGU1Df9n5UjEyf/view,"Re-redacted 2026-10-06: names shortened to first name + initial; personal contact details, addresses and sobriety dates removed (scripts/scan-documents.py)."
reports-2026-conference-committee-on-treatment-and-accessibilities-report-76th-gsc-2026-04-en-redacted,Current,Conference,Conference Committee on Treatment and Accessibilities – report (76th GSC),Comité de la Conferencia sobre Tratamiento y Accesibilidades – informe (76.ª CSG),2026-04-27,2026,English,PDF,85,,,,msca09aa.org (media library),yes,,docs/reports/2026/conference-committee-on-treatment-and-accessibilities-report-76th-gsc-2026-04-en-redacted.pdf,https://drive.google.com/file/d/1dbu_JHWhidSOJA-NzZp5fHmeoqsPjlo6/view,"Anonymity-redacted copy: full names shortened to first name + last initial, personal e-mails and phone numbers removed. Original (held for review): private copy in MSCA09AA-private"
conference-2026-conference-committee-on-report-and-charter-report-76th-gsc-2026-04-es,Current,Conference,Conference Committee on Report and Charter – report (76th GSC),Comité de la Conferencia sobre Informe y Carta Constitutiva – informe (76.ª CSG),2026-04-27,2026,Spanish,PDF,59,,,,msca09aa.org (media library),yes,,docs/conference/2026/conference-committee-on-report-and-charter-report-76th-gsc-2026-04-es.pdf,https://drive.google.com/file/d/1EXPmSM_JcE1Gv-laKS3ytIKkVV8A7Ty0/view,"Re-redacted 2026-10-06: names shortened to first name + initial; personal contact details, addresses and sobriety dates removed (scripts/scan-documents.py)."
reports-2026-conference-committee-on-report-and-charter-report-76th-gsc-2026-04-en-redacted,Current,Conference,Conference Committee on Report and Charter – report (76th GSC),Comité de la Conferencia sobre Informe y Carta Constitutiva – informe (76.ª CSG),2026-04-27,2026,English,PDF,97,,,,msca09aa.org (media library),yes,,docs/reports/2026/conference-committee-on-report-and-charter-report-76th-gsc-2026-04-en-redacted.pdf,https://drive.google.com/file/d/1oHvCwSXc2JTmh7ZFx3oFchotSXbYflkp/view,"Anonymity-redacted copy: full names shortened to first name + last initial, personal e-mails and phone numbers removed. Original (held for review): private copy in MSCA09AA-private"
reports-2026-conference-committee-on-public-information-report-76th-gsc-2026-04-en-redacted,Current,Conference,Conference Committee on Public Information – report (76th GSC),Comité de la Conferencia sobre Información Pública – informe (76.ª CSG),2026-04-27,2026,English,PDF,87,,,public-information,msca09aa.org (media library),yes,,docs/reports/2026/conference-committee-on-public-information-report-76th-gsc-2026-04-en-redacted.pdf,https://drive.google.com/file/d/1aDks1_WECDmZdzrkqUy_qasc-whi_tWJ/view,"Anonymity-redacted copy: full names shortened to first name + last initial, personal e-mails and phone numbers removed. Original (held for review): private copy in MSCA09AA-private Re-redacted 2026-10-06: names shortened to first name + initial; personal contact details, addresses and sobriety dates removed (scripts/scan-documents.py)."
reports-2026-conference-committee-on-policy-admissions-report-76th-gsc-2026-04-en-redacted,Current,Conference,Conference Committee on Policy/Admissions – report (76th GSC),Comité de la Conferencia sobre Política/Admisiones – informe (76.ª CSG),2026-04-27,2026,English,PDF,97,,,,msca09aa.org (media library),yes,,docs/reports/2026/conference-committee-on-policy-admissions-report-76th-gsc-2026-04-en-redacted.pdf,https://drive.google.com/file/d/1oP72WPgN_9m-akHfbkOGScl4QLZj0mLu/view,"Anonymity-redacted copy: full names shortened to first name + last initial, personal e-mails and phone numbers removed. Original (held for review): private copy in MSCA09AA-private Re-redacted 2026-10-06: names shortened to first name + initial; personal contact details, addresses and sobriety dates removed (scripts/scan-documents.py)."
conference-2026-conference-committee-on-policy-admissions-report-76th-gsc-2026-04-es-redacted,Current,Conference,Conference Committee on Policy/Admissions – report (76th GSC),Comité de la Conferencia sobre Política/Admisiones – informe (76.ª CSG),2026-04-27,2026,Spanish,PDF,74,,,,msca09aa.org (media library),yes,,docs/conference/2026/conference-committee-on-policy-admissions-report-76th-gsc-2026-04-es-redacted.pdf,https://drive.google.com/file/d/14ZLw5Qm8uE36QbGppKqldNOQYzbQNiHD/view,"Anonymity-redacted copy: full names shortened to first name + last initial, personal e-mails and phone numbers removed. Original (held for review): private copy in MSCA09AA-private Re-redacted 2026-10-06: names shortened to first name + initial; personal contact details, addresses and sobriety dates removed (scripts/scan-documents.py)."
conference-2026-conference-committee-on-literature-report-76th-gsc-2026-04-en,Current,Conference,Conference Committee on Literature – report (76th GSC),Comité de la Conferencia sobre Literatura – informe (76.ª CSG),2026-04-27,2026,English,PDF,121,,,literature,msca09aa.org (media library),yes,,docs/conference/2026/conference-committee-on-literature-report-76th-gsc-2026-04-en.pdf,https://drive.google.com/file/d/1yr1bd8H0P3JFEJgl-Me_77HGCsKLHmSI/view,"Re-redacted 2026-10-06: names shortened to first name + initial; personal contact details, addresses and sobriety dates removed (scripts/scan-documents.py)."
conference-2026-conference-committee-on-literature-report-76th-gsc-2026-04-es,Current,Conference,Conference Committee on Literature – report (76th GSC),Comité de la Conferencia sobre Literatura – informe (76.ª CSG),2026-04-27,2026,Spanish,PDF,89,,,literature,msca09aa.org (media library),yes,,docs/conference/2026/conference-committee-on-literature-report-76th-gsc-2026-04-es.pdf,https://drive.google.com/file/d/1oNTqu1oCXtcwOgbfBwv5dm0jXZMZT0Qx/view,"Re-redacted 2026-10-06: names shortened to first name + initial; personal contact details, addresses and sobriety dates removed (scripts/scan-documents.py)."
conference-2026-conference-committee-on-finance-report-76th-gsc-2026-04-en,Current,Conference,Conference Committee on Finance – report (76th GSC),Comité de la Conferencia sobre Finanzas – informe (76.ª CSG),2026-04-27,2026,English,PDF,100,,,finance,msca09aa.org (media library),yes,,docs/conference/2026/conference-committee-on-finance-report-76th-gsc-2026-04-en.pdf,https://drive.google.com/file/d/1YmYnx3pIOiCTYd-6Cl2Fxz6efEZHFysN/view,"Re-redacted 2026-10-06: names shortened to first name + initial; personal contact details, addresses and sobriety dates removed (scripts/scan-documents.py)."
conference-2026-conference-committee-on-finance-report-76th-gsc-2026-04-es,Current,Conference,Conference Committee on Finance – report (76th GSC),Comité de la Conferencia sobre Finanzas – informe (76.ª CSG),2026-04-27,2026,Spanish,PDF,73,,,,msca09aa.org (media library),yes,,docs/conference/2026/conference-committee-on-finance-report-76th-gsc-2026-04-es.pdf,https://drive.google.com/file/d/14NAcDdMZ_-VZr3SbIpDfAFc85JPUpdNn/view,"Re-redacted 2026-10-06: names shortened to first name + initial; personal contact details, addresses and sobriety dates removed (scripts/scan-documents.py)."
reports-2026-conference-committee-on-corrections-report-76th-gsc-2026-04-en-redacted,Current,Conference,Conference Committee on Corrections – report (76th GSC),Comité de la Conferencia sobre Correccionales – informe (76.ª CSG),2026-04-27,2026,English,PDF,46,,,corrections,msca09aa.org (media library),yes,,docs/reports/2026/conference-committee-on-corrections-report-76th-gsc-2026-04-en-redacted.pdf,https://drive.google.com/file/d/1ocX23JrYD1ZmGZGAzHPUulo7ME7A23ts/view,"Anonymity-redacted copy: full names shortened to first name + last initial, personal e-mails and phone numbers removed. Original (held for review): private copy in MSCA09AA-private"
conference-2026-conference-committee-on-corrections-report-76th-gsc-2026-04-es-redacted,Current,Conference,Conference Committee on Corrections – report (76th GSC),Comité de la Conferencia sobre Correccionales – informe (76.ª CSG),2026-04-27,2026,Spanish,PDF,49,,,corrections,msca09aa.org (media library),yes,,docs/conference/2026/conference-committee-on-corrections-report-76th-gsc-2026-04-es-redacted.pdf,https://drive.google.com/file/d/1GTcHsinK74t8qvwx8g_VdqKqNNyKeaGD/view,"Anonymity-redacted copy: full names shortened to first name + last initial, personal e-mails and phone numbers removed. Original (held for review): private copy in MSCA09AA-private"
reports-2026-conference-committee-on-cooperation-with-the-professional-community-report-76th-2026-04-en-redacted,Current,Conference,Conference Committee on Cooperation with the Professional Community – report (76th GSC),Comité de la Conferencia sobre Cooperación con la Comunidad Profesional – informe (76.ª CSG),2026-04-27,2026,English,PDF,79,,,cpc,msca09aa.org (media library),yes,,docs/reports/2026/conference-committee-on-cooperation-with-the-professional-community-report-76th-2026-04-en-redacted.pdf,https://drive.google.com/file/d/1G-4Ps4UzeVzyR35b9FgMzPekBw4gQ3UD/view,"Anonymity-redacted copy: full names shortened to first name + last initial, personal e-mails and phone numbers removed. Original (held for review): private copy in MSCA09AA-private"
reports-2026-conference-committee-on-agenda-report-76th-gsc-2026-04-en-redacted,Current,Conference,Conference Committee on Agenda – report (76th GSC),Comité de la Conferencia sobre Agenda – informe (76.ª CSG),2026-04-27,2026,English,PDF,81,,,,msca09aa.org (media library),yes,,docs/reports/2026/conference-committee-on-agenda-report-76th-gsc-2026-04-en-redacted.pdf,https://drive.google.com/file/d/1Bnga6JcflKJyKuwPsKaUZZxM3AqYtVEd/view,"Anonymity-redacted copy: full names shortened to first name + last initial, personal e-mails and phone numbers removed. Original (held for review): private copy in MSCA09AA-private"
archive-flyers-2026-pre-conference-assembly-april-12-2026-flyer-en,Current,Flyers,"Pre-Conference Assembly, April 12, 2026 – flyer","Asamblea de Preconferencia, 12 de abril de 2026 – volante",2026-04-12,2026,English,PDF,971,,,,msca09aa.org (media library),yes,,docs/archive/flyers/2026/pre-conference-assembly-april-12-2026-flyer-en.pdf,https://drive.google.com/file/d/159hRSF9heqi6YoCONOWqd0SrB_5INQzQ/view,
archive-flyers-2026-pre-conference-assembly-april-12-2026-flyer-es,Current,Flyers,"Pre-Conference Assembly, April 12, 2026 – flyer","Asamblea de Preconferencia, 12 de abril de 2026 – volante",2026-04-12,2026,Spanish,PDF,968,,,,msca09aa.org (media library),yes,,docs/archive/flyers/2026/pre-conference-assembly-april-12-2026-flyer-es.pdf,https://drive.google.com/file/d/1-QSS4AXsEvWx6rj_wXYXQCidWvuHSBBA/view,
conference-2026-conference-committee-on-inventory-implementation-report-76th-gsc-2026-04-en,Current,Conference,Conference Committee on Inventory Implementation – report (76th GSC),Comité de la Conferencia sobre Implementación del Inventario – informe (76.ª CSG),2026-04,2026,English,PDF,124,,,,msca09aa.org (media library),yes,,docs/conference/2026/conference-committee-on-inventory-implementation-report-76th-gsc-2026-04-en.pdf,https://drive.google.com/file/d/13sKfKZzTOrWJR-nU6gY1sJR_CLYlndR8/view,
archive-flyers-2026-hispanic-inter-district-meeting-round-tables-flyer-march-2026-es,Current,Flyers,"Hispanic Inter-District Meeting – round tables flyer, March 2026","Reunión Interdistrital Hispana – volante de mesas redondas, marzo de 2026",2026-03-29,2026,Spanish,PDF,139,,d23,inter-district-hispanic,msca09aa.org (media library),yes,,docs/archive/flyers/2026/hispanic-inter-district-meeting-round-tables-flyer-march-2026-es.pdf,https://drive.google.com/file/d/1I0ffH5nPM9fR3Qdd8I0CWx0d7gofXdrg/view,
agendas-2026-hispanic-inter-district-meeting-agenda-march-29-2026-en,Current,Agendas,"Hispanic Inter-District Meeting – Agenda, March 29, 2026","Reunión Interdistrital Hispana – agenda, 29 de marzo de 2026",2026-03-29,2026,English,PDF,614,,d21,inter-district-hispanic,msca09aa.org (media library),yes,,docs/agendas/2026/hispanic-inter-district-meeting-agenda-march-29-2026-en.pdf,https://drive.google.com/file/d/1PZ6lBIgqUb06FluV5Q_uxKpZDkt6x5LT/view,
reports-treasurer-ap-2026-treasurer-a-p-report-march-8-2026-en-es,Current,Finances,"Treasurer (A/P) report – March 8, 2026",Informe del tesorero (cuentas por pagar) – 8 de marzo de 2026,2026-03-08,2026,Bilingual,PDF,437,,,treasurer-ap,msca09aa.org (media library),yes,,docs/reports/Treasurer AP/2026/treasurer-a-p-report-march-8-2026-en-es.pdf,https://drive.google.com/file/d/1Qux6IEwh2LNmrZk8KP2vbBGdDMcWo72E/view,
archive-flyers-2026-asc-march-8-2026-flyer-es,Current,Flyers,"ASC, March 8, 2026 – flyer","CSA, 8 de marzo de 2026 – volante",2026-03-08,2026,Spanish,PDF,952,,,,msca09aa.org (media library),yes,,docs/archive/flyers/2026/asc-march-8-2026-flyer-es.pdf,https://drive.google.com/file/d/1DyA-honMAHjqhW98k1oMEFVwSNH1LuFC/view,
reports-treasurer-ap-2026-statement-of-activity-profit-and-loss-1st-quarter-2026-en-es,Current,Finances,Statement of activity (profit & loss) – 1st quarter 2026,Estado de actividades (ingresos y gastos) – 1.er trimestre de 2026,2026-03,2026,Bilingual,PDF,552,,,treasurer-ap,msca09aa.org (media library),yes,,docs/reports/Treasurer AP/2026/statement-of-activity-profit-and-loss-1st-quarter-2026-en-es.pdf,https://drive.google.com/file/d/1dRos5JPZVlNc4k7mzyBrSbyXw4ZprKTi/view,
archive-flyers-2026-monthly-service-study-meeting-flyer-2026-03-en,Current,Flyers,Monthly service study meeting – flyer,Reunión mensual de estudio de servicio – volante,2026-03,2026,English,PDF,176,,,,msca09aa.org (media library),yes,,docs/archive/flyers/2026/monthly-service-study-meeting-flyer-2026-03-en.pdf,https://drive.google.com/file/d/1M_8_41XxuMmVWyaVZFpcD7Rh-hTobTr3/view,
archive-misc-2026-conf-76-en-redacted,Current,Delegate,76th GSC Pre-Conference schedule (Panel 76 Delegate),Calendario de Preconferencia de la 76.ª CSG (Delegada del Panel 76),2026-03,2026,English,PDF,925,,,delegate,msca09aa.org (media library),yes,,docs/archive/misc/2026/conf-76-en-redacted.pdf,https://drive.google.com/file/d/1JE_imAMu0WhZ0u2ixh0qIbrKUYONX-df/view,"Anonymity-redacted copy: full names shortened to first name + last initial, personal e-mails and phone numbers removed. Original (held for review): private copy in MSCA09AA-private"
agendas-2026-treasurer-a-p-report-february-8-2026-en-es,Current,Finances,"Treasurer (A/P) report – February 8, 2026",Informe del tesorero (cuentas por pagar) – 8 de febrero de 2026,2026-02-08,2026,Bilingual,PDF,220,ASC,,treasurer-ap,msca09aa.org (media library),yes,,docs/agendas/2026/treasurer-a-p-report-february-8-2026-en-es.pdf,https://drive.google.com/file/d/1EzQTirv0Yleie3mU7-r8jnb4bpe4vzwQ/view,
archive-flyers-2026-asc-february-8-2026-flyer-es,Current,Flyers,"ASC, February 8, 2026 – flyer","CSA, 8 de febrero de 2026 – volante",2026-02-08,2026,Spanish,PDF,971,,,,msca09aa.org (media library),yes,,docs/archive/flyers/2026/asc-february-8-2026-flyer-es.pdf,https://drive.google.com/file/d/1xYLKv3aYlRgf6TVnxJ7PodlqBFoDlNHh/view,
archive-flyers-2026-asc-february-8-2026-flyer-en,Current,Flyers,"ASC, February 8, 2026 – flyer","CSA, 8 de febrero de 2026 – volante",2026-02-08,2026,English,PDF,959,,,,msca09aa.org (media library),yes,,docs/archive/flyers/2026/asc-february-8-2026-flyer-en.pdf,https://drive.google.com/file/d/1F2IeWvSm2_59obIpf47hcxT8AR1IHOih/view,
workbooks-2026-panel-76-committee-chair-tool-kit-2026-02-es-redacted,Current,Workbooks,Panel 76 committee chair tool kit,Kit de herramientas para coordinadores de comité del Panel 76,2026-02,2026,Spanish,PDF,693,,,alternate-delegate,msca09aa.org (media library),yes,,docs/workbooks/2026/panel-76-committee-chair-tool-kit-2026-02-es-redacted.pdf,https://drive.google.com/file/d/14RYijxsxaQS4_ln5yybdWDzA-_B31ZMf/view,"Anonymity-redacted copy: full names shortened to first name + last initial, personal e-mails and phone numbers removed. Original (held for review): private copy in MSCA09AA-private The old website's page password printed on page 4 (""MSCA 09 Confidential Resources"") was removed 2026-10-07 (same Drive file; file properties cleared)."
workbooks-2026-panel-76-committee-chair-tool-kit-2026-02-en-redacted,Current,Workbooks,Panel 76 committee chair tool kit,Kit de herramientas para coordinadores de comité del Panel 76,2026-02,2026,English,PDF,691,,,alternate-delegate,msca09aa.org (media library),yes,,docs/workbooks/2026/panel-76-committee-chair-tool-kit-2026-02-en-redacted.pdf,https://drive.google.com/file/d/1VjC4yV6iYFT0n6rEWJPhiTL9cS7gTidI/view,"Anonymity-redacted copy: full names shortened to first name + last initial, personal e-mails and phone numbers removed. Original (held for review): private copy in MSCA09AA-private The old website's page password printed on page 4 (""MSCA 09 Confidential Resources"") was removed 2026-10-07 (same Drive file; file properties cleared)."
workbooks-2026-panel-76-dcmc-tool-kit-2026-02-en-redacted,Current,Workbooks,Panel 76 DCMC tool kit,Kit de herramientas para CMCD del Panel 76,2026-02,2026,English,PDF,674,,,dcm-school,msca09aa.org (media library),yes,,docs/workbooks/2026/panel-76-dcmc-tool-kit-2026-02-en-redacted.pdf,https://drive.google.com/file/d/1qQYXAvbievoSILrExbMfzdj_EjDdFk4_/view,"Anonymity-redacted copy: full names shortened to first name + last initial, personal e-mails and phone numbers removed. Original (held for review): private copy in MSCA09AA-private The old website's page password printed on page 4 (""MSCA 09 Confidential Resources"") was removed 2026-10-07 (same Drive file; file properties cleared)."
workbooks-2026-panel-76-dcmc-tool-kit-2026-02-es-redacted,Current,Workbooks,Panel 76 DCMC tool kit,Kit de herramientas para CMCD del Panel 76,2026-02,2026,Spanish,PDF,1272,,,dcm-school,msca09aa.org (media library),yes,,docs/workbooks/2026/panel-76-dcmc-tool-kit-2026-02-es-redacted.pdf,https://drive.google.com/file/d/1JEQVYpkdSzAZV7y1A2KwOQ3464NyIM5e/view,"Anonymity-redacted copy: full names shortened to first name + last initial, personal e-mails and phone numbers removed. Original (held for review): private copy in MSCA09AA-private The old website's page password printed on page 4 (""MSCA 09 Confidential Resources"") was removed 2026-10-07 (same Drive file; file properties cleared)."
conference-2026-final-list-of-agenda-items-76th-gsc-2026-02-en,Current,Conference,Final list of agenda items – 76th GSC,Lista final de puntos de agenda – 76.ª CSG,2026-02,2026,English,PDF,170,,,,msca09aa.org (media library),yes,,docs/conference/2026/final-list-of-agenda-items-76th-gsc-2026-02-en.pdf,https://drive.google.com/file/d/13aM8C4g8t6JWWcXLqgyiB29k3GLGKMzU/view,
conference-2026-final-list-of-agenda-items-76th-gsc-2026-02-es,Current,Conference,Final list of agenda items – 76th GSC,Lista final de puntos de agenda – 76.ª CSG,2026-02,2026,Spanish,PDF,176,,,,msca09aa.org (media library),yes,,docs/conference/2026/final-list-of-agenda-items-76th-gsc-2026-02-es.pdf,https://drive.google.com/file/d/1oEoKelH9itm4HX_O3mG2xZQHY6mFTquy/view,
forms-expense-reimbursement-request-form-2026-en,Current,Forms,Expense reimbursement request form (2026),Formulario de solicitud de reembolso de gastos (2026),2026-02,2026,English,PDF,209,,,treasurer-ap,msca09aa.org (media library),yes,,docs/forms/expense-reimbursement-request-form-2026-en.pdf,https://drive.google.com/file/d/1RKSMjuDLNyAnRkEPNO3hcbEbzyoI79yp/view,
forms-expense-reimbursement-request-form-2026-es,Current,Forms,Expense reimbursement request form (2026),Formulario de solicitud de reembolso de gastos (2026),2026-02,2026,Spanish,PDF,220,,,treasurer-ap,msca09aa.org (media library),yes,,docs/forms/expense-reimbursement-request-form-2026-es.pdf,https://drive.google.com/file/d/1gP6Z1gpp0OA-1eB2vj9v8moKInGfzYef/view,
agendas-2026-treasurer-a-p-report-january-11-2026-en-es,Current,Finances,"Treasurer (A/P) report – January 11, 2026",Informe del tesorero (cuentas por pagar) – 11 de enero de 2026,2026-01-11,2026,Bilingual,PDF,239,ASA,,treasurer-ap,msca09aa.org (media library),yes,,docs/agendas/2026/treasurer-a-p-report-january-11-2026-en-es.pdf,https://drive.google.com/file/d/1OgIuaNTxjcCF91OBn6gysr2X0v6MFNPK/view,
agendas-2026-assembly-asa-agenda-january-2026-en,Current,Agendas,Assembly (ASA) Agenda – January 2026 (version 2),Agenda de la Asamblea (ASA) – enero de 2026 (versión 2),2026-01-11,2026,English,PDF,195,ASA,,,msca09aa.org (media library),yes,,docs/agendas/2026/assembly-asa-agenda-january-2026-en.pdf,https://drive.google.com/file/d/1RZW56pB4fMgt9F7paqLjDpEqa8zCrdd3/view,
agendas-2026-assembly-asa-agenda-january-2026-es,Current,Agendas,Assembly (ASA) Agenda – January 2026 (version 2),Agenda de la Asamblea (ASA) – enero de 2026 (versión 2),2026-01-11,2026,Spanish,PDF,115,ASA,,,msca09aa.org (media library),yes,,docs/agendas/2026/assembly-asa-agenda-january-2026-es.pdf,https://drive.google.com/file/d/1W9fgrmxYFliNXa5WhIEKwFcSqpBxlG_G/view,
agendas-2026-assembly-asa-agenda-january-11-2026-es,Current,Agendas,Assembly (ASA) Agenda – January 2026,Agenda de la Asamblea (ASA) – enero de 2026,2026-01-11,2026,Spanish,PDF,728,ASA,,,msca09aa.org (media library),yes,,docs/agendas/2026/assembly-asa-agenda-january-11-2026-es.pdf,https://drive.google.com/file/d/1sF2tEmQ2jISdSeGH3XmVgtrpJ5svIcYd/view,
agendas-2026-assembly-asa-agenda-january-11-2026-en,Current,Agendas,Assembly (ASA) Agenda – January 2026,Agenda de la Asamblea (ASA) – enero de 2026,2026-01-11,2026,English,PDF,742,ASA,,,msca09aa.org (media library),yes,,docs/agendas/2026/assembly-asa-agenda-january-11-2026-en.pdf,https://drive.google.com/file/d/17YKaVbSYt8hQ57SCv4gStqoMOwSAU1VJ/view,
archive-flyers-2026-january-2026-assembly-panel-76-committee-chair-elections-flyer-en,Current,Flyers,January 2026 Assembly – Panel 76 committee chair elections (flyer),Asamblea de enero de 2026 – elecciones de coordinadores de comité del Panel 76 (volante),2026-01,2026,English,PDF,224,,d02,,msca09aa.org (media library),yes,,docs/archive/flyers/2026/january-2026-assembly-panel-76-committee-chair-elections-flyer-en.pdf,https://drive.google.com/file/d/10hdDxl8Ouy_8pNVTVDa7h6ky3oFVKw8x/view,
calendars-2026-approved-msca09-calendar-en,Current,Calendar,Area calendar 2026,Calendario del Área 2026,2026,2026,Bilingual,PDF,66,,,,msca09aa.org,yes,,docs/calendars/2026-approved-msca09-calendar-en.pdf,https://drive.google.com/file/d/1-4z5qDLNM5zXbP3P2nQ1BIcea9g6VNA1/view,
flyers-msca09-service-meetings-calendar,Current,Calendar,Area calendar 2026,Calendario del Área 2026,2026,2026,English,PDF,229,,,,msca09aa.org,yes,,docs/flyers/msca09-service-meetings-calendar.pdf,https://drive.google.com/file/d/14BEJqa90-kHXYeVKfvSbXtGvVDfg2glM/view,
agendas-2025-asc-agenda-december-2025-en,Current,Agendas,ASC Agenda – December 2025,Agenda del CSA – diciembre de 2025,2025-12-14,2025,English,PDF,219,ASC,,,msca09aa.org (media library),yes,,docs/agendas/2025/asc-agenda-december-2025-en.pdf,https://drive.google.com/file/d/1wZHGbel54c4L-DC_68Ixv_LWZXAvSf-M/view,
agendas-2025-asc-agenda-december-2025-es,Current,Agendas,ASC Agenda – December 2025,Agenda del CSA – diciembre de 2025,2025-12-14,2025,Spanish,PDF,219,ASC,,,msca09aa.org (media library),yes,,docs/agendas/2025/asc-agenda-december-2025-es.pdf,https://drive.google.com/file/d/15df_wwETpX1ZxfNJHM2u9NNJx5ZhPppq/view,"Re-redacted 2026-10-06: names shortened to first name + initial; personal contact details, addresses and sobriety dates removed (scripts/scan-documents.py)."
gso-2025-message-from-the-gso-general-manager-building-retrofit-update-december-2025-es,Current,GSO,Message from the GSO General Manager: building retrofit update (December 2025),Mensaje del gerente general de la OSG: actualización sobre la remodelación del edificio (diciembre de 2025),2025-12-05,2025,Spanish,PDF,198,,,,msca09aa.org (media library),yes,,docs/gso/2025/message-from-the-gso-general-manager-building-retrofit-update-december-2025-es.pdf,https://drive.google.com/file/d/12J8aKRQE0Jv79sfmXXw_AAfZtYwkTYUD/view,
reports-delegate-2026-delegate-s-report-highlights-december-2026-en-redacted,Current,Delegate,Delegate's report highlights – December 2025,Lo más destacado del informe del delegado – diciembre de 2025,2025-12,2025,English,PDF,647,,,delegate,msca09aa.org (media library),yes,,docs/reports/Delegate/2026/delegate-s-report-highlights-december-2026-en-redacted.pdf,https://drive.google.com/file/d/1j3gyXADC3FkPrFbwIZ0Q8P74peA6i75K/view,"Anonymity-redacted copy: full names shortened to first name + last initial, personal e-mails and phone numbers removed. Original (held for review): private copy in MSCA09AA-private"
archive-flyers-2025-asc-december-14-2025-flyer-es,Current,Flyers,"ASC, December 14, 2025 – flyer","CSA, 14 de diciembre de 2025 – volante",2025-12,2025,Spanish,PDF,271,,,,msca09aa.org (media library),yes,,docs/archive/flyers/2025/asc-december-14-2025-flyer-es.pdf,https://drive.google.com/file/d/1fmx4-P0A7Ng-Xu4t5TvRV8LxGx3rPfUR/view,
archive-flyers-2025-asc-december-14-2025-flyer-en,Current,Flyers,"ASC, December 14, 2025 – flyer","CSA, 14 de diciembre de 2025 – volante",2025-12,2025,English,PDF,380,,,,msca09aa.org (media library),yes,,docs/archive/flyers/2025/asc-december-14-2025-flyer-en.pdf,https://drive.google.com/file/d/1kqtClE8Vtvvlw6L2_bShBezW1Bq8IQKv/view,
finances-2025-proposed-area-budget-for-2026-revised-november-30-2025-not-yet-approved-en,Current,Finances,"Proposed Area budget for 2026 (revised November 30, 2025; not yet approved)",Presupuesto propuesto del Área para 2026 (revisado el 30 de noviembre de 2025; sin aprobar),2025-11-30,2025,English,PDF,497,,,finance,msca09aa.org (media library),yes,,docs/finances/2025/proposed-area-budget-for-2026-revised-november-30-2025-not-yet-approved-en.pdf,https://drive.google.com/file/d/1T2kqwevAUK8EqxqkdfaYo-8dN-7a76OV/view,
archive-flyers-2025-district-19-longtimers-traditions-panel-november-2025-flyer-en,Current,Flyers,"District 19 Longtimers' Traditions panel, November 2025 – flyer","Distrito 19 – panel de veteranos sobre las Tradiciones, noviembre de 2025 – volante",2025-11,2025,English,PDF,960,,d19,,msca09aa.org (media library),yes,,docs/archive/flyers/2025/district-19-longtimers-traditions-panel-november-2025-flyer-en.pdf,https://drive.google.com/file/d/1Stln7cy8A_Ko1y2kmJrUrp2KJDUwPopO/view,
archive-flyers-2025-district-19-longtimers-traditions-panel-november-2025-flyer-es,Current,Flyers,"District 19 Longtimers' Traditions panel, November 2025 – flyer","Distrito 19 – panel de veteranos sobre las Tradiciones, noviembre de 2025 – volante",2025-11,2025,Spanish,PDF,1014,,d19,,msca09aa.org (media library),yes,,docs/archive/flyers/2025/district-19-longtimers-traditions-panel-november-2025-flyer-es.pdf,https://drive.google.com/file/d/105tKzLyDy3KoUQ-TRk9wgmVzzElwboR0/view,
agendas-2025-asc-agenda-november-2025-en,Current,Agendas,ASC Agenda – November 2025,Agenda del CSA – noviembre de 2025,2025-11,2025,English,Word,12,ASC,,,msca09aa.org (media library),yes,,docs/agendas/2025/asc-agenda-november-2025-en.docx,https://drive.google.com/file/d/160MqJwvANZBSUh0Prs7wDDJdA7teqchv/view,
archive-flyers-2025-servathon-october-11-2025-flyer-en,Current,Flyers,"Servathon, October 11, 2025 – flyer","Servathon, 11 de octubre de 2025 – volante",2025-10-11,2025,English,PDF,876,,,,msca09aa.org (media library),yes,,docs/archive/flyers/2025/servathon-october-11-2025-flyer-en.pdf,https://drive.google.com/file/d/1WHhuOkEAoDQahidFkk2h__vwLEuOxjfh/view,
archive-flyers-2025-servathon-october-11-2025-flyer-es,Current,Flyers,"Servathon, October 11, 2025 – flyer","Servathon, 11 de octubre de 2025 – volante",2025-10-11,2025,Spanish,PDF,1412,,,,msca09aa.org (media library),yes,,docs/archive/flyers/2025/servathon-october-11-2025-flyer-es.pdf,https://drive.google.com/file/d/1NrfM6aBh5OgutyHjQnUhv-6jkkOCp-2F/view,
agendas-2025-election-assembly-panel-76-agenda-october-2025-en,Current,Agendas,Election Assembly (Panel 76) Agenda – October 2025,Agenda de la Asamblea de Elecciones (Panel 76) – octubre de 2025,2025-10,2025,English,Word,113,ASA,,,msca09aa.org (media library),yes,,docs/agendas/2025/election-assembly-panel-76-agenda-october-2025-en.docx,https://drive.google.com/file/d/1LL7-2WHmyWNe01V0kIFRfJFNoxLBqOmb/view,
archive-districts-d8-2025-district-8-final-october-2025-en-redacted,Current,District,District 8 Minutes – October 2025,Actas del Distrito 8 – octubre de 2025,2025-10,2025,English,PDF,10501,,d08,,msca09aa.org (media library),yes,,docs/archive/districts/d8/2025/district-8-final-october-2025-en-redacted.pdf,https://drive.google.com/file/d/1-v3etPtl1NMty-xn1AO9gq0dDEHAKrrU/view,"Anonymity-redacted copy: full names shortened to first name + last initial, personal e-mails and phone numbers removed. Original (held for review): private copy in MSCA09AA-private Re-redacted 2026-10-06 after the pre-launch scan (personal phone numbers, personal e-mail addresses, full names removed; checked again with both scanners and OCR)."
reports-treasurer-ap-2025-statement-of-activity-profit-and-loss-january-september-2025-en-2,Current,Finances,Statement of activity (profit & loss) – January–September 2025,Estado de actividades (ingresos y gastos) – enero a septiembre de 2025,2025-09-30,2025,English,PDF,37,,,treasurer-ap,msca09aa.org (media library),yes,,docs/reports/Treasurer AP/2025/statement-of-activity-profit-and-loss-january-september-2025-en-2.pdf,https://drive.google.com/file/d/1kBCjHiP8p7kkqlIo2vNpdaiUUDIrqOWm/view,
conference-2026-delegate-s-report-highlights-3rd-quarter-2026-en-redacted,Current,Conference,Delegate's report highlights – 3rd quarter 2025,Lo más destacado del informe del delegado – 3.er trimestre de 2025,2025-09-18,2025,English,PDF,1066,,,,msca09aa.org (media library),yes,,docs/conference/2026/delegate-s-report-highlights-3rd-quarter-2026-en-redacted.pdf,https://drive.google.com/file/d/1oKqS_ykEpG4OK8BMAKJfSrO2fCADaEM8/view,"Anonymity-redacted copy: full names shortened to first name + last initial, personal e-mails and phone numbers removed. Original (held for review): private copy in MSCA09AA-private"
agendas-2025-assembly-asa-agenda-september-2025-en,Current,Agendas,Assembly (ASA) Agenda – September 2025,Agenda de la Asamblea (ASA) – septiembre de 2025,2025-09-14,2025,English,PDF,413,ASA,,,msca09aa.org (media library),yes,,docs/agendas/2025/assembly-asa-agenda-september-2025-en.pdf,https://drive.google.com/file/d/1u3dpivAKvofXkb-bWeLFgJJTeaCLgV6v/view,
agendas-2025-assembly-asa-agenda-september-2025-es,Current,Agendas,Assembly (ASA) Agenda – September 2025,Agenda de la Asamblea (ASA) – septiembre de 2025,2025-09-14,2025,Spanish,PDF,207,ASA,,,msca09aa.org (media library),yes,,docs/agendas/2025/assembly-asa-agenda-september-2025-es.pdf,https://drive.google.com/file/d/1NnOoV7vVjluVeihHestw1mdHyGW8uqhH/view,
reports-treasurer-ap-2025-statement-of-activity-profit-and-loss-january-september-2025-en,Current,Finances,Statement of activity (profit & loss) – January–September 2025,Estado de actividades (ingresos y gastos) – enero a septiembre de 2025,2025-09-12,2025,English,PDF,37,,,treasurer-ap,msca09aa.org (media library),yes,,docs/reports/Treasurer AP/2025/statement-of-activity-profit-and-loss-january-september-2025-en.pdf,https://drive.google.com/file/d/1YMjTaBrIwLP9HQ5O2nhrI_uATmopteGr/view,
archive-districts-d8-2025-district-8-minutes-september-2025-en-redacted,Current,District,District 8 Minutes – September 2025,Actas del Distrito 8 – septiembre de 2025,2025-09,2025,English,PDF,384,,d08,,msca09aa.org (media library),yes,,docs/archive/districts/d8/2025/district-8-minutes-september-2025-en-redacted.pdf,https://drive.google.com/file/d/12u3GmzypMJl1_NargFasQcJKYzPvKnIH/view,"Anonymity-redacted copy: full names shortened to first name + last initial, personal e-mails and phone numbers removed. Original (held for review): private copy in MSCA09AA-private"
motions-2025-area-motions-2025-through-august-draft-en,Current,Motions,"Area motions 2025, through August (draft)","Mociones del Área 2025, hasta agosto (borrador)",2025-08-14,2025,English,PDF,184,,,,msca09aa.org (media library),yes,,docs/motions/2025/area-motions-2025-through-august-draft-en.pdf,https://drive.google.com/file/d/1ovKLFcFDYidIZKLO22lCf9hm0vuhK8Ca/view,
motions-motion-e-background-en,Current,Motions,Motion E - Background,Moción E - Material de referencia,2025-08,2025,English,Word,16,,,,msca09aa.org,yes,,docs/motions/motion-e-background-en.docx,https://drive.google.com/file/d/1j0AqwY6r6NFb0hhw3JwUy6wbXNXYIqs0/view,
motions-motion-c-background-en,Current,Motions,Motion C - Background,Moción C - Material de referencia,2025-08,2025,English,Word,520,,,,msca09aa.org,yes,,docs/motions/motion-c-background-en.docx,https://drive.google.com/file/d/1KV7c789qjBX8jPTnjGDka_IbDxvL3Bpo/view,
motions-motion-a-background-en,Current,Motions,Motion A - Background,Moción A - Material de referencia,2025-08,2025,English,Word,15,,,,msca09aa.org,yes,,docs/motions/motion-a-background-en.docx,https://drive.google.com/file/d/1Yq5FWRDj5qU4489lpx6LJ2FkRKnI-pxj/view,
archive-districts-d8-2025-district-8-minutes-august-2025-en-redacted,Current,District,District 8 Minutes – August 2025,Actas del Distrito 8 – agosto de 2025,2025-08,2025,English,PDF,376,,d08,,msca09aa.org (media library),yes,,docs/archive/districts/d8/2025/district-8-minutes-august-2025-en-redacted.pdf,https://drive.google.com/file/d/1_wZfabtNofXh-xa8KBuprLy1-eMbWyNt/view,"Anonymity-redacted copy: full names shortened to first name + last initial, personal e-mails and phone numbers removed. Original (held for review): private copy in MSCA09AA-private"
archive-districts-d8-2025-district-8-minutes-july-2025-en-redacted,Current,District,District 8 Minutes – July 2025,Actas del Distrito 8 – julio de 2025,2025-07,2025,English,PDF,754,,d08,,msca09aa.org (media library),yes,,docs/archive/districts/d8/2025/district-8-minutes-july-2025-en-redacted.pdf,https://drive.google.com/file/d/1Wzhqclhwtc-Tff6yiK-KfkoFTSGCFLQg/view,"Anonymity-redacted copy: full names shortened to first name + last initial, personal e-mails and phone numbers removed. Original (held for review): private copy in MSCA09AA-private Re-redacted 2026-10-06: names shortened to first name + initial; personal contact details, addresses and sobriety dates removed (scripts/scan-documents.py). Re-redacted 2026-10-06 after the pre-launch scan (personal phone numbers removed; checked again with both scanners and OCR)."
archive-districts-d5-2025-district-5-back-on-site-new-meeting-day-july-2025-en,Current,District,"District 5 – back on site, new meeting day (July 2025)","Distrito 5 – de nuevo presencial, nuevo día de reunión (julio de 2025)",2025-07,2025,English,PDF,227,,d05,,msca09aa.org (media library),yes,,docs/archive/districts/d5/2025/district-5-back-on-site-new-meeting-day-july-2025-en.pdf,https://drive.google.com/file/d/1xBP10_Y8PauRD6vwgxV3MJMVh5OyNEbM/view,
archive-districts-d5-2025-d5-newsletter-2025-3rd-qtr-issue-37-en-redacted,Current,Newsletters,District 5 Newsletter – 3rd quarter 2025 (issue 37),Boletín del Distrito 5 – 3.er trimestre de 2025 (número 37),2025-07,2025,English,PDF,2910,,d05,,msca09aa.org (media library),yes,,docs/archive/districts/d5/2025/d5-newsletter-2025-3rd-qtr-issue-37-en-redacted.pdf,https://drive.google.com/file/d/1CpV6Ha6o5dxARqUF7ssuPWRBKjCxAwu_/view,"Anonymity-redacted copy: full names shortened to first name + last initial, personal e-mails and phone numbers removed. Original (held for review): private copy in MSCA09AA-private Re-redacted 2026-10-06 after the pre-launch scan (personal phone numbers, sobriety dates / birthday-list years removed; checked again with both scanners and OCR)."
archive-flyers-2025-international-convention-vancouver-pacific-region-hospitality-information-2025-07-en,Current,Flyers,"2025 International Convention, Vancouver – Pacific Region hospitality information","Convención Internacional 2025, Vancouver – información de hospitalidad de la Región del Pacífico",2025-07,2025,English,PDF,537,,,,msca09aa.org (media library),yes,,docs/archive/flyers/2025/international-convention-vancouver-pacific-region-hospitality-information-2025-07-en.pdf,https://drive.google.com/file/d/11KS6iM0vU7NNh_hhnYiHqpX_f0Xbe1xq/view,
archive-flyers-2025-international-convention-vancouver-pacific-region-hospitality-information-2025-07-es,Current,Flyers,"2025 International Convention, Vancouver – Pacific Region hospitality information","Convención Internacional 2025, Vancouver – información de hospitalidad de la Región del Pacífico",2025-07,2025,Spanish,PDF,240,,,,msca09aa.org (media library),yes,,docs/archive/flyers/2025/international-convention-vancouver-pacific-region-hospitality-information-2025-07-es.pdf,https://drive.google.com/file/d/15Sn1keXV6XGsIuIrBC02aSddLTJ_zMQr/view,
reports-treasurer-ap-2025-statement-of-activity-profit-and-loss-january-june-2025-en,Current,Finances,Statement of activity (profit & loss) – January–June 2025,Estado de actividades (ingresos y gastos) – enero a junio de 2025,2025-06-30,2025,English,PDF,36,,,treasurer-ap,msca09aa.org (media library),yes,,docs/reports/Treasurer AP/2025/statement-of-activity-profit-and-loss-january-june-2025-en.pdf,https://drive.google.com/file/d/1m8vO2rLQrLisuo5mWSkJi7x1ZalCZR18/view,
reports-treasurer-ap-2025-balance-sheet-as-of-june-30-2025-en,Current,Finances,"Balance sheet – as of June 30, 2025",Balance general – al 30 de junio de 2025,2025-06-30,2025,English,PDF,31,,,treasurer-ap,msca09aa.org (media library),yes,,docs/reports/Treasurer AP/2025/balance-sheet-as-of-june-30-2025-en.pdf,https://drive.google.com/file/d/1lNl7HsOVolKGo1DkxML2Pcby1weg2iHo/view,
gso-2025-memo-on-eligibility-for-regional-trustee-candidates-june-2025-en,Current,GSO,Memo on eligibility for regional trustee candidates (June 2025),Memorando sobre la elegibilidad de los candidatos a custodio regional (junio de 2025),2025-06-23,2025,English,PDF,50,,,,msca09aa.org (media library),yes,,docs/gso/2025/memo-on-eligibility-for-regional-trustee-candidates-june-2025-en.pdf,https://drive.google.com/file/d/1v7GgmnI5cy1544dPEqDYKJduyRnjehTf/view,"Re-redacted 2026-10-06: names shortened to first name + initial; personal contact details, addresses and sobriety dates removed (scripts/scan-documents.py)."
gso-2025-pacific-and-eastern-canada-regional-trustee-elections-announcement-2025-06-en,Current,GSO,2026 Pacific and Eastern Canada regional trustee elections – announcement,Elecciones de custodios regionales del Pacífico y del Este de Canadá 2026 – anuncio,2025-06-10,2025,English,PDF,227,,,,msca09aa.org (media library),yes,,docs/gso/2025/pacific-and-eastern-canada-regional-trustee-elections-announcement-2025-06-en.pdf,https://drive.google.com/file/d/1xT1kDQsozMcHGv6txlDd8OWBJVP0gZqB/view,
agendas-2025-asc-agenda-june-2025-en,Current,Agendas,ASC Agenda – June 2025,Agenda del CSA – junio de 2025,2025-06-08,2025,English,PDF,168,ASC,,,msca09aa.org (media library),yes,,docs/agendas/2025/asc-agenda-june-2025-en.pdf,https://drive.google.com/file/d/1RvOdN4YoP_mcA-wFm7ihlFps7eQ7CvwM/view,"Re-redacted 2026-10-06: names shortened to first name + initial; personal contact details, addresses and sobriety dates removed (scripts/scan-documents.py)."
agendas-2025-asc-agenda-june-2025-es,Current,Agendas,ASC Agenda – June 2025,Agenda del CSA – junio de 2025,2025-06-08,2025,Spanish,PDF,116,ASC,,,msca09aa.org (media library),yes,,docs/agendas/2025/asc-agenda-june-2025-es.pdf,https://drive.google.com/file/d/1Sxg60eWLqz3L_gOPFdbsFTAZQrBsjWv-/view,
archive-districts-d8-2025-complete-with-docusign-district-8-final-june-2025-06-en-redacted,Current,District,District 8 Minutes – June 2025,Actas del Distrito 8 – junio de 2025,2025-06,2025,English,PDF,746,,d08,,msca09aa.org (media library),yes,,docs/archive/districts/d8/2025/complete-with-docusign-district-8-final-june-2025-06-en-redacted.pdf,https://drive.google.com/file/d/1bnh5CxP1Op7ZUhbu-KdONpLVwRgUUODj/view,"Anonymity-redacted copy: full names shortened to first name + last initial, personal e-mails and phone numbers removed. Original (held for review): private copy in MSCA09AA-private Re-redacted 2026-10-06: names shortened to first name + initial; personal contact details, addresses and sobriety dates removed (scripts/scan-documents.py). Re-redacted 2026-10-06 after the pre-launch scan (personal phone numbers removed; checked again with both scanners and OCR)."
archive-flyers-2025-asc-june-8-2025-flyer-en,Current,Flyers,"ASC, June 8, 2025 – flyer","CSA, 8 de junio de 2025 – volante",2025-06,2025,English,PDF,386,,,,msca09aa.org (media library),yes,,docs/archive/flyers/2025/asc-june-8-2025-flyer-en.pdf,https://drive.google.com/file/d/1wrpmKIyfIfpIuWb_ssQysSs4WQ2R37c9/view,
archive-flyers-2025-asc-june-8-2025-flyer-es,Current,Flyers,"ASC, June 8, 2025 – flyer","CSA, 8 de junio de 2025 – volante",2025-06,2025,Spanish,PDF,279,,,,msca09aa.org (media library),yes,,docs/archive/flyers/2025/asc-june-8-2025-flyer-es.pdf,https://drive.google.com/file/d/1aBFwDw42n9nXHUCDOUApd3kceG2Jwzpj/view,
archive-flyers-2025-post-conference-assembly-delegate-s-report-may-18-2025-flyer-en-redacted,Current,Flyers,"Post-Conference Assembly / Delegate's report, May 18, 2025 – flyer","Asamblea de Posconferencia / informe del Delegado, 18 de mayo de 2025 – volante",2025-05-18,2025,English,PDF,503,,,,msca09aa.org (media library),yes,,docs/archive/flyers/2025/post-conference-assembly-delegate-s-report-may-18-2025-flyer-en-redacted.pdf,https://drive.google.com/file/d/1nQKD1eZiyGExDxcU-nrvo-hp-8ouxaiK/view,"Anonymity-redacted copy: full names shortened to first name + last initial, personal e-mails and phone numbers removed. Original (held for review): private copy in MSCA09AA-private"
archive-flyers-2025-post-conference-assembly-delegate-s-report-may-18-2025-flyer-es-redacted,Current,Flyers,"Post-Conference Assembly / Delegate's report, May 18, 2025 – flyer","Asamblea de Posconferencia / informe del Delegado, 18 de mayo de 2025 – volante",2025-05-18,2025,Spanish,PDF,369,,,,msca09aa.org (media library),yes,,docs/archive/flyers/2025/post-conference-assembly-delegate-s-report-may-18-2025-flyer-es-redacted.pdf,https://drive.google.com/file/d/1jWJT7MZUiMDfJWD5WQ8QDp3KxDoH-T2K/view,"Anonymity-redacted copy: full names shortened to first name + last initial, personal e-mails and phone numbers removed. Original (held for review): private copy in MSCA09AA-private"
agendas-2025-assembly-asa-agenda-may-2025-en,Current,Agendas,Assembly (ASA) Agenda – May 2025,Agenda de la Asamblea (ASA) – mayo de 2025,2025-05-18,2025,English,PDF,112,ASA,,,msca09aa.org (media library),yes,,docs/agendas/2025/assembly-asa-agenda-may-2025-en.pdf,https://drive.google.com/file/d/1SkkgcTQK4mobDj9X-FAB9cJuMcpyEIuH/view,"Re-redacted 2026-10-06: names shortened to first name + initial; personal contact details, addresses and sobriety dates removed (scripts/scan-documents.py)."
agendas-2025-assembly-asa-agenda-may-2025-es,Current,Agendas,Assembly (ASA) Agenda – May 2025,Agenda de la Asamblea (ASA) – mayo de 2025,2025-05-18,2025,Spanish,PDF,131,ASA,,,msca09aa.org (media library),yes,,docs/agendas/2025/assembly-asa-agenda-may-2025-es.pdf,https://drive.google.com/file/d/1FFQbffTj0_X9mjn9wxz2QPxFyeSNw0AI/view,
motions-2025-motion-d-area-assembly-support-motion-2025-en,Current,Motions,Motion D – Area Assembly support motion (2025),Moción D – moción de apoyo de la Asamblea de Área (2025),2025-05,2025,English,PDF,48,,,,msca09aa.org (media library),yes,,docs/motions/2025/motion-d-area-assembly-support-motion-2025-en.pdf,https://drive.google.com/file/d/12qTLXxFPNcelFpk1UgX4qMua3wHArY3X/view,
motions-2025-motion-b-district-22-proposal-to-rescind-the-four-corners-motion-2025-05-en,Current,Motions,Motion B – District 22 proposal to rescind the 'Four Corners' motion,Moción B – propuesta del Distrito 22 para anular la moción de las 'cuatro esquinas',2025-05,2025,Bilingual,PDF,60,,d22,,msca09aa.org (media library),yes,,docs/motions/2025/motion-b-district-22-proposal-to-rescind-the-four-corners-motion-2025-05-en.pdf,https://drive.google.com/file/d/1SRnAsxEpWNcpYBnl9fcbV1ScVZrvPDZd/view,
archive-districts-d8-2025-district-8-minutes-may-2025-en-redacted,Current,District,District 8 Minutes – May 2025,Actas del Distrito 8 – mayo de 2025,2025-05,2025,English,PDF,3665,,d08,,msca09aa.org (media library),yes,,docs/archive/districts/d8/2025/district-8-minutes-may-2025-en-redacted.pdf,https://drive.google.com/file/d/1ClR45Y4I6do9nsuxCawaZdasVvoZPmiA/view,"Anonymity-redacted copy: full names shortened to first name + last initial, personal e-mails and phone numbers removed. Original (held for review): private copy in MSCA09AA-private Re-redacted 2026-10-06: names shortened to first name + initial; personal contact details, addresses and sobriety dates removed (scripts/scan-documents.py). Re-redacted 2026-10-06 after the pre-launch scan (personal phone numbers removed; checked again with both scanners and OCR)."
conference-2025-75th-gsc-quick-reference-guide-2025-05-en,Current,Conference,75th GSC quick reference guide,Guía rápida de la 75.ª CSG,2025-05,2025,English,PDF,431,,,,msca09aa.org (media library),yes,,docs/conference/2025/75th-gsc-quick-reference-guide-2025-05-en.pdf,https://drive.google.com/file/d/1T7QHznfre22HfXCWa2opkgDS-yOIuYvQ/view,
finances-2025-area-budget-2025-revised-april-20-2025-en,Current,Finances,"Area budget 2025 (revised April 20, 2025)",Presupuesto del Área 2025 (revisado el 20 de abril de 2025),2025-04-20,2025,English,PDF,463,,,finance,msca09aa.org (media library),yes,,docs/finances/2025/area-budget-2025-revised-april-20-2025-en.pdf,https://drive.google.com/file/d/1oNNm4OH7XuyprY9UvfT5fBH-NZrDpu0Z/view,
archive-flyers-2025-pre-conference-assembly-april-13-2025-flyer-en,Current,Flyers,"Pre-Conference Assembly, April 13, 2025 – flyer","Asamblea de Preconferencia, 13 de abril de 2025 – volante",2025-04-13,2025,English,PDF,446,,,,msca09aa.org (media library),yes,,docs/archive/flyers/2025/pre-conference-assembly-april-13-2025-flyer-en.pdf,https://drive.google.com/file/d/1JATxLjome4GfVe5tUPbVZWq8hHsDNH_j/view,
archive-flyers-2025-pre-conference-assembly-april-13-2025-flyer-es,Current,Flyers,"Pre-Conference Assembly, April 13, 2025 – flyer","Asamblea de Preconferencia, 13 de abril de 2025 – volante",2025-04-13,2025,Spanish,PDF,339,,,,msca09aa.org (media library),yes,,docs/archive/flyers/2025/pre-conference-assembly-april-13-2025-flyer-es.pdf,https://drive.google.com/file/d/1w-GvOKN4pPkFelZKEqzFMLccG_-lJg4U/view,
archive-districts-d8-2025-district-8-minutes-april-2025-en-redacted,Current,District,District 8 Minutes – April 2025,Actas del Distrito 8 – abril de 2025,2025-04,2025,English,PDF,378,,d08,,msca09aa.org (media library),yes,,docs/archive/districts/d8/2025/district-8-minutes-april-2025-en-redacted.pdf,https://drive.google.com/file/d/1i-qq2fLjclJOOQZo5D1v4x_ION16xcRw/view,"Anonymity-redacted copy: full names shortened to first name + last initial, personal e-mails and phone numbers removed. Original (held for review): private copy in MSCA09AA-private"
archive-districts-d5-2025-newsletter-2025-2nd-qtr-issue-36-en-redacted,Current,Newsletters,District 5 Newsletter – 2nd quarter 2025 (issue 36),Boletín del Distrito 5 – 2.º trimestre de 2025 (número 36),2025-04,2025,English,PDF,2833,,d05,,msca09aa.org (media library),yes,,docs/archive/districts/d5/2025/newsletter-2025-2nd-qtr-issue-36-en-redacted.pdf,https://drive.google.com/file/d/1xx8dje8RPeUTfG7UbH8ob7YGDcXjKTHu/view,"Anonymity-redacted copy: full names shortened to first name + last initial, personal e-mails and phone numbers removed. Original (held for review): private copy in MSCA09AA-private Re-redacted 2026-10-06 after the pre-launch scan (personal phone numbers, sobriety dates / birthday-list years removed; checked again with both scanners and OCR)."
archive-flyers-2025-pre-conference-boot-camp-2025-poster-es,Current,Flyers,Pre-Conference boot camp 2025 – poster,Bootcamp previo a la Conferencia 2025 – cartel,2025-03,2025,Spanish,PDF,614,,,,msca09aa.org (media library),yes,,docs/archive/flyers/2025/pre-conference-boot-camp-2025-poster-es.pdf,https://drive.google.com/file/d/1enAV4NJaLMmanwYfCNxWAiOtFEMDLorl/view,
motions-2025-motion-plain-language-big-book-in-spanish-2025-en,Current,Motions,Motion – Plain Language Big Book in Spanish (2025),Moción – el Libro Grande en lenguaje sencillo en español (2025),2025-03,2025,English,Word,16,,,literature,msca09aa.org (media library),yes,,docs/motions/2025/motion-plain-language-big-book-in-spanish-2025-en.docx,https://drive.google.com/file/d/1sHwoEpI7DiKvFgjIe_GFsM3URj3V0g9n/view,
conference-final-conference-report-plbb-excerpts-en,Current,Conference,Final Conference Report - PLBB excerpts,Informe final de la Conferencia - PLBB extractos,2025-03,2025,English,PDF,65,,,,msca09aa.org,yes,,docs/conference/final-conference-report-plbb-excerpts-en.pdf,https://drive.google.com/file/d/1nDEHdVxRk0Lb2ORvbgBWQrPrZQ18IeSS/view,
conference-extractos-del-informe-final-de-la-conferencia-sobre-el-plbb-es,Current,Conference,Extractos del Informe Final de la Conferencia sobre el PLBB,Extractos del Informe final de la Conferencia sobre el PLBB,2025-03,2025,Spanish,PDF,71,,,,msca09aa.org,yes,,docs/conference/extractos-del-informe-final-de-la-conferencia-sobre-el-plbb-es.pdf,https://drive.google.com/file/d/1hArmA7sPEwDzcHf-VktZA-rAEcDoJw4p/view,
reports-2025-district-8-report-to-the-area-march-2025-en-redacted,Current,District,District 8 Minutes – March 2025,Actas del Distrito 8 – marzo de 2025,2025-03,2025,English,PDF,3260,,d08,,msca09aa.org (media library),yes,,docs/reports/2025/district-8-report-to-the-area-march-2025-en-redacted.pdf,https://drive.google.com/file/d/1gAJWai85GbqcD85ymliyMyVJcokjDGvH/view,"Anonymity-redacted copy: full names shortened to first name + last initial, personal e-mails and phone numbers removed. Original (held for review): private copy in MSCA09AA-private Re-redacted 2026-10-06: names shortened to first name + initial; personal contact details, addresses and sobriety dates removed (scripts/scan-documents.py). Re-redacted 2026-10-06 after the pre-launch scan (personal phone numbers, full names removed; checked again with both scanners and OCR)."
archive-flyers-2025-asc-march-16-2025-flyer-es,Current,Flyers,"ASC, March 16, 2025 – flyer","CSA, 16 de marzo de 2025 – volante",2025-03,2025,Spanish,PDF,288,,,,msca09aa.org (media library),yes,,docs/archive/flyers/2025/asc-march-16-2025-flyer-es.pdf,https://drive.google.com/file/d/1MLyRXLudaKA0OWbDdpIPiFHipnL1Zf73/view,
conference-2025-final-list-of-agenda-items-75th-gsc-february-11-2025-en,Current,Conference,"Final list of agenda items – 75th GSC (February 11, 2025)",Lista final de puntos de agenda – 75.ª CSG (11 de febrero de 2025),2025-02-11,2025,English,PDF,290,,,,msca09aa.org (media library),yes,,docs/conference/2025/final-list-of-agenda-items-75th-gsc-february-11-2025-en.pdf,https://drive.google.com/file/d/1Ui9Ij2lxsvpDXlR1Hr4f7g9V0Gpfn2hB/view,
conference-2025-final-list-of-agenda-items-75th-gsc-february-11-2025-es,Current,Conference,"Final list of agenda items – 75th GSC (February 11, 2025)",Lista final de puntos de agenda – 75.ª CSG (11 de febrero de 2025),2025-02-11,2025,Spanish,PDF,562,,,,msca09aa.org (media library),yes,,docs/conference/2025/final-list-of-agenda-items-75th-gsc-february-11-2025-es.pdf,https://drive.google.com/file/d/1_39bxqyNK4W55dEyHL_ukc6OtROuQKWA/view,"Re-redacted 2026-10-06: names shortened to first name + initial; personal contact details, addresses and sobriety dates removed (scripts/scan-documents.py)."
conference-2025-75th-gsc-final-agenda-change-history-february-11-2025-en,Current,Conference,"75th GSC final agenda – change history (February 11, 2025)",Agenda final de la 75.ª CSG – historial de cambios (11 de febrero de 2025),2025-02-11,2025,English,PDF,32,,,,msca09aa.org (media library),yes,,docs/conference/2025/75th-gsc-final-agenda-change-history-february-11-2025-en.pdf,https://drive.google.com/file/d/1U1RPweVzRf6xRlXxJWWotGEykiQkZUTH/view,
agendas-2025-asc-agenda-february-2025-en,Current,Agendas,ASC Agenda – February 2025,Agenda del CSA – febrero de 2025,2025-02-09,2025,English,PDF,204,ASC,,,msca09aa.org (media library),yes,,docs/agendas/2025/asc-agenda-february-2025-en.pdf,https://drive.google.com/file/d/1yZtWvDMUaCEaMD5B9NM9EZ4CLSkvbQWJ/view,
agendas-2025-asc-agenda-february-2025-es,Current,Agendas,ASC Agenda – February 2025,Agenda del CSA – febrero de 2025,2025-02-09,2025,Spanish,PDF,56,ASC,,,msca09aa.org (media library),yes,,docs/agendas/2025/asc-agenda-february-2025-es.pdf,https://drive.google.com/file/d/10nMukknH3KRPnyGKoagFgKEjJOCU2387/view,
reports-treasurer-ap-2025-statement-of-activity-profit-and-loss-4th-quarter-2024-en,Current,Finances,Statement of activity (profit & loss) – 4th quarter 2024,Estado de actividades (ingresos y gastos) – 4.º trimestre de 2024,2025-02-03,2025,English,PDF,40,,,treasurer-ap,msca09aa.org (media library),yes,,docs/reports/Treasurer AP/2025/statement-of-activity-profit-and-loss-4th-quarter-2024-en.pdf,https://drive.google.com/file/d/1h3zTVEvDo1Blx8xitv4-ndK1vSRveknD/view,
archive-districts-d8-2025-district-8-minutes-february-2025-en-redacted,Current,District,District 8 Minutes – February 2025,Actas del Distrito 8 – febrero de 2025,2025-02,2025,English,PDF,1055,,d08,,msca09aa.org (media library),yes,,docs/archive/districts/d8/2025/district-8-minutes-february-2025-en-redacted.pdf,https://drive.google.com/file/d/1W0Dq3YNt9QCVfae7lFKudc8GY5vB_iu4/view,"Anonymity-redacted copy: full names shortened to first name + last initial, personal e-mails and phone numbers removed. Original (held for review): private copy in MSCA09AA-private Re-redacted 2026-10-06: names shortened to first name + initial; personal contact details, addresses and sobriety dates removed (scripts/scan-documents.py). Re-redacted 2026-10-06 after the pre-launch scan (personal phone numbers removed; checked again with both scanners and OCR)."
finances-2025-proposed-area-budget-for-2025-january-12-2025-en,Current,Finances,"Proposed Area budget for 2025 (January 12, 2025)",Presupuesto propuesto del Área para 2025 (12 de enero de 2025),2025-01-12,2025,English,PDF,92,,,finance,msca09aa.org (media library),yes,,docs/finances/2025/proposed-area-budget-for-2025-january-12-2025-en.pdf,https://drive.google.com/file/d/1vFtux7l4ZcseYPFzk5_nXt0-p7H-mWGg/view,
archive-districts-d8-2025-complete-with-docusign-district-8-final-minu-2025-01-en-redacted,Current,District,District 8 Minutes – January 2025,Actas del Distrito 8 – enero de 2025,2025-01,2025,English,PDF,4624,,d08,,msca09aa.org (media library),yes,,docs/archive/districts/d8/2025/complete-with-docusign-district-8-final-minu-2025-01-en-redacted.pdf,https://drive.google.com/file/d/1mW54H6cqR8s6FHEX7CVAy7hybFWYZdCp/view,"Anonymity-redacted copy: full names shortened to first name + last initial, personal e-mails and phone numbers removed. Original (held for review): private copy in MSCA09AA-private Re-redacted 2026-10-06: names shortened to first name + initial; personal contact details, addresses and sobriety dates removed (scripts/scan-documents.py). Re-redacted 2026-10-06 after the pre-launch scan (personal phone numbers removed; checked again with both scanners and OCR)."
archive-districts-d5-2025-newsletter-2025-1st-qtr-issue-35-en-redacted,Current,Newsletters,District 5 Newsletter – 1st quarter 2025 (issue 35),Boletín del Distrito 5 – 1.er trimestre de 2025 (número 35),2025-01,2025,English,PDF,2975,,d05,,msca09aa.org (media library),yes,,docs/archive/districts/d5/2025/newsletter-2025-1st-qtr-issue-35-en-redacted.pdf,https://drive.google.com/file/d/1fAo7Q9NNaeHRmzmihwsgzRmgcQtSGhLH/view,"Anonymity-redacted copy: full names shortened to first name + last initial, personal e-mails and phone numbers removed. Original (held for review): private copy in MSCA09AA-private Re-redacted 2026-10-06 after the pre-launch scan (personal phone numbers, sobriety dates / birthday-list years removed; checked again with both scanners and OCR)."
conference-2025-75th-gsc-handout-es-redacted,Current,Conference,Why we need a Conference – handout (Bernard Smith excerpt),"Por qué necesitamos una Conferencia – hoja informativa (extracto de Bernard Smith, inglés)",,2025,Bilingual,PDF,425,,,,msca09aa.org (media library),yes,,docs/conference/2025/75th-gsc-handout-es-redacted.pdf,https://drive.google.com/file/d/1myxUta9qAiEYLLKDhvUWYalXgfS0V0LW/view,"Anonymity-redacted copy: full names shortened to first name + last initial, personal e-mails and phone numbers removed. Original (held for review): private copy in MSCA09AA-private Re-redacted 2026-10-06: names shortened to first name + initial; personal contact details, addresses and sobriety dates removed (scripts/scan-documents.py)."
reports-treasurer-ap-2025-statement-of-activity-profit-and-loss-1st-quarter-2025-en,Current,Finances,Statement of activity (profit & loss) – 1st quarter 2025,Estado de actividades (ingresos y gastos) – 1.er trimestre de 2025,2025,2025,English,PDF,36,,,treasurer-ap,msca09aa.org (media library),yes,,docs/reports/Treasurer AP/2025/statement-of-activity-profit-and-loss-1st-quarter-2025-en.pdf,https://drive.google.com/file/d/1PJzxGmaH7jOZQFbBaiuego4TnD9J4gI8/view,
gso-2025-gso-quarterly-financial-report-3rd-quarter-2025-es,Current,GSO,GSO quarterly financial report – 3rd quarter 2025,Informe financiero trimestral de la OSG – 3.er trimestre de 2025,2025,2025,Spanish,PDF,593,,,,msca09aa.org (media library),yes,,docs/gso/2025/gso-quarterly-financial-report-3rd-quarter-2025-es.pdf,https://drive.google.com/file/d/1z43Wj8fPUbzfZD0Sxc8b3GzGHoz9W5Ys/view,
gso-2025-gso-quarterly-financial-report-3rd-quarter-2025-en,Current,GSO,GSO quarterly financial report – 3rd quarter 2025,Informe financiero trimestral de la OSG – 3.er trimestre de 2025,2025,2025,English,PDF,1525,,,,msca09aa.org (media library),yes,,docs/gso/2025/gso-quarterly-financial-report-3rd-quarter-2025-en.pdf,https://drive.google.com/file/d/1w9u_ie-9fQJHR07Ucu5oBMUVIkjc3pRP/view,
gso-2025-gso-quarterly-financial-report-1st-quarter-2025-en,Current,GSO,GSO quarterly financial report – 1st quarter 2025,Informe financiero trimestral de la OSG – 1.er trimestre de 2025,2025,2025,English,PDF,1034,,,,msca09aa.org (media library),yes,,docs/gso/2025/gso-quarterly-financial-report-1st-quarter-2025-en.pdf,https://drive.google.com/file/d/1_wdfeEh8VFZxHn2xInfqrcbJR-V2qfdX/view,
reports-treasurer-ap-2025-budget-vs-actual-3rd-quarter-2025-en,Current,Finances,Budget vs. actual – 3rd quarter 2025,Presupuesto frente a gastos reales – 3.er trimestre de 2025,2025,2025,English,Excel,41,,,treasurer-ap,msca09aa.org (media library),yes,,docs/reports/Treasurer AP/2025/budget-vs-actual-3rd-quarter-2025-en.xlsx,https://drive.google.com/file/d/1ays0yclk-Er8uNn6TPuWRFuu19jaeymQ/view,
reports-treasurer-ap-2025-budget-vs-actual-2nd-quarter-2025-en,Current,Finances,Budget vs. actual – 2nd quarter 2025,Presupuesto frente a gastos reales – 2.º trimestre de 2025,2025,2025,English,Excel,41,,,treasurer-ap,msca09aa.org (media library),yes,,docs/reports/Treasurer AP/2025/budget-vs-actual-2nd-quarter-2025-en.xlsx,https://drive.google.com/file/d/1_KGjAR81NkBsMH9xeh-OGhxDIbdvvLxz/view,
reports-treasurer-ap-2025-budget-vs-actual-1st-quarter-2025-en,Current,Finances,Budget vs. actual – 1st quarter 2025,Presupuesto frente a gastos reales – 1.er trimestre de 2025,2025,2025,English,Excel,41,,,treasurer-ap,msca09aa.org (media library),yes,,docs/reports/Treasurer AP/2025/budget-vs-actual-1st-quarter-2025-en.xlsx,https://drive.google.com/file/d/1yx2EZKlfK0DaPi7ajifow_cpbhSZQ6qk/view,
reports-treasurer-ap-2025-balance-sheet-as-of-march-31-2025-en,Current,Finances,"Balance sheet – as of March 31, 2025",Balance general – al 31 de marzo de 2025,2025,2025,English,PDF,31,,,treasurer-ap,msca09aa.org (media library),yes,,docs/reports/Treasurer AP/2025/balance-sheet-as-of-march-31-2025-en.pdf,https://drive.google.com/file/d/1DsEEzKix3CDDtE-zMv194313BtWfInSA/view,
archive-calendars-2025-area-calendar-2025-en-es,Current,Calendar,Area calendar 2025,Calendario del Área 2025,2025,2025,Bilingual,PDF,48,,,,msca09aa.org (media library),yes,,docs/archive/calendars/2025/area-calendar-2025-en-es.pdf,https://drive.google.com/file/d/14uVKzyldYScMc_hxomk9yDEHP4CPC-ZQ/view,
forms-submission-form-gso-2025-en,Current,Forms,2025 submission form (GSO),Formulario de presentación 2025 (OSG),2025,2025,English,PDF,75,,,,msca09aa.org (media library),yes,,docs/forms/submission-form-gso-2025-en.pdf,https://drive.google.com/file/d/1mifx9CN_z7equz0-JkruUvB0NB3UQaZW/view,
archive-gso-2024-gso-quarterly-financial-report-4th-quarter-2024-es,Current,GSO,GSO quarterly financial report – 4th quarter 2024,Informe financiero trimestral de la OSG – 4.º trimestre de 2024,2024-12-31,2024,Spanish,PDF,2329,,,,msca09aa.org (media library),yes,,docs/archive/gso/2024/gso-quarterly-financial-report-4th-quarter-2024-es.pdf,https://drive.google.com/file/d/1LAHw0c84_0am1LyO399HdUdG6ZToKToZ/view,
archive-gso-2024-gso-quarterly-financial-report-4th-quarter-2024-en,Current,GSO,GSO quarterly financial report – 4th quarter 2024,Informe financiero trimestral de la OSG – 4.º trimestre de 2024,2024-12-31,2024,English,PDF,1253,,,,msca09aa.org (media library),yes,,docs/archive/gso/2024/gso-quarterly-financial-report-4th-quarter-2024-en.pdf,https://drive.google.com/file/d/1styN-qzINNvHr5YvX2foniz0LHtz8wei/view,
reports-treasurer-ap-2024-balance-sheet-as-of-december-31-2024-en,Current,Finances,"Balance sheet – as of December 31, 2024",Balance general – al 31 de diciembre de 2024,2024-12-31,2024,English,PDF,37,,,treasurer-ap,msca09aa.org (media library),yes,,docs/reports/Treasurer AP/2024/balance-sheet-as-of-december-31-2024-en.pdf,https://drive.google.com/file/d/1RAopxK8IJXh7dc8IegWnd-nzLKr_-rql/view,
reports-2024-district-17-report-to-the-area-december-8-2024-en,Current,Reports,"District 17 Report to the Area – December 8, 2024",Informe del Distrito 17 al Área – 8 de diciembre de 2024,2024-12-08,2024,English,PDF,83,,d17,ypaa,msca09aa.org (media library),yes,,docs/reports/2024/district-17-report-to-the-area-december-8-2024-en.pdf,https://drive.google.com/file/d/1bw-OEXWjtnXE8eXj3LEJgaWbwmaiDSrf/view,
minutes-2024-dec-2024-asc-minutes-en-redacted,Current,Minutes,ASC Minutes – December 2024,Actas del CSA – diciembre de 2024,2024-12-08,2024,English,PDF,355,ASC,,,msca09aa.org,yes,,docs/minutes/2024/dec-2024-asc-minutes-en-redacted.pdf,https://drive.google.com/file/d/1SshDgKLBhDoePUOHYkm2_HGDdHuz9-bF/view,"Anonymity-redacted copy: full names shortened to first name + last initial, personal e-mails and phone numbers removed. Original (held for review): docs/minutes/2024/dec-2024-asc-minutes-en.docx"
minutes-2024-dec-2024-asc-minutes-es-redacted,Current,Minutes,ASC Minutes – December 2024,Actas del CSA – diciembre de 2024,2024-12-08,2024,Spanish,PDF,395,ASC,,,msca09aa.org,yes,,docs/minutes/2024/dec-2024-asc-minutes-es-redacted.pdf,https://drive.google.com/file/d/1ze215-Z1fcaR8tPodYU_y1P2WlpA4mt6/view,"Anonymity-redacted copy: full names shortened to first name + last initial, personal e-mails and phone numbers removed. Original (held for review): docs/minutes/2024/dec-2024-asc-minutes-es.docx Re-redacted 2026-10-06: names shortened to first name + initial; personal contact details, addresses and sobriety dates removed (scripts/scan-documents.py)."
archive-newsletters-2024-area-newsletter-december-2024-en-redacted,Current,GSO,Grapevine news – December 2024,Noticias de Grapevine – diciembre de 2024,2024-12,2024,English,PDF,641,,,grapevine-la-vina,msca09aa.org (media library),yes,,docs/archive/newsletters/2024/area-newsletter-december-2024-en-redacted.pdf,https://drive.google.com/file/d/1XK3dj4T7raB8_eN073BApnYyHWHI-59_/view,"Anonymity-redacted copy: full names shortened to first name + last initial, personal e-mails and phone numbers removed. Original (held for review): private copy in MSCA09AA-private"
finances-2024-complete-with-docusign-dist-8-financials-dec-2024-12-en-redacted,Current,District,District 8 Minutes – December 2024,Actas del Distrito 8 – diciembre de 2024,2024-12,2024,English,PDF,1168,,d08,,msca09aa.org (media library),yes,,docs/finances/2024/complete-with-docusign-dist-8-financials-dec-2024-12-en-redacted.pdf,https://drive.google.com/file/d/1kQbKe1L319wnqhowoJKDK0f5U4ulYfsJ/view,"Anonymity-redacted copy: full names shortened to first name + last initial, personal e-mails and phone numbers removed. Original (held for review): private copy in MSCA09AA-private Re-redacted 2026-10-06: names shortened to first name + initial; personal contact details, addresses and sobriety dates removed (scripts/scan-documents.py). Re-redacted 2026-10-06 after the pre-launch scan (personal phone numbers removed; checked again with both scanners and OCR)."
conference-2025-delegate-s-report-highlights-3rd-quarter-2025-en-redacted,Current,Conference,Delegate's report highlights – 3rd quarter 2024,Lo más destacado del informe del delegado – 3.er trimestre de 2024,2024-12,2024,English,PDF,653,,,,msca09aa.org (media library),yes,,docs/conference/2025/delegate-s-report-highlights-3rd-quarter-2025-en-redacted.pdf,https://drive.google.com/file/d/1XgBBpdfh-ZEtOIOvBub8fMqjFiy2MPV4/view,"Anonymity-redacted copy: full names shortened to first name + last initial, personal e-mails and phone numbers removed. Original (held for review): private copy in MSCA09AA-private Re-redacted 2026-10-06: names shortened to first name + initial; personal contact details, addresses and sobriety dates removed (scripts/scan-documents.py)."
conference-2025-delegate-s-report-highlights-3rd-quarter-2025-es-redacted,Current,Conference,Delegate's report highlights – 3rd quarter 2024,Lo más destacado del informe del delegado – 3.er trimestre de 2024,2024-12,2024,Spanish,PDF,646,,,,msca09aa.org (media library),yes,,docs/conference/2025/delegate-s-report-highlights-3rd-quarter-2025-es-redacted.pdf,https://drive.google.com/file/d/1yTbeljpPMFrf1bsFSt9gWAH-UajyoSiF/view,"Anonymity-redacted copy: full names shortened to first name + last initial, personal e-mails and phone numbers removed. Original (held for review): private copy in MSCA09AA-private Re-redacted 2026-10-06: names shortened to first name + initial; personal contact details, addresses and sobriety dates removed (scripts/scan-documents.py)."
archive-conference-2024-aaws-board-highlights-december-2024-en,Current,Conference,AAWS Board highlights – December 2024,Aspectos destacados de la junta de AAWS – diciembre de 2024,2024-12,2024,English,PDF,1838,,,,msca09aa.org (media library),yes,,docs/archive/conference/2024/aaws-board-highlights-december-2024-en.pdf,https://drive.google.com/file/d/1UYviRC0NjgSR0II1HbZkZ55umKOqQQpX/view,
archive-conference-2024-aaws-board-highlights-december-2024-es,Current,Conference,AAWS Board highlights – December 2024,Aspectos destacados de la junta de AAWS – diciembre de 2024,2024-12,2024,Spanish,PDF,2086,,,,msca09aa.org (media library),yes,,docs/archive/conference/2024/aaws-board-highlights-december-2024-es.pdf,https://drive.google.com/file/d/1WPiB4zNUf0jqIjd3bvTuBOBq2oHufX2w/view,
archive-gso-2024-memo-on-the-plan-for-a-a-s-inventory-pai-communications-november-2024-en,Current,GSO,Memo on the Plan for A.A.'s Inventory (PAI) communications (November 2024),Memorando sobre las comunicaciones del Plan para el Inventario de AA (noviembre de 2024),2024-11-15,2024,English,PDF,41,,,,msca09aa.org (media library),yes,,docs/archive/gso/2024/memo-on-the-plan-for-a-a-s-inventory-pai-communications-november-2024-en.pdf,https://drive.google.com/file/d/1duwIv4HugA9IjpgL65-YmDCPfKMae72B/view,
archive-conference-2024-preliminary-list-of-agenda-items-75th-gsc-updated-november-2024-es,Current,Conference,Preliminary list of agenda items – 75th GSC (updated November 2024),Lista preliminar de puntos de agenda – 75.ª CSG (actualizada en noviembre de 2024),2024-11,2024,Spanish,PDF,400,,,,msca09aa.org (media library),yes,,docs/archive/conference/2024/preliminary-list-of-agenda-items-75th-gsc-updated-november-2024-es.pdf,https://drive.google.com/file/d/1vYpOIUikyHkciKLRjgUfhzYzUqc-B_k7/view,"Re-redacted 2026-10-06: names shortened to first name + initial; personal contact details, addresses and sobriety dates removed (scripts/scan-documents.py)."
archive-conference-2024-preliminary-list-of-agenda-items-75th-gsc-updated-november-2024-en,Current,Conference,Preliminary list of agenda items – 75th GSC (updated November 2024),Lista preliminar de puntos de agenda – 75.ª CSG (actualizada en noviembre de 2024),2024-11,2024,English,PDF,268,,,,msca09aa.org (media library),yes,,docs/archive/conference/2024/preliminary-list-of-agenda-items-75th-gsc-updated-november-2024-en.pdf,https://drive.google.com/file/d/1Q08RiMOwU451SupIapt9Z7KWZgkkJB3E/view,
archive-districts-d8-2024-district-8-minutes-november-2024-en-redacted,Current,District,District 8 Minutes – November 2024,Actas del Distrito 8 – noviembre de 2024,2024-11,2024,English,PDF,861,,d08,,msca09aa.org (media library),yes,,docs/archive/districts/d8/2024/district-8-minutes-november-2024-en-redacted.pdf,https://drive.google.com/file/d/1DeTc6hRxlaINISvEs6RvMgHLMAj90xtU/view,"Anonymity-redacted copy: full names shortened to first name + last initial, personal e-mails and phone numbers removed. Original (held for review): private copy in MSCA09AA-private Re-redacted 2026-10-06: names shortened to first name + initial; personal contact details, addresses and sobriety dates removed (scripts/scan-documents.py). Re-redacted 2026-10-06 after the pre-launch scan (personal phone numbers removed; checked again with both scanners and OCR)."
archive-gso-2024-about-a-a-newsletter-for-professionals-fall-2024-en,Current,GSO,About A.A. – newsletter for professionals (Fall 2024),Acerca de AA – boletín para profesionales (otoño de 2024),2024-11,2024,English,PDF,1431,,,cpc,msca09aa.org (media library),yes,,docs/archive/gso/2024/about-a-a-newsletter-for-professionals-fall-2024-en.pdf,https://drive.google.com/file/d/1nWlHuG94O9jM26vw0B0lvqJ-H8Mx_HKM/view,
archive-conference-2024-aaws-board-highlights-november-2024-en,Current,Conference,AAWS Board highlights – November 2024,Aspectos destacados de la junta de AAWS – noviembre de 2024,2024-11,2024,English,PDF,4753,,,,msca09aa.org (media library),yes,,docs/archive/conference/2024/aaws-board-highlights-november-2024-en.pdf,https://drive.google.com/file/d/11UaAuPyP8yV8R_IDr74KTBhjyPpNJDH3/view,
archive-misc-2024-gv-presentation-revised-2024-en-redacted,Current,GSO,"AA Grapevine, Inc. – presentation (2024)","AA Grapevine, Inc. – presentación (2024)",2024-11,2024,English,PDF,6411,,,grapevine-la-vina,msca09aa.org (media library),yes,,docs/archive/misc/2024/gv-presentation-revised-2024-en-redacted.pdf,https://drive.google.com/file/d/1FjGdikP0F0ohJPrnSfS1loHULW9HA3ZP/view,"Anonymity-redacted copy: full names shortened to first name + last initial, personal e-mails and phone numbers removed. Original (held for review): private copy in MSCA09AA-private Re-redacted 2026-10-06 after the pre-launch scan (personal phone numbers removed; checked again with both scanners and OCR)."
archive-calendars-2024-tentative-dates-to-consider-2024-11-en,Current,Calendar,2028 tentative dates to consider,Fechas tentativas para 2028,2024-11,2024,English,PDF,42,,,,msca09aa.org (media library),yes,,docs/archive/calendars/2024/tentative-dates-to-consider-2024-11-en.pdf,https://drive.google.com/file/d/1HL5a158yBpSdK0-qMrNgTnwMVC_azLyf/view,
minutes-2024-oct-2024-asc-minutes-en-redacted,Current,Minutes,ASC Minutes – October 2024,Actas del CSA – octubre de 2024,2024-10-13,2024,English,PDF,288,ASC,,,msca09aa.org,yes,,docs/minutes/2024/oct-2024-asc-minutes-en-redacted.pdf,https://drive.google.com/file/d/1dgoUa2ZYBjhXYZR1josryeWEjNPFx6Wf/view,"Anonymity-redacted copy: full names shortened to first name + last initial, personal e-mails and phone numbers removed. Original (held for review): docs/minutes/2024/oct-2024-asc-minutes-en.docx Re-redacted 2026-10-06: names shortened to first name + initial; personal contact details, addresses and sobriety dates removed (scripts/scan-documents.py)."
minutes-2024-oct-2024-asc-minutes-es-redacted,Current,Minutes,ASC Minutes – October 2024,Actas del CSA – octubre de 2024,2024-10-13,2024,Spanish,PDF,356,ASC,,,msca09aa.org,yes,,docs/minutes/2024/oct-2024-asc-minutes-es-redacted.pdf,https://drive.google.com/file/d/1NZEQuVhySRnwLqpmn6omAyT2X-FKJTK8/view,"Anonymity-redacted copy: full names shortened to first name + last initial, personal e-mails and phone numbers removed. Original (held for review): docs/minutes/2024/oct-2024-asc-minutes-es.docx Re-redacted 2026-10-06: names shortened to first name + initial; personal contact details, addresses and sobriety dates removed (scripts/scan-documents.py)."
agendas-2024-asc-agenda-october-2024-es,Current,Agendas,ASC Agenda – October 2024,Agenda del CSA – octubre de 2024,2024-10-13,2024,Spanish,PDF,104,ASC,,,msca09aa.org (media library),yes,,docs/agendas/2024/asc-agenda-october-2024-es.pdf,https://drive.google.com/file/d/1pxpVlrw6xcQMd9oahHOH_gJnn2bT4o5E/view,
reports-2024-pacific-regional-forum-bid-updated-oct-12th-en-redacted,Current,Reports,"Area 09 bid to host the 2028 Pacific Regional Forum (updated October 12, 2024)",Candidatura del Área 09 para el Foro Regional del Pacífico 2028 (actualizada el 12 de octubre de 2024),2024-10-12,2024,English,PDF,237,,,delegate,msca09aa.org (media library),yes,,docs/reports/2024/pacific-regional-forum-bid-updated-oct-12th-en-redacted.pdf,https://drive.google.com/file/d/1JDu5cM5z_l0NTBiHjn7QNoer8uSqldCw/view,"Anonymity-redacted copy: full names shortened to first name + last initial, personal e-mails and phone numbers removed. Original (held for review): private copy in MSCA09AA-private Re-redacted 2026-10-06: names shortened to first name + initial; personal contact details, addresses and sobriety dates removed (scripts/scan-documents.py)."
reports-2024-area-09-bid-to-host-the-2028-pacific-regional-forum-en-es,Current,Reports,Area 09 bid to host the 2028 Pacific Regional Forum,Candidatura del Área 09 para el Foro Regional del Pacífico 2028,2024-10-12,2024,Bilingual,PDF,406,,,delegate,msca09aa.org (media library),yes,,docs/reports/2024/area-09-bid-to-host-the-2028-pacific-regional-forum-en-es.pdf,https://drive.google.com/file/d/1MFVqH60OhW_Lygk_xFHI2TFMHnFiDuRi/view,
reports-treasurer-ap-2024-statement-of-activity-profit-and-loss-july-october-2024-en,Current,Finances,Statement of activity (profit & loss) – July–October 2024,Estado de actividades (ingresos y gastos) – julio a octubre de 2024,2024-10-02,2024,English,PDF,40,,,treasurer-ap,msca09aa.org (media library),yes,,docs/reports/Treasurer AP/2024/statement-of-activity-profit-and-loss-july-october-2024-en.pdf,https://drive.google.com/file/d/1FVx864essHquQDEKYfZfx1NG5dvswNZ6/view,
reports-treasurer-ap-2024-balance-sheet-as-of-october-2-2024-en,Current,Finances,"Balance sheet – as of October 2, 2024",Balance general – al 2 de octubre de 2024,2024-10-02,2024,English,PDF,37,,,treasurer-ap,msca09aa.org (media library),yes,,docs/reports/Treasurer AP/2024/balance-sheet-as-of-october-2-2024-en.pdf,https://drive.google.com/file/d/1sQrD8dkSyx09Zl7fzqR0fnY7KBHmfFMM/view,
motions-2024-motion-letter-of-support-for-lacypaa-2024-10-en-es,Current,Motions,Motion: letter of support for LACYPAA,Moción: carta de apoyo a LACYPAA,2024-10,2024,Bilingual,PDF,47,,,ypaa,msca09aa.org (media library),yes,,docs/motions/2024/motion-letter-of-support-for-lacypaa-2024-10-en-es.pdf,https://drive.google.com/file/d/1_Crr7UEMV8b-j7ACm_bo-SkTPTXHfLzU/view,
archive-districts-d8-2024-district-8-minutes-october-2024-en-redacted,Current,District,District 8 Minutes – October 2024,Actas del Distrito 8 – octubre de 2024,2024-10,2024,English,PDF,1226,,d08,,msca09aa.org (media library),yes,,docs/archive/districts/d8/2024/district-8-minutes-october-2024-en-redacted.pdf,https://drive.google.com/file/d/12BM0qcq_-In5CT9csVTpqhmyX4ggf5sg/view,"Anonymity-redacted copy: full names shortened to first name + last initial, personal e-mails and phone numbers removed. Original (held for review): private copy in MSCA09AA-private Re-redacted 2026-10-06: names shortened to first name + initial; personal contact details, addresses and sobriety dates removed (scripts/scan-documents.py). Re-redacted 2026-10-06 after the pre-launch scan (personal phone numbers removed; checked again with both scanners and OCR)."
reports-2024-district-22-report-to-the-area-october-2024-es,Current,Reports,District 22 Report to the Area – October 2024,Informe del Distrito 22 al Área – octubre de 2024,2024-10,2024,Spanish,PDF,119,,d22,,msca09aa.org (media library),yes,,docs/reports/2024/district-22-report-to-the-area-october-2024-es.pdf,https://drive.google.com/file/d/1_M_UKFNyl85-xzd-dDbeSLto_uiuz9x4/view,
reports-2024-dcmc-report-to-the-area-october-2024-en,Current,Reports,DCMC report to the Area – October 2024,Informe de un CMCD al Área – octubre de 2024,2024-10,2024,English,PDF,147,,d14,,msca09aa.org (media library),yes,,docs/reports/2024/dcmc-report-to-the-area-october-2024-en.pdf,https://drive.google.com/file/d/1xJmvGIWdAy0tTMAizeb4fjjv6Z4_Es75/view,
archive-forms-2024-area-committee-monthly-report-template-2024-10-en,Current,Forms,Area committee monthly report template,Plantilla de informe mensual de comité del Área,2024-10,2024,English,PDF,175,,,,msca09aa.org (media library),yes,,docs/archive/forms/2024/area-committee-monthly-report-template-2024-10-en.pdf,https://drive.google.com/file/d/1N5_JAj0PwK2HTEufj8zzE05JNTTuApNh/view,
archive-gso-2024-gso-quarterly-financial-report-3rd-quarter-2024-en,Current,GSO,GSO quarterly financial report – 3rd quarter 2024,Informe financiero trimestral de la OSG – 3.er trimestre de 2024,2024-09-30,2024,English,PDF,1119,,,,msca09aa.org (media library),yes,,docs/archive/gso/2024/gso-quarterly-financial-report-3rd-quarter-2024-en.pdf,https://drive.google.com/file/d/1J53X1Ig7aLOqF9ZBbhvl7nzFIvEAx_wH/view,
archive-gso-2024-gso-quarterly-financial-report-3rd-quarter-2024-es,Current,GSO,GSO quarterly financial report – 3rd quarter 2024,Informe financiero trimestral de la OSG – 3.er trimestre de 2024,2024-09-30,2024,Spanish,PDF,1048,,,,msca09aa.org (media library),yes,,docs/archive/gso/2024/gso-quarterly-financial-report-3rd-quarter-2024-es.pdf,https://drive.google.com/file/d/14sOYZXkKdscEfznXgh1uDke29GNnU2xN/view,
motions-2024-area-budget-2024-en-redacted,Current,Motions,Literature Committee motion: budget for the remainder of 2024,Moción del Comité de Literatura: presupuesto para el resto de 2024,2024-09-25,2024,English,PDF,162,,,literature,msca09aa.org (media library),yes,,docs/motions/2024/area-budget-2024-en-redacted.pdf,https://drive.google.com/file/d/1nLL2gtfJFDcSuQgYMCQBld-UQKEmAWct/view,"Anonymity-redacted copy: full names shortened to first name + last initial, personal e-mails and phone numbers removed. Original (held for review): private copy in MSCA09AA-private"
motions-2024-area-budget-2024-es-redacted,Current,Motions,Literature Committee motion: budget for the remainder of 2024,Moción del Comité de Literatura: presupuesto para el resto de 2024,2024-09-25,2024,Spanish,PDF,206,,,literature,msca09aa.org (media library),yes,,docs/motions/2024/area-budget-2024-es-redacted.pdf,https://drive.google.com/file/d/1WxS_yUboZleBakUsLiOPzae2Y4AL98bv/view,"Anonymity-redacted copy: full names shortened to first name + last initial, personal e-mails and phone numbers removed. Original (held for review): private copy in MSCA09AA-private"
minutes-2024-sep-2024-asa-minutes-es-redacted,Current,Minutes,Assembly (ASA) Minutes – September 2024,Actas de la Asamblea (ASA) – septiembre de 2024,2024-09-08,2024,Spanish,PDF,312,ASA,,,msca09aa.org,yes,,docs/minutes/2024/sep-2024-asa-minutes-es-redacted.pdf,https://drive.google.com/file/d/1n4_jDcXlCjemkTp8J-bDYrveOA9DgU2N/view,"Anonymity-redacted copy: full names shortened to first name + last initial, personal e-mails and phone numbers removed. Original (held for review): docs/minutes/2024/sep-2024-asa-minutes-es.docx Re-redacted 2026-10-06: names shortened to first name + initial; personal contact details, addresses and sobriety dates removed (scripts/scan-documents.py)."
minutes-2024-sept-2024-asa-minutes-en-redacted,Current,Minutes,Assembly (ASA) Minutes – September 2024,Actas de la Asamblea (ASA) – septiembre de 2024,2024-09-08,2024,English,PDF,273,ASA,,,msca09aa.org,yes,,docs/minutes/2024/sept-2024-asa-minutes-en-redacted.pdf,https://drive.google.com/file/d/1xhyI3LquBbUSAP3OJyblDuiSfWgPGbUt/view,"Anonymity-redacted copy: full names shortened to first name + last initial, personal e-mails and phone numbers removed. Original (held for review): docs/minutes/2024/sept-2024-asa-minutes-en.docx Re-redacted 2026-10-06: names shortened to first name + initial; personal contact details, addresses and sobriety dates removed (scripts/scan-documents.py)."
agendas-2024-assembly-asa-agenda-september-2024-en,Current,Agendas,Assembly (ASA) Agenda – September 2024 (version 2),Agenda de la Asamblea (ASA) – septiembre de 2024 (versión 2),2024-09-08,2024,English,PDF,113,ASA,,,msca09aa.org (media library),yes,,docs/agendas/2024/assembly-asa-agenda-september-2024-en.pdf,https://drive.google.com/file/d/1Mh8w9qG70BScqDd33QcUsGDqYnQBdTqr/view,
agendas-2024-assembly-asa-agenda-september-2024-es,Current,Agendas,Assembly (ASA) Agenda – September 2024,Agenda de la Asamblea (ASA) – septiembre de 2024,2024-09-08,2024,Spanish,PDF,85,ASA,,,msca09aa.org (media library),yes,,docs/agendas/2024/assembly-asa-agenda-september-2024-es.pdf,https://drive.google.com/file/d/1uzNDIC6pw2rSGvIvcdxhxmxCG3CzlKoN/view,
agendas-2024-assembly-asa-agenda-september-8-2024-en,Current,Agendas,Assembly (ASA) Agenda – September 2024,Agenda de la Asamblea (ASA) – septiembre de 2024,2024-09-08,2024,English,PDF,467,ASA,,,msca09aa.org (media library),yes,,docs/agendas/2024/assembly-asa-agenda-september-8-2024-en.pdf,https://drive.google.com/file/d/1sdhgfw2P3B79WN4-qeEjD9lcggKXHGJ8/view,
archive-districts-d8-2024-district-8-minutes-september-2024-en-redacted,Current,District,District 8 Minutes – September 2024,Actas del Distrito 8 – septiembre de 2024,2024-09,2024,English,PDF,1071,,d08,,msca09aa.org (media library),yes,,docs/archive/districts/d8/2024/district-8-minutes-september-2024-en-redacted.pdf,https://drive.google.com/file/d/1vPdTIwwXeu788J0oIOyoKaaaTLTzsfPT/view,"Anonymity-redacted copy: full names shortened to first name + last initial, personal e-mails and phone numbers removed. Original (held for review): private copy in MSCA09AA-private Re-redacted 2026-10-06: names shortened to first name + initial; personal contact details, addresses and sobriety dates removed (scripts/scan-documents.py). Re-redacted 2026-10-06 after the pre-launch scan (personal phone numbers removed; checked again with both scanners and OCR)."
service-2024-contact-on-release-information-page-draft-2024-09-en,Current,Service,Contact on Release – information page (draft),Contacto al salir – página de información (borrador),2024-09,2024,English,PDF,33,,,corrections,msca09aa.org (media library),yes,,docs/service/2024/contact-on-release-information-page-draft-2024-09-en.pdf,https://drive.google.com/file/d/1ov39THOFAzRyWJxIJnsp8Y9c7GAbZM0s/view,
reports-treasurer-ap-2024-budget-vs-actual-3rd-quarter-2024-en,Current,Finances,Budget vs. actual – 3rd quarter 2024,Presupuesto frente a gastos reales – 3.er trimestre de 2024,2024-09,2024,English,Excel,44,,,treasurer-ap,msca09aa.org (media library),yes,,docs/reports/Treasurer AP/2024/budget-vs-actual-3rd-quarter-2024-en.xlsx,https://drive.google.com/file/d/1eKKNM51GGHWNsVVzuMMaOaV__0eUJyWi/view,
archive-flyers-2024-assembly-asa-september-8-2024-flyer-en,Current,Flyers,"Assembly (ASA), September 8, 2024 – flyer","Asamblea (ASA), 8 de septiembre de 2024 – volante",2024-09,2024,English,PDF,548,,,,msca09aa.org (media library),yes,,docs/archive/flyers/2024/assembly-asa-september-8-2024-flyer-en.pdf,https://drive.google.com/file/d/1mPBrKsnaFKLBTl6cZ2NKZ99318GZoo-e/view,
archive-newsletters-2024-area-newsletter-september-2024-en,Current,Newsletters,Area Newsletter – September 2024,Boletín del Área – septiembre de 2024,2024-09,2024,English,PDF,1043,,,,msca09aa.org (media library),yes,,docs/archive/newsletters/2024/area-newsletter-september-2024-en.pdf,https://drive.google.com/file/d/1RJqawAeKArvFERaThKVR53iwGGopSK_W/view,
archive-newsletters-2024-area-newsletter-september-2024-es,Current,Newsletters,Area Newsletter – September 2024,Boletín del Área – septiembre de 2024,2024-09,2024,Spanish,PDF,1009,,,,msca09aa.org (media library),yes,,docs/archive/newsletters/2024/area-newsletter-september-2024-es.pdf,https://drive.google.com/file/d/1mz_GMiN8EUhFWU26Tw4qYK3aSKSvVUde/view,
archive-flyers-2024-beach-bash-august-17-2024-flyer-en,Current,Flyers,"Beach bash, August 17, 2024 – flyer","Fiesta en la playa, 17 de agosto de 2024 – volante",2024-08-17,2024,English,PDF,190,,,,msca09aa.org (media library),yes,,docs/archive/flyers/2024/beach-bash-august-17-2024-flyer-en.pdf,https://drive.google.com/file/d/1DrGZxcthcH2ahsT41TbjkerminNoFCFK/view,
minutes-2024-aug-2024-asc-minutes-en-redacted,Current,Minutes,ASC Minutes – August 2024,Actas del CSA – agosto de 2024,2024-08-11,2024,English,PDF,329,ASC,,,msca09aa.org,yes,,docs/minutes/2024/aug-2024-asc-minutes-en-redacted.pdf,https://drive.google.com/file/d/1DtdEMAkTmoWbqUTZWYTxYiNpySu9IuZ5/view,"Anonymity-redacted copy: full names shortened to first name + last initial, personal e-mails and phone numbers removed. Original (held for review): docs/minutes/2024/aug-2024-asc-minutes-en.docx"
minutes-2024-aug-2024-asc-minutes-es-redacted,Current,Minutes,ASC Minutes – August 2024,Actas del CSA – agosto de 2024,2024-08-11,2024,Spanish,PDF,332,ASC,,,msca09aa.org,yes,,docs/minutes/2024/aug-2024-asc-minutes-es-redacted.pdf,https://drive.google.com/file/d/1o1A1X0DesqScZ1a3iSbgIvaHDORdABQa/view,"Anonymity-redacted copy: full names shortened to first name + last initial, personal e-mails and phone numbers removed. Original (held for review): docs/minutes/2024/aug-2024-asc-minutes-es.docx"
service-2024-third-legacy-procedure-election-flowchart-2024-08-en,Current,Service,Third Legacy procedure – election flowchart,Procedimiento del Tercer Legado – diagrama de la elección,2024-08,2024,English,PDF,144,,,,msca09aa.org (media library),yes,,docs/service/2024/third-legacy-procedure-election-flowchart-2024-08-en.pdf,https://drive.google.com/file/d/1OL9H2LGi5dBOVV3yDN5YMpxia-qC0v54/view,
archive-gso-2024-plain-language-big-book-flyer-2024-08-es,Current,GSO,Plain Language Big Book – flyer,El Libro Grande en lenguaje sencillo – volante,2024-08,2024,Spanish,PDF,1180,,,literature,msca09aa.org (media library),yes,,docs/archive/gso/2024/plain-language-big-book-flyer-2024-08-es.pdf,https://drive.google.com/file/d/1K1rxFgGD47yghP5EDLQyZ8MIbBaBHnUt/view,
archive-gso-2024-plain-language-big-book-flyer-2024-08-en,Current,GSO,Plain Language Big Book – flyer,El Libro Grande en lenguaje sencillo – volante,2024-08,2024,English,PDF,614,,,literature,msca09aa.org (media library),yes,,docs/archive/gso/2024/plain-language-big-book-flyer-2024-08-en.pdf,https://drive.google.com/file/d/127g_viqQww7qsZYL3G1mWZvhmtgoyVrp/view,
motions-2024-motion-d-mileage-reimbursement-increase-august-2024-en-es,Current,Motions,Motion D – mileage reimbursement increase (August 2024),Moción D – aumento del reembolso por kilometraje (agosto de 2024),2024-08,2024,Bilingual,PDF,90,,,,msca09aa.org (media library),yes,,docs/motions/2024/motion-d-mileage-reimbursement-increase-august-2024-en-es.pdf,https://drive.google.com/file/d/1JxfwiWpivMnGRd5S33mDPrZeFW2FoVOs/view,
archive-forms-2024-gsr-report-template-2024-08-en,Current,Forms,GSR report template,Plantilla de informe del RSG,2024-08,2024,English,PDF,119,,d08,,msca09aa.org (media library),yes,,docs/archive/forms/2024/gsr-report-template-2024-08-en.pdf,https://drive.google.com/file/d/1fRNHMjM8nW2YmsI1NdqDbuolbIuaQx6w/view,
archive-districts-d8-2024-dist-8-final-min-aug-2024-08-en-redacted,Current,District,District 8 Minutes – August 2024,Actas del Distrito 8 – agosto de 2024,2024-08,2024,English,PDF,759,,d08,,msca09aa.org (media library),yes,,docs/archive/districts/d8/2024/dist-8-final-min-aug-2024-08-en-redacted.pdf,https://drive.google.com/file/d/14oN9-67QKEaAA5KjgpJ0kUz5Bi6sS9hS/view,"Anonymity-redacted copy: full names shortened to first name + last initial, personal e-mails and phone numbers removed. Original (held for review): private copy in MSCA09AA-private Re-redacted 2026-10-06: names shortened to first name + initial; personal contact details, addresses and sobriety dates removed (scripts/scan-documents.py)."
reports-2024-dcmc-report-to-the-area-august-2024-en,Current,Reports,DCMC report to the Area – August 2024,Informe de un CMCD al Área – agosto de 2024,2024-08,2024,English,PDF,157,,d08,,msca09aa.org (media library),yes,,docs/reports/2024/dcmc-report-to-the-area-august-2024-en.pdf,https://drive.google.com/file/d/1p8sMwxL_aAL1avVh6PBOXqTsMwj9oElf/view,
archive-pages-2024-04-18-a-celebration-of-the-big-book-flash-sale-may-1-july-31-2024,Current,Reports,"“A Celebration of the Big Book” Flash Sale! May 1 – July 31, 2024",“A Celebration de la Big Book” Flash Sale! mayo 1 – 31 de julio de 2024,2024-07-31,2024,English,PDF,7,,,,msca09aa.org,yes,,docs/archive/pages/2024-04-18-a-celebration-of-the-big-book-flash-sale-may-1-july-31-2024.pdf,https://drive.google.com/file/d/1I_oVL6Iyxw0Lt14fSdrDJLQmIkZYpnHc/view,"Drive shows the source, so a PDF copy is preferred; PDF copy of the archived web page; url pending (run scripts/drive_ids.py)"
archive-flyers-2024-nurses-for-recovery-a-a-presentation-july-17-2024-program-en,Current,Flyers,"Nurses for Recovery – A.A. presentation, July 17, 2024 (program)","Enfermeras por la recuperación – presentación de AA, 17 de julio de 2024 (programa)",2024-07-17,2024,English,PDF,489,,,cpc,msca09aa.org (media library),yes,,docs/archive/flyers/2024/nurses-for-recovery-a-a-presentation-july-17-2024-program-en.pdf,https://drive.google.com/file/d/1j4QJmra9Owaqadj7h3gVdC5DMe6okIOL/view,
archive-flyers-2024-nurses-for-recovery-a-a-presentation-july-17-2024-flyer-en,Current,Flyers,"Nurses for Recovery – A.A. presentation, July 17, 2024 (flyer)","Enfermeras por la recuperación – presentación de AA, 17 de julio de 2024 (volante)",2024-07-17,2024,English,PDF,708,,,cpc,msca09aa.org (media library),yes,,docs/archive/flyers/2024/nurses-for-recovery-a-a-presentation-july-17-2024-flyer-en.pdf,https://drive.google.com/file/d/1to9PAM5cYYlFR_3n1H8mMRs6TSkdSYTl/view,
archive-flyers-2024-33rd-area-foro-july-7-2024-information-en-es,Current,Flyers,"33rd Area Foro, July 7, 2024 – information","33.º Foro del Área, 7 de julio de 2024 – información",2024-07-07,2024,Bilingual,PDF,84,,,,msca09aa.org (media library),yes,,docs/archive/flyers/2024/33rd-area-foro-july-7-2024-information-en-es.pdf,https://drive.google.com/file/d/1B_bYrakogBxIi-aXc933lEULbrbZUz_m/view,
reports-treasurer-ap-2024-statement-of-activity-profit-and-loss-2nd-quarter-2024-en,Current,Finances,Statement of activity (profit & loss) – 2nd quarter 2024,Estado de actividades (ingresos y gastos) – 2.º trimestre de 2024,2024-07-06,2024,English,PDF,39,,,treasurer-ap,msca09aa.org (media library),yes,,docs/reports/Treasurer AP/2024/statement-of-activity-profit-and-loss-2nd-quarter-2024-en.pdf,https://drive.google.com/file/d/17lkfOArk7epp46RQauEm92KztQJ9grKQ/view,
archive-conference-2024-delegate-s-report-highlights-april-august-2024-en-redacted,Current,Conference,Delegate's report highlights – April–August 2024,Lo más destacado del informe del delegado – abril a agosto de 2024,2024-07-01,2024,English,PDF,454,,,,msca09aa.org (media library),yes,,docs/archive/conference/2024/delegate-s-report-highlights-april-august-2024-en-redacted.pdf,https://drive.google.com/file/d/1Gv77l51R-6KuQn3rYZOCJL3TPgQgEBJt/view,"Anonymity-redacted copy: full names shortened to first name + last initial, personal e-mails and phone numbers removed. Original (held for review): private copy in MSCA09AA-private"
archive-flyers-2024-pacific-regional-forum-july-12-14-2024-las-vegas-flyer-en,Current,Flyers,"Pacific Regional Forum, July 12–14, 2024 (Las Vegas) – flyer","Foro Regional del Pacífico, 12 al 14 de julio de 2024 (Las Vegas) – volante",2024-07,2024,English,PDF,46,,,,msca09aa.org (media library),yes,,docs/archive/flyers/2024/pacific-regional-forum-july-12-14-2024-las-vegas-flyer-en.pdf,https://drive.google.com/file/d/1H5c0QO1aoTpuMdpOzGYaUs4PYg7cdAkA/view,
archive-flyers-2024-pacific-regional-forum-july-12-14-2024-las-vegas-flyer-es,Current,Flyers,"Pacific Regional Forum, July 12–14, 2024 (Las Vegas) – flyer","Foro Regional del Pacífico, 12 al 14 de julio de 2024 (Las Vegas) – volante",2024-07,2024,Spanish,PDF,48,,,,msca09aa.org (media library),yes,,docs/archive/flyers/2024/pacific-regional-forum-july-12-14-2024-las-vegas-flyer-es.pdf,https://drive.google.com/file/d/1LlXqacQgRLUJocyv_ArrrW3hziRbN5Xc/view,
reports-2024-pacific-regional-forum-2024-las-vegas-final-report-es,Current,Reports,Pacific Regional Forum 2024 (Las Vegas) – final report,Foro Regional del Pacífico 2024 (Las Vegas) – informe final,2024-07,2024,Spanish,PDF,281,,,delegate,msca09aa.org (media library),yes,,docs/reports/2024/pacific-regional-forum-2024-las-vegas-final-report-es.pdf,https://drive.google.com/file/d/10BPVw0FEwMUdYXjwV5SZFdJDyDEy9POO/view,"Re-redacted 2026-10-06: names shortened to first name + initial; personal contact details, addresses and sobriety dates removed (scripts/scan-documents.py)."
reports-2024-pacific-regional-forum-2024-las-vegas-final-report-en,Current,Reports,Pacific Regional Forum 2024 (Las Vegas) – final report,Foro Regional del Pacífico 2024 (Las Vegas) – informe final,2024-07,2024,English,PDF,270,,,delegate,msca09aa.org (media library),yes,,docs/reports/2024/pacific-regional-forum-2024-las-vegas-final-report-en.pdf,https://drive.google.com/file/d/1GTzIiHe5V9qAotelkom9Cz860epWQIaC/view,"Re-redacted 2026-10-06: names shortened to first name + initial; personal contact details, addresses and sobriety dates removed (scripts/scan-documents.py)."
archive-districts-d8-2024-district-8-minutes-july-2024-en-redacted,Current,District,District 8 Minutes – July 2024,Actas del Distrito 8 – julio de 2024,2024-07,2024,English,PDF,296,,d08,,msca09aa.org (media library),yes,,docs/archive/districts/d8/2024/district-8-minutes-july-2024-en-redacted.pdf,https://drive.google.com/file/d/1KzzGyxYCraXD7K2tI5VPdqJ2CHF5nQkW/view,"Anonymity-redacted copy: full names shortened to first name + last initial, personal e-mails and phone numbers removed. Original (held for review): private copy in MSCA09AA-private"
archive-districts-d5-2024-d5-newsletter-2024-3rd-qtr-issue-34-en-redacted,Current,Newsletters,District 5 Newsletter – 3rd quarter 2024 (issue 34),Boletín del Distrito 5 – 3.er trimestre de 2024 (número 34),2024-07,2024,English,PDF,2170,,d05,,msca09aa.org (media library),yes,,docs/archive/districts/d5/2024/d5-newsletter-2024-3rd-qtr-issue-34-en-redacted.pdf,https://drive.google.com/file/d/1N9dPXvN7mPvixo5b2dXufsThyU2zSYyI/view,"Anonymity-redacted copy: full names shortened to first name + last initial, personal e-mails and phone numbers removed. Original (held for review): private copy in MSCA09AA-private Read again 2026-10-06 in the pre-launch scan: no sobriety-birthday list in this issue, nothing to remove."
archive-conference-2024-aaws-board-highlights-july-2024-es,Current,Conference,AAWS Board highlights – July 2024,Aspectos destacados de la junta de AAWS – julio de 2024,2024-07,2024,Spanish,PDF,2743,,,,msca09aa.org (media library),yes,,docs/archive/conference/2024/aaws-board-highlights-july-2024-es.pdf,https://drive.google.com/file/d/1UO-kUwdjDBsFFs_kUGcMP7yzmBl525Hj/view,
archive-conference-2024-aaws-board-highlights-july-2024-en,Current,Conference,AAWS Board highlights – July 2024,Aspectos destacados de la junta de AAWS – julio de 2024,2024-07,2024,English,PDF,2619,,,,msca09aa.org (media library),yes,,docs/archive/conference/2024/aaws-board-highlights-july-2024-en.pdf,https://drive.google.com/file/d/1D9a0YMgtZHmskFzr4hPG6o8wfItXPKf5/view,
archive-gso-2024-gso-quarterly-financial-report-2nd-quarter-2024-en,Current,GSO,GSO quarterly financial report – 2nd quarter 2024,Informe financiero trimestral de la OSG – 2.º trimestre de 2024,2024-06-30,2024,English,PDF,1315,,,,msca09aa.org (media library),yes,,docs/archive/gso/2024/gso-quarterly-financial-report-2nd-quarter-2024-en.pdf,https://drive.google.com/file/d/1QK3EuKX459qCnqH-t7T-fTRCnbxPJHm6/view,
reports-treasurer-ap-2024-balance-sheet-as-of-june-30-2024-en,Current,Finances,"Balance sheet – as of June 30, 2024",Balance general – al 30 de junio de 2024,2024-06-30,2024,English,PDF,36,,,treasurer-ap,msca09aa.org (media library),yes,,docs/reports/Treasurer AP/2024/balance-sheet-as-of-june-30-2024-en.pdf,https://drive.google.com/file/d/13HB1lECwWqxc3wSC0Osh_g1iOEi9gr3e/view,
archive-flyers-2024-district-5-delegate-s-report-back-june-13-2024-flyer-en,Current,Flyers,"District 5 – Delegate's report-back, June 13, 2024 (flyer)","Distrito 5 – informe del Delegado, 13 de junio de 2024 (volante)",2024-06-13,2024,English,PDF,483,,d05,delegate,msca09aa.org (media library),yes,,docs/archive/flyers/2024/district-5-delegate-s-report-back-june-13-2024-flyer-en.pdf,https://drive.google.com/file/d/1XDp-VQaPfD--DCobvA8ZaRwdF5PujJPH/view,
archive-districts-d8-2024-district-8-financial-report-june-2024-en,Current,District,District 8 financial report – June 2024,Informe financiero del Distrito 8 – junio de 2024,2024-06,2024,English,PDF,188,,d08,,msca09aa.org (media library),yes,,docs/archive/districts/d8/2024/district-8-financial-report-june-2024-en.pdf,https://drive.google.com/file/d/108z_JDN7lLxVR8ZULn4RBMzvdHtFk_sx/view,
archive-districts-d8-2024-district-8-minutes-june-2024-en-redacted,Current,District,District 8 Minutes – June 2024,Actas del Distrito 8 – junio de 2024,2024-06,2024,English,PDF,3653,,d08,,msca09aa.org (media library),yes,,docs/archive/districts/d8/2024/district-8-minutes-june-2024-en-redacted.pdf,https://drive.google.com/file/d/1mT4JYjdd8HP0Bx4E7StGtGdLXEDCBUz6/view,"Anonymity-redacted copy: full names shortened to first name + last initial, personal e-mails and phone numbers removed. Original (held for review): private copy in MSCA09AA-private Re-redacted 2026-10-06: names shortened to first name + initial; personal contact details, addresses and sobriety dates removed (scripts/scan-documents.py)."
reports-2024-archives-repository-lease-renewal-proposal-june-2024-en,Current,Reports,Archives repository lease renewal proposal (June 2024),Propuesta de renovación del arrendamiento del depósito de Archivos Históricos (junio de 2024),2024-06,2024,English,PDF,74,,,archives,msca09aa.org (media library),yes,,docs/reports/2024/archives-repository-lease-renewal-proposal-june-2024-en.pdf,https://drive.google.com/file/d/1RjcqKxDjtWyFSkeqf10aUhe7SDmcZ2EQ/view,
reports-2024-archives-repository-lease-renewal-proposal-june-2024-es,Current,Reports,Archives repository lease renewal proposal (June 2024),Propuesta de renovación del arrendamiento del depósito de Archivos Históricos (junio de 2024),2024-06,2024,Spanish,PDF,96,,,archives,msca09aa.org (media library),yes,,docs/reports/2024/archives-repository-lease-renewal-proposal-june-2024-es.pdf,https://drive.google.com/file/d/1vJzb0zZ7JzzvoEaSGwTZat2y5gZTDdcp/view,
committee-guidelines-archives-guidelines-revision-g-revision-span-june-2024,Current,Guidelines,"Archives Committee Guidelines, Revision G (June 2024)","Guías del Comité de Archivos Históricos, revisión G (junio de 2024)",2024-06,2024,Spanish,PDF,143,,,archives,Area Drive (docs/),yes,,docs/Committee Guidelines/Archives-Guidelines-Revision-G-(Revision-Span. June 2024).pdf,https://drive.google.com/file/d/1nDwvcpvjnq8WaR4CGgxWCjuJr4P9ekxi/view,
archive-flyers-2024-delegate-s-report-back-assembly-may-19-2024-flyer-es,Current,Flyers,"Delegate's report-back Assembly, May 19, 2024 – flyer","Asamblea con el informe del Delegado, 19 de mayo de 2024 – volante",2024-05-19,2024,Spanish,PDF,174,,,delegate,msca09aa.org (media library),yes,,docs/archive/flyers/2024/delegate-s-report-back-assembly-may-19-2024-flyer-es.pdf,https://drive.google.com/file/d/17_KDND8uOJH6ItfjcsxQRZKsELsl0tbh/view,
agendas-2024-assembly-asa-agenda-may-2024-es,Current,Agendas,Assembly (ASA) Agenda – May 2024,Agenda de la Asamblea (ASA) – mayo de 2024,2024-05-19,2024,Spanish,PDF,75,ASA,,,msca09aa.org (media library),yes,,docs/agendas/2024/assembly-asa-agenda-may-2024-es.pdf,https://drive.google.com/file/d/1f4KKBRzF4-BO1Hlqxp0JTqbtZNDEpbnC/view,"Re-redacted 2026-10-06: names shortened to first name + initial; personal contact details, addresses and sobriety dates removed (scripts/scan-documents.py)."
minutes-2024-may-2024-asc-minutes-en-redacted,Current,Minutes,Assembly (ASA) Minutes – May 2024,Actas de la Asamblea (ASA) – mayo de 2024,2024-05-19,2024,English,PDF,396,ASA,,,msca09aa.org,yes,,docs/minutes/2024/may-2024-asc-minutes-en-redacted.pdf,https://drive.google.com/file/d/1ScaqkEP2WISNg2mTRm0KWkpDq5vacLpX/view,"Anonymity-redacted copy: full names shortened to first name + last initial, personal e-mails and phone numbers removed. Original (held for review): docs/minutes/2024/may-2024-asc-minutes-en.docx"
minutes-2024-may-2024-asc-minutes-es-redacted,Current,Minutes,Assembly (ASA) Minutes – May 2024,Actas de la Asamblea (ASA) – mayo de 2024,2024-05-19,2024,Spanish,PDF,449,ASA,,,msca09aa.org,yes,,docs/minutes/2024/may-2024-asc-minutes-es-redacted.pdf,https://drive.google.com/file/d/1lPD6vrv7afT2dcmcWMkHAnXM_UFc2iUc/view,"Anonymity-redacted copy: full names shortened to first name + last initial, personal e-mails and phone numbers removed. Original (held for review): docs/minutes/2024/may-2024-asc-minutes-es.docx Re-redacted 2026-10-06: names shortened to first name + initial; personal contact details, addresses and sobriety dates removed (scripts/scan-documents.py)."
archive-flyers-2024-southern-california-h-and-i-conference-may-3-5-2024-save-the-date-es,Current,Flyers,"Southern California H&I Conference, May 3–5, 2024 – save the date","Conferencia de H&I del Sur de California, 3 al 5 de mayo de 2024 – reserve la fecha",2024-05,2024,Spanish,PDF,269,,,hospitals-institutions,msca09aa.org (media library),yes,,docs/archive/flyers/2024/southern-california-h-and-i-conference-may-3-5-2024-save-the-date-es.pdf,https://drive.google.com/file/d/1jKLJGp-912DIVyyOG5d1V39VAxmPvIlf/view,
archive-flyers-2024-southern-california-h-and-i-conference-may-3-5-2024-save-the-date-en,Current,Flyers,"Southern California H&I Conference, May 3–5, 2024 – save the date","Conferencia de H&I del Sur de California, 3 al 5 de mayo de 2024 – reserve la fecha",2024-05,2024,English,PDF,656,,,hospitals-institutions,msca09aa.org (media library),yes,,docs/archive/flyers/2024/southern-california-h-and-i-conference-may-3-5-2024-save-the-date-en.pdf,https://drive.google.com/file/d/1jKRtuKjyZFvE1OUWH41iH48fzjGLtt0w/view,
reports-treasurer-ar-2024-gso-quarterly-contribution-statement-for-area-09-by-district-with-group-detail-2024-05-en,Current,Finances,GSO quarterly contribution statement for Area 09 – by district with group detail,"Estado trimestral de contribuciones de la OSG para el Área 09 – por distrito, con detalle de grupos",2024-05,2024,English,PDF,392,,,treasurer-ar,msca09aa.org (media library),yes,,docs/reports/Treasurer AR/2024/gso-quarterly-contribution-statement-for-area-09-by-district-with-group-detail-2024-05-en.pdf,https://drive.google.com/file/d/1bq5yLuU7TVFkV2R7kJTy3llzCar1LxHb/view,
reports-treasurer-ar-2024-gso-quarterly-contribution-statement-for-area-09-by-district-2024-05-en,Current,Finances,GSO quarterly contribution statement for Area 09 – by district,Estado trimestral de contribuciones de la OSG para el Área 09 – por distrito,2024-05,2024,English,PDF,17,,,treasurer-ar,msca09aa.org (media library),yes,,docs/reports/Treasurer AR/2024/gso-quarterly-contribution-statement-for-area-09-by-district-2024-05-en.pdf,https://drive.google.com/file/d/1gZ5l9r8pAsOeTNqveVNceJRC-yJ8w2Na/view,
reports-treasurer-ar-2024-gso-cover-letter-for-the-quarterly-contribution-statement-2024-05-en,Current,Finances,GSO cover letter for the quarterly contribution statement,Carta de la OSG que acompaña el estado trimestral de contribuciones,2024-05,2024,English,PDF,43,,,treasurer-ar,msca09aa.org (media library),yes,,docs/reports/Treasurer AR/2024/gso-cover-letter-for-the-quarterly-contribution-statement-2024-05-en.pdf,https://drive.google.com/file/d/15x9CVz-DpspBJlc42VdFGFHSZL91PkQf/view,
archive-districts-d8-2024-district-8-minutes-may-2024-en-redacted,Current,District,District 8 Minutes – January 2025,Actas del Distrito 8 – enero de 2025,2024-05,2024,English,PDF,2364,,d08,,msca09aa.org (media library),yes,,docs/archive/districts/d8/2024/district-8-minutes-may-2024-en-redacted.pdf,https://drive.google.com/file/d/19XdlwlI37BI9CUO94Q7TMyrU5aQ-cuJh/view,"Anonymity-redacted copy: full names shortened to first name + last initial, personal e-mails and phone numbers removed. Original (held for review): private copy in MSCA09AA-private"
conference-2025-advisory-actions-of-the-74th-gsc-2025-en-redacted,Current,Conference,74th GSC quick reference guide,Guía rápida de la 74.ª CSG,2024-05,2024,English,PDF,147,,,,msca09aa.org (media library),yes,,docs/conference/2025/advisory-actions-of-the-74th-gsc-2025-en-redacted.pdf,https://drive.google.com/file/d/15NZayOnMWCmaOpcceV5QEXnzp-IZ02UI/view,"Anonymity-redacted copy: full names shortened to first name + last initial, personal e-mails and phone numbers removed. Original (held for review): private copy in MSCA09AA-private"
conference-2025-74th-gsc-quick-reference-guide-2025-es-redacted,Current,Conference,74th GSC quick reference guide,Guía rápida de la 74.ª CSG,2024-05,2024,Spanish,PDF,122,,,,msca09aa.org (media library),yes,,docs/conference/2025/74th-gsc-quick-reference-guide-2025-es-redacted.pdf,https://drive.google.com/file/d/14Gf8TPNUZn6pSPNoZ_wYjzVvrZ9slrRy/view,"Anonymity-redacted copy: full names shortened to first name + last initial, personal e-mails and phone numbers removed. Original (held for review): private copy in MSCA09AA-private"
reports-treasurer-ap-2024-statement-of-activity-profit-and-loss-1st-quarter-2024-en-redacted,Current,Finances,Statement of activity (profit & loss) – 1st quarter 2024 (corrected),Estado de actividades (ingresos y gastos) – 1.er trimestre de 2024 (corregido),2024-04-29,2024,English,PDF,46,,,treasurer-ap,msca09aa.org (media library),yes,,docs/reports/Treasurer AP/2024/statement-of-activity-profit-and-loss-1st-quarter-2024-en-redacted.pdf,https://drive.google.com/file/d/19cH1vcatN-78np4ZVfSWhMNYyDnyGPkn/view,"Anonymity-redacted copy: full names shortened to first name + last initial, personal e-mails and phone numbers removed. Original (held for review): private copy in MSCA09AA-private"
archive-guidelines-2024-archives-committee-guidelines-revision-g-2024-gap-review-copy-es,Current,Guidelines,"Archives Committee Guidelines, Revision G (2024, GAP review copy)","Guías del Comité de Archivos Históricos, revisión G (2024, copia de revisión de GyP)",2024-04-27,2024,Spanish,PDF,91,,,archives,msca09aa.org (media library),yes,,docs/archive/guidelines/2024/archives-committee-guidelines-revision-g-2024-gap-review-copy-es.pdf,https://drive.google.com/file/d/1S25lfbOJ5AQ3aFgZL_73GiPobs0pF3D6/view,
archive-misc-2024-floor-actions-74th-gsc-2024-04-en-redacted,Current,Misc,Floor actions – 74th GSC,Acciones de pleno – 74.ª CSG,2024-04-18,2024,English,PDF,103,,,,msca09aa.org (media library),yes,,docs/archive/misc/2024/floor-actions-74th-gsc-2024-04-en-redacted.pdf,https://drive.google.com/file/d/1CBExb5wiYylVXNUAkX6rFXLg79HER_41/view,"Anonymity-redacted copy: full names shortened to first name + last initial, personal e-mails and phone numbers removed. Original (held for review): private copy in MSCA09AA-private Re-redacted 2026-10-06: names shortened to first name + initial; personal contact details, addresses and sobriety dates removed (scripts/scan-documents.py)."
archive-conference-2024-general-service-board-report-and-inventory-74th-gsc-2024-04-es,Current,Conference,General Service Board report and inventory – 74th GSC,Informe e inventario de la Junta de Servicios Generales – 74.ª CSG,2024-04-14,2024,Spanish,PDF,209,,,,msca09aa.org (media library),yes,,docs/archive/conference/2024/general-service-board-report-and-inventory-74th-gsc-2024-04-es.pdf,https://drive.google.com/file/d/1XU_Rt1Cm0f6YxT5Qqaq-Im4Bha9XxhJw/view,
archive-conference-2024-general-service-board-report-and-inventory-74th-gsc-2024-04-en,Current,Conference,General Service Board report and inventory – 74th GSC,Informe e inventario de la Junta de Servicios Generales – 74.ª CSG,2024-04-14,2024,English,PDF,189,,,,msca09aa.org (media library),yes,,docs/archive/conference/2024/general-service-board-report-and-inventory-74th-gsc-2024-04-en.pdf,https://drive.google.com/file/d/1JtaksGlRo-uYocB_B1ZFoXY9X3M5AkRf/view,
motions-2024-communications-committee-motion-600-budget-increase-for-a-lead-translator-at-2024-04-es,Current,Motions,Communications Committee motion: $600 budget increase for a lead translator at PRF (April 2024),Moción del Comité de Comunicaciones: aumento de $600 para un traductor principal en el FRP (abril de 2024),2024-04-09,2024,Spanish,PDF,203,,,communications,msca09aa.org (media library),yes,,docs/motions/2024/communications-committee-motion-600-budget-increase-for-a-lead-translator-at-2024-04-es.pdf,https://drive.google.com/file/d/13VT8JOfag-2yNxMrfqni58Oxm5plfdGQ/view,
motions-2024-communications-committee-motion-600-budget-increase-for-a-lead-translator-at-2024-04-en,Current,Motions,Communications Committee motion: $600 budget increase for a lead translator at PRF (April 2024),Moción del Comité de Comunicaciones: aumento de $600 para un traductor principal en el FRP (abril de 2024),2024-04-09,2024,English,PDF,379,,,communications,msca09aa.org (media library),yes,,docs/motions/2024/communications-committee-motion-600-budget-increase-for-a-lead-translator-at-2024-04-en.pdf,https://drive.google.com/file/d/1FlBMDhpBOjvgcZ-lFlg6d6b6w5wh-Bq2/view,
archive-conference-2024-74th-gsc-area-09-group-conscience-survey-results-2024-04-en,Current,Conference,74th GSC – Area 09 group-conscience survey results,74.ª CSG – resultados de la encuesta de conciencia de grupo del Área 09,2024-04-09,2024,English,PDF,909,,,delegate,msca09aa.org (media library),yes,,docs/archive/conference/2024/74th-gsc-area-09-group-conscience-survey-results-2024-04-en.pdf,https://drive.google.com/file/d/16NgvuO_DrwwZDIfJHcAm8T4jaZBz9DmH/view,
archive-conference-2024-pre-conference-mock-conference-agenda-april-7-2024-es,Current,Conference,"Pre-Conference mock conference – agenda, April 7, 2024","Preconferencia: simulacro de Conferencia – agenda, 7 de abril de 2024",2024-04-07,2024,Spanish,PDF,380,,,,msca09aa.org (media library),yes,,docs/archive/conference/2024/pre-conference-mock-conference-agenda-april-7-2024-es.pdf,https://drive.google.com/file/d/1eUIyaEJp_-McYytjyjUrFjzn3n2E4MGU/view,"Re-redacted 2026-10-06: names shortened to first name + initial; personal contact details, addresses and sobriety dates removed (scripts/scan-documents.py)."
archive-conference-2024-pre-conference-mock-conference-agenda-april-7-2024-en,Current,Conference,"Pre-Conference mock conference – agenda, April 7, 2024","Preconferencia: simulacro de Conferencia – agenda, 7 de abril de 2024",2024-04-07,2024,English,PDF,343,,,,msca09aa.org (media library),yes,,docs/archive/conference/2024/pre-conference-mock-conference-agenda-april-7-2024-en.pdf,https://drive.google.com/file/d/1DRutO0MOq6Ul3fQM2XaTq_J-nk9tht4_/view,"Re-redacted 2026-10-06: names shortened to first name + initial; personal contact details, addresses and sobriety dates removed (scripts/scan-documents.py). Re-redacted 2026-10-06 after the pre-launch scan (personal phone numbers removed; checked again with both scanners and OCR)."
archive-conference-2024-pre-conference-gsr-group-conscience-workshop-agenda-april-6-2024-es,Current,Conference,"Pre-Conference GSR group-conscience workshop – agenda, April 6, 2024","Preconferencia: taller de conciencia de grupo para RSG – agenda, 6 de abril de 2024",2024-04-06,2024,Spanish,PDF,559,,,,msca09aa.org (media library),yes,,docs/archive/conference/2024/pre-conference-gsr-group-conscience-workshop-agenda-april-6-2024-es.pdf,https://drive.google.com/file/d/1IGZaLBnfZiTcaNlwYP9wISGUiVdAZgE7/view,"Re-redacted 2026-10-06: names shortened to first name + initial; personal contact details, addresses and sobriety dates removed (scripts/scan-documents.py). Re-redacted 2026-10-06 after the pre-launch scan (personal phone numbers removed; checked again with both scanners and OCR)."
archive-gso-2024-international-convention-request-for-non-a-a-speaker-suggestions-april-2024-en,Current,GSO,2025 International Convention – request for non-A.A. speaker suggestions (April 2024),Convención Internacional 2025 – solicitud de sugerencias de oradores no miembros de AA (abril de 2024),2024-04-04,2024,English,PDF,297,,,,msca09aa.org (media library),yes,,docs/archive/gso/2024/international-convention-request-for-non-a-a-speaker-suggestions-april-2024-en.pdf,https://drive.google.com/file/d/1FR8BhODqEQCajsoqT7Tkre4GuGI5wgv_/view,"Re-redacted 2026-10-06: names shortened to first name + initial; personal contact details, addresses and sobriety dates removed (scripts/scan-documents.py)."
archive-conference-2024-advisory-actions-of-the-74th-gsc-2024-04-en-redacted,Current,Conference,Advisory actions of the 74th GSC,Acciones recomendables de la 74.ª CSG,2024-04-01,2024,English,PDF,247,,,,msca09aa.org (media library),yes,,docs/archive/conference/2024/advisory-actions-of-the-74th-gsc-2024-04-en-redacted.pdf,https://drive.google.com/file/d/1TKoUK09RzO3mrJpHG-sDzf0p7r5pv2C5/view,"Anonymity-redacted copy: full names shortened to first name + last initial, personal e-mails and phone numbers removed. Original (held for review): private copy in MSCA09AA-private Re-redacted 2026-10-06: names shortened to first name + initial; personal contact details, addresses and sobriety dates removed (scripts/scan-documents.py)."
reports-2024-treatment-committee-report-april-2024-en,Current,Reports,Treatment Committee Report – April 2024,Informe del Comité de Centros de Tratamiento – abril de 2024,2024-04,2024,English,PDF,15,,,treatment,msca09aa.org (media library),yes,,docs/reports/2024/treatment-committee-report-april-2024-en.pdf,https://drive.google.com/file/d/1Lo7qWt1LWWM9HQVtiz-9b_tTPjnY-IuG/view,
archive-gso-2024-remote-communities-communicator-spring-2024-es,Current,GSO,Remote Communities Communicator – Spring 2024,El Comunicador de Comunidades Remotas – primavera de 2024,2024-04,2024,Spanish,PDF,4905,,,remote-communities,msca09aa.org (media library),yes,,docs/archive/gso/2024/remote-communities-communicator-spring-2024-es.pdf,https://drive.google.com/file/d/1DOObH8H521bpg7O23Jlpfy91ZayaZy8C/view,
archive-gso-2024-remote-communities-communicator-spring-2024-en,Current,GSO,Remote Communities Communicator – Spring 2024,El Comunicador de Comunidades Remotas – primavera de 2024,2024-04,2024,English,PDF,4969,,,remote-communities,msca09aa.org (media library),yes,,docs/archive/gso/2024/remote-communities-communicator-spring-2024-en.pdf,https://drive.google.com/file/d/1W6k91ZI_wLV1f4Wag_s55Y6-vbxiWL60/view,
reports-treasurer-ar-2024-gso-quarterly-contribution-statement-for-area-09-by-district-with-group-detail-2024-04-en,Current,Finances,GSO quarterly contribution statement for Area 09 – by district with group detail,"Estado trimestral de contribuciones de la OSG para el Área 09 – por distrito, con detalle de grupos",2024-04,2024,English,PDF,397,,,treasurer-ar,msca09aa.org (media library),yes,,docs/reports/Treasurer AR/2024/gso-quarterly-contribution-statement-for-area-09-by-district-with-group-detail-2024-04-en.pdf,https://drive.google.com/file/d/1QPVQuKssPTQCL4YQXictkaMqQySP7OtZ/view,
reports-treasurer-ar-2024-gso-quarterly-contribution-statement-for-area-09-by-district-2024-04-en,Current,Finances,GSO quarterly contribution statement for Area 09 – by district,Estado trimestral de contribuciones de la OSG para el Área 09 – por distrito,2024-04,2024,English,PDF,18,,,treasurer-ar,msca09aa.org (media library),yes,,docs/reports/Treasurer AR/2024/gso-quarterly-contribution-statement-for-area-09-by-district-2024-04-en.pdf,https://drive.google.com/file/d/1cRN1pMewBpHpFK5Gleya7mZKBWkvqZEV/view,
reports-treasurer-ar-2024-gso-cover-letter-for-the-quarterly-contribution-statement-2024-04-en,Current,Finances,GSO cover letter for the quarterly contribution statement,Carta de la OSG que acompaña el estado trimestral de contribuciones,2024-04,2024,Bilingual,PDF,45,,,treasurer-ar,msca09aa.org (media library),yes,,docs/reports/Treasurer AR/2024/gso-cover-letter-for-the-quarterly-contribution-statement-2024-04-en.pdf,https://drive.google.com/file/d/16mrtXPb-GpuIkxoHMHx9jBwuin0w1pMD/view,
archive-districts-d8-2024-district-8-minutes-april-2024-en-redacted,Current,District,District 8 Minutes – April 2024,Actas del Distrito 8 – abril de 2024,2024-04,2024,English,PDF,1035,,d08,,msca09aa.org (media library),yes,,docs/archive/districts/d8/2024/district-8-minutes-april-2024-en-redacted.pdf,https://drive.google.com/file/d/1imPtPM0GoTQ7kc7vc7oq64NLVbWYWOWI/view,"Anonymity-redacted copy: full names shortened to first name + last initial, personal e-mails and phone numbers removed. Original (held for review): private copy in MSCA09AA-private Re-redacted 2026-10-06: names shortened to first name + initial; personal contact details, addresses and sobriety dates removed (scripts/scan-documents.py). Re-redacted 2026-10-06 after the pre-launch scan (personal phone numbers removed; checked again with both scanners and OCR)."
archive-districts-d5-2024-newsletter-2024-2nd-qtr-issue-33-color-en-redacted,Current,Newsletters,District 5 Newsletter – 2nd quarter 2024 (issue 33),Boletín del Distrito 5 – 2.º trimestre de 2024 (número 33),2024-04,2024,English,PDF,2889,,d05,,msca09aa.org (media library),yes,,docs/archive/districts/d5/2024/newsletter-2024-2nd-qtr-issue-33-color-en-redacted.pdf,https://drive.google.com/file/d/1T8ClYJ2dUaZs0_taU3pb_fKtCmoxVGbO/view,"Anonymity-redacted copy: full names shortened to first name + last initial, personal e-mails and phone numbers removed. Original (held for review): private copy in MSCA09AA-private Re-redacted 2026-10-06: names shortened to first name + initial; personal contact details, addresses and sobriety dates removed (scripts/scan-documents.py). Re-redacted 2026-10-06 after the pre-launch scan (sobriety dates / birthday-list years removed; checked again with both scanners and OCR)."
archive-conference-2024-committee-considerations-74th-gsc-2024-04-en,Current,Conference,Committee considerations – 74th GSC,Consideraciones de los comités – 74.ª CSG,2024-04,2024,English,PDF,196,,,,msca09aa.org (media library),yes,,docs/archive/conference/2024/committee-considerations-74th-gsc-2024-04-en.pdf,https://drive.google.com/file/d/19Nn6aWBXjCN46HWbnbKmy4se_jAEPgGA/view,
reports-delegate-2024-74th-gsc-summary-of-area-09-group-conscience-feedback-2024-04-en,Current,Delegate,74th GSC – summary of Area 09 group-conscience feedback,74.ª CSG – resumen de la conciencia de grupo del Área 09,2024-04,2024,English,PDF,34,,,delegate,msca09aa.org (media library),yes,,docs/reports/Delegate/2024/74th-gsc-summary-of-area-09-group-conscience-feedback-2024-04-en.pdf,https://drive.google.com/file/d/1dejNNNDhuk2Xxc6kLZRHVPZ7R-zDd1EM/view,"Re-redacted 2026-10-06: names shortened to first name + initial; personal contact details, addresses and sobriety dates removed (scripts/scan-documents.py)."
reports-delegate-2024-74th-gsc-pre-conference-presentation-by-the-panel-74-delegate-2024-04-en,Current,Delegate,74th GSC Pre-Conference presentation by the Panel 74 Delegate,Presentación de Preconferencia de la 74.ª CSG por el Delegado del Panel 74,2024-04,2024,English,PDF,6116,,,delegate,msca09aa.org (media library),yes,,docs/reports/Delegate/2024/74th-gsc-pre-conference-presentation-by-the-panel-74-delegate-2024-04-en.pdf,https://drive.google.com/file/d/1UTkKXGvZiphSdDl6H-cTnKR7larIll6W/view,Re-redacted 2026-10-06 after the pre-launch scan (personal phone numbers removed; checked again with both scanners and OCR).
archive-gso-2024-gso-quarterly-financial-report-1st-quarter-2024-en,Current,GSO,GSO quarterly financial report – 1st quarter 2024,Informe financiero trimestral de la OSG – 1.er trimestre de 2024,2024-03-31,2024,English,PDF,1190,,,,msca09aa.org (media library),yes,,docs/archive/gso/2024/gso-quarterly-financial-report-1st-quarter-2024-en.pdf,https://drive.google.com/file/d/1TJAZGA_mRksH1GLGt3EJJCPlTLQtQKxc/view,
reports-treasurer-ap-2024-balance-sheet-as-of-march-31-2024-en,Current,Finances,"Balance sheet – as of March 31, 2024",Balance general – al 31 de marzo de 2024,2024-03-31,2024,English,PDF,36,,,treasurer-ap,msca09aa.org (media library),yes,,docs/reports/Treasurer AP/2024/balance-sheet-as-of-march-31-2024-en.pdf,https://drive.google.com/file/d/1MpjqmWD8ISAe3H1IVZr9k22IIK3Txxil/view,
archive-gso-2024-international-convention-limited-use-logo-memo-march-2024-en,Current,GSO,2025 International Convention limited-use logo – memo (March 2024),Logotipo de uso limitado de la Convención Internacional 2025 – memorando (marzo de 2024),2024-03-29,2024,English,PDF,102,,,,msca09aa.org (media library),yes,,docs/archive/gso/2024/international-convention-limited-use-logo-memo-march-2024-en.pdf,https://drive.google.com/file/d/1HL-hXPp9nAhWfEav7FwaNtfF5C-PHs8O/view,"Re-redacted 2026-10-06: names shortened to first name + initial; personal contact details, addresses and sobriety dates removed (scripts/scan-documents.py)."
archive-flyers-2024-asc-march-10-2024-flyer-en,Current,Flyers,"ASC, March 10, 2024 – flyer","CSA, 10 de marzo de 2024 – volante",2024-03-10,2024,English,PDF,266,,,,msca09aa.org (media library),yes,,docs/archive/flyers/2024/asc-march-10-2024-flyer-en.pdf,https://drive.google.com/file/d/1bDSehq6z-YOAu7Vtge85iMDrR1h_n_Tx/view,
minutes-2024-mar-2024-asc-minutes-en-redacted,Current,Minutes,ASC Minutes – March 2024,Actas del CSA – marzo de 2024,2024-03-10,2024,English,PDF,340,ASC,,,msca09aa.org,yes,,docs/minutes/2024/mar-2024-asc-minutes-en-redacted.pdf,https://drive.google.com/file/d/14_3z1Oj0FWpMd1M9KHxdKd4g44TErSB-/view,"Anonymity-redacted copy: full names shortened to first name + last initial, personal e-mails and phone numbers removed. Original (held for review): docs/minutes/2024/mar-2024-asc-minutes-en.docx Re-redacted 2026-10-06: names shortened to first name + initial; personal contact details, addresses and sobriety dates removed (scripts/scan-documents.py). An old msca09aa.org page password printed in this document was removed on 2026-10-07 (same Drive file; file properties cleared)."
minutes-2024-mar-2024-asc-minutes-es-redacted,Current,Minutes,ASC Minutes – March 2024,Actas del CSA – marzo de 2024,2024-03-10,2024,Spanish,PDF,404,ASC,,,msca09aa.org,yes,,docs/minutes/2024/mar-2024-asc-minutes-es-redacted.pdf,https://drive.google.com/file/d/1SJP7Y-RPzd82cqP9k1pk6ON_M-pzLcgA/view,"Anonymity-redacted copy: full names shortened to first name + last initial, personal e-mails and phone numbers removed. Original (held for review): docs/minutes/2024/mar-2024-asc-minutes-es.docx Re-redacted 2026-10-06: names shortened to first name + initial; personal contact details, addresses and sobriety dates removed (scripts/scan-documents.py). An old msca09aa.org page password printed in this document was removed on 2026-10-07 (same Drive file; file properties cleared)."
agendas-2024-asc-agenda-march-2024-es,Current,Agendas,ASC Agenda – March 2024,Agenda del CSA – marzo de 2024,2024-03-10,2024,Spanish,PDF,82,ASC,,,msca09aa.org (media library),yes,,docs/agendas/2024/asc-agenda-march-2024-es.pdf,https://drive.google.com/file/d/1ZkAjc8JQDcUtSMg65q9-E4rtxpiVwDDI/view,
agendas-2024-asc-agenda-march-2024-en-redacted,Current,Agendas,ASC Agenda – March 2024,Agenda del CSA – marzo de 2024,2024-03-10,2024,English,PDF,77,ASC,,,msca09aa.org (media library),yes,,docs/agendas/2024/asc-agenda-march-2024-en-redacted.pdf,https://drive.google.com/file/d/1sdLK6kQUmjsbZE_3OeccaS4idr80SfJz/view,"Anonymity-redacted copy: full names shortened to first name + last initial, personal e-mails and phone numbers removed. Original (held for review): private copy in MSCA09AA-private Re-redacted 2026-10-06: names shortened to first name + initial; personal contact details, addresses and sobriety dates removed (scripts/scan-documents.py)."
reports-2024-treatment-committee-report-march-2024-en,Current,Reports,Treatment Committee Report – March 2024,Informe del Comité de Centros de Tratamiento – marzo de 2024,2024-03,2024,English,PDF,27,,,treatment,msca09aa.org (media library),yes,,docs/reports/2024/treatment-committee-report-march-2024-en.pdf,https://drive.google.com/file/d/1Sa56WmdTUqkxfM6L21JbYCxwA2Meafjo/view,
archive-conference-2024-plain-language-big-book-presentation-2024-03-en,Current,Conference,Plain Language Big Book – presentation,El Libro Grande en lenguaje sencillo – presentación,2024-03,2024,English,PowerPoint,103,,,literature,msca09aa.org (media library),yes,,docs/archive/conference/2024/plain-language-big-book-presentation-2024-03-en.pptx,https://drive.google.com/file/d/1k_ywn3qrmPITQR7VVkmdsOZS9g03u4Q5/view,
archive-conference-2024-plain-language-big-book-history-and-faq-2024-03-en,Current,Conference,Plain Language Big Book – history and FAQ,El Libro Grande en lenguaje sencillo – historia y preguntas frecuentes,2024-03,2024,English,PDF,121,,,literature,msca09aa.org (media library),yes,,docs/archive/conference/2024/plain-language-big-book-history-and-faq-2024-03-en.pdf,https://drive.google.com/file/d/1-De-b3EEg2lj6kXZihEb8CRv6xQfk2VM/view,
archive-praasa-2024-praasa-2024-panel-presentation-by-the-area-09-delegate-en,Current,PRAASA,PRAASA 2024 – panel presentation by the Area 09 Delegate,PRAASA 2024 – presentación en panel del Delegado del Área 09,2024-03,2024,English,PDF,69,,,delegate,msca09aa.org (media library),yes,,docs/archive/praasa/2024/praasa-2024-panel-presentation-by-the-area-09-delegate-en.pdf,https://drive.google.com/file/d/1gNqAWVc8D-zGG5no0vqDLiN0nSDIfmzL/view,"Re-redacted 2026-10-06: names shortened to first name + initial; personal contact details, addresses and sobriety dates removed (scripts/scan-documents.py)."
archive-praasa-2024-praasa-2024-san-francisco-flyer-en,Current,PRAASA,PRAASA 2024 (San Francisco) – flyer,PRAASA 2024 (San Francisco) – volante,2024-03,2024,English,PDF,127,,,,msca09aa.org (media library),yes,,docs/archive/praasa/2024/praasa-2024-san-francisco-flyer-en.pdf,https://drive.google.com/file/d/1trMPQQP9BlzK6twJmNhu3QZQ54FmPvTW/view,
motions-2024-motion-to-fully-fund-the-delegate-s-expenses-for-the-2024-gsc-es,Current,Motions,Motion to fully fund the Delegate's expenses for the 2024 GSC,Moción para financiar por completo los gastos del Delegado para la CSG de 2024,2024-03,2024,Spanish,PDF,105,,,,msca09aa.org (media library),yes,,docs/motions/2024/motion-to-fully-fund-the-delegate-s-expenses-for-the-2024-gsc-es.pdf,https://drive.google.com/file/d/1ttdhHprc5YH4g43daxGCB2ORXxwvXuaX/view,
motions-2024-motion-to-fully-fund-the-delegate-s-expenses-for-the-2024-gsc-en-redacted,Current,Motions,Motion to fully fund the Delegate's expenses for the 2024 GSC,Moción para financiar por completo los gastos del Delegado para la CSG de 2024,2024-03,2024,English,PDF,68,,,,msca09aa.org (media library),yes,,docs/motions/2024/motion-to-fully-fund-the-delegate-s-expenses-for-the-2024-gsc-en-redacted.pdf,https://drive.google.com/file/d/1tnRg2-BBNwmlbGLS7nojbk6KV2CdT2BS/view,"Anonymity-redacted copy: full names shortened to first name + last initial, personal e-mails and phone numbers removed. Original (held for review): private copy in MSCA09AA-private"
archive-misc-2024-the-apps-faqs-version-en-redacted,Current,GSO,Grapevine and La Viña apps – FAQs,Aplicaciones de Grapevine y La Viña – preguntas frecuentes,2024-03,2024,English,PDF,344,,,grapevine-la-vina,msca09aa.org (media library),yes,,docs/archive/misc/2024/the-apps-faqs-version-en-redacted.pdf,https://drive.google.com/file/d/121skwJVOZGRAZ6cyKEAy-2OMKJrXjctd/view,"Anonymity-redacted copy: full names shortened to first name + last initial, personal e-mails and phone numbers removed. Original (held for review): private copy in MSCA09AA-private"
archive-districts-d8-2024-dist-8-finalmarch2024pdf-pd-en-redacted,Current,District,District 8 Minutes – March 2024,Actas del Distrito 8 – marzo de 2024,2024-03,2024,English,PDF,1411,,d08,,msca09aa.org (media library),yes,,docs/archive/districts/d8/2024/dist-8-finalmarch2024pdf-pd-en-redacted.pdf,https://drive.google.com/file/d/1kLkU7Oqv_l7OfgezVMcZpnnEakjqCztn/view,"Anonymity-redacted copy: full names shortened to first name + last initial, personal e-mails and phone numbers removed. Original (held for review): private copy in MSCA09AA-private Re-redacted 2026-10-06 after the pre-launch scan (personal phone numbers, full names removed; checked again with both scanners and OCR)."
archive-conference-2024-aaws-board-highlights-march-2024-es,Current,Conference,AAWS Board highlights – March 2024,Aspectos destacados de la junta de AAWS – marzo de 2024,2024-03,2024,Spanish,PDF,3997,,,,msca09aa.org (media library),yes,,docs/archive/conference/2024/aaws-board-highlights-march-2024-es.pdf,https://drive.google.com/file/d/1XGgWgE77xy-eWqiMzaYe29YAESZly_84/view,
archive-conference-2024-aaws-board-highlights-march-2024-en,Current,Conference,AAWS Board highlights – March 2024,Aspectos destacados de la junta de AAWS – marzo de 2024,2024-03,2024,English,PDF,1771,,,,msca09aa.org (media library),yes,,docs/archive/conference/2024/aaws-board-highlights-march-2024-en.pdf,https://drive.google.com/file/d/1lS9n2fyN2qq0d65gFjlrEvynrlRWVjK7/view,
archive-guidelines-2024-treatment-facilities-committee-guidelines-2024-es,Current,Guidelines,Treatment Facilities Committee Guidelines (2024),Guías del Comité de Centros de Tratamiento (2024),2024-02-20,2024,Spanish,PDF,105,,,treatment,msca09aa.org (media library),yes,,docs/archive/guidelines/2024/treatment-facilities-committee-guidelines-2024-es.pdf,https://drive.google.com/file/d/1XDGHFG_eOD_YWnvhwdIGsXww_dqGzWNg/view,
service-2024-panel-74-dcmc-orientation-february-2024-en,Current,Service,Panel 74 DCMC orientation (February 2024),Orientación para CMCD del Panel 74 (febrero de 2024),2024-02-11,2024,English,PDF,115,,,,msca09aa.org (media library),yes,,docs/service/2024/panel-74-dcmc-orientation-february-2024-en.pdf,https://drive.google.com/file/d/18VAiNG8odKvyvnOB8rWVcmbYsrF3cNw-/view,
minutes-2024-feb-2024-asc-minutes-en-redacted,Current,Minutes,ASC Minutes – February 2024,Actas del CSA – febrero de 2024,2024-02-11,2024,English,PDF,399,ASC,,,msca09aa.org,yes,,docs/minutes/2024/feb-2024-asc-minutes-en-redacted.pdf,https://drive.google.com/file/d/1PpKxnL_HlOmpiaBHbx8tCDywpWt1rO5r/view,"Anonymity-redacted copy: full names shortened to first name + last initial, personal e-mails and phone numbers removed. Original (held for review): docs/minutes/2024/feb-2024-asc-minutes-en.docx Re-redacted 2026-10-06: names shortened to first name + initial; personal contact details, addresses and sobriety dates removed (scripts/scan-documents.py)."
minutes-2024-feb-2024-asc-minutes-es-redacted,Current,Minutes,ASC Minutes – February 2024,Actas del CSA – febrero de 2024,2024-02-11,2024,Spanish,PDF,463,ASC,,,msca09aa.org,yes,,docs/minutes/2024/feb-2024-asc-minutes-es-redacted.pdf,https://drive.google.com/file/d/1qdzN6VfiQwBIA3fW2rt6VujxfdvMJwUt/view,"Anonymity-redacted copy: full names shortened to first name + last initial, personal e-mails and phone numbers removed. Original (held for review): docs/minutes/2024/feb-2024-asc-minutes-es.docx Re-redacted 2026-10-06: names shortened to first name + initial; personal contact details, addresses and sobriety dates removed (scripts/scan-documents.py)."
agendas-2024-asc-agenda-february-2024-en,Current,Agendas,ASC Agenda – February 2024,Agenda del CSA – febrero de 2024,2024-02-11,2024,English,PDF,90,ASC,,,msca09aa.org (media library),yes,,docs/agendas/2024/asc-agenda-february-2024-en.pdf,https://drive.google.com/file/d/141tapQYP0EFKEqqyqZAVRqOwqsep6Tcj/view,"Re-redacted 2026-10-06: names shortened to first name + initial; personal contact details, addresses and sobriety dates removed (scripts/scan-documents.py)."
agendas-2024-asc-agenda-february-11-2024-es,Current,Agendas,ASC Agenda – February 2024,Agenda del CSA – febrero de 2024,2024-02-11,2024,Spanish,PDF,91,ASC,,,msca09aa.org (media library),yes,,docs/agendas/2024/asc-agenda-february-11-2024-es.pdf,https://drive.google.com/file/d/157Amvya1oebWa89MhcA8UOGVWAbXtUcS/view,
reports-treasurer-ap-2024-statement-of-activity-profit-and-loss-1st-quarter-2024-en-2,Current,Finances,Statement of activity (profit & loss) – 1st quarter 2024,Estado de actividades (ingresos y gastos) – 1.er trimestre de 2024,2024-02-06,2024,English,PDF,39,,,treasurer-ap,msca09aa.org (media library),yes,,docs/reports/Treasurer AP/2024/statement-of-activity-profit-and-loss-1st-quarter-2024-en-2.pdf,https://drive.google.com/file/d/14luNqaL2X1iRDl4ZBsF3iqldJo9-aNEx/view,
archive-forms-2024-standing-committee-report-form-fillable-2024-02-en,Current,Forms,Standing committee report form (fillable),Formulario de informe de comité permanente (editable),2024-02,2024,English,PDF,21,,,,msca09aa.org (media library),yes,,docs/archive/forms/2024/standing-committee-report-form-fillable-2024-02-en.pdf,https://drive.google.com/file/d/1lJ_eSrTvlqAZvsa53kG65qjyCBCAeeqq/view,
motions-2024-motions-for-the-february-2024-asc-es,Current,Motions,Motions for the February 2024 ASC,Mociones para el CSA de febrero de 2024,2024-02,2024,Spanish,PDF,13,,,,msca09aa.org (media library),yes,,docs/motions/2024/motions-for-the-february-2024-asc-es.pdf,https://drive.google.com/file/d/17KCynngUNckSmUgWvIhCAddLlH1RNHwu/view,
motions-2024-motions-for-the-february-2024-asc-en,Current,Motions,Motions for the February 2024 ASC,Mociones para el CSA de febrero de 2024,2024-02,2024,English,PDF,58,,,,msca09aa.org (media library),yes,,docs/motions/2024/motions-for-the-february-2024-asc-en.pdf,https://drive.google.com/file/d/16j_JYQWjUUr3diEX5vVSj0azUcfTXrsX/view,
motions-2024-motion-a-area-meeting-locations-february-2024-asc-es,Current,Motions,Motion A – Area meeting locations (February 2024 ASC),Moción A – lugares de las reuniones del Área (CSA de febrero de 2024),2024-02,2024,Spanish,PDF,131,,,,msca09aa.org (media library),yes,,docs/motions/2024/motion-a-area-meeting-locations-february-2024-asc-es.pdf,https://drive.google.com/file/d/1wmdEIOt570rV2qVSRtEHkeEs76P5Wt_1/view,
motions-2024-motion-a-area-meeting-locations-february-2024-asc-en,Current,Motions,Motion A – Area meeting locations (February 2024 ASC),Moción A – lugares de las reuniones del Área (CSA de febrero de 2024),2024-02,2024,English,PDF,126,,,,msca09aa.org (media library),yes,,docs/motions/2024/motion-a-area-meeting-locations-february-2024-asc-en.pdf,https://drive.google.com/file/d/1FlCeHlMdznEqbHJl4fpxloeBeSvXhePq/view,
archive-districts-d8-2024-district-8-minutes-february-2024-en-redacted,Current,District,District 8 Minutes – February 2024,Actas del Distrito 8 – febrero de 2024,2024-02,2024,English,PDF,2430,,d08,,msca09aa.org (media library),yes,,docs/archive/districts/d8/2024/district-8-minutes-february-2024-en-redacted.pdf,https://drive.google.com/file/d/1E39GDyNPQrYsnSZIY_zA0k11oPJCXg4o/view,"Anonymity-redacted copy: full names shortened to first name + last initial, personal e-mails and phone numbers removed. Original (held for review): private copy in MSCA09AA-private Re-redacted 2026-10-06 after the pre-launch scan (personal phone numbers removed; checked again with both scanners and OCR)."
archive-districts-d8-2024-district-8-guidelines-revised-february-2024-en,Current,District,District 8 Guidelines (revised February 2024),Guías del Distrito 8 (revisadas en febrero de 2024),2024-02,2024,English,Word,49,,d08,,msca09aa.org (media library),yes,,docs/archive/districts/d8/2024/district-8-guidelines-revised-february-2024-en.docx,https://drive.google.com/file/d/1v6RDW1B7qvt6buTYsAF7M-DIl1Zq3mIE/view,
archive-districts-d8-2024-gsr-school-d8-2-24-2024-08-en-redacted,Current,District,District 8 GSR school – quick reference (Panel 74),Escuela de RSG del Distrito 8 – guía rápida (Panel 74),2024-02,2024,English,PDF,139,,d08,gsr-school,msca09aa.org (media library),yes,,docs/archive/districts/d8/2024/gsr-school-d8-2-24-2024-08-en-redacted.pdf,https://drive.google.com/file/d/1yziBlCAvjGeIwZSMXONe4yqSgbhMjk7p/view,"Anonymity-redacted copy: full names shortened to first name + last initial, personal e-mails and phone numbers removed. Original (held for review): private copy in MSCA09AA-private"
reports-2024-district-12-report-to-the-area-february-2024-en,Current,Reports,District 12 Report to the Area – February 2024,Informe del Distrito 12 al Área – febrero de 2024,2024-02,2024,English,PDF,67,,d12,,msca09aa.org (media library),yes,,docs/reports/2024/district-12-report-to-the-area-february-2024-en.pdf,https://drive.google.com/file/d/1zqb1I_DcUt6UDJDoAQ73s4kq6FL26AKv/view,
archive-conference-2024-delegate-s-report-highlights-february-2024-en-redacted,Current,Conference,Delegate's report highlights – February 2024,Lo más destacado del informe del delegado – febrero de 2024,2024-02,2024,English,PDF,658,,,,msca09aa.org (media library),yes,,docs/archive/conference/2024/delegate-s-report-highlights-february-2024-en-redacted.pdf,https://drive.google.com/file/d/171gmS9hGCF9Af5tCSREWDxjFrkCsBIAk/view,"Anonymity-redacted copy: full names shortened to first name + last initial, personal e-mails and phone numbers removed. Original (held for review): private copy in MSCA09AA-private"
service-2024-dcmc-orientation-panel-74-2024-02-en-redacted,Current,Service,DCMC orientation (Panel 74),Orientación para CMCD (Panel 74),2024-02,2024,English,PDF,580,,,,msca09aa.org (media library),yes,,docs/service/2024/dcmc-orientation-panel-74-2024-02-en-redacted.pdf,https://drive.google.com/file/d/1GD9tgneE-MeOcwrlBq1zA5-IAZ8lumOR/view,"Anonymity-redacted copy: full names shortened to first name + last initial, personal e-mails and phone numbers removed. Original (held for review): private copy in MSCA09AA-private Re-redacted 2026-10-06: names shortened to first name + initial; personal contact details, addresses and sobriety dates removed (scripts/scan-documents.py)."
service-2024-dcmc-orientation-panel-74-2024-02-es-redacted,Current,Service,DCMC orientation (Panel 74),Orientación para CMCD (Panel 74),2024-02,2024,Spanish,PDF,1005,,,,msca09aa.org (media library),yes,,docs/service/2024/dcmc-orientation-panel-74-2024-02-es-redacted.pdf,https://drive.google.com/file/d/1-XXAa1pgWihqo6pwVed1dcGgj7SORYCT/view,"Anonymity-redacted copy: full names shortened to first name + last initial, personal e-mails and phone numbers removed. Original (held for review): private copy in MSCA09AA-private Re-redacted 2026-10-06: names shortened to first name + initial; personal contact details, addresses and sobriety dates removed (scripts/scan-documents.py)."
reports-2024-dcm-school-report-february-2024-en,Current,Reports,DCM School Report – February 2024,Informe de la Escuela de MCD – febrero de 2024,2024-02,2024,English,PDF,59,,,dcm-school,msca09aa.org (media library),yes,,docs/reports/2024/dcm-school-report-february-2024-en.pdf,https://drive.google.com/file/d/1bp4atDpXPBlanLh_5SUQbCXYBVIhyEUy/view,
service-2024-committee-chair-orientation-panel-74-2024-02-en,Current,Service,Committee chair orientation (Panel 74),Orientación para coordinadores de comité (Panel 74),2024-02,2024,English,PDF,115,,,,msca09aa.org (media library),yes,,docs/service/2024/committee-chair-orientation-panel-74-2024-02-en.pdf,https://drive.google.com/file/d/1z2iM1FfvdxbDt77FmAXwI2Ajr7wFeV4U/view,
service-2024-committee-chair-orientation-panel-74-2024-02-es-redacted,Current,Service,Committee chair orientation (Panel 74),Orientación para coordinadores de comité (Panel 74),2024-02,2024,Spanish,PDF,1033,,,,msca09aa.org (media library),yes,,docs/service/2024/committee-chair-orientation-panel-74-2024-02-es-redacted.pdf,https://drive.google.com/file/d/1tvZESHwPM4Jv3W5yqjIU65_Qe_fwt4gc/view,"Anonymity-redacted copy: full names shortened to first name + last initial, personal e-mails and phone numbers removed. Original (held for review): private copy in MSCA09AA-private Re-redacted 2026-10-06: names shortened to first name + initial; personal contact details, addresses and sobriety dates removed (scripts/scan-documents.py)."
archive-newsletters-2024-area-newsletter-february-2024-en,Current,Newsletters,Area Newsletter – February 2024,Boletín del Área – febrero de 2024,2024-02,2024,English,PDF,1582,,,,msca09aa.org (media library),yes,,docs/archive/newsletters/2024/area-newsletter-february-2024-en.pdf,https://drive.google.com/file/d/1Ev2Tuxue2PWOJUAEmgrfOcJQFKfswPjB/view,
agendas-2024-assembly-asa-agenda-january-2024-en,Current,Agendas,Assembly (ASA) Agenda – January 2024,Agenda de la Asamblea (ASA) – enero de 2024,2024-01-14,2024,English,PDF,213,ASA,,,msca09aa.org (media library),yes,,docs/agendas/2024/assembly-asa-agenda-january-2024-en.pdf,https://drive.google.com/file/d/1BZVVreJphAsmDVRaNoSwXqpA-rb3ZLIR/view,
agendas-2024-assembly-asa-agenda-january-2024-es,Current,Agendas,Assembly (ASA) Agenda – January 2024,Agenda de la Asamblea (ASA) – enero de 2024,2024-01-14,2024,Spanish,PDF,174,ASA,,,msca09aa.org (media library),yes,,docs/agendas/2024/assembly-asa-agenda-january-2024-es.pdf,https://drive.google.com/file/d/128GoiJVAlcqG3ODjNypePX0dN3JXybew/view,"Re-redacted 2026-10-06: names shortened to first name + initial; personal contact details, addresses and sobriety dates removed (scripts/scan-documents.py)."
archive-gso-2024-young-people-s-video-project-share-your-experience-poster-2024-01-en,Current,GSO,Young people's video project – share your experience (poster),Proyecto de videos de jóvenes – comparte tu experiencia (cartel),2024-01,2024,English,PDF,452,,,ypaa,msca09aa.org (media library),yes,,docs/archive/gso/2024/young-people-s-video-project-share-your-experience-poster-2024-01-en.pdf,https://drive.google.com/file/d/1ynKjXwccM9e15KkssWBMFAbezTUHQqOi/view,
archive-forms-2024-questionnaire-for-area-09-members-on-la-vina-panel-74-delegate-2024-01-es,Current,Forms,Questionnaire for Area 09 members on La Viña (Panel 74 Delegate),Cuestionario para los miembros del Área 09 sobre La Viña (Delegado del Panel 74),2024-01,2024,Spanish,PDF,46,,,grapevine-la-vina,msca09aa.org (media library),yes,,docs/archive/forms/2024/questionnaire-for-area-09-members-on-la-vina-panel-74-delegate-2024-01-es.pdf,https://drive.google.com/file/d/146ITi1w2_V70f6zHPmQATM0Y1nilCoCU/view,"Re-redacted 2026-10-06: names shortened to first name + initial; personal contact details, addresses and sobriety dates removed (scripts/scan-documents.py)."
archive-forms-2024-questionnaire-for-area-09-members-on-la-vina-panel-74-delegate-2024-01-en-redacted,Current,Forms,Questionnaire for Area 09 members on La Viña (Panel 74 Delegate),Cuestionario para los miembros del Área 09 sobre La Viña (Delegado del Panel 74),2024-01,2024,English,PDF,187,,,grapevine-la-vina,msca09aa.org (media library),yes,,docs/archive/forms/2024/questionnaire-for-area-09-members-on-la-vina-panel-74-delegate-2024-01-en-redacted.pdf,https://drive.google.com/file/d/1QoUZLkDft2v_462_WT2ckiZLv2pwUimD/view,"Anonymity-redacted copy: full names shortened to first name + last initial, personal e-mails and phone numbers removed. Original (held for review): private copy in MSCA09AA-private Re-redacted 2026-10-06: names shortened to first name + initial; personal contact details, addresses and sobriety dates removed (scripts/scan-documents.py)."
motions-2024-motions-for-the-january-2024-assembly-en,Current,Motions,Motions for the January 2024 Assembly,Mociones para la Asamblea de enero de 2024,2024-01,2024,English,PDF,138,,,,msca09aa.org (media library),yes,,docs/motions/2024/motions-for-the-january-2024-assembly-en.pdf,https://drive.google.com/file/d/1scRBBAupQ9GU3yaQbB9NRLJRxqur5Om2/view,
motions-2024-motions-for-the-january-2024-assembly-es,Current,Motions,Motions for the January 2024 Assembly,Mociones para la Asamblea de enero de 2024,2024-01,2024,Spanish,PDF,139,,,,msca09aa.org (media library),yes,,docs/motions/2024/motions-for-the-january-2024-assembly-es.pdf,https://drive.google.com/file/d/1KsfL-qLMPhqLkQpIo51FIYGMruZpHvF3/view,
archive-flyers-2024-monthly-service-meeting-third-thursday-online-2024-flyer-en,Current,Flyers,"Monthly service meeting (third Thursday, online) – 2024 flyer","Reunión de servicio mensual (tercer jueves, en línea) – volante 2024",2024-01,2024,English,PDF,2878,,,,msca09aa.org (media library),yes,,docs/archive/flyers/2024/monthly-service-meeting-third-thursday-online-2024-flyer-en.pdf,https://drive.google.com/file/d/1aeD-qrcVDbsKNsWvhcyObGECywb1mm6f/view,
archive-flyers-2024-monthly-service-meeting-third-thursday-online-2024-flyer-es,Current,Flyers,"Monthly service meeting (third Thursday, online) – 2024 flyer","Reunión de servicio mensual (tercer jueves, en línea) – volante 2024",2024-01,2024,Spanish,PDF,2891,,,,msca09aa.org (media library),yes,,docs/archive/flyers/2024/monthly-service-meeting-third-thursday-online-2024-flyer-es.pdf,https://drive.google.com/file/d/1zJdpzUUp5X98SoZrYlitwbk9eVtPh_95/view,
reports-2024-district-12-report-to-the-area-january-2024-en-redacted,Current,Reports,District 12 Report to the Area – January 2024,Informe del Distrito 12 al Área – enero de 2024,2024-01,2024,English,PDF,57,,d12,,msca09aa.org (media library),yes,,docs/reports/2024/district-12-report-to-the-area-january-2024-en-redacted.pdf,https://drive.google.com/file/d/1yz6Od5T1zEMelT7OL85hUia8WWbGNYbp/view,"Anonymity-redacted copy: full names shortened to first name + last initial, personal e-mails and phone numbers removed. Original (held for review): private copy in MSCA09AA-private"
archive-conference-2024-delegate-s-report-highlights-january-2024-es-redacted,Current,Conference,Delegate's report highlights – January 2024,Lo más destacado del informe del delegado – enero de 2024,2024-01,2024,Spanish,PDF,520,,,,msca09aa.org (media library),yes,,docs/archive/conference/2024/delegate-s-report-highlights-january-2024-es-redacted.pdf,https://drive.google.com/file/d/1htpbXDja5XHXHSNBm2D8HLnah7tpP7Ev/view,"Anonymity-redacted copy: full names shortened to first name + last initial, personal e-mails and phone numbers removed. Original (held for review): private copy in MSCA09AA-private"
archive-conference-2024-delegate-s-report-highlights-january-2024-en-redacted,Current,Conference,Delegate's report highlights – January 2024,Lo más destacado del informe del delegado – enero de 2024,2024-01,2024,English,PDF,938,,,,msca09aa.org (media library),yes,,docs/archive/conference/2024/delegate-s-report-highlights-january-2024-en-redacted.pdf,https://drive.google.com/file/d/1X1SQvs2mj3igtal4yauOQCA5svowlHT3/view,"Anonymity-redacted copy: full names shortened to first name + last initial, personal e-mails and phone numbers removed. Original (held for review): private copy in MSCA09AA-private"
reports-2024-dcmc-report-january-2024-en-redacted,Current,Reports,DCMC report to the Area – January 2024,Informe de un CMCD al Área – enero de 2024,2024-01,2024,English,PDF,76,,,,msca09aa.org (media library),yes,,docs/reports/2024/dcmc-report-january-2024-en-redacted.pdf,https://drive.google.com/file/d/1OtAKg_Sx6SbSS-WsZ0m4Lw64rS-q8lvC/view,"Anonymity-redacted copy: full names shortened to first name + last initial, personal e-mails and phone numbers removed. Original (held for review): private copy in MSCA09AA-private"
minutes-2024-jan-2024-asa-minutes-es,Current,Minutes,Assembly (ASA) Minutes – January 2024,Actas de la Asamblea (ASA) – enero de 2024,2024-01,2024,Spanish,Word,26,ASA,,,msca09aa.org,yes,,docs/minutes/2024/jan-2024-asa-minutes-es.docx,https://drive.google.com/file/d/1jhSsusaO6uMZwXoL_wTLWuny74fMqJtb/view,
archive-newsletters-2024-area-newsletter-january-2024-en,Current,Newsletters,Area Newsletter – January 2024,Boletín del Área – enero de 2024,2024-01,2024,English,PDF,1562,,,,msca09aa.org (media library),yes,,docs/archive/newsletters/2024/area-newsletter-january-2024-en.pdf,https://drive.google.com/file/d/13TEgVjl0dqpbCv_Zf5jYyLfB5RGC91M8/view,
archive-newsletters-2024-area-newsletter-january-2024-es,Current,Newsletters,Area Newsletter – January 2024,Boletín del Área – enero de 2024,2024-01,2024,Spanish,PDF,1695,,,,msca09aa.org (media library),yes,,docs/archive/newsletters/2024/area-newsletter-january-2024-es.pdf,https://drive.google.com/file/d/1sAyu4V7cCPsFa_DhlEsOlZV3ZEQGdWx-/view,
archive-conference-2024-74th-gsc-handout-es-redacted,Current,Conference,Why we need a Conference – handout (Bernard Smith excerpt),"Por qué necesitamos una Conferencia – hoja informativa (extracto de Bernard Smith, inglés)",,2024,Bilingual,PDF,324,,,,msca09aa.org (media library),yes,,docs/archive/conference/2024/74th-gsc-handout-es-redacted.pdf,https://drive.google.com/file/d/1FBGVTY8njol9QbMlvDfJxc8KpTh0WVK9/view,"Anonymity-redacted copy: full names shortened to first name + last initial, personal e-mails and phone numbers removed. Original (held for review): private copy in MSCA09AA-private Re-redacted 2026-10-06: names shortened to first name + initial; personal contact details, addresses and sobriety dates removed (scripts/scan-documents.py)."
archive-conference-2024-proposed-agenda-items-not-forwarded-to-the-74th-gsc-2024-en,Current,Conference,Proposed agenda items not forwarded to the 74th GSC,Puntos propuestos que no se remitieron a la 74.ª CSG,2024,2024,English,PDF,266,,,,msca09aa.org (media library),yes,,docs/archive/conference/2024/proposed-agenda-items-not-forwarded-to-the-74th-gsc-2024-en.pdf,https://drive.google.com/file/d/1borM05dPZkF1eezrEClNgDv3JEVsJnLR/view,
archive-conference-2024-proposed-agenda-items-not-forwarded-to-the-74th-gsc-2024-es,Current,Conference,Proposed agenda items not forwarded to the 74th GSC,Puntos propuestos que no se remitieron a la 74.ª CSG,2024,2024,Spanish,PDF,273,,,,msca09aa.org (media library),yes,,docs/archive/conference/2024/proposed-agenda-items-not-forwarded-to-the-74th-gsc-2024-es.pdf,https://drive.google.com/file/d/1WlNXN5wk6z9284_uJQDFw9Lt6_uS4Rou/view,
conference-plbb-preguntas-frecuentes-2024-es,Current,Conference,PLBB Preguntas Frecuentes 2024,,2024,2024,Spanish,PDF,221,,,,msca09aa.org,yes,,docs/conference/plbb-preguntas-frecuentes-2024-es.pdf,https://drive.google.com/file/d/1js9T4-CBP103URHnjfnoEQKOIT0oCkIB/view,
conference-plbb-faqs-2024-en,Current,Conference,PLBB FAQs 2024,PLBB Preguntas frecuentes 2024,2024,2024,English,Word,10,,,,msca09aa.org,yes,,docs/conference/plbb-faqs-2024-en.docx,https://drive.google.com/file/d/1M1hUeQBfNXxqcgCS0WbWEvDJCHnElrTa/view,
archive-forms-2024-new-a-a-correctional-facility-group-information-form-f-79-en,Current,Forms,New A.A. correctional-facility group information form (F-79),Formulario de información de grupos nuevos en instituciones correccionales (F-79),,2024,English,PDF,36,,,corrections,msca09aa.org (media library),yes,,docs/archive/forms/2024/new-a-a-correctional-facility-group-information-form-f-79-en.pdf,https://drive.google.com/file/d/1qiMxcQGEEqHRzJj-wMz6PY4AZvr7Duvv/view,
archive-conference-2024-final-list-of-agenda-items-74th-gsc-2024-en,Current,Conference,Final list of agenda items – 74th GSC,Lista final de puntos de agenda – 74.ª CSG,2024,2024,English,PDF,138,,,,msca09aa.org (media library),yes,,docs/archive/conference/2024/final-list-of-agenda-items-74th-gsc-2024-en.pdf,https://drive.google.com/file/d/1cxapJQ4s4c0JZwF3TxrT3kOXwohww9Ex/view,
archive-conference-2024-final-list-of-agenda-items-74th-gsc-2024-es,Current,Conference,Final list of agenda items – 74th GSC,Lista final de puntos de agenda – 74.ª CSG,2024,2024,Spanish,PDF,142,,,,msca09aa.org (media library),yes,,docs/archive/conference/2024/final-list-of-agenda-items-74th-gsc-2024-es.pdf,https://drive.google.com/file/d/16TGYkJI-azXsh6kIrZK05dAYG8y4XRcX/view,
archive-conference-2024-final-report-of-the-74th-general-service-conference-anonymity-protected-edition-2024-en,Current,Conference,Final Report of the 74th General Service Conference (anonymity-protected edition),Informe final de la 74.ª Conferencia de Servicios Generales (edición con anonimato protegido),2024,2024,English,PDF,7850,,,,msca09aa.org (media library),yes,,docs/archive/conference/2024/final-report-of-the-74th-general-service-conference-anonymity-protected-edition-2024-en.pdf,https://drive.google.com/file/d/1Yxw5OfXe5gPsHDpm1mjcxWH0vr1KtWJA/view,"Re-redacted 2026-10-06: names shortened to first name + initial; personal contact details, addresses and sobriety dates removed (scripts/scan-documents.py)."
archive-conference-2024-final-report-of-the-74th-general-service-conference-anonymity-protected-edition-2024-es,Current,Conference,Final Report of the 74th General Service Conference (anonymity-protected edition),Informe final de la 74.ª Conferencia de Servicios Generales (edición con anonimato protegido),2024,2024,Spanish,PDF,7298,,,,msca09aa.org (media library),yes,,docs/archive/conference/2024/final-report-of-the-74th-general-service-conference-anonymity-protected-edition-2024-es.pdf,https://drive.google.com/file/d/1sCWGTjwrBQ4FSvX8NkutYrES31h7gqg9/view,"Re-redacted 2026-10-06: names shortened to first name + initial; personal contact details, addresses and sobriety dates removed (scripts/scan-documents.py)."
archive-conference-2024-delegate-s-report-highlights-february-2024-es-redacted,Current,Conference,Delegate's report highlights – February 2024,Lo más destacado del informe del delegado – febrero de 2024,2024,2024,Spanish,PDF,624,,,,msca09aa.org (media library),yes,,docs/archive/conference/2024/delegate-s-report-highlights-february-2024-es-redacted.pdf,https://drive.google.com/file/d/1a-TbdZCYb6DEDLIktBtF3n7OGGnWWpDO/view,"Anonymity-redacted copy: full names shortened to first name + last initial, personal e-mails and phone numbers removed. Original (held for review): private copy in MSCA09AA-private"
reports-treasurer-ap-2024-budget-vs-actual-1st-quarter-2024-en,Current,Finances,Budget vs. actual – 1st quarter 2024,Presupuesto frente a gastos reales – 1.er trimestre de 2024,2024,2024,English,PDF,452,,,treasurer-ap,msca09aa.org (media library),yes,,docs/reports/Treasurer AP/2024/budget-vs-actual-1st-quarter-2024-en.pdf,https://drive.google.com/file/d/16ZiwMQPGePAbmx84nN8VjkFQzZ2_C4aG/view,
motions-2024-area-motions-2024-panel-74-en,Current,Motions,Area motions 2024 (Panel 74),Mociones del Área 2024 (Panel 74),2024,2024,English,PDF,422,,,,msca09aa.org (media library),yes,,docs/motions/2024/area-motions-2024-panel-74-en.pdf,https://drive.google.com/file/d/1Ry85Z4KUIGdwIDex4JL6-4Grd2o1PivG/view,
archive-calendars-2024-area-calendar-2024-draft-june-2023-en-es,Current,Calendar,"Area calendar 2024 (draft, June 2023)","Calendario del Área 2024 (borrador, junio de 2023)",2024,2024,Bilingual,PDF,32,,,,msca09aa.org (media library),yes,,docs/archive/calendars/2024/area-calendar-2024-draft-june-2023-en-es.pdf,https://drive.google.com/file/d/1uwi2q1xjo0iHYCAID97M_67DVJH7hcC-/view,"Re-redacted 2026-10-06: names shortened to first name + initial; personal contact details, addresses and sobriety dates removed (scripts/scan-documents.py)."
archive-conference-2024-74th-gsc-order-of-committee-reports-2024-en,Current,Conference,74th GSC – order of committee reports,74.ª CSG – orden de los informes de los comités,2024,2024,English,PDF,48,,,,msca09aa.org (media library),yes,,docs/archive/conference/2024/74th-gsc-order-of-committee-reports-2024-en.pdf,https://drive.google.com/file/d/1MsKZulRwi3B8HBZDX1r4zSP3xjYQixF3/view,
guidelines-area-guidelines-revision-p-september-2023-en,Current,Guidelines,"Area Guidelines, Revision P (September 2023)","Guías del Área, revisión P (septiembre de 2023)",2023-09-20,2023,English,PDF,157,,,guidelines-policies,msca09aa.org (media library),yes,,docs/guidelines/area-guidelines-revision-p-september-2023-en.pdf,https://drive.google.com/file/d/1d0WxkAcfmFUrWMYq6n2tqdvEGjh7qbef/view,
guidelines-area-guidelines-revision-p-september-2023-es,Current,Guidelines,"Area Guidelines, Revision P (September 2023)","Guías del Área, revisión P (septiembre de 2023)",2023-09-20,2023,Spanish,PDF,158,,,guidelines-policies,msca09aa.org (media library),yes,,docs/guidelines/area-guidelines-revision-p-september-2023-es.pdf,https://drive.google.com/file/d/1QMdgLPMtbKEmpgSaN3GZMsbarB6pGUcz/view,
guidelines-area-bylaws-revised-may-2022-en,Current,Guidelines,Area Bylaws (revised May 2022),Estatutos del Área (revisados en mayo de 2022),2022-05,2022,English,PDF,227,,,guidelines-policies,msca09aa.org (media library),yes,,docs/guidelines/area-bylaws-revised-may-2022-en.pdf,https://drive.google.com/file/d/1bEgHeoRMb4qnMuFOYhH7A7BoBoWldp4j/view,
guidelines-area-bylaws-revised-may-2022-es,Current,Guidelines,Area Bylaws (revised May 2022),Estatutos del Área (revisados en mayo de 2022),2022-05,2022,Spanish,PDF,157,,,guidelines-policies,msca09aa.org (media library),yes,,docs/guidelines/area-bylaws-revised-may-2022-es.pdf,https://drive.google.com/file/d/1TwVkrL1x3WA3HN_Iff6TOlIo8LNzee25/view,
guidelines-guidelines-and-policies-committee-guidelines-january-2022-en,Current,Guidelines,Guidelines and Policies Committee Guidelines (January 2022),Guías del Comité de Guías y Políticas (enero de 2022),2022-01-09,2022,English,PDF,68,,,guidelines-policies,msca09aa.org (media library),yes,,docs/guidelines/guidelines-and-policies-committee-guidelines-january-2022-en.pdf,https://drive.google.com/file/d/1J2s5ZKdx5zRXD_2bLqdvDGlSUCl8LNef/view,
guidelines-guidelines-and-policies-committee-guidelines-january-2022-es,Current,Guidelines,Guidelines and Policies Committee Guidelines (January 2022),Guías del Comité de Guías y Políticas (enero de 2022),2022-01-09,2022,Spanish,PDF,99,,,guidelines-policies,msca09aa.org (media library),yes,,docs/guidelines/guidelines-and-policies-committee-guidelines-january-2022-es.pdf,https://drive.google.com/file/d/19rzOy3Ab-eS2Wg6lZbqcKpPHv6H8GqW-/view,
committee-guidelines-gsr-school-guidelines-january-2022-en,Current,Guidelines,GSR School Guidelines (January 2022),Guías de la Escuela de RSG (enero de 2022),2022-01-09,2022,English,PDF,84,,,gsr-school,msca09aa.org (media library),yes,,docs/Committee Guidelines/gsr-school-guidelines-january-2022-en.pdf,https://drive.google.com/file/d/1oe29hbmJ0SNbuA_X641ieJ559jcHVrqe/view,
committee-guidelines-gsr-school-guidelines-january-2022-es,Current,Guidelines,GSR School Guidelines (January 2022),Guías de la Escuela de RSG (enero de 2022),2022-01-09,2022,Spanish,PDF,64,,,gsr-school,msca09aa.org (media library),yes,,docs/Committee Guidelines/gsr-school-guidelines-january-2022-es.pdf,https://drive.google.com/file/d/1m_mO-v45pO0HlPpjTYZopsYWdoJgg5dt/view,
committee-guidelines-guidelines-special-needs-msca-2003-09,Current,Guidelines,Special Needs (Accessibilities) Committee Guidelines (2003),Guías del Comité de Necesidades Especiales (Accesibilidades) (2003),2003-09,2003,English,PDF,382,,,accessibilities,Area Drive (docs/),yes,,docs/Committee Guidelines/Guidelines-Special-Needs-MSCA-2003-09.pdf,https://drive.google.com/file/d/1ObsLVqhg0gvdcEPp-uDZfL7ZHiIlPzMR/view,
committee-guidelines-treatment-committee-guidelines,Current,Guidelines,Treatment Committee Guidelines,Guías del Comité de Centros de Tratamiento,,,English,PDF,27,,,treatment,Area Drive (docs/),yes,,docs/Committee Guidelines/Treatment committee guidelines.pdf,https://drive.google.com/file/d/1slaEx2mt3_o-NMz7KknSzNaWoDnf28Ut/view,
committee-guidelines-registration-guidelines,Current,Guidelines,Registration Committee Guidelines,Guías del Comité de Registro,,,English,PDF,18,,,registration,Area Drive (docs/),yes,,docs/Committee Guidelines/Registration-guidelines.pdf,https://drive.google.com/file/d/1oFbECb2qJBasgIErAlQBnEH7Y9ryYTBg/view,
committee-guidelines-pi-guidelines,Current,Guidelines,Public Information Committee Guidelines,Guías del Comité de Información Pública,,,English,PDF,17,,,public-information,Area Drive (docs/),yes,,docs/Committee Guidelines/PI- Guidelines.pdf,https://drive.google.com/file/d/16DnDFBTXWaOWQP6nWPlo9Tg_4zg6m0bR/view,
committee-guidelines-guidelines-gsr-school-english,Current,Guidelines,GSR School Guidelines,Guías para la Escuela de RSG,,,English,PDF,43,,,gsr-school,Area Drive (docs/),yes,,docs/Committee Guidelines/Guidelines-GSR-School-English.pdf,https://drive.google.com/file/d/1aZy8qiQpq8WwQx--viWv3prpSJFdQaYY/view,
committee-guidelines-conventionliasionguidelines,Current,Guidelines,Convention Liaison Committee Guidelines,Guías del Comité de Enlace con la Convención,,,English,PDF,116,,,convention-liaison,Area Drive (docs/),yes,,docs/Committee Guidelines/Conventionliasionguidelines.pdf,https://drive.google.com/file/d/13DtoCH7a5U4BorihYGmIYZ1bHIWdBEqA/view,
committee-guidelines-cpc-guidelines,Current,Guidelines,CPC Committee Guidelines,Guías del Comité de Cooperación con la Comunidad Profesional,,,English,PDF,220,,,cpc,Area Drive (docs/),yes,,docs/Committee Guidelines/CPC-Guidelines.pdf,https://drive.google.com/file/d/1XeK6HwV1zGHftAtE37hB9o12Pp_Su5Iv/view,
committee-guidelines-area-9-h-and-i-committees,Current,Guidelines,Area 09 H&I committees – list of local Hospitals & Institutions committees,Comités de H&I del Área 09 – lista de comités locales de Hospitales e Instituciones,,,English,PDF,36,,,hospitals-institutions,Area Drive (docs/),yes,,docs/Committee Guidelines/Area 9 H&I Committees.pdf,https://drive.google.com/file/d/1HAk6XxnVufed4392tjDonGoSMgdE16VL/view,
