id,collection,category,title_en,title_es,date,year,language,format,size_kb,meeting_type,district,committee,source,publish,anonymity_flag,drive_path,url,notes
"# DO NOT DELETE these rows: they keep unredacted originals, confidential background and duplicates off the site (publish = review or no). Deleting a row here can put a file with members' full names, phone numbers or e-mails back on the site when the automatic Drive listing is on.",,,,,,,,,,,,,,,,,,
"# To release a document after an anonymity review: make a cleaned copy (python scripts/scan-documents.py --redact IN.pdf OUT.pdf), put the cleaned copy in docs/, add it as a new row in current.csv or an archive file, and leave this row here.",,,,,,,,,,,,,,,,,,
"# Same columns as current.csv. anonymity_flag: personal-contact (personal e-mail, phone or home address) · full-name (a member's full name) · sobriety-date · unverified (scanned pages nobody has read yet) · confidential (GSC background, GSB minutes, rosters). Counts per file: MSCA09AA-private/documents-held-for-anonymity-review.csv (private).",,,,,,,,,,,,,,,,,,
archive-flyers-2026-empowering-community-event-save-the-date-2026-12-en,Current,Flyers,"11th Hispanic Women's Workshop, December 12, 2026 – save the date","11.º Taller de Mujeres Hispanas, 12 de diciembre de 2026 – reserve la fecha",2026-12-12,2026,Bilingual,PDF,1601,,,hispanic-womens,msca09aa.org (media library),review,personal-contact,,,"held for review: personal contact details (e-mails 1, phones 2); private copy in MSCA09AA-private; published instead as the redacted copy docs/archive/flyers/2026/empowering-community-event-save-the-date-2026-12-en-redacted.pdf"
reports-delegate-september-2026-asa,Current,Delegate,Delegate's report – September 2026 Assembly,Informe del Delegado – Asamblea de septiembre de 2026,2026-09,2026,English,PDF,2630,,,delegate,Area Drive (docs/),review,personal-contact,docs/reports/Delegate/September 2026 ASA.pdf,,held for review: personal-contact; published instead as the redacted copy docs/reports/Delegate/September 2026 ASA-redacted.pdf Unredacted original moved to MSCA09AA-private/removed-from-docs-2026-10-06 (the -redacted copy is published).
reports-delegate-september-2026-asa-redacted,Current,Delegate,Delegate's report – September 2026 Assembly,Informe del Delegado – Asamblea de septiembre de 2026,2026-09,2026,English,PDF,2653,,,delegate,Area Drive (docs/),review,personal-contact,docs/reports/Delegate/September 2026 ASA-redacted.pdf,,"Anonymity-redacted copy: full names shortened to first name + last initial, personal e-mails and phone numbers removed. Original (held for review): docs/reports/Delegate/September 2026 ASA.pdf Held 2026-10-06 by scripts/scan-documents.py (personal-contact); counts in MSCA09AA-private/documents-held-for-anonymity-review.csv. File moved to MSCA09AA-private/removed-from-docs-2026-10-06 (could not be cleaned automatically)."
archive-misc-2026-june-asc-en,Current,Delegate,Delegate's handout – June 2026 ASC (Final Conference Report orders),Hoja del Delegado – CSA de junio de 2026 (pedidos del Informe Final de la Conferencia),2026-06,2026,English,PDF,1979,,,delegate,msca09aa.org (media library),review,personal-contact,,,"held for review: personal contact details (e-mails 0, phones 1); private copy in MSCA09AA-private; published instead as the redacted copy docs/archive/misc/2026/june-asc-en-redacted.pdf"
archive-misc-2026-june-asc-en-redacted,Current,Delegate,Delegate's handout – June 2026 ASC (Final Conference Report orders),Hoja del Delegado – CSA de junio de 2026 (pedidos del Informe Final de la Conferencia),2026-06,2026,English,PDF,1860,,,delegate,msca09aa.org (media library),review,personal-contact,docs/archive/misc/2026/june-asc-en-redacted.pdf,,"Anonymity-redacted copy: full names shortened to first name + last initial, personal e-mails and phone numbers removed. Original (held for review): private copy in MSCA09AA-private Held 2026-10-06 by scripts/scan-documents.py (personal-contact); counts in MSCA09AA-private/documents-held-for-anonymity-review.csv. File moved to MSCA09AA-private/removed-from-docs-2026-10-06 (could not be cleaned automatically)."
reports-ad-hoc-website-committee-final-report-2026-06-24,Current,Reports,Ad Hoc Website Committee - Final Report (June 2026),,2026-06,2026,English,Word,2240,,,technology,msca09aa.org,review,full-name,docs/reports/ad-hoc-website-committee-final-report-2026-06-24.docx,,Held 2026-10-06 by scripts/scan-documents.py (full-name); counts in MSCA09AA-private/documents-held-for-anonymity-review.csv.
conference-2026-floor-actions-5-6-76th-gsc-2026-05-en,Current,Conference,Floor actions 5–6 – 76th GSC,Acciones de pleno 5–6 – 76.ª CSG,2026-05-01,2026,English,PDF,71,,,,msca09aa.org (media library),review,full-name,,,held for review: possible full names of members (1); private copy in MSCA09AA-private; published instead as the redacted copy docs/conference/2026/floor-actions-5-6-76th-gsc-2026-05-en-redacted.pdf
conference-2026-floor-actions-4-76th-gsc-2026-05-en,Current,Conference,Floor actions 4 – 76th GSC,Acciones de pleno 4 – 76.ª CSG,2026-05-01,2026,English,PDF,59,,,,msca09aa.org (media library),review,full-name,,,held for review: possible full names of members (1); private copy in MSCA09AA-private; published instead as the redacted copy docs/conference/2026/floor-actions-4-76th-gsc-2026-05-en-redacted.pdf
conference-2026-floor-actions-76th-gsc-2026-04-es,Current,Conference,Floor actions – 76th GSC,Acciones de pleno – 76.ª CSG,2026-04-29,2026,Spanish,PDF,45,,,,msca09aa.org (media library),review,full-name,,,held for review: possible full names of members (5); private copy in MSCA09AA-private; published instead as the redacted copy docs/conference/2026/floor-actions-76th-gsc-2026-04-es-redacted.pdf
conference-2026-floor-actions-1-3-76th-gsc-2026-04-en,Current,Conference,Floor actions 1–3 – 76th GSC,Acciones de pleno 1–3 – 76.ª CSG,2026-04-29,2026,English,PDF,68,,,,msca09aa.org (media library),review,full-name,,,held for review: possible full names of members (3); private copy in MSCA09AA-private; published instead as the redacted copy docs/conference/2026/floor-actions-1-3-76th-gsc-2026-04-en-redacted.pdf
reports-2026-conference-committee-on-treatment-and-accessibilities-report-76th-gsc-2026-04-en,Current,Conference,Conference Committee on Treatment and Accessibilities – report (76th GSC),Comité de la Conferencia sobre Tratamiento y Accesibilidades – informe (76.ª CSG),2026-04-27,2026,English,PDF,85,,,,msca09aa.org (media library),review,full-name,,,held for review: possible full names of members (2); private copy in MSCA09AA-private; published instead as the redacted copy docs/reports/2026/conference-committee-on-treatment-and-accessibilities-report-76th-gsc-2026-04-en-redacted.pdf
reports-2026-conference-committee-on-report-and-charter-report-76th-gsc-2026-04-en,Current,Conference,Conference Committee on Report and Charter – report (76th GSC),Comité de la Conferencia sobre Informe y Carta Constitutiva – informe (76.ª CSG),2026-04-27,2026,English,PDF,98,,,,msca09aa.org (media library),review,full-name,,,held for review: possible full names of members (2); private copy in MSCA09AA-private; published instead as the redacted copy docs/reports/2026/conference-committee-on-report-and-charter-report-76th-gsc-2026-04-en-redacted.pdf
reports-2026-conference-committee-on-public-information-report-76th-gsc-2026-04-en,Current,Conference,Conference Committee on Public Information – report (76th GSC),Comité de la Conferencia sobre Información Pública – informe (76.ª CSG),2026-04-27,2026,English,PDF,87,,,public-information,msca09aa.org (media library),review,full-name,,,held for review: possible full names of members (1); private copy in MSCA09AA-private; published instead as the redacted copy docs/reports/2026/conference-committee-on-public-information-report-76th-gsc-2026-04-en-redacted.pdf
reports-2026-conference-committee-on-policy-admissions-report-76th-gsc-2026-04-en,Current,Conference,Conference Committee on Policy/Admissions – report (76th GSC),Comité de la Conferencia sobre Política/Admisiones – informe (76.ª CSG),2026-04-27,2026,English,PDF,98,,,,msca09aa.org (media library),review,full-name,,,held for review: possible full names of members (1); private copy in MSCA09AA-private; published instead as the redacted copy docs/reports/2026/conference-committee-on-policy-admissions-report-76th-gsc-2026-04-en-redacted.pdf
conference-2026-conference-committee-on-policy-admissions-report-76th-gsc-2026-04-es,Current,Conference,Conference Committee on Policy/Admissions – report (76th GSC),Comité de la Conferencia sobre Política/Admisiones – informe (76.ª CSG),2026-04-27,2026,Spanish,PDF,75,,,,msca09aa.org (media library),review,full-name,,,held for review: possible full names of members (1); private copy in MSCA09AA-private; published instead as the redacted copy docs/conference/2026/conference-committee-on-policy-admissions-report-76th-gsc-2026-04-es-redacted.pdf
reports-2026-conference-committee-on-corrections-report-76th-gsc-2026-04-en,Current,Conference,Conference Committee on Corrections – report (76th GSC),Comité de la Conferencia sobre Correccionales – informe (76.ª CSG),2026-04-27,2026,English,PDF,46,,,corrections,msca09aa.org (media library),review,full-name,,,held for review: possible full names of members (1); private copy in MSCA09AA-private; published instead as the redacted copy docs/reports/2026/conference-committee-on-corrections-report-76th-gsc-2026-04-en-redacted.pdf
conference-2026-conference-committee-on-corrections-report-76th-gsc-2026-04-es,Current,Conference,Conference Committee on Corrections – report (76th GSC),Comité de la Conferencia sobre Correccionales – informe (76.ª CSG),2026-04-27,2026,Spanish,PDF,49,,,corrections,msca09aa.org (media library),review,full-name,,,held for review: possible full names of members (1); private copy in MSCA09AA-private; published instead as the redacted copy docs/conference/2026/conference-committee-on-corrections-report-76th-gsc-2026-04-es-redacted.pdf
reports-2026-conference-committee-on-cooperation-with-the-professional-community-report-76th-2026-04-en,Current,Conference,Conference Committee on Cooperation with the Professional Community – report (76th GSC),Comité de la Conferencia sobre Cooperación con la Comunidad Profesional – informe (76.ª CSG),2026-04-27,2026,English,PDF,79,,,cpc,msca09aa.org (media library),review,full-name,,,held for review: possible full names of members (1); private copy in MSCA09AA-private; published instead as the redacted copy docs/reports/2026/conference-committee-on-cooperation-with-the-professional-community-report-76th-2026-04-en-redacted.pdf
reports-2026-conference-committee-on-agenda-report-76th-gsc-2026-04-en,Current,Conference,Conference Committee on Agenda – report (76th GSC),Comité de la Conferencia sobre Agenda – informe (76.ª CSG),2026-04-27,2026,English,PDF,81,,,,msca09aa.org (media library),review,full-name,,,held for review: possible full names of members (2); private copy in MSCA09AA-private; published instead as the redacted copy docs/reports/2026/conference-committee-on-agenda-report-76th-gsc-2026-04-en-redacted.pdf
conference-2026-76th-gsc-around-the-picnic-table-finance-presentation-2026-04-en,Current,Conference,76th GSC – 'Around the Picnic Table' finance presentation,76.ª CSG – presentación de finanzas 'Alrededor de la mesa de picnic',2026-04,2026,English,PDF,4459,,,,msca09aa.org (media library),review,unverified,docs/conference/2026/76th-gsc-around-the-picnic-table-finance-presentation-2026-04-en.pdf,,Held 2026-10-06 by scripts/scan-documents.py (unverified); counts in MSCA09AA-private/documents-held-for-anonymity-review.csv. File moved to MSCA09AA-private/removed-from-docs-2026-10-06 (could not be cleaned automatically).
conference-2026-76th-gsc-around-the-picnic-table-finance-presentation-2026-04-es,Current,Conference,76th GSC – 'Around the Picnic Table' finance presentation,76.ª CSG – presentación de finanzas 'Alrededor de la mesa de picnic',2026-04,2026,Spanish,PowerPoint,1493,,,,msca09aa.org (media library),review,full-name,docs/conference/2026/76th-gsc-around-the-picnic-table-finance-presentation-2026-04-es.pptx,,Held 2026-10-06 by scripts/scan-documents.py (full-name); counts in MSCA09AA-private/documents-held-for-anonymity-review.csv. File moved to MSCA09AA-private/removed-from-docs-2026-10-06 (could not be cleaned automatically).
workbooks-2026-mock-conference-workbook-report-and-charter-trustees-panel-76-2026-03-en,Current,Workbooks,"Mock Conference workbook – Report and Charter, Trustees (Panel 76)","Cuaderno de trabajo del simulacro de la Conferencia – Informe y Carta Constitutiva, Custodios (Panel 76)",2026-03,2026,English,PDF,2105,,,alternate-delegate,msca09aa.org (media library),review,full-name; personal-contact,docs/workbooks/2026/mock-conference-workbook-report-and-charter-trustees-panel-76-2026-03-en.pdf,,Held 2026-10-06 by scripts/scan-documents.py (full-name; personal-contact); counts in MSCA09AA-private/documents-held-for-anonymity-review.csv. File moved to MSCA09AA-private/removed-from-docs-2026-10-06 (could not be cleaned automatically).
workbooks-2026-mock-conference-workbook-report-and-charter-trustees-panel-76-2026-03-es,Current,Workbooks,"Mock Conference workbook – Report and Charter, Trustees (Panel 76)","Cuaderno de trabajo del simulacro de la Conferencia – Informe y Carta Constitutiva, Custodios (Panel 76)",2026-03,2026,Spanish,PDF,3235,,,alternate-delegate,msca09aa.org (media library),review,personal-contact,docs/workbooks/2026/mock-conference-workbook-report-and-charter-trustees-panel-76-2026-03-es.pdf,,Held 2026-10-06 by scripts/scan-documents.py (personal-contact); counts in MSCA09AA-private/documents-held-for-anonymity-review.csv. File moved to MSCA09AA-private/removed-from-docs-2026-10-06 (could not be cleaned automatically).
workbooks-2026-mock-conference-workbook-public-information-panel-76-2026-03-en,Current,Workbooks,Mock Conference workbook – Public Information (Panel 76),Cuaderno de trabajo del simulacro de la Conferencia – Información Pública (Panel 76),2026-03,2026,English,PDF,2077,,,alternate-delegate,msca09aa.org (media library),review,full-name; personal-contact,docs/workbooks/2026/mock-conference-workbook-public-information-panel-76-2026-03-en.pdf,,Held 2026-10-06 by scripts/scan-documents.py (full-name; personal-contact); counts in MSCA09AA-private/documents-held-for-anonymity-review.csv. File moved to MSCA09AA-private/removed-from-docs-2026-10-06 (could not be cleaned automatically).
workbooks-2026-mock-conference-workbook-public-information-panel-76-2026-03-es,Current,Workbooks,Mock Conference workbook – Public Information (Panel 76),Cuaderno de trabajo del simulacro de la Conferencia – Información Pública (Panel 76),2026-03,2026,Spanish,PDF,3204,,,alternate-delegate,msca09aa.org (media library),review,personal-contact,docs/workbooks/2026/mock-conference-workbook-public-information-panel-76-2026-03-es.pdf,,Held 2026-10-06 by scripts/scan-documents.py (personal-contact); counts in MSCA09AA-private/documents-held-for-anonymity-review.csv. File moved to MSCA09AA-private/removed-from-docs-2026-10-06 (could not be cleaned automatically).
workbooks-2026-mock-conference-workbook-finance-grapevine-and-la-vina-panel-76-2026-03-en,Current,Workbooks,"Mock Conference workbook – Finance, Grapevine and La Viña (Panel 76)","Cuaderno de trabajo del simulacro de la Conferencia – Finanzas, Grapevine y La Viña (Panel 76)",2026-03,2026,English,PDF,2098,,,alternate-delegate,msca09aa.org (media library),review,full-name; personal-contact,docs/workbooks/2026/mock-conference-workbook-finance-grapevine-and-la-vina-panel-76-2026-03-en.pdf,,Held 2026-10-06 by scripts/scan-documents.py (full-name; personal-contact); counts in MSCA09AA-private/documents-held-for-anonymity-review.csv. File moved to MSCA09AA-private/removed-from-docs-2026-10-06 (could not be cleaned automatically).
workbooks-2026-mock-conference-workbook-finance-grapevine-and-la-vina-panel-76-2026-03-es,Current,Workbooks,"Mock Conference workbook – Finance, Grapevine and La Viña (Panel 76)","Cuaderno de trabajo del simulacro de la Conferencia – Finanzas, Grapevine y La Viña (Panel 76)",2026-03,2026,Spanish,PDF,3217,,,alternate-delegate,msca09aa.org (media library),review,personal-contact,docs/workbooks/2026/mock-conference-workbook-finance-grapevine-and-la-vina-panel-76-2026-03-es.pdf,,Held 2026-10-06 by scripts/scan-documents.py (personal-contact); counts in MSCA09AA-private/documents-held-for-anonymity-review.csv. File moved to MSCA09AA-private/removed-from-docs-2026-10-06 (could not be cleaned automatically).
workbooks-2026-mock-conference-workbook-cpc-corrections-treatment-and-accessibilities-panel-76-2026-03-en,Current,Workbooks,"Mock Conference workbook – CPC, Corrections, Treatment and Accessibilities (Panel 76)","Cuaderno de trabajo del simulacro de la Conferencia – CCP, Correccionales, Tratamiento y Accesibilidades (Panel 76)",2026-03,2026,English,PDF,2196,,,alternate-delegate,msca09aa.org (media library),review,full-name; personal-contact,docs/workbooks/2026/mock-conference-workbook-cpc-corrections-treatment-and-accessibilities-panel-76-2026-03-en.pdf,,Held 2026-10-06 by scripts/scan-documents.py (full-name; personal-contact); counts in MSCA09AA-private/documents-held-for-anonymity-review.csv. File moved to MSCA09AA-private/removed-from-docs-2026-10-06 (could not be cleaned automatically).
workbooks-2026-mock-conference-workbook-cpc-corrections-treatment-and-accessibilities-panel-76-2026-03-es,Current,Workbooks,"Mock Conference workbook – CPC, Corrections, Treatment and Accessibilities (Panel 76)","Cuaderno de trabajo del simulacro de la Conferencia – CCP, Correccionales, Tratamiento y Accesibilidades (Panel 76)",2026-03,2026,Spanish,PDF,3258,,,alternate-delegate,msca09aa.org (media library),review,personal-contact,docs/workbooks/2026/mock-conference-workbook-cpc-corrections-treatment-and-accessibilities-panel-76-2026-03-es.pdf,,Held 2026-10-06 by scripts/scan-documents.py (personal-contact); counts in MSCA09AA-private/documents-held-for-anonymity-review.csv. File moved to MSCA09AA-private/removed-from-docs-2026-10-06 (could not be cleaned automatically).
workbooks-2026-mock-conference-workbook-archives-and-literature-panel-76-2026-03-en,Current,Workbooks,Mock Conference workbook – Archives and Literature (Panel 76),Cuaderno de trabajo del simulacro de la Conferencia – Archivos Históricos y Literatura (Panel 76),2026-03,2026,English,PDF,2072,,,alternate-delegate,msca09aa.org (media library),review,full-name; personal-contact,docs/workbooks/2026/mock-conference-workbook-archives-and-literature-panel-76-2026-03-en.pdf,,Held 2026-10-06 by scripts/scan-documents.py (full-name; personal-contact); counts in MSCA09AA-private/documents-held-for-anonymity-review.csv. File moved to MSCA09AA-private/removed-from-docs-2026-10-06 (could not be cleaned automatically).
workbooks-2026-mock-conference-workbook-archives-and-literature-panel-76-2026-03-es,Current,Workbooks,Mock Conference workbook – Archives and Literature (Panel 76),Cuaderno de trabajo del simulacro de la Conferencia – Archivos Históricos y Literatura (Panel 76),2026-03,2026,Spanish,PDF,3165,,,alternate-delegate,msca09aa.org (media library),review,personal-contact,docs/workbooks/2026/mock-conference-workbook-archives-and-literature-panel-76-2026-03-es.pdf,,Held 2026-10-06 by scripts/scan-documents.py (personal-contact); counts in MSCA09AA-private/documents-held-for-anonymity-review.csv. File moved to MSCA09AA-private/removed-from-docs-2026-10-06 (could not be cleaned automatically).
workbooks-2026-mock-conference-workbook-agenda-policy-admissions-international-conventions-2026-03-en,Current,Workbooks,"Mock Conference workbook – Agenda, Policy/Admissions, International Conventions (Panel 76)","Cuaderno de trabajo del simulacro de la Conferencia – Agenda, Política/Admisiones, Convenciones Internacionales (Panel 76)",2026-03,2026,English,PDF,2159,,,alternate-delegate,msca09aa.org (media library),review,full-name; personal-contact,docs/workbooks/2026/mock-conference-workbook-agenda-policy-admissions-international-conventions-2026-03-en.pdf,,Held 2026-10-06 by scripts/scan-documents.py (full-name; personal-contact); counts in MSCA09AA-private/documents-held-for-anonymity-review.csv. File moved to MSCA09AA-private/removed-from-docs-2026-10-06 (could not be cleaned automatically).
workbooks-2026-mock-conference-workbook-agenda-policy-admissions-international-conventions-2026-03-es,Current,Workbooks,"Mock Conference workbook – Agenda, Policy/Admissions, International Conventions (Panel 76)","Cuaderno de trabajo del simulacro de la Conferencia – Agenda, Política/Admisiones, Convenciones Internacionales (Panel 76)",2026-03,2026,Spanish,PDF,3287,,,alternate-delegate,msca09aa.org (media library),review,personal-contact,docs/workbooks/2026/mock-conference-workbook-agenda-policy-admissions-international-conventions-2026-03-es.pdf,,Held 2026-10-06 by scripts/scan-documents.py (personal-contact); counts in MSCA09AA-private/documents-held-for-anonymity-review.csv. File moved to MSCA09AA-private/removed-from-docs-2026-10-06 (could not be cleaned automatically).
archive-misc-2026-conf-76-en,Current,Delegate,76th GSC Pre-Conference schedule (Panel 76 Delegate),Calendario de Preconferencia de la 76.ª CSG (Delegada del Panel 76),2026-03,2026,English,PDF,1380,,,delegate,msca09aa.org (media library),review,personal-contact,,,"held for review: personal contact details (e-mails 0, phones 2); private copy in MSCA09AA-private; published instead as the redacted copy docs/archive/misc/2026/conf-76-en-redacted.pdf"
workbooks-2026-panel-76-committee-chair-tool-kit-2026-02-es,Current,Workbooks,Panel 76 committee chair tool kit,Kit de herramientas para coordinadores de comité del Panel 76,2026-02,2026,Spanish,PDF,648,,,alternate-delegate,msca09aa.org (media library),review,personal-contact,,,"held for review: personal contact details (e-mails 1, phones 0); private copy in MSCA09AA-private; published instead as the redacted copy docs/workbooks/2026/panel-76-committee-chair-tool-kit-2026-02-es-redacted.pdf"
workbooks-2026-panel-76-committee-chair-tool-kit-2026-02-en,Current,Workbooks,Panel 76 committee chair tool kit,Kit de herramientas para coordinadores de comité del Panel 76,2026-02,2026,English,PDF,648,,,alternate-delegate,msca09aa.org (media library),review,personal-contact,,,"held for review: personal contact details (e-mails 1, phones 0); private copy in MSCA09AA-private; published instead as the redacted copy docs/workbooks/2026/panel-76-committee-chair-tool-kit-2026-02-en-redacted.pdf"
workbooks-2026-panel-76-dcmc-tool-kit-2026-02-en,Current,Workbooks,Panel 76 DCMC tool kit,Kit de herramientas para CMCD del Panel 76,2026-02,2026,English,PDF,639,,,dcm-school,msca09aa.org (media library),review,personal-contact,,,"held for review: personal contact details (e-mails 1, phones 0); private copy in MSCA09AA-private; published instead as the redacted copy docs/workbooks/2026/panel-76-dcmc-tool-kit-2026-02-en-redacted.pdf"
workbooks-2026-panel-76-dcmc-tool-kit-2026-02-es,Current,Workbooks,Panel 76 DCMC tool kit,Kit de herramientas para CMCD del Panel 76,2026-02,2026,Spanish,PDF,1278,,,dcm-school,msca09aa.org (media library),review,personal-contact,,,"held for review: personal contact details (e-mails 1, phones 8); private copy in MSCA09AA-private; published instead as the redacted copy docs/workbooks/2026/panel-76-dcmc-tool-kit-2026-02-es-redacted.pdf"
conference-2026-76th-gsc-2026-voting-results-spreadsheet-draft-en,Current,Conference,76th GSC 2026 Voting Results Spreadsheet Draft,,2026,2026,English,Excel,96,,,,msca09aa.org (media library),review,full-name,,,held for review: possible full names of members (4); private copy in MSCA09AA-private
archive-misc-2026-spanish-es,Current,Misc,,,,2026,Spanish,PDF,271,,,,msca09aa.org (media library),review,personal-contact,,,"held for review: personal contact details (e-mails 0, phones 2); private copy in MSCA09AA-private"
reports-delegate-2026-delegate-s-report-highlights-december-2026-en,Current,Delegate,Delegate's report highlights – December 2025,Lo más destacado del informe del delegado – diciembre de 2025,2025-12,2025,English,Word,893,,,delegate,msca09aa.org (media library),review,full-name,,,held for review: possible full names of members (1); private copy in MSCA09AA-private; published instead as the redacted copy docs/reports/Delegate/2026/delegate-s-report-highlights-december-2026-en-redacted.pdf
agendas-2025-asc-agenda-november-2025-es,Current,Agendas,ASC Agenda – November 2025,Agenda del CSA – noviembre de 2025,2025-11,2025,Spanish,Word,12,ASC,,,msca09aa.org (media library),review,full-name,docs/agendas/2025/asc-agenda-november-2025-es.docx,,Held 2026-10-06 by scripts/scan-documents.py (full-name); counts in MSCA09AA-private/documents-held-for-anonymity-review.csv. File moved to MSCA09AA-private/removed-from-docs-2026-10-06 (could not be cleaned automatically).
agendas-2025-election-assembly-panel-76-agenda-october-2025-es,Current,Agendas,Election Assembly (Panel 76) Agenda – October 2025,Agenda de la Asamblea de Elecciones (Panel 76) – octubre de 2025,2025-10,2025,Spanish,Word,92,ASA,,,msca09aa.org (media library),review,full-name,docs/agendas/2025/election-assembly-panel-76-agenda-october-2025-es.docx,,Held 2026-10-06 by scripts/scan-documents.py (full-name); counts in MSCA09AA-private/documents-held-for-anonymity-review.csv. File moved to MSCA09AA-private/removed-from-docs-2026-10-06 (could not be cleaned automatically).
archive-districts-d8-2025-district-8-final-october-2025-en,Current,District,District 8 Minutes – October 2025,Actas del Distrito 8 – octubre de 2025,2025-10,2025,English,PDF,10512,,d08,,msca09aa.org (media library),review,personal-contact,,,"held for review: personal contact details (e-mails 1, phones 9); private copy in MSCA09AA-private; published instead as the redacted copy docs/archive/districts/d8/2025/district-8-final-october-2025-en-redacted.pdf"
conference-2026-delegate-s-report-highlights-3rd-quarter-2026-en,Current,Conference,Delegate's report highlights – 3rd quarter 2025,Lo más destacado del informe del delegado – 3.er trimestre de 2025,2025-09-18,2025,English,PDF,1090,,,,msca09aa.org (media library),review,full-name,,,held for review: possible full names of members (1); private copy in MSCA09AA-private; published instead as the redacted copy docs/conference/2026/delegate-s-report-highlights-3rd-quarter-2026-en-redacted.pdf
archive-districts-d8-2025-district-8-minutes-september-2025-en,Current,District,District 8 Minutes – September 2025,Actas del Distrito 8 – septiembre de 2025,2025-09,2025,English,Word,36,,d08,,msca09aa.org (media library),review,personal-contact,,,"held for review: personal contact details (e-mails 0, phones 10); possible full names of members (1); private copy in MSCA09AA-private; published instead as the redacted copy docs/archive/districts/d8/2025/district-8-minutes-september-2025-en-redacted.pdf"
gso-2025-general-service-board-quarterly-report-august-2025-en,Current,GSO,General Service Board quarterly report – August 2025,Informe trimestral de la Junta de Servicios Generales – agosto de 2025,2025-08,2025,English,PDF,561,,,,msca09aa.org (media library),review,full-name,,,held for review: possible full names of members (1); private copy in MSCA09AA-private; published instead as the redacted copy docs/gso/2025/general-service-board-quarterly-report-august-2025-en-redacted.pdf
gso-2025-general-service-board-quarterly-report-august-2025-es,Current,GSO,General Service Board quarterly report – August 2025,Informe trimestral de la Junta de Servicios Generales – agosto de 2025,2025-08,2025,Spanish,PDF,591,,,,msca09aa.org (media library),review,full-name,,,held for review: possible full names of members (1); private copy in MSCA09AA-private; published instead as the redacted copy docs/gso/2025/general-service-board-quarterly-report-august-2025-es-redacted.pdf
archive-districts-d8-2025-district-8-minutes-august-2025-en,Current,District,District 8 Minutes – August 2025,Actas del Distrito 8 – agosto de 2025,2025-08,2025,English,Word,35,,d08,,msca09aa.org (media library),review,personal-contact,,,"held for review: personal contact details (e-mails 0, phones 11); private copy in MSCA09AA-private; published instead as the redacted copy docs/archive/districts/d8/2025/district-8-minutes-august-2025-en-redacted.pdf"
conference-2025-xxix-aniversary-of-la-vina-pacific-region-2025-07-25-thru-27-en-en,Current,Conference,XXIX Aniversary of La Vina-Pacific Region 2025-07-25 thru 27 EN,,2025-07-25,2025,English,PDF,88,,,grapevine-la-vina,msca09aa.org (media library),review,personal-contact,,,"held for review: personal contact details (e-mails 0, phones 1); private copy in MSCA09AA-private"
archive-districts-d8-2025-district-8-minutes-july-2025-en,Current,District,District 8 Minutes – July 2025,Actas del Distrito 8 – julio de 2025,2025-07,2025,English,PDF,767,,d08,,msca09aa.org (media library),review,personal-contact,,,"held for review: personal contact details (e-mails 4, phones 12); private copy in MSCA09AA-private; published instead as the redacted copy docs/archive/districts/d8/2025/district-8-minutes-july-2025-en-redacted.pdf"
archive-districts-d5-2025-d5-newsletter-2025-3rd-qtr-issue-37-en,Current,Newsletters,District 5 Newsletter – 3rd quarter 2025 (issue 37),Boletín del Distrito 5 – 3.er trimestre de 2025 (número 37),2025-07,2025,English,PDF,2750,,d05,,msca09aa.org (media library),review,personal-contact,,,"held for review: personal contact details (e-mails 0, phones 1); private copy in MSCA09AA-private; published instead as the redacted copy docs/archive/districts/d5/2025/d5-newsletter-2025-3rd-qtr-issue-37-en-redacted.pdf"
reports-2025-acypaa-report-to-the-area-june-8-2025-en,Current,Reports,"ACYPAA report to the Area – June 8, 2025",Informe de ACYPAA al Área – 8 de junio de 2025,2025-06-08,2025,English,PDF,487,,,ypaa,msca09aa.org (media library),review,personal-contact,docs/reports/2025/acypaa-report-to-the-area-june-8-2025-en.pdf,,Held 2026-10-06 by scripts/scan-documents.py (personal-contact); counts in MSCA09AA-private/documents-held-for-anonymity-review.csv. File moved to MSCA09AA-private/removed-from-docs-2026-10-06 (could not be cleaned automatically).
archive-districts-d8-2025-complete-with-docusign-district-8-final-june-2025-06-en,Current,District,District 8 Minutes – June 2025,Actas del Distrito 8 – junio de 2025,2025-06,2025,English,PDF,756,,d08,,msca09aa.org (media library),review,personal-contact,,,"held for review: personal contact details (e-mails 2, phones 12); private copy in MSCA09AA-private; published instead as the redacted copy docs/archive/districts/d8/2025/complete-with-docusign-district-8-final-june-2025-06-en-redacted.pdf"
archive-flyers-2025-post-conference-assembly-delegate-s-report-may-18-2025-flyer-en,Current,Flyers,"Post-Conference Assembly / Delegate's report, May 18, 2025 – flyer","Asamblea de Posconferencia / informe del Delegado, 18 de mayo de 2025 – volante",2025-05-18,2025,English,PDF,501,,,,msca09aa.org (media library),review,full-name,,,held for review: possible full names of members (1); private copy in MSCA09AA-private; published instead as the redacted copy docs/archive/flyers/2025/post-conference-assembly-delegate-s-report-may-18-2025-flyer-en-redacted.pdf
archive-flyers-2025-post-conference-assembly-delegate-s-report-may-18-2025-flyer-es,Current,Flyers,"Post-Conference Assembly / Delegate's report, May 18, 2025 – flyer","Asamblea de Posconferencia / informe del Delegado, 18 de mayo de 2025 – volante",2025-05-18,2025,Spanish,PDF,366,,,,msca09aa.org (media library),review,full-name,,,held for review: possible full names of members (1); private copy in MSCA09AA-private; published instead as the redacted copy docs/archive/flyers/2025/post-conference-assembly-delegate-s-report-may-18-2025-flyer-es-redacted.pdf
archive-districts-d8-2025-district-8-minutes-may-2025-en,Current,District,District 8 Minutes – May 2025,Actas del Distrito 8 – mayo de 2025,2025-05,2025,English,PDF,3683,,d08,,msca09aa.org (media library),review,personal-contact,,,"held for review: personal contact details (e-mails 6, phones 14); possible full names of members (1); private copy in MSCA09AA-private; published instead as the redacted copy docs/archive/districts/d8/2025/district-8-minutes-may-2025-en-redacted.pdf"
archive-conference-2024-06-75th-gsc-picnic-table-slides-2024-en,Current,Conference,75th GSC – 'Around the Picnic Table' finance presentation,75.ª CSG – presentación de finanzas 'Alrededor de la mesa de picnic',2025-05,2025,English,PDF,966,,,,msca09aa.org (media library),review,personal-contact,,,"held for review: personal contact details (e-mails 1, phones 0); private copy in MSCA09AA-private; published instead as the redacted copy docs/archive/conference/2024/06-75th-gsc-picnic-table-slides-2024-en-redacted.pdf"
archive-conference-2024-06-75th-gsc-picnic-table-slides-2024-es,Current,Conference,75th GSC – 'Around the Picnic Table' finance presentation,75.ª CSG – presentación de finanzas 'Alrededor de la mesa de picnic',2025-05,2025,Spanish,PDF,1866,,,,msca09aa.org (media library),review,personal-contact,,,"held for review: personal contact details (e-mails 1, phones 0); private copy in MSCA09AA-private; published instead as the redacted copy docs/archive/conference/2024/06-75th-gsc-picnic-table-slides-2024-es-redacted.pdf"
archive-conference-2024-06-75th-gsc-picnic-table-slides-2024-en-redacted,Current,Conference,75th GSC – 'Around the Picnic Table' finance presentation,75.ª CSG – presentación de finanzas 'Alrededor de la mesa de picnic',2025-05,2025,English,PDF,1097,,,,msca09aa.org (media library),review,full-name; unverified,docs/archive/conference/2024/06-75th-gsc-picnic-table-slides-2024-en-redacted.pdf,,"Anonymity-redacted copy: full names shortened to first name + last initial, personal e-mails and phone numbers removed. Original (held for review): private copy in MSCA09AA-private Held 2026-10-06 by scripts/scan-documents.py (full-name; unverified); counts in MSCA09AA-private/documents-held-for-anonymity-review.csv. File moved to MSCA09AA-private/removed-from-docs-2026-10-06 (could not be cleaned automatically)."
archive-conference-2024-06-75th-gsc-picnic-table-slides-2024-es-redacted,Current,Conference,75th GSC – 'Around the Picnic Table' finance presentation,75.ª CSG – presentación de finanzas 'Alrededor de la mesa de picnic',2025-05,2025,Spanish,PDF,1995,,,,msca09aa.org (media library),review,full-name; unverified,docs/archive/conference/2024/06-75th-gsc-picnic-table-slides-2024-es-redacted.pdf,,"Anonymity-redacted copy: full names shortened to first name + last initial, personal e-mails and phone numbers removed. Original (held for review): private copy in MSCA09AA-private Held 2026-10-06 by scripts/scan-documents.py (full-name; unverified); counts in MSCA09AA-private/documents-held-for-anonymity-review.csv. File moved to MSCA09AA-private/removed-from-docs-2026-10-06 (could not be cleaned automatically)."
archive-districts-d8-2025-district-8-minutes-april-2025-en,Current,District,District 8 Minutes – April 2025,Actas del Distrito 8 – abril de 2025,2025-04,2025,English,Word,35,,d08,,msca09aa.org (media library),review,personal-contact,,,"held for review: personal contact details (e-mails 0, phones 10); private copy in MSCA09AA-private; published instead as the redacted copy docs/archive/districts/d8/2025/district-8-minutes-april-2025-en-redacted.pdf"
archive-districts-d5-2025-newsletter-2025-2nd-qtr-issue-36-en,Current,Newsletters,District 5 Newsletter – 2nd quarter 2025 (issue 36),Boletín del Distrito 5 – 2.º trimestre de 2025 (número 36),2025-04,2025,English,PDF,2691,,d05,,msca09aa.org (media library),review,personal-contact,,,"held for review: personal contact details (e-mails 0, phones 1); private copy in MSCA09AA-private; published instead as the redacted copy docs/archive/districts/d5/2025/newsletter-2025-2nd-qtr-issue-36-en-redacted.pdf"
reports-2025-district-8-report-to-the-area-march-2025-en,Current,District,District 8 Minutes – March 2025,Actas del Distrito 8 – marzo de 2025,2025-03,2025,English,PDF,3292,,d08,,msca09aa.org (media library),review,personal-contact,,,"held for review: personal contact details (e-mails 3, phones 14); possible full names of members (1); private copy in MSCA09AA-private; published instead as the redacted copy docs/reports/2025/district-8-report-to-the-area-march-2025-en-redacted.pdf"
agendas-2025-asc-agenda-march-2025-es,Current,Agendas,ASC Agenda – March 2025,Agenda del CSA – marzo de 2025,2025-03,2025,Spanish,Word,21,ASC,,,msca09aa.org (media library),review,full-name,docs/agendas/2025/asc-agenda-march-2025-es.docx,,Held 2026-10-06 by scripts/scan-documents.py (full-name); counts in MSCA09AA-private/documents-held-for-anonymity-review.csv. File moved to MSCA09AA-private/removed-from-docs-2026-10-06 (could not be cleaned automatically).
agendas-2025-asc-agenda-march-2025-en,Current,Agendas,ASC Agenda – March 2025,Agenda del CSA – marzo de 2025,2025-03,2025,English,Word,1909,ASC,,,msca09aa.org (media library),review,full-name,docs/agendas/2025/asc-agenda-march-2025-en.docx,,Held 2026-10-06 by scripts/scan-documents.py (full-name); counts in MSCA09AA-private/documents-held-for-anonymity-review.csv. File moved to MSCA09AA-private/removed-from-docs-2026-10-06 (could not be cleaned automatically).
archive-districts-d8-2025-district-8-minutes-february-2025-en,Current,District,District 8 Minutes – February 2025,Actas del Distrito 8 – febrero de 2025,2025-02,2025,English,PDF,1073,,d08,,msca09aa.org (media library),review,personal-contact,,,"held for review: personal contact details (e-mails 2, phones 14); private copy in MSCA09AA-private; published instead as the redacted copy docs/archive/districts/d8/2025/district-8-minutes-february-2025-en-redacted.pdf"
archive-districts-d8-2025-complete-with-docusign-district-8-final-minu-2025-01-en,Current,District,District 8 Minutes – January 2025,Actas del Distrito 8 – enero de 2025,2025-01,2025,English,PDF,4628,,d08,,msca09aa.org (media library),review,personal-contact,,,"held for review: personal contact details (e-mails 4, phones 15); private copy in MSCA09AA-private; published instead as the redacted copy docs/archive/districts/d8/2025/complete-with-docusign-district-8-final-minu-2025-01-en-redacted.pdf"
archive-districts-d5-2025-newsletter-2025-1st-qtr-issue-35-en,Current,Newsletters,District 5 Newsletter – 1st quarter 2025 (issue 35),Boletín del Distrito 5 – 1.er trimestre de 2025 (número 35),2025-01,2025,English,PDF,2871,,d05,,msca09aa.org (media library),review,personal-contact,,,"held for review: personal contact details (e-mails 0, phones 1); private copy in MSCA09AA-private; published instead as the redacted copy docs/archive/districts/d5/2025/newsletter-2025-1st-qtr-issue-35-en-redacted.pdf"
conference-2025-75th-gsc-handout-es,Current,Conference,Why we need a Conference – handout (Bernard Smith excerpt),"Por qué necesitamos una Conferencia – hoja informativa (extracto de Bernard Smith, inglés)",,2025,English,PDF,427,,,,msca09aa.org (media library),review,full-name,,,held for review: possible full names of members (1); private copy in MSCA09AA-private; published instead as the redacted copy docs/conference/2025/75th-gsc-handout-es-redacted.pdf
archive-misc-2025-test-en,Current,Misc,Test,,,2025,English,PDF,30,,,,msca09aa.org (media library),review,personal-contact,,,"held for review: personal contact details (e-mails 1, phones 0); private copy in MSCA09AA-private"
gso-2025-general-service-board-quarterly-report-1st-quarter-2025-f-14-fr,Current,GSO,General Service Board quarterly report – 1st quarter 2025 (F-14),Informe trimestral de la Junta de Servicios Generales – 1.er trimestre de 2025 (SF-14),2025,2025,French,PDF,350,,,,msca09aa.org (media library),no,,docs/gso/2025/general-service-board-quarterly-report-1st-quarter-2025-f-14-fr.pdf,,French edition - the site lists English and Spanish documents only
archive-districts-d5-2025-d5-newsletter-2025-4th-qtr-issue-38-en,Current,Newsletters,D5 Newsletter 2025-4th Quarter Issue 38,,2025,2025,English,PDF,4023,,d05,,msca09aa.org (media library),review,personal-contact,,,"held for review: personal contact details (e-mails 0, phones 2); private copy in MSCA09AA-private"
archive-misc-2025-august-slides-en-and-sp-draft-2-2025-en-es,Current,Misc,August – Slides EN &SP Draft 2,,2025,2025,Bilingual,PDF,2434,,,,msca09aa.org (media library),review,personal-contact,,,held for review: Registrar update slides (new-group details); template marked 'Confidential'; private copy in MSCA09AA-private
archive-misc-2025-12-5-december-slides-en-and-sp-slides-1-12-en-es,Current,Misc,12 5 – December- Slides EN & SP Slides 1-12,,,2025,Bilingual,PDF,1927,,,,msca09aa.org (media library),review,personal-contact,,,held for review: Registrar update slides (new-group details); template marked 'Confidential'; private copy in MSCA09AA-private
archive-misc-2025-1-6-25-jan-slides-en-and-sp-slides-1-12-sp-en-es,Current,Misc,1 6 25 JAN- Slides EN & SP Slides 1-12 SP,,,2025,Bilingual,PDF,1174,,,,msca09aa.org (media library),review,personal-contact,,,held for review: Registrar update slides (new-group details); template marked 'Confidential'; private copy in MSCA09AA-private
minutes-2024-dec-2024-asc-minutes-en,Current,Minutes,ASC Minutes – December 2024,Actas del CSA – diciembre de 2024,2024-12-08,2024,English,Word,3483,ASC,,,msca09aa.org,review,full-name,docs/minutes/2024/dec-2024-asc-minutes-en.docx,,held for review: possible full names of members (1); published instead as the redacted copy docs/minutes/2024/dec-2024-asc-minutes-en-redacted.pdf
minutes-2024-dec-2024-asc-minutes-es,Current,Minutes,ASC Minutes – December 2024,Actas del CSA – diciembre de 2024,2024-12-08,2024,Spanish,Word,3817,ASC,,,msca09aa.org,review,full-name,docs/minutes/2024/dec-2024-asc-minutes-es.docx,,held for review: possible full names of members (1); published instead as the redacted copy docs/minutes/2024/dec-2024-asc-minutes-es-redacted.pdf
archive-newsletters-2024-area-newsletter-december-2024-en,Current,GSO,Grapevine news – December 2024,Noticias de Grapevine – diciembre de 2024,2024-12,2024,English,PDF,641,,,grapevine-la-vina,msca09aa.org (media library),review,personal-contact,,,"held for review: personal contact details (e-mails 0, phones 1); private copy in MSCA09AA-private; published instead as the redacted copy docs/archive/newsletters/2024/area-newsletter-december-2024-en-redacted.pdf"
finances-2024-complete-with-docusign-dist-8-financials-dec-2024-12-en,Current,District,District 8 Minutes – December 2024,Actas del Distrito 8 – diciembre de 2024,2024-12,2024,English,PDF,1209,,d08,,msca09aa.org (media library),review,personal-contact,,,"held for review: personal contact details (e-mails 3, phones 16); possible full names of members (1); private copy in MSCA09AA-private; published instead as the redacted copy docs/finances/2024/complete-with-docusign-dist-8-financials-dec-2024-12-en-redacted.pdf"
conference-2025-delegate-s-report-highlights-3rd-quarter-2025-en,Current,Conference,Delegate's report highlights – 3rd quarter 2024,Lo más destacado del informe del delegado – 3.er trimestre de 2024,2024-12,2024,English,PDF,655,,,,msca09aa.org (media library),review,full-name,,,held for review: possible full names of members (1); private copy in MSCA09AA-private; published instead as the redacted copy docs/conference/2025/delegate-s-report-highlights-3rd-quarter-2025-en-redacted.pdf
conference-2025-delegate-s-report-highlights-3rd-quarter-2025-es,Current,Conference,Delegate's report highlights – 3rd quarter 2024,Lo más destacado del informe del delegado – 3.er trimestre de 2024,2024-12,2024,Spanish,PDF,463,,,,msca09aa.org (media library),review,full-name,,,held for review: possible full names of members (1); private copy in MSCA09AA-private; published instead as the redacted copy docs/conference/2025/delegate-s-report-highlights-3rd-quarter-2025-es-redacted.pdf
archive-misc-2024-october-slides-en-and-sp-draft-2024-11-en-es,Current,Misc,October – Slides EN &SP Draft,,2024-11-06,2024,Bilingual,PDF,2332,,,,msca09aa.org (media library),review,personal-contact,,,held for review: Registrar update slides (new-group details); template marked 'Confidential'; private copy in MSCA09AA-private
archive-districts-d8-2024-district-8-minutes-november-2024-en,Current,District,District 8 Minutes – November 2024,Actas del Distrito 8 – noviembre de 2024,2024-11,2024,English,PDF,881,,d08,,msca09aa.org (media library),review,personal-contact,,,"held for review: personal contact details (e-mails 3, phones 16); possible full names of members (1); private copy in MSCA09AA-private; published instead as the redacted copy docs/archive/districts/d8/2024/district-8-minutes-november-2024-en-redacted.pdf"
archive-misc-2024-gv-presentation-revised-2024-es,Current,GSO,"AA Grapevine, Inc. – presentation (2024)","AA Grapevine, Inc. – presentación (2024)",2024-11,2024,Spanish,PowerPoint,18710,,,grapevine-la-vina,msca09aa.org (media library),review,personal-contact,,,"held for review: personal contact details (e-mails 0, phones 2); private copy in MSCA09AA-private"
archive-misc-2024-gv-presentation-revised-2024-en,Current,GSO,"AA Grapevine, Inc. – presentation (2024)","AA Grapevine, Inc. – presentación (2024)",2024-11,2024,English,PDF,7016,,,grapevine-la-vina,msca09aa.org (media library),review,personal-contact,,,"held for review: personal contact details (e-mails 0, phones 2); private copy in MSCA09AA-private; published instead as the redacted copy docs/archive/misc/2024/gv-presentation-revised-2024-en-redacted.pdf"
minutes-2024-oct-2024-asc-minutes-en,Current,Minutes,ASC Minutes – October 2024,Actas del CSA – octubre de 2024,2024-10-13,2024,English,Word,33,ASC,,,msca09aa.org,review,full-name,docs/minutes/2024/oct-2024-asc-minutes-en.docx,,held for review: possible full names of members (1); published instead as the redacted copy docs/minutes/2024/oct-2024-asc-minutes-en-redacted.pdf
minutes-2024-oct-2024-asc-minutes-es,Current,Minutes,ASC Minutes – October 2024,Actas del CSA – octubre de 2024,2024-10-13,2024,Spanish,Word,35,ASC,,,msca09aa.org,review,full-name,docs/minutes/2024/oct-2024-asc-minutes-es.docx,,held for review: possible full names of members (1); published instead as the redacted copy docs/minutes/2024/oct-2024-asc-minutes-es-redacted.pdf
reports-2024-pacific-regional-forum-bid-updated-oct-12th-en,Current,Reports,"Area 09 bid to host the 2028 Pacific Regional Forum (updated October 12, 2024)",Candidatura del Área 09 para el Foro Regional del Pacífico 2028 (actualizada el 12 de octubre de 2024),2024-10-12,2024,English,PDF,238,,,delegate,msca09aa.org (media library),review,personal-contact,,,"held for review: personal contact details (e-mails 4, phones 3); possible full names of members (1); private copy in MSCA09AA-private; published instead as the redacted copy docs/reports/2024/pacific-regional-forum-bid-updated-oct-12th-en-redacted.pdf"
archive-districts-d8-2024-district-8-minutes-october-2024-en,Current,District,District 8 Minutes – October 2024,Actas del Distrito 8 – octubre de 2024,2024-10,2024,English,PDF,1269,,d08,,msca09aa.org (media library),review,personal-contact,,,"held for review: personal contact details (e-mails 3, phones 16); private copy in MSCA09AA-private; published instead as the redacted copy docs/archive/districts/d8/2024/district-8-minutes-october-2024-en-redacted.pdf"
motions-2024-area-budget-2024-en,Current,Motions,Literature Committee motion: budget for the remainder of 2024,Moción del Comité de Literatura: presupuesto para el resto de 2024,2024-09-25,2024,English,PDF,197,,,literature,msca09aa.org (media library),review,personal-contact,,,"held for review: personal contact details (e-mails 1, phones 1); possible full names of members (1); private copy in MSCA09AA-private; published instead as the redacted copy docs/motions/2024/area-budget-2024-en-redacted.pdf"
motions-2024-area-budget-2024-es,Current,Motions,Literature Committee motion: budget for the remainder of 2024,Moción del Comité de Literatura: presupuesto para el resto de 2024,2024-09-25,2024,Spanish,PDF,245,,,literature,msca09aa.org (media library),review,personal-contact,,,"held for review: personal contact details (e-mails 1, phones 1); possible full names of members (1); private copy in MSCA09AA-private; published instead as the redacted copy docs/motions/2024/area-budget-2024-es-redacted.pdf"
minutes-2024-sep-2024-asa-minutes-es,Current,Minutes,Assembly (ASA) Minutes – September 2024,Actas de la Asamblea (ASA) – septiembre de 2024,2024-09-08,2024,Spanish,Word,3398,ASA,,,msca09aa.org,review,full-name,docs/minutes/2024/sep-2024-asa-minutes-es.docx,,held for review: possible full names of members (1); published instead as the redacted copy docs/minutes/2024/sep-2024-asa-minutes-es-redacted.pdf
minutes-2024-sept-2024-asa-minutes-en,Current,Minutes,Assembly (ASA) Minutes – September 2024,Actas de la Asamblea (ASA) – septiembre de 2024,2024-09-08,2024,English,Word,3396,ASA,,,msca09aa.org,review,full-name,docs/minutes/2024/sept-2024-asa-minutes-en.docx,,held for review: possible full names of members (1); published instead as the redacted copy docs/minutes/2024/sept-2024-asa-minutes-en-redacted.pdf
archive-flyers-2024-labor-day-picnic-september-2-2024-flyer-en,Current,Flyers,"Labor Day picnic, September 2, 2024 – flyer","Picnic del Día del Trabajo, 2 de septiembre de 2024 – volante",2024-09-02,2024,English,PDF,437,,,,msca09aa.org (media library),review,personal-contact,docs/archive/flyers/2024/labor-day-picnic-september-2-2024-flyer-en.pdf,,Held 2026-10-06 by scripts/scan-documents.py (personal-contact); counts in MSCA09AA-private/documents-held-for-anonymity-review.csv. File moved to MSCA09AA-private/removed-from-docs-2026-10-06 (could not be cleaned automatically).
archive-districts-d8-2024-district-8-minutes-september-2024-en,Current,District,District 8 Minutes – September 2024,Actas del Distrito 8 – septiembre de 2024,2024-09,2024,English,PDF,1192,,d08,,msca09aa.org (media library),review,personal-contact,,,"held for review: personal contact details (e-mails 3, phones 16); private copy in MSCA09AA-private; published instead as the redacted copy docs/archive/districts/d8/2024/district-8-minutes-september-2024-en-redacted.pdf"
minutes-2024-aug-2024-asc-minutes-en,Current,Minutes,ASC Minutes – August 2024,Actas del CSA – agosto de 2024,2024-08-11,2024,English,Word,3394,ASC,,,msca09aa.org,review,full-name,docs/minutes/2024/aug-2024-asc-minutes-en.docx,,held for review: possible full names of members (1); published instead as the redacted copy docs/minutes/2024/aug-2024-asc-minutes-en-redacted.pdf
minutes-2024-aug-2024-asc-minutes-es,Current,Minutes,ASC Minutes – August 2024,Actas del CSA – agosto de 2024,2024-08-11,2024,Spanish,Word,3398,ASC,,,msca09aa.org,review,full-name,docs/minutes/2024/aug-2024-asc-minutes-es.docx,,held for review: possible full names of members (1); published instead as the redacted copy docs/minutes/2024/aug-2024-asc-minutes-es-redacted.pdf
archive-districts-d8-2024-dist-8-final-min-aug-2024-08-en,Current,District,District 8 Minutes – August 2024,Actas del Distrito 8 – agosto de 2024,2024-08,2024,English,PDF,768,,d08,,msca09aa.org (media library),review,personal-contact,,,"held for review: personal contact details (e-mails 3, phones 16); possible full names of members (2); private copy in MSCA09AA-private; published instead as the redacted copy docs/archive/districts/d8/2024/dist-8-final-min-aug-2024-08-en-redacted.pdf"
archive-conference-2024-delegate-s-report-highlights-april-august-2024-en,Current,Conference,Delegate's report highlights – April–August 2024,Lo más destacado del informe del delegado – abril a agosto de 2024,2024-07-01,2024,English,PDF,455,,,,msca09aa.org (media library),review,full-name,,,held for review: possible full names of members (1); private copy in MSCA09AA-private; published instead as the redacted copy docs/archive/conference/2024/delegate-s-report-highlights-april-august-2024-en-redacted.pdf
archive-districts-d8-2024-district-8-minutes-july-2024-en,Current,District,District 8 Minutes – July 2024,Actas del Distrito 8 – julio de 2024,2024-07,2024,English,PDF,298,,d08,,msca09aa.org (media library),review,personal-contact,,,"held for review: personal contact details (e-mails 1, phones 17); possible full names of members (2); private copy in MSCA09AA-private; published instead as the redacted copy docs/archive/districts/d8/2024/district-8-minutes-july-2024-en-redacted.pdf"
archive-districts-d5-2024-d5-newsletter-2024-3rd-qtr-issue-34-en,Current,Newsletters,District 5 Newsletter – 3rd quarter 2024 (issue 34),Boletín del Distrito 5 – 3.er trimestre de 2024 (número 34),2024-07,2024,English,PDF,1919,,d05,,msca09aa.org (media library),review,personal-contact,,,"held for review: personal contact details (e-mails 0, phones 1); private copy in MSCA09AA-private; published instead as the redacted copy docs/archive/districts/d5/2024/d5-newsletter-2024-3rd-qtr-issue-34-en-redacted.pdf"
archive-districts-d8-2024-district-8-minutes-june-2024-en,Current,District,District 8 Minutes – June 2024,Actas del Distrito 8 – junio de 2024,2024-06,2024,English,PDF,3684,,d08,,msca09aa.org (media library),review,personal-contact,,,"held for review: personal contact details (e-mails 2, phones 12); possible full names of members (1); private copy in MSCA09AA-private; published instead as the redacted copy docs/archive/districts/d8/2024/district-8-minutes-june-2024-en-redacted.pdf"
minutes-2024-jun-2024-asc-minutes-en,Current,Minutes,ASC Minutes – June 2024,Actas del CSA – junio de 2024,2024-06,2024,English,Word,24,ASC,,,msca09aa.org,review,full-name,docs/minutes/2024/jun-2024-asc-minutes-en.docx,,Held 2026-10-06 by scripts/scan-documents.py (full-name); counts in MSCA09AA-private/documents-held-for-anonymity-review.csv.
minutes-2024-jun-2024-asc-minutes-es,Current,Minutes,ASC Minutes – June 2024,Actas del CSA – junio de 2024,2024-06,2024,Spanish,Word,26,ASC,,,msca09aa.org,review,full-name,docs/minutes/2024/jun-2024-asc-minutes-es.docx,,Held 2026-10-06 by scripts/scan-documents.py (full-name); counts in MSCA09AA-private/documents-held-for-anonymity-review.csv.
minutes-2024-may-2024-asc-minutes-en,Current,Minutes,ASC Minutes – May 2024,Actas del CSA – mayo de 2024,2024-05-19,2024,English,Word,197,ASC,,,msca09aa.org,review,full-name,docs/minutes/2024/may-2024-asc-minutes-en.docx,,held for review: possible full names of members (1); published instead as the redacted copy docs/minutes/2024/may-2024-asc-minutes-en-redacted.pdf
minutes-2024-may-2024-asc-minutes-es,Current,Minutes,ASC Minutes – May 2024,Actas del CSA – mayo de 2024,2024-05-19,2024,Spanish,Word,200,ASC,,,msca09aa.org,review,full-name,docs/minutes/2024/may-2024-asc-minutes-es.docx,,held for review: possible full names of members (1); published instead as the redacted copy docs/minutes/2024/may-2024-asc-minutes-es-redacted.pdf
archive-districts-d8-2024-district-8-minutes-may-2024-en,Current,District,District 8 Minutes – January 2025,Actas del Distrito 8 – enero de 2025,2024-05,2024,English,PDF,2300,,d08,,msca09aa.org (media library),review,personal-contact,,,"held for review: personal contact details (e-mails 2, phones 13); possible full names of members (2); private copy in MSCA09AA-private; published instead as the redacted copy docs/archive/districts/d8/2024/district-8-minutes-may-2024-en-redacted.pdf"
archive-conference-2023-06a-74th-gsc-picnic-table-slides-with-notes-2023-en,Current,Conference,74th GSC – 'Around the Picnic Table' finance presentation (with notes),74.ª CSG – presentación de finanzas 'Alrededor de la mesa de picnic' (con notas),2024-05,2024,English,PDF,1546,,,,msca09aa.org (media library),review,personal-contact,,,"held for review: personal contact details (e-mails 1, phones 0); private copy in MSCA09AA-private; published instead as the redacted copy docs/archive/conference/2023/06a-74th-gsc-picnic-table-slides-with-notes-2023-en-redacted.pdf"
archive-conference-2023-06a-74th-gsc-picnic-table-slides-with-notes-2023-en-redacted,Current,Conference,74th GSC – 'Around the Picnic Table' finance presentation (with notes),74.ª CSG – presentación de finanzas 'Alrededor de la mesa de picnic' (con notas),2024-05,2024,English,PDF,1519,,,,msca09aa.org (media library),review,unverified,docs/archive/conference/2023/06a-74th-gsc-picnic-table-slides-with-notes-2023-en-redacted.pdf,,"Anonymity-redacted copy: full names shortened to first name + last initial, personal e-mails and phone numbers removed. Original (held for review): private copy in MSCA09AA-private Held 2026-10-06 by scripts/scan-documents.py (unverified); counts in MSCA09AA-private/documents-held-for-anonymity-review.csv. File moved to MSCA09AA-private/removed-from-docs-2026-10-06 (could not be cleaned automatically)."
conference-2025-advisory-actions-of-the-74th-gsc-2025-en,Current,Conference,74th GSC quick reference guide,Guía rápida de la 74.ª CSG,2024-05,2024,English,PDF,160,,,,msca09aa.org (media library),review,full-name,,,held for review: possible full names of members (1); private copy in MSCA09AA-private; published instead as the redacted copy docs/conference/2025/advisory-actions-of-the-74th-gsc-2025-en-redacted.pdf
conference-2025-74th-gsc-quick-reference-guide-2025-es,Current,Conference,74th GSC quick reference guide,Guía rápida de la 74.ª CSG,2024-05,2024,Spanish,PDF,135,,,,msca09aa.org (media library),review,full-name,,,held for review: possible full names of members (1); private copy in MSCA09AA-private; published instead as the redacted copy docs/conference/2025/74th-gsc-quick-reference-guide-2025-es-redacted.pdf
reports-treasurer-ap-2024-statement-of-activity-profit-and-loss-1st-quarter-2024-en,Current,Finances,Statement of activity (profit & loss) – 1st quarter 2024 (corrected),Estado de actividades (ingresos y gastos) – 1.er trimestre de 2024 (corregido),2024-04-29,2024,English,PDF,48,,,treasurer-ap,msca09aa.org (media library),review,full-name,,,held for review: possible full names of members (1); private copy in MSCA09AA-private; published instead as the redacted copy docs/reports/Treasurer AP/2024/statement-of-activity-profit-and-loss-1st-quarter-2024-en-redacted.pdf
archive-misc-2024-floor-actions-74th-gsc-2024-04-en,Current,Misc,Floor actions – 74th GSC,Acciones de pleno – 74.ª CSG,2024-04-18,2024,English,PDF,82,,,,msca09aa.org (media library),review,full-name,,,held for review: possible full names of members (11); private copy in MSCA09AA-private; published instead as the redacted copy docs/archive/misc/2024/floor-actions-74th-gsc-2024-04-en-redacted.pdf
archive-conference-2024-pre-conference-gsr-group-conscience-workshop-agenda-april-6-2024-en,Current,Conference,"Pre-Conference GSR group-conscience workshop – agenda, April 6, 2024","Preconferencia: taller de conciencia de grupo para RSG – agenda, 6 de abril de 2024",2024-04-06,2024,English,PDF,497,,,,msca09aa.org (media library),review,personal-contact,docs/archive/conference/2024/pre-conference-gsr-group-conscience-workshop-agenda-april-6-2024-en.pdf,,Held 2026-10-06 by scripts/scan-documents.py (personal-contact); counts in MSCA09AA-private/documents-held-for-anonymity-review.csv. File moved to MSCA09AA-private/removed-from-docs-2026-10-06 (could not be cleaned automatically).
archive-conference-2024-advisory-actions-of-the-74th-gsc-2024-04-en,Current,Conference,Advisory actions of the 74th GSC,Acciones recomendables de la 74.ª CSG,2024-04-01,2024,English,PDF,175,,,,msca09aa.org (media library),review,full-name,,,held for review: possible full names of members (4); private copy in MSCA09AA-private; published instead as the redacted copy docs/archive/conference/2024/advisory-actions-of-the-74th-gsc-2024-04-en-redacted.pdf
archive-gso-2024-remote-communities-communicator-spring-2024-fr,Current,GSO,Remote Communities Communicator – Spring 2024,El Comunicador de Comunidades Remotas – primavera de 2024,2024-04,2024,French,PDF,4921,,,remote-communities,msca09aa.org (media library),no,,docs/archive/gso/2024/remote-communities-communicator-spring-2024-fr.pdf,,French edition - the site lists English and Spanish documents only
archive-districts-d8-2024-district-8-minutes-april-2024-en,Current,District,District 8 Minutes – April 2024,Actas del Distrito 8 – abril de 2024,2024-04,2024,English,PDF,901,,d08,,msca09aa.org (media library),review,personal-contact,,,"held for review: personal contact details (e-mails 2, phones 16); possible full names of members (2); private copy in MSCA09AA-private; published instead as the redacted copy docs/archive/districts/d8/2024/district-8-minutes-april-2024-en-redacted.pdf"
archive-districts-d5-2024-newsletter-2024-2nd-qtr-issue-33-color-en,Current,Newsletters,District 5 Newsletter – 2nd quarter 2024 (issue 33),Boletín del Distrito 5 – 2.º trimestre de 2024 (número 33),2024-04,2024,English,PDF,2981,,d05,,msca09aa.org (media library),review,personal-contact,,,"held for review: personal contact details (e-mails 0, phones 1); private copy in MSCA09AA-private; published instead as the redacted copy docs/archive/districts/d5/2024/newsletter-2024-2nd-qtr-issue-33-color-en-redacted.pdf"
minutes-2024-mar-2024-asc-minutes-en,Current,Minutes,ASC Minutes – March 2024,Actas del CSA – marzo de 2024,2024-03-10,2024,English,Word,66,ASC,,,msca09aa.org,review,personal-contact,docs/minutes/2024/mar-2024-asc-minutes-en.docx,,"held for review: personal contact details (e-mails 1, phones 2); published instead as the redacted copy docs/minutes/2024/mar-2024-asc-minutes-en-redacted.pdf"
minutes-2024-mar-2024-asc-minutes-es,Current,Minutes,ASC Minutes – March 2024,Actas del CSA – marzo de 2024,2024-03-10,2024,Spanish,Word,66,ASC,,,msca09aa.org,review,personal-contact,docs/minutes/2024/mar-2024-asc-minutes-es.docx,,"held for review: personal contact details (e-mails 1, phones 2); published instead as the redacted copy docs/minutes/2024/mar-2024-asc-minutes-es-redacted.pdf"
agendas-2024-asc-agenda-march-2024-en,Current,Agendas,ASC Agenda – March 2024,Agenda del CSA – marzo de 2024,2024-03-10,2024,English,PDF,77,ASC,,,msca09aa.org (media library),review,full-name,,,held for review: possible full names of members (1); private copy in MSCA09AA-private; published instead as the redacted copy docs/agendas/2024/asc-agenda-march-2024-en-redacted.pdf
motions-2024-motion-to-fully-fund-the-delegate-s-expenses-for-the-2024-gsc-en,Current,Motions,Motion to fully fund the Delegate's expenses for the 2024 GSC,Moción para financiar por completo los gastos del Delegado para la CSG de 2024,2024-03,2024,English,PDF,67,,,,msca09aa.org (media library),review,full-name,,,held for review: possible full names of members (1); private copy in MSCA09AA-private; published instead as the redacted copy docs/motions/2024/motion-to-fully-fund-the-delegate-s-expenses-for-the-2024-gsc-en-redacted.pdf
archive-misc-2024-the-apps-faqs-version-en,Current,GSO,Grapevine and La Viña apps – FAQs,Aplicaciones de Grapevine y La Viña – preguntas frecuentes,2024-03,2024,English,PDF,346,,,grapevine-la-vina,msca09aa.org (media library),review,personal-contact,,,"held for review: personal contact details (e-mails 0, phones 2); private copy in MSCA09AA-private; published instead as the redacted copy docs/archive/misc/2024/the-apps-faqs-version-en-redacted.pdf"
archive-districts-d8-2024-dist-8-finalmarch2024pdf-pd-en,Current,District,District 8 Minutes – March 2024,Actas del Distrito 8 – marzo de 2024,2024-03,2024,English,PDF,1439,,d08,,msca09aa.org (media library),review,personal-contact,,,"held for review: personal contact details (e-mails 2, phones 15); possible full names of members (1); private copy in MSCA09AA-private; published instead as the redacted copy docs/archive/districts/d8/2024/dist-8-finalmarch2024pdf-pd-en-redacted.pdf"
archive-conference-2024-h-and-i-conference-may-2024-spanish20240220-es,Current,Conference,H and I Conference – May 2024 Spanish20240220,,2024-02-20,2024,Spanish,PDF,2142,,,hospitals-institutions,msca09aa.org (media library),review,personal-contact,,,"held for review: personal contact details (e-mails 0, phones 1); private copy in MSCA09AA-private"
minutes-2024-feb-2024-asc-minutes-en,Current,Minutes,ASC Minutes – February 2024,Actas del CSA – febrero de 2024,2024-02-11,2024,English,Word,65,ASC,,,msca09aa.org,review,personal-contact,docs/minutes/2024/feb-2024-asc-minutes-en.docx,,"held for review: personal contact details (e-mails 1, phones 1); published instead as the redacted copy docs/minutes/2024/feb-2024-asc-minutes-en-redacted.pdf"
minutes-2024-feb-2024-asc-minutes-es,Current,Minutes,ASC Minutes – February 2024,Actas del CSA – febrero de 2024,2024-02-11,2024,Spanish,Word,65,ASC,,,msca09aa.org,review,personal-contact,docs/minutes/2024/feb-2024-asc-minutes-es.docx,,"held for review: personal contact details (e-mails 1, phones 1); published instead as the redacted copy docs/minutes/2024/feb-2024-asc-minutes-es-redacted.pdf"
archive-districts-d8-2024-district-8-minutes-february-2024-en,Current,District,District 8 Minutes – February 2024,Actas del Distrito 8 – febrero de 2024,2024-02,2024,English,PDF,2438,,d08,,msca09aa.org (media library),review,personal-contact,,,"held for review: personal contact details (e-mails 1, phones 15); possible full names of members (1); private copy in MSCA09AA-private; published instead as the redacted copy docs/archive/districts/d8/2024/district-8-minutes-february-2024-en-redacted.pdf"
archive-districts-d8-2024-gsr-school-d8-2-24-2024-08-en,Current,District,District 8 GSR school – quick reference (Panel 74),Escuela de RSG del Distrito 8 – guía rápida (Panel 74),2024-02,2024,English,PDF,137,,d08,gsr-school,msca09aa.org (media library),review,personal-contact,,,"held for review: personal contact details (e-mails 1, phones 0); private copy in MSCA09AA-private; published instead as the redacted copy docs/archive/districts/d8/2024/gsr-school-d8-2-24-2024-08-en-redacted.pdf"
archive-conference-2024-delegate-s-report-highlights-february-2024-en,Current,Conference,Delegate's report highlights – February 2024,Lo más destacado del informe del delegado – febrero de 2024,2024-02,2024,English,PDF,659,,,,msca09aa.org (media library),review,personal-contact,,,"held for review: personal contact details (e-mails 0, phones 1); possible full names of members (1); private copy in MSCA09AA-private; published instead as the redacted copy docs/archive/conference/2024/delegate-s-report-highlights-february-2024-en-redacted.pdf"
service-2024-dcmc-orientation-panel-74-2024-02-en,Current,Service,DCMC orientation (Panel 74),Orientación para CMCD (Panel 74),2024-02,2024,English,PDF,586,,,,msca09aa.org (media library),review,personal-contact,,,"held for review: personal contact details (e-mails 5, phones 8); possible full names of members (6); private copy in MSCA09AA-private; published instead as the redacted copy docs/service/2024/dcmc-orientation-panel-74-2024-02-en-redacted.pdf"
service-2024-dcmc-orientation-panel-74-2024-02-es,Current,Service,DCMC orientation (Panel 74),Orientación para CMCD (Panel 74),2024-02,2024,Spanish,PDF,853,,,,msca09aa.org (media library),review,personal-contact,,,"held for review: personal contact details (e-mails 5, phones 7); possible full names of members (6); private copy in MSCA09AA-private; published instead as the redacted copy docs/service/2024/dcmc-orientation-panel-74-2024-02-es-redacted.pdf"
service-2024-committee-chair-orientation-panel-74-2024-02-es,Current,Service,Committee chair orientation (Panel 74),Orientación para coordinadores de comité (Panel 74),2024-02,2024,Spanish,PDF,847,,,,msca09aa.org (media library),review,personal-contact,,,"held for review: personal contact details (e-mails 7, phones 8); possible full names of members (7); private copy in MSCA09AA-private; published instead as the redacted copy docs/service/2024/committee-chair-orientation-panel-74-2024-02-es-redacted.pdf"
archive-newsletters-2024-area-newsletter-february-2024-es,Current,Newsletters,Area Newsletter – February 2024,Boletín del Área – febrero de 2024,2024-02,2024,Spanish,PDF,1195,,,,msca09aa.org (media library),review,full-name,,,held for review: possible full names of members (1); private copy in MSCA09AA-private; published instead as the redacted copy docs/archive/newsletters/2024/area-newsletter-february-2024-es-redacted.pdf
archive-newsletters-2024-area-newsletter-february-2024-es-redacted,Current,Newsletters,Area Newsletter – February 2024,Boletín del Área – febrero de 2024,2024-02,2024,Bilingual,PDF,1340,,,,msca09aa.org (media library),review,full-name,docs/archive/newsletters/2024/area-newsletter-february-2024-es-redacted.pdf,,"Anonymity-redacted copy: full names shortened to first name + last initial, personal e-mails and phone numbers removed. Original (held for review): private copy in MSCA09AA-private Held 2026-10-06 by scripts/scan-documents.py (full-name); counts in MSCA09AA-private/documents-held-for-anonymity-review.csv. File moved to MSCA09AA-private/removed-from-docs-2026-10-06 (could not be cleaned automatically)."
archive-conference-2024-ap-2024-first-quarterly-gsb-meeting-and-committee-reports-en,Current,GSO,General Service Board quarterly meeting – January 2024 (with committee reports),Reunión trimestral de la Junta de Servicios Generales – enero de 2024 (con informes de comités),2024-01-29,2024,English,PDF,895,,,,msca09aa.org (media library),no,confidential,,,held for review: possible full names of members (2); private copy in MSCA09AA-private; published instead as the redacted copy docs/archive/conference/2024/ap-2024-first-quarterly-gsb-meeting-and-committee-reports-en-redacted.pdf Never publish: General Service Board meeting minutes / board weekend report list trustees and attendees by full name (Conference-confidential background).
archive-conference-2024-ap-2024-first-quarterly-gsb-meeting-and-committee-reports-en-redacted,Current,GSO,General Service Board quarterly meeting – January 2024 (with committee reports),Reunión trimestral de la Junta de Servicios Generales – enero de 2024 (con informes de comités),2024-01-29,2024,English,PDF,891,,,,msca09aa.org (media library),no,confidential,docs/archive/conference/2024/ap-2024-first-quarterly-gsb-meeting-and-committee-reports-en-redacted.pdf,,"Anonymity-redacted copy: full names shortened to first name + last initial, personal e-mails and phone numbers removed. Original (held for review): private copy in MSCA09AA-private Never publish: General Service Board meeting minutes / board weekend report list trustees and attendees by full name (Conference-confidential background)."
archive-forms-2024-questionnaire-for-area-09-members-on-la-vina-panel-74-delegate-2024-01-en,Current,Forms,Questionnaire for Area 09 members on La Viña (Panel 74 Delegate),Cuestionario para los miembros del Área 09 sobre La Viña (Delegado del Panel 74),2024-01,2024,English,Word,233,,,grapevine-la-vina,msca09aa.org (media library),review,full-name,,,held for review: possible full names of members (1); private copy in MSCA09AA-private; published instead as the redacted copy docs/archive/forms/2024/questionnaire-for-area-09-members-on-la-vina-panel-74-delegate-2024-01-en-redacted.pdf
reports-2024-district-12-report-to-the-area-january-2024-en,Current,Reports,District 12 Report to the Area – January 2024,Informe del Distrito 12 al Área – enero de 2024,2024-01,2024,English,PDF,60,,d12,,msca09aa.org (media library),review,personal-contact,,,"held for review: personal contact details (e-mails 1, phones 0); private copy in MSCA09AA-private; published instead as the redacted copy docs/reports/2024/district-12-report-to-the-area-january-2024-en-redacted.pdf"
archive-conference-2024-delegate-s-report-highlights-january-2024-es,Current,Conference,Delegate's report highlights – January 2024,Lo más destacado del informe del delegado – enero de 2024,2024-01,2024,Spanish,PDF,358,,,,msca09aa.org (media library),review,full-name,,,held for review: possible full names of members (1); private copy in MSCA09AA-private; published instead as the redacted copy docs/archive/conference/2024/delegate-s-report-highlights-january-2024-es-redacted.pdf
archive-conference-2024-delegate-s-report-highlights-january-2024-en,Current,Conference,Delegate's report highlights – January 2024,Lo más destacado del informe del delegado – enero de 2024,2024-01,2024,English,PDF,946,,,,msca09aa.org (media library),review,full-name,,,held for review: possible full names of members (1); private copy in MSCA09AA-private; published instead as the redacted copy docs/archive/conference/2024/delegate-s-report-highlights-january-2024-en-redacted.pdf
reports-2024-dcmc-report-january-2024-en,Current,Reports,DCMC report to the Area – January 2024,Informe de un CMCD al Área – enero de 2024,2024-01,2024,English,PDF,76,,,,msca09aa.org (media library),review,full-name,,,held for review: possible full names of members (1); private copy in MSCA09AA-private; published instead as the redacted copy docs/reports/2024/dcmc-report-january-2024-en-redacted.pdf
minutes-2024-jan-2024-asa-minutes-en,Current,Minutes,Assembly (ASA) Minutes – January 2024,Actas de la Asamblea (ASA) – enero de 2024,2024-01,2024,English,Word,27,ASA,,,msca09aa.org,review,full-name,docs/minutes/2024/jan-2024-asa-minutes-en.docx,,Held 2026-10-06 by scripts/scan-documents.py (full-name); counts in MSCA09AA-private/documents-held-for-anonymity-review.csv.
archive-conference-2024-74th-gsc-handout-es,Current,Conference,Why we need a Conference – handout (Bernard Smith excerpt),"Por qué necesitamos una Conferencia – hoja informativa (extracto de Bernard Smith, inglés)",,2024,English,PDF,324,,,,msca09aa.org (media library),review,full-name,,,held for review: possible full names of members (1); private copy in MSCA09AA-private; published instead as the redacted copy docs/archive/conference/2024/74th-gsc-handout-es-redacted.pdf
archive-flyers-2024-picnic-table-slides-es,Current,Flyers,Picnic Table Slides,,,2024,Spanish,PowerPoint,1478,,,,msca09aa.org (media library),review,personal-contact,,,"held for review: personal contact details (e-mails 1, phones 0); private copy in MSCA09AA-private"
archive-flyers-2024-picnic-table-slides-en,Current,Flyers,Picnic Table Slides,,,2024,English,PowerPoint,1497,,,,msca09aa.org (media library),review,personal-contact,,,"held for review: personal contact details (e-mails 1, phones 0); private copy in MSCA09AA-private"
archive-flyers-2024-pacific-regional-forum-2024-en,Current,Flyers,Pacific Regional Forum – 2024,,2024,2024,English,PDF,45,,,,msca09aa.org (media library),review,personal-contact,,,held for review: speaker identifies a member by full name; private copy in MSCA09AA-private
archive-flyers-2024-foro-2024-run-down-en,Current,Flyers,FORO 2024 run down,,2024,2024,English,PDF,255,,,,msca09aa.org (media library),review,personal-contact,,,"held for review: internal event run-sheet (host logins, names); not meant for the public; private copy in MSCA09AA-private"
archive-conference-2024-delegate-s-report-highlights-february-2024-es,Current,Conference,Delegate's report highlights – February 2024,Lo más destacado del informe del delegado – febrero de 2024,2024,2024,Spanish,PDF,441,,,,msca09aa.org (media library),review,personal-contact,,,"held for review: personal contact details (e-mails 0, phones 1); possible full names of members (1); private copy in MSCA09AA-private; published instead as the redacted copy docs/archive/conference/2024/delegate-s-report-highlights-february-2024-es-redacted.pdf"
guidelines-committee-unlisted-dcm-school-guidelines-rev-20240114-1,Current,Guidelines,DCM School Guidelines Rev.20240114 1,,,2024,English,PDF,,,,,Area Drive (docs/Committee Guidelines),no,,docs/Committee Guidelines/DCM-School-Guidelines_Rev.20240114-1.pdf,,"Listed only so the automatic Drive listing skips it: possibly superseded or a draft. Check it against the committee's current guidelines; set publish = yes (and fill title_es) if it is the current version, or move the file to docs/Committee Guidelines/OLD."
guidelines-committee-unlisted-archives-guidelines-revision-g-revision-eng-june-2024,Current,Guidelines,Archives Guidelines Revision G (Revision Eng. June 2024),,,2024,English,PDF,,,,,Area Drive (docs/Committee Guidelines),no,,docs/Committee Guidelines/Archives-Guidelines-Revision-G-(Revision-Eng. June 2024).pdf,,"Listed only so the automatic Drive listing skips it: possibly superseded or a draft. Check it against the committee's current guidelines; set publish = yes (and fill title_es) if it is the current version, or move the file to docs/Committee Guidelines/OLD."
finances-2024-annual-budget-request-form-2024-en,Current,Finances,Annual budget request form,Formulario de solicitud de presupuesto anual,2024,2024,English,PDF,952,,,treatment,msca09aa.org (media library),review,personal-contact,,,"held for review: personal contact details (e-mails 0, phones 3); possible full names of members (1); private copy in MSCA09AA-private"
archive-flyers-2024-foro-agenda-2024-es,Current,Flyers,2024 FORO AGENDA,,2024,2024,Spanish,PDF,2806,,,,msca09aa.org (media library),review,full-name,,,held for review: possible full names of members (1); private copy in MSCA09AA-private
archive-districts-d8-2024-district-8-minutes-january-8-2024-en,Archive,District,"District 8 Minutes – December 20, 2023 (approved January 2024)",Actas del Distrito 8 – 20 de diciembre de 2023 (aprobadas en enero de 2024),2023-12-20,2023,English,PDF,6603,,d08,,msca09aa.org (media library),review,personal-contact,,,"held for review: personal contact details (e-mails 1, phones 0); private copy in MSCA09AA-private; published instead as the redacted copy docs/archive/districts/d8/2024/district-8-minutes-january-8-2024-en-redacted.pdf"
minutes-2023-asc-minutes-december-10-2023-es,Archive,Delegate,"Delegate's sharing at the ASC, Long Beach – December 10, 2023","Compartimiento del Delegado en el CSA, Long Beach – 10 de diciembre de 2023",2023-12-10,2023,Spanish,PDF,142,,,delegate,msca09aa.org (media library),review,personal-contact,,,"held for review: personal contact details (e-mails 0, phones 1); private copy in MSCA09AA-private; published instead as the redacted copy docs/minutes/2023/asc-minutes-december-10-2023-es-redacted.pdf"
archive-districts-d2-2023-dec-2023-approved-mins-es,Archive,Minutes,ASC Minutes – December 2023,Actas del CSA – diciembre de 2023,2023-12-10,2023,Spanish,Word,74,ASC,,,msca09aa.org (media library),review,personal-contact,,,"held for review: personal contact details (e-mails 1, phones 0); private copy in MSCA09AA-private; published instead as the redacted copy docs/archive/districts/d2/2023/dec-2023-approved-mins-es-redacted.pdf"
minutes-2023-asc-minutes-december-2023-en,Archive,Minutes,ASC Minutes – December 2023,Actas del CSA – diciembre de 2023,2023-12-10,2023,English,Word,73,ASC,,,msca09aa.org (media library),review,personal-contact,,,"held for review: personal contact details (e-mails 1, phones 0); private copy in MSCA09AA-private; published instead as the redacted copy docs/minutes/2023/asc-minutes-december-2023-en-redacted.pdf"
archive-misc-2023-depositdetailq32023-en,Archive,Misc,DepositDetailQ32023,,2023-12-07,2023,English,PDF,61,,,,msca09aa.org (media library),review,personal-contact,,,held for review: lists individual contributors by name; private copy in MSCA09AA-private
archive-misc-2023-depositdetailq12022-en,Archive,Misc,DepositDetailQ12022,,2023-12-07,2023,English,PDF,62,,,,msca09aa.org (media library),review,personal-contact,,,held for review: lists individual contributors by name; private copy in MSCA09AA-private
archive-misc-2023-depositdetaiq12023-en,Archive,Misc,DepositDetaiQ12023,,2023-12-07,2023,English,PDF,63,,,,msca09aa.org (media library),review,personal-contact,,,held for review: lists individual contributors by name; private copy in MSCA09AA-private
archive-newsletters-2023-area-newsletter-november-26-2023-en,Archive,Newsletters,"Area Newsletter – November 26, 2023",Boletín del Área – 26 de noviembre de 2023,2023-12,2023,English,PDF,8727,,,,msca09aa.org (media library),review,personal-contact,docs/archive/newsletters/2023/area-newsletter-november-26-2023-en.pdf,,Held 2026-10-06 by scripts/scan-documents.py (personal-contact); counts in MSCA09AA-private/documents-held-for-anonymity-review.csv. File moved to MSCA09AA-private/removed-from-docs-2026-10-06 (could not be cleaned automatically).
archive-newsletters-2023-area-newsletter-november-26-2023-es,Archive,Newsletters,"Area Newsletter – November 26, 2023",Boletín del Área – 26 de noviembre de 2023,2023-12,2023,Spanish,PDF,4740,,,,msca09aa.org (media library),review,personal-contact,docs/archive/newsletters/2023/area-newsletter-november-26-2023-es.pdf,,Held 2026-10-06 by scripts/scan-documents.py (personal-contact); counts in MSCA09AA-private/documents-held-for-anonymity-review.csv. File moved to MSCA09AA-private/removed-from-docs-2026-10-06 (could not be cleaned automatically).
archive-conference-2023-cpc-pi-conference-flyer-v-2023-en,Archive,Flyers,"2nd annual CPC & PI conference, December 2–3, 2023 – flyer","2.ª conferencia anual de CCP e IP, 2 y 3 de diciembre de 2023 – volante",2023-12,2023,English,PDF,590,,,cpc,msca09aa.org (media library),review,personal-contact,,,"held for review: personal contact details (e-mails 1, phones 0); private copy in MSCA09AA-private; published instead as the redacted copy docs/archive/conference/2023/cpc-pi-conference-flyer-v-2023-en-redacted.pdf"
archive-pages-2023-11-20-november-20-2023-delegate-sharing-asc-thousand-palms-update,Archive,Delegate,"November 20, 2023 Delegate Sharing ASC – Thousand Palms – Updates for November 12, 2023",,2023-11-20,2023,English,Web page,51,,,delegate,msca09aa.org,review,full-name,docs/archive/pages/2023-11-20-november-20-2023-delegate-sharing-asc-thousand-palms-update.html,,"archived web page (HTML); Drive shows the source, so a PDF copy is preferred; held for review: possible full names of members (1)"
reports-2023-literature-committee-minutes-november-12-2023-en,Archive,Reports,"Literature Committee Minutes – November 12, 2023",Actas del Comité de Literatura – 12 de noviembre de 2023,2023-11-12,2023,English,PDF,221,,,literature,msca09aa.org (media library),review,personal-contact,,,"held for review: personal contact details (e-mails 0, phones 1); private copy in MSCA09AA-private; published instead as the redacted copy docs/reports/2023/literature-committee-minutes-november-12-2023-en-redacted.pdf"
reports-delegate-2023-delegate-sharing-asc-thousand-palms-2023-11-12-en,Archive,Delegate,"Delegate's sharing at the ASC, Thousand Palms – November 12, 2023","Compartimiento del Delegado en el CSA, Thousand Palms – 12 de noviembre de 2023",2023-11-12,2023,English,PDF,965,,,delegate,msca09aa.org (media library),review,personal-contact,,,"held for review: personal contact details (e-mails 0, phones 1); possible full names of members (1); private copy in MSCA09AA-private; published instead as the redacted copy docs/reports/Delegate/2023/delegate-sharing-asc-thousand-palms-2023-11-12-en-redacted.pdf"
minutes-2023-asc-minutes-november-12-2023-es,Archive,Delegate,"Delegate's sharing at the ASC, Thousand Palms – November 12, 2023","Compartimiento del Delegado en el CSA, Thousand Palms – 12 de noviembre de 2023",2023-11-12,2023,Spanish,PDF,793,,,delegate,msca09aa.org (media library),review,personal-contact,,,"held for review: personal contact details (e-mails 0, phones 1); private copy in MSCA09AA-private; published instead as the redacted copy docs/minutes/2023/asc-minutes-november-12-2023-es-redacted.pdf"
minutes-2023-nov-2023-asc-minutes-en,Archive,Minutes,ASC Minutes – November 2023,Actas del CSA – noviembre de 2023,2023-11-12,2023,English,PDF,312,ASC,,,msca09aa.org,review,personal-contact,docs/minutes/2023/nov-2023-asc-minutes-en.pdf,,"held for review: personal contact details (e-mails 2, phones 1); published instead as the redacted copy docs/minutes/2023/nov-2023-asc-minutes-en-redacted.pdf"
minutes-2023-nov-2023-asc-minutes-es,Archive,Minutes,ASC Minutes – November 2023,Actas del CSA – noviembre de 2023,2023-11-12,2023,Spanish,PDF,289,ASC,,,msca09aa.org,review,personal-contact,docs/minutes/2023/nov-2023-asc-minutes-es.pdf,,"held for review: personal contact details (e-mails 1, phones 1); published instead as the redacted copy docs/minutes/2023/nov-2023-asc-minutes-es-redacted.pdf"
archive-districts-d8-2023-district-8-minutes-october-18-2023-en,Archive,District,"District 8 Minutes – October 18, 2023",Actas del Distrito 8 – 18 de octubre de 2023,2023-10-18,2023,English,PDF,319,,d08,,msca09aa.org (media library),review,personal-contact,docs/archive/districts/d8/2023/district-8-minutes-october-18-2023-en.pdf,,Held 2026-10-06 by scripts/scan-documents.py (personal-contact); counts in MSCA09AA-private/documents-held-for-anonymity-review.csv. File moved to MSCA09AA-private/removed-from-docs-2026-10-06 (could not be cleaned automatically).
archive-newsletters-2023-area-newsletter-october-2023-en,Archive,Newsletters,Area Newsletter – October 2023,Boletín del Área – octubre de 2023,2023-10,2023,English,PDF,15580,,,,msca09aa.org (media library),review,personal-contact,docs/archive/newsletters/2023/area-newsletter-october-2023-en.pdf,,Held 2026-10-06 by scripts/scan-documents.py (personal-contact); counts in MSCA09AA-private/documents-held-for-anonymity-review.csv. File moved to MSCA09AA-private/removed-from-docs-2026-10-06 (could not be cleaned automatically).
archive-districts-d8-2023-district-8-minutes-september-20-2023-en,Archive,District,"District 8 Minutes – September 20, 2023",Actas del Distrito 8 – 20 de septiembre de 2023,2023-09-20,2023,English,PDF,362,,d08,,msca09aa.org (media library),review,personal-contact,,,"held for review: personal contact details (e-mails 1, phones 2); possible full names of members (1); private copy in MSCA09AA-private; published instead as the redacted copy docs/archive/districts/d8/2023/district-8-minutes-september-20-2023-en-redacted.pdf"
finances-2023-area-budget-2024-en,Archive,Finances,Area budget 2024,Presupuesto del Área 2024,2023-09,2023,English,PDF,499,,,finance,msca09aa.org (media library),review,personal-contact,,,"held for review: personal contact details (e-mails 0, phones 3); private copy in MSCA09AA-private; published instead as the redacted copy docs/finances/2023/area-budget-2024-en-redacted.pdf"
archive-newsletters-2023-area-newsletter-september-2023-es,Archive,Newsletters,Area Newsletter – September 2023,Boletín del Área – septiembre de 2023,2023-09,2023,Spanish,PDF,13444,,,,msca09aa.org (media library),review,personal-contact,docs/archive/newsletters/2023/area-newsletter-september-2023-es.pdf,,Held 2026-10-06 by scripts/scan-documents.py (personal-contact); counts in MSCA09AA-private/documents-held-for-anonymity-review.csv. File moved to MSCA09AA-private/removed-from-docs-2026-10-06 (could not be cleaned automatically).
archive-districts-d8-2023-district-8-minutes-august-16-2023-en,Archive,District,"District 8 Minutes – August 16, 2023",Actas del Distrito 8 – 16 de agosto de 2023,2023-08-16,2023,English,PDF,367,,d08,,msca09aa.org (media library),review,personal-contact,,,"held for review: personal contact details (e-mails 1, phones 1); possible full names of members (1); private copy in MSCA09AA-private; published instead as the redacted copy docs/archive/districts/d8/2023/district-8-minutes-august-16-2023-en-redacted.pdf"
archive-districts-d8-2023-district-8-minutes-august-16-2023-en-redacted,Archive,District,"District 8 Minutes – August 16, 2023",Actas del Distrito 8 – 16 de agosto de 2023,2023-08-16,2023,English,PDF,383,,d08,,msca09aa.org (media library),review,personal-contact,docs/archive/districts/d8/2023/district-8-minutes-august-16-2023-en-redacted.pdf,,"Anonymity-redacted copy: full names shortened to first name + last initial, personal e-mails and phone numbers removed. Original (held for review): private copy in MSCA09AA-private Held 2026-10-06 by scripts/scan-documents.py (personal-contact); counts in MSCA09AA-private/documents-held-for-anonymity-review.csv. File moved to MSCA09AA-private/removed-from-docs-2026-10-06 (could not be cleaned automatically)."
minutes-2023-aug-2023-asc-minutes-en,Archive,Minutes,ASC Minutes – August 2023,Actas del CSA – agosto de 2023,2023-08-13,2023,English,PDF,357,ASC,,,msca09aa.org,review,personal-contact,docs/minutes/2023/aug-2023-asc-minutes-en.pdf,,"held for review: personal contact details (e-mails 3, phones 5); published instead as the redacted copy docs/minutes/2023/aug-2023-asc-minutes-en-redacted.pdf"
minutes-2023-aug-2023-asc-minutes-es,Archive,Minutes,ASC Minutes – August 2023,Actas del CSA – agosto de 2023,2023-08-13,2023,Spanish,PDF,344,ASC,,,msca09aa.org,review,personal-contact,docs/minutes/2023/aug-2023-asc-minutes-es.pdf,,"held for review: personal contact details (e-mails 3, phones 5); published instead as the redacted copy docs/minutes/2023/aug-2023-asc-minutes-es-redacted.pdf"
archive-misc-2023-webservant-job-listing-2-1-final-en,Archive,Service,Area webservant – job listing,Servidor web del Área – descripción del puesto,2023-08,2023,English,PDF,40,,,technology,msca09aa.org (media library),review,personal-contact,,,"held for review: personal contact details (e-mails 0, phones 1); private copy in MSCA09AA-private; published instead as the redacted copy docs/archive/misc/2023/webservant-job-listing-2-1-final-en-redacted.pdf"
archive-misc-2023-webservant-job-listing-2-1-final-es,Archive,Service,Area webservant – job listing,Servidor web del Área – descripción del puesto,2023-08,2023,Spanish,PDF,39,,,technology,msca09aa.org (media library),review,personal-contact,,,"held for review: personal contact details (e-mails 0, phones 1); private copy in MSCA09AA-private; published instead as the redacted copy docs/archive/misc/2023/webservant-job-listing-2-1-final-es-redacted.pdf"
archive-districts-d25-2023-district-25-newsletter-july-2023-es,Archive,Newsletters,District 25 Newsletter – July 2023,Boletín del Distrito 25 – julio de 2023,2023-07,2023,Spanish,PDF,6889,,d25,,msca09aa.org (media library),review,personal-contact,,,"held for review: personal contact details (e-mails 2, phones 16); private copy in MSCA09AA-private"
archive-districts-d8-2023-district-8-minutes-june-21-2023-en,Archive,District,"District 8 Minutes – June 21, 2023",Actas del Distrito 8 – 21 de junio de 2023,2023-06-21,2023,English,PDF,313,,d08,,msca09aa.org (media library),review,full-name,,,held for review: possible full names of members (1); private copy in MSCA09AA-private; published instead as the redacted copy docs/archive/districts/d8/2023/district-8-minutes-june-21-2023-en-redacted.pdf
reports-2023-literature-committee-minutes-june-11-2023-en,Archive,Reports,"Literature Committee Minutes – June 11, 2023",Actas del Comité de Literatura – 11 de junio de 2023,2023-06-11,2023,English,PDF,156,,,literature,msca09aa.org (media library),review,personal-contact,,,"held for review: personal contact details (e-mails 3, phones 4); private copy in MSCA09AA-private; published instead as the redacted copy docs/reports/2023/literature-committee-minutes-june-11-2023-en-redacted.pdf"
minutes-2023-jun-2023-asc-minutes-en,Archive,Minutes,ASC Minutes – June 2023,Actas del CSA – junio de 2023,2023-06-11,2023,English,PDF,393,ASC,,,msca09aa.org,review,personal-contact,docs/minutes/2023/jun-2023-asc-minutes-en.pdf,,"held for review: personal contact details (e-mails 4, phones 4); published instead as the redacted copy docs/minutes/2023/jun-2023-asc-minutes-en-redacted.pdf"
minutes-2023-jun-2023-asc-minutes-es,Archive,Minutes,ASC Minutes – June 2023,Actas del CSA – junio de 2023,2023-06-11,2023,Spanish,PDF,463,ASC,,,msca09aa.org,review,personal-contact,docs/minutes/2023/jun-2023-asc-minutes-es.pdf,,Held 2026-10-06 by scripts/scan-documents.py (personal-contact); counts in MSCA09AA-private/documents-held-for-anonymity-review.csv.
archive-misc-2023-q2-area09-deposit-detail-apr-jun2023-en,Archive,Misc,Q2-Area09-Deposit-Detail-Apr-Jun2023,,2023-06,2023,English,PDF,61,,,,msca09aa.org (media library),review,personal-contact,,,held for review: lists individual contributors by name; private copy in MSCA09AA-private
reports-delegate-2023-delegate-s-report-on-the-73rd-gsc-presentation-may-21-2023-en,Archive,Delegate,"Delegate's report on the 73rd GSC – presentation (May 21, 2023)",Informe del Delegado sobre la 73.ª CSG – presentación (21 de mayo de 2023),2023-05-21,2023,English,PDF,14763,,,delegate,msca09aa.org (media library),review,sobriety-date; unverified,docs/reports/Delegate/2023/delegate-s-report-on-the-73rd-gsc-presentation-may-21-2023-en.pdf,,Held 2026-10-06 by scripts/scan-documents.py (sobriety-date; unverified); counts in MSCA09AA-private/documents-held-for-anonymity-review.csv. File moved to MSCA09AA-private/removed-from-docs-2026-10-06 (could not be cleaned automatically).
reports-delegate-2023-delegate-s-report-on-the-73rd-gsc-presentation-may-21-2023-es,Archive,Delegate,"Delegate's report on the 73rd GSC – presentation (May 21, 2023)",Informe del Delegado sobre la 73.ª CSG – presentación (21 de mayo de 2023),2023-05-21,2023,Spanish,PDF,10392,,,delegate,msca09aa.org (media library),review,personal-contact,,,"held for review: personal contact details (e-mails 1, phones 0); private copy in MSCA09AA-private; published instead as the redacted copy docs/reports/Delegate/2023/delegate-s-report-on-the-73rd-gsc-presentation-may-21-2023-es-redacted.pdf"
reports-delegate-2023-delegate-s-report-on-the-73rd-gsc-presentation-may-21-2023-es-redacted,Archive,Delegate,"Delegate's report on the 73rd GSC – presentation (May 21, 2023)",Informe del Delegado sobre la 73.ª CSG – presentación (21 de mayo de 2023),2023-05-21,2023,Spanish,PDF,10442,,,delegate,msca09aa.org (media library),review,sobriety-date; unverified,docs/reports/Delegate/2023/delegate-s-report-on-the-73rd-gsc-presentation-may-21-2023-es-redacted.pdf,,"Anonymity-redacted copy: full names shortened to first name + last initial, personal e-mails and phone numbers removed. Original (held for review): private copy in MSCA09AA-private Held 2026-10-06 by scripts/scan-documents.py (sobriety-date; unverified); counts in MSCA09AA-private/documents-held-for-anonymity-review.csv. File moved to MSCA09AA-private/removed-from-docs-2026-10-06 (could not be cleaned automatically)."
reports-delegate-2021-shareback-flyer-2021-05-en,Archive,Flyers,"Delegate's 73rd GSC share-back, May 21, 2023 – flyer","Informe del Delegado sobre la 73.ª CSG, 21 de mayo de 2023 – volante",2023-05-21,2023,English,PDF,600,,,delegate,msca09aa.org (media library),review,personal-contact,,,"held for review: personal contact details (e-mails 0, phones 2); private copy in MSCA09AA-private; published instead as the redacted copy docs/reports/Delegate/2021/shareback-flyer-2021-05-en-redacted.pdf"
minutes-2023-may-2023-asa-minutes-en,Archive,Minutes,Assembly (ASA) Minutes – May 2023,Actas de la Asamblea (ASA) – mayo de 2023,2023-05-21,2023,English,PDF,326,ASA,,,msca09aa.org,review,personal-contact,docs/minutes/2023/may-2023-asa-minutes-en.pdf,,"held for review: personal contact details (e-mails 4, phones 3); published instead as the redacted copy docs/minutes/2023/may-2023-asa-minutes-en-redacted.pdf"
minutes-2023-may-2023-asa-minutes-es,Archive,Minutes,Assembly (ASA) Minutes – May 2023,Actas de la Asamblea (ASA) – mayo de 2023,2023-05-21,2023,Spanish,PDF,377,ASA,,,msca09aa.org,review,personal-contact,docs/minutes/2023/may-2023-asa-minutes-es.pdf,,"held for review: personal contact details (e-mails 4, phones 5); published instead as the redacted copy docs/minutes/2023/may-2023-asa-minutes-es-redacted.pdf"
archive-districts-d8-2023-district-8-minutes-may-2023-en,Archive,District,District 8 Minutes – May 2023,Actas del Distrito 8 – mayo de 2023,2023-05,2023,English,PDF,321,,d08,,msca09aa.org (media library),review,personal-contact,docs/archive/districts/d8/2023/district-8-minutes-may-2023-en.pdf,,Held 2026-10-06 by scripts/scan-documents.py (personal-contact); counts in MSCA09AA-private/documents-held-for-anonymity-review.csv. File moved to MSCA09AA-private/removed-from-docs-2026-10-06 (could not be cleaned automatically).
archive-conference-2023-73rd-gsc-picnic-table-slides-2023-en,Archive,Conference,73rd GSC – 'Around the Picnic Table' finance presentation,73.ª CSG – presentación de finanzas 'Alrededor de la mesa de picnic',2023-05,2023,English,PDF,957,,,,msca09aa.org (media library),review,personal-contact,,,"held for review: personal contact details (e-mails 1, phones 0); private copy in MSCA09AA-private; published instead as the redacted copy docs/archive/conference/2023/73rd-gsc-picnic-table-slides-2023-en-redacted.pdf"
archive-conference-2023-73rd-gsc-picnic-table-slides-2023-es,Archive,Conference,73rd GSC – 'Around the Picnic Table' finance presentation,73.ª CSG – presentación de finanzas 'Alrededor de la mesa de picnic',2023-05,2023,Spanish,PDF,271,,,,msca09aa.org (media library),review,personal-contact,,,"held for review: personal contact details (e-mails 1, phones 0); private copy in MSCA09AA-private; published instead as the redacted copy docs/archive/conference/2023/73rd-gsc-picnic-table-slides-2023-es-redacted.pdf"
archive-conference-2023-73rd-gsc-picnic-table-slides-2023-en-redacted,Archive,Conference,73rd GSC – 'Around the Picnic Table' finance presentation,73.ª CSG – presentación de finanzas 'Alrededor de la mesa de picnic',2023-05,2023,English,PDF,964,,,,msca09aa.org (media library),review,unverified,docs/archive/conference/2023/73rd-gsc-picnic-table-slides-2023-en-redacted.pdf,,"Anonymity-redacted copy: full names shortened to first name + last initial, personal e-mails and phone numbers removed. Original (held for review): private copy in MSCA09AA-private Held 2026-10-06 by scripts/scan-documents.py (unverified); counts in MSCA09AA-private/documents-held-for-anonymity-review.csv. File moved to MSCA09AA-private/removed-from-docs-2026-10-06 (could not be cleaned automatically)."
archive-districts-d8-2023-district-8-minutes-april-19-2023-en,Archive,District,"District 8 Minutes – April 19, 2023",Actas del Distrito 8 – 19 de abril de 2023,2023-04-19,2023,English,PDF,306,,d08,,msca09aa.org (media library),review,full-name,docs/archive/districts/d8/2023/district-8-minutes-april-19-2023-en.pdf,,Held 2026-10-06 by scripts/scan-documents.py (full-name); counts in MSCA09AA-private/documents-held-for-anonymity-review.csv. File moved to MSCA09AA-private/removed-from-docs-2026-10-06 (could not be cleaned automatically).
archive-conference-2023-advisory-actions-of-the-73rd-gsc-with-committee-considerations-and-floor-actions-2023-04-en,Archive,Conference,Advisory actions of the 73rd GSC (with committee considerations and floor actions),Acciones recomendables de la 73.ª CSG (con consideraciones de los comités y acciones de pleno),2023-04-01,2023,English,PDF,368,,,,msca09aa.org (media library),review,full-name,,,held for review: possible full names of members (2); private copy in MSCA09AA-private; published instead as the redacted copy docs/archive/conference/2023/advisory-actions-of-the-73rd-gsc-with-committee-considerations-and-floor-actions-2023-04-en-redacted.pdf
archive-misc-2023-advisory-actions-of-the-73rd-gsc-2023-04-es,Archive,Conference,Advisory actions of the 73rd GSC,Acciones recomendables de la 73.ª CSG,2023-04-01,2023,Spanish,PDF,212,,,,msca09aa.org (media library),review,full-name,,,held for review: possible full names of members (2); private copy in MSCA09AA-private; published instead as the redacted copy docs/archive/misc/2023/advisory-actions-of-the-73rd-gsc-2023-04-es-redacted.pdf
reports-2023-convention-liaison-committee-report-april-2023-en,Archive,Reports,Convention Liaison Committee Report – April 2023,Informe del Comité de Enlace con la Convención – abril de 2023,2023-04,2023,English,PDF,106,,,convention-liaison,msca09aa.org (media library),review,personal-contact,,,"held for review: personal contact details (e-mails 1, phones 0); private copy in MSCA09AA-private; published instead as the redacted copy docs/reports/2023/convention-liaison-committee-report-april-2023-en-redacted.pdf"
reports-2023-convention-liaison-committee-report-april-2023-en-redacted,Archive,Reports,Convention Liaison Committee Report – April 2023,Informe del Comité de Enlace con la Convención – abril de 2023,2023-04,2023,English,PDF,105,,,convention-liaison,msca09aa.org (media library),review,personal-contact,docs/reports/2023/convention-liaison-committee-report-april-2023-en-redacted.pdf,,"Anonymity-redacted copy: full names shortened to first name + last initial, personal e-mails and phone numbers removed. Original (held for review): private copy in MSCA09AA-private Held 2026-10-06 by scripts/scan-documents.py (personal-contact); counts in MSCA09AA-private/documents-held-for-anonymity-review.csv. File moved to MSCA09AA-private/removed-from-docs-2026-10-06 (could not be cleaned automatically)."
archive-newsletters-2023-area-newsletter-april-2023-en,Archive,Newsletters,Area Newsletter – April 2023,Boletín del Área – abril de 2023,2023-04,2023,English,PDF,1890,,,,msca09aa.org (media library),review,personal-contact,,,"held for review: personal contact details (e-mails 0, phones 1); private copy in MSCA09AA-private; published instead as the redacted copy docs/archive/newsletters/2023/area-newsletter-april-2023-en-redacted.pdf"
archive-districts-d8-2023-district-8-minutes-march-15-2023-en,Archive,District,"District 8 Minutes – March 15, 2023",Actas del Distrito 8 – 15 de marzo de 2023,2023-03-15,2023,English,PDF,473,,d08,,msca09aa.org (media library),review,full-name,,,held for review: possible full names of members (1); private copy in MSCA09AA-private; published instead as the redacted copy docs/archive/districts/d8/2023/district-8-minutes-march-15-2023-en-redacted.pdf
archive-districts-d8-2023-district-8-minutes-march-15-2023-en-redacted,Archive,District,"District 8 Minutes – March 15, 2023",Actas del Distrito 8 – 15 de marzo de 2023,2023-03-15,2023,English,PDF,480,,d08,,msca09aa.org (media library),review,personal-contact,docs/archive/districts/d8/2023/district-8-minutes-march-15-2023-en-redacted.pdf,,"Anonymity-redacted copy: full names shortened to first name + last initial, personal e-mails and phone numbers removed. Original (held for review): private copy in MSCA09AA-private Held 2026-10-06 by scripts/scan-documents.py (personal-contact); counts in MSCA09AA-private/documents-held-for-anonymity-review.csv. File moved to MSCA09AA-private/removed-from-docs-2026-10-06 (could not be cleaned automatically)."
minutes-2023-mar-2023-asc-minutes-en,Archive,Minutes,ASC Minutes – March 2023,Actas del CSA – marzo de 2023,2023-03-12,2023,English,PDF,341,ASC,,,msca09aa.org,review,personal-contact,docs/minutes/2023/mar-2023-asc-minutes-en.pdf,,"held for review: personal contact details (e-mails 3, phones 1); published instead as the redacted copy docs/minutes/2023/mar-2023-asc-minutes-en-redacted.pdf"
minutes-2023-mar-2023-asc-minutes-es,Archive,Minutes,ASC Minutes – March 2023,Actas del CSA – marzo de 2023,2023-03-12,2023,Spanish,PDF,347,ASC,,,msca09aa.org,review,personal-contact,docs/minutes/2023/mar-2023-asc-minutes-es.pdf,,"held for review: personal contact details (e-mails 3, phones 1); published instead as the redacted copy docs/minutes/2023/mar-2023-asc-minutes-es-redacted.pdf"
archive-misc-2023-q1-area09-deposit-detail-jan-mar2023-en,Archive,Misc,Q1-Area09-Deposit-Detail-Jan-Mar2023,,2023-03,2023,English,PDF,62,,,,msca09aa.org (media library),review,personal-contact,,,held for review: lists individual contributors by name; private copy in MSCA09AA-private
reports-2023-districts-1-and-3-report-to-the-area-march-2023-en,Archive,Reports,Districts 1 & 3 Report to the Area – March 2023,Informe del Distrito 1 y 3 al Área – marzo de 2023,2023-03,2023,English,PDF,43,,d01-03,,msca09aa.org (media library),review,full-name,,,held for review: possible full names of members (1); private copy in MSCA09AA-private
archive-districts-d8-2023-district-8-minutes-february-15-2023-en,Archive,District,"District 8 Minutes – February 15, 2023",Actas del Distrito 8 – 15 de febrero de 2023,2023-02-15,2023,English,PDF,393,,d08,,msca09aa.org (media library),review,personal-contact,,,"held for review: personal contact details (e-mails 1, phones 0); possible full names of members (1); private copy in MSCA09AA-private; published instead as the redacted copy docs/archive/districts/d8/2023/district-8-minutes-february-15-2023-en-redacted.pdf"
archive-districts-d8-2023-district-8-minutes-february-15-2023-en-redacted,Archive,District,"District 8 Minutes – February 15, 2023",Actas del Distrito 8 – 15 de febrero de 2023,2023-02-15,2023,English,PDF,407,,d08,,msca09aa.org (media library),review,full-name,docs/archive/districts/d8/2023/district-8-minutes-february-15-2023-en-redacted.pdf,,"Anonymity-redacted copy: full names shortened to first name + last initial, personal e-mails and phone numbers removed. Original (held for review): private copy in MSCA09AA-private Held 2026-10-06 by scripts/scan-documents.py (full-name); counts in MSCA09AA-private/documents-held-for-anonymity-review.csv. File moved to MSCA09AA-private/removed-from-docs-2026-10-06 (could not be cleaned automatically)."
archive-pages-2023-02-14-february-12-2023-delegate-s-sharing-session-area-service-co,Archive,Delegate,"February 12, 2023 — Delegate’s Sharing Session: Area Service Committee — Updates for February 12, 2023",,2023-02-12,2023,English,Web page,26,,,delegate,msca09aa.org,review,confidential,docs/archive/pages/2023-02-14-february-12-2023-delegate-s-sharing-session-area-service-co.html,,"archived web page (HTML); Drive shows the source, so a PDF copy is preferred; held for review: marked not for sharing outside the Fellowship"
minutes-2023-feb-2023-asc-minutes-en,Archive,Minutes,ASC Minutes – February 2023,Actas del CSA – febrero de 2023,2023-02-12,2023,English,PDF,313,ASC,,,msca09aa.org,review,full-name,docs/minutes/2023/feb-2023-asc-minutes-en.pdf,,held for review: possible full names of members (2); published instead as the redacted copy docs/minutes/2023/feb-2023-asc-minutes-en-redacted.pdf
minutes-2023-feb-2023-asc-minutes-es,Archive,Minutes,ASC Minutes – February 2023,Actas del CSA – febrero de 2023,2023-02-12,2023,Spanish,PDF,325,ASC,,,msca09aa.org,review,full-name,docs/minutes/2023/feb-2023-asc-minutes-es.pdf,,held for review: possible full names of members (2); published instead as the redacted copy docs/minutes/2023/feb-2023-asc-minutes-es-redacted.pdf
archive-gso-2023-letter-from-the-general-service-board-chair-resignation-february-2023-en,Archive,GSO,Letter from the General Service Board: chair resignation (February 2023),Carta de la Junta de Servicios Generales: renuncia del presidente (febrero de 2023),2023-02-03,2023,English,PDF,87,,,,msca09aa.org (media library),no,personal-contact,docs/archive/gso/2023/letter-from-the-general-service-board-chair-resignation-february-2023-en.pdf,,Never publish: a forwarded mailbox print showing a full name and a personal e-mail. File moved to MSCA09AA-private.
archive-newsletters-2023-area-newsletter-february-2023-es,Archive,Newsletters,Area Newsletter – February 2023,Boletín del Área – febrero de 2023,2023-02,2023,Spanish,PDF,2754,,,,msca09aa.org (media library),review,personal-contact,,,"held for review: personal contact details (e-mails 0, phones 1); private copy in MSCA09AA-private; published instead as the redacted copy docs/archive/newsletters/2023/area-newsletter-february-2023-es-redacted.pdf"
archive-districts-d8-2023-district-8-minutes-january-18-2023-en,Archive,District,"District 8 Minutes – January 18, 2023",Actas del Distrito 8 – 18 de enero de 2023,2023-01-18,2023,English,PDF,415,,d08,,msca09aa.org (media library),review,personal-contact,,,"held for review: personal contact details (e-mails 2, phones 0); possible full names of members (1); private copy in MSCA09AA-private; published instead as the redacted copy docs/archive/districts/d8/2023/district-8-minutes-january-18-2023-en-redacted.pdf"
archive-districts-d8-2023-district-8-minutes-january-18-2023-en-redacted,Archive,District,"District 8 Minutes – January 18, 2023",Actas del Distrito 8 – 18 de enero de 2023,2023-01-18,2023,English,PDF,429,,d08,,msca09aa.org (media library),review,full-name; personal-contact,docs/archive/districts/d8/2023/district-8-minutes-january-18-2023-en-redacted.pdf,,"Anonymity-redacted copy: full names shortened to first name + last initial, personal e-mails and phone numbers removed. Original (held for review): private copy in MSCA09AA-private Held 2026-10-06 by scripts/scan-documents.py (full-name; personal-contact); counts in MSCA09AA-private/documents-held-for-anonymity-review.csv. File moved to MSCA09AA-private/removed-from-docs-2026-10-06 (could not be cleaned automatically)."
reports-2023-literature-committee-report-january-8-2023-en,Archive,Reports,"Literature Committee Report – January 8, 2023",Informe del Comité de Literatura – 8 de enero de 2023,2023-01-08,2023,English,PDF,125,,,literature,msca09aa.org (media library),review,personal-contact,,,"held for review: personal contact details (e-mails 2, phones 0); private copy in MSCA09AA-private; published instead as the redacted copy docs/reports/2023/literature-committee-report-january-8-2023-en-redacted.pdf"
archive-pages-2023-01-10-january-8-2023-delegate-s-sharing-session-area-service-comm,Archive,Delegate,"January 8, 2023 — Delegate’s Sharing Session: Area Service Committee — Updates for January 8, 2023",,2023-01-08,2023,English,Web page,18,,,delegate,msca09aa.org,review,full-name,docs/archive/pages/2023-01-10-january-8-2023-delegate-s-sharing-session-area-service-comm.html,,"archived web page (HTML); Drive shows the source, so a PDF copy is preferred; held for review: possible full names of members (1)"
minutes-2023-jan-2023-asa-minutes-en,Archive,Minutes,Assembly (ASA) Minutes – January 2023,Actas de la Asamblea (ASA) – enero de 2023,2023-01-08,2023,English,PDF,404,ASA,,,msca09aa.org,review,personal-contact,docs/minutes/2023/jan-2023-asa-minutes-en.pdf,,"held for review: personal contact details (e-mails 2, phones 0); published instead as the redacted copy docs/minutes/2023/jan-2023-asa-minutes-en-redacted.pdf"
minutes-2023-jan-2023-asa-minutes-es,Archive,Minutes,Assembly (ASA) Minutes – January 2023,Actas de la Asamblea (ASA) – enero de 2023,2023-01-08,2023,Spanish,PDF,383,ASA,,,msca09aa.org,review,personal-contact,docs/minutes/2023/jan-2023-asa-minutes-es.pdf,,"held for review: personal contact details (e-mails 2, phones 0); published instead as the redacted copy docs/minutes/2023/jan-2023-asa-minutes-es-redacted.pdf"
archive-districts-d5-2023-d5-newsletter-2023-1st-qtr-issue-28-en,Archive,Newsletters,District 5 Newsletter – 1st quarter 2023 (issue 28),Boletín del Distrito 5 – 1.er trimestre de 2023 (número 28),2023-01,2023,English,PDF,2752,,d05,,msca09aa.org (media library),review,full-name,,,held for review: possible full names of members (1); private copy in MSCA09AA-private; published instead as the redacted copy docs/archive/districts/d5/2023/d5-newsletter-2023-1st-qtr-issue-28-en-redacted.pdf
finances-2023-group-contributions-to-gso-3rd-quarter-2023-en,Archive,Finances,Group contributions to GSO – 3rd quarter 2023,Contribuciones de los grupos a la OSG – 3.er trimestre de 2023,2023,2023,English,PDF,498,,,,msca09aa.org (media library),review,full-name,,,held for review: possible full names of members (2); private copy in MSCA09AA-private; published instead as the redacted copy docs/finances/2023/group-contributions-to-gso-3rd-quarter-2023-en-redacted.pdf
finances-2023-group-contributions-to-gso-2nd-quarter-2023-en,Archive,Finances,Group contributions to GSO – 2nd quarter 2023,Contribuciones de los grupos a la OSG – 2.º trimestre de 2023,2023,2023,English,PDF,498,,,,msca09aa.org (media library),review,full-name,,,held for review: possible full names of members (2); private copy in MSCA09AA-private; published instead as the redacted copy docs/finances/2023/group-contributions-to-gso-2nd-quarter-2023-en-redacted.pdf
archive-forms-2023-gso-new-group-listing-form-en,Archive,Forms,GSO new group listing form,Formulario de la OSG para registrar un grupo nuevo,,2023,English,PDF,629,,,,msca09aa.org (media library),review,full-name,docs/archive/forms/2023/gso-new-group-listing-form-en.pdf,,Held 2026-10-06 by scripts/scan-documents.py (full-name); counts in MSCA09AA-private/documents-held-for-anonymity-review.csv. File moved to MSCA09AA-private/removed-from-docs-2026-10-06 (could not be cleaned automatically).
guidelines-committee-unlisted-communications-committee-guidelines-final-may-2023-asa-spanish,Archive,Guidelines,Communications Committee Guidelines Final May 2023 ASA Spanish,,,2023,Spanish,PDF,,,,,Area Drive (docs/Committee Guidelines),no,,docs/Committee Guidelines/Communications-Committee-Guidelines_Final-May-2023-ASA_Spanish.pdf,,"Listed only so the automatic Drive listing skips it: possibly superseded or a draft. Check it against the committee's current guidelines; set publish = yes (and fill title_es) if it is the current version, or move the file to docs/Committee Guidelines/OLD."
guidelines-committee-unlisted-communications-committee-guidelines-final-may-2023-asa-english,Archive,Guidelines,Communications Committee Guidelines Final May 2023 ASA English,,,2023,English,PDF,,,,,Area Drive (docs/Committee Guidelines),no,,docs/Committee Guidelines/Communications-Committee-Guidelines_Final-May-2023-ASA_English.pdf,,"Listed only so the automatic Drive listing skips it: possibly superseded or a draft. Check it against the committee's current guidelines; set publish = yes (and fill title_es) if it is the current version, or move the file to docs/Committee Guidelines/OLD."
archive-newsletters-2023-btgww-2023-24-winter-newsletter-en,Archive,GSO,Bridging the Gap Workshop newsletter – winter 2023–24,Boletín del Taller Bridging the Gap – invierno 2023–24,2023,2023,English,PDF,517,,,treatment,msca09aa.org (media library),review,personal-contact,,,"held for review: personal contact details (e-mails 0, phones 4); private copy in MSCA09AA-private; published instead as the redacted copy docs/archive/newsletters/2023/btgww-2023-24-winter-newsletter-en-redacted.pdf"
archive-newsletters-2023-btgww-2023-24-winter-newsletter-en-redacted,Archive,GSO,Bridging the Gap Workshop newsletter – winter 2023–24,Boletín del Taller Bridging the Gap – invierno 2023–24,2023,2023,English,PDF,519,,,treatment,msca09aa.org (media library),review,personal-contact,docs/archive/newsletters/2023/btgww-2023-24-winter-newsletter-en-redacted.pdf,,"Anonymity-redacted copy: full names shortened to first name + last initial, personal e-mails and phone numbers removed. Original (held for review): private copy in MSCA09AA-private Held 2026-10-06 by scripts/scan-documents.py (personal-contact); counts in MSCA09AA-private/documents-held-for-anonymity-review.csv. File moved to MSCA09AA-private/removed-from-docs-2026-10-06 (could not be cleaned automatically)."
finances-2023-annual-budget-request-form-2023-en,Archive,Finances,Annual budget request form,Formulario de solicitud de presupuesto anual,2023,2023,English,PDF,371,,,treatment,msca09aa.org (media library),review,personal-contact,,,"held for review: personal contact details (e-mails 0, phones 1); private copy in MSCA09AA-private"
archive-gso-2023-aaws-board-structure-2023-en,Archive,GSO,AAWS board structure (2023),Estructura de la junta de AAWS (2023),2023,2023,English,PDF,1520,,,,msca09aa.org (media library),review,unverified,docs/archive/gso/2023/aaws-board-structure-2023-en.pdf,,Held 2026-10-06 by scripts/scan-documents.py (unverified); counts in MSCA09AA-private/documents-held-for-anonymity-review.csv. File moved to MSCA09AA-private/removed-from-docs-2026-10-06 (could not be cleaned automatically).
archive-districts-d8-2021-district-8-minutes-december-2021-en,Archive,District,"District 8 Minutes – December 21, 2022",Actas del Distrito 8 – 21 de diciembre de 2022,2022-12-21,2022,English,PDF,293,,d08,,msca09aa.org (media library),review,personal-contact,,,"held for review: personal contact details (e-mails 1, phones 0); possible full names of members (1); private copy in MSCA09AA-private; published instead as the redacted copy docs/archive/districts/d8/2021/district-8-minutes-december-2021-en-redacted.pdf"
archive-districts-d8-2021-district-8-minutes-december-2021-en-redacted,Archive,District,"District 8 Minutes – December 21, 2022",Actas del Distrito 8 – 21 de diciembre de 2022,2022-12-21,2022,English,PDF,305,,d08,,msca09aa.org (media library),review,full-name,docs/archive/districts/d8/2021/district-8-minutes-december-2021-en-redacted.pdf,,"Anonymity-redacted copy: full names shortened to first name + last initial, personal e-mails and phone numbers removed. Original (held for review): private copy in MSCA09AA-private Held 2026-10-06 by scripts/scan-documents.py (full-name); counts in MSCA09AA-private/documents-held-for-anonymity-review.csv. File moved to MSCA09AA-private/removed-from-docs-2026-10-06 (could not be cleaned automatically)."
reports-2022-district-6-report-to-the-area-december-6-2022-en,Archive,Reports,"District 6 Report to the Area – December 6, 2022",Informe del Distrito 6 al Área – 6 de diciembre de 2022,2022-12-06,2022,English,PDF,495,,d06,,msca09aa.org (media library),review,full-name,,,held for review: possible full names of members (1); private copy in MSCA09AA-private; published instead as the redacted copy docs/reports/2022/district-6-report-to-the-area-december-6-2022-en-redacted.pdf
archive-misc-2022-q4-area09-deposit-detail-oct-dec2022-en,Archive,Misc,Q4-Area09-Deposit-Detail-Oct-Dec2022,,2022-12,2022,English,PDF,60,,,,msca09aa.org (media library),review,personal-contact,,,held for review: lists individual contributors by name; private copy in MSCA09AA-private
reports-2022-district-8-report-to-the-area-december-2022-en,Archive,Reports,District 8 Report to the Area – December 2022,Informe del Distrito 8 al Área – diciembre de 2022,2022-12,2022,English,PDF,91,,d08,,msca09aa.org (media library),review,personal-contact,,,"held for review: personal contact details (e-mails 1, phones 0); private copy in MSCA09AA-private; published instead as the redacted copy docs/reports/2022/district-8-report-to-the-area-december-2022-en-redacted.pdf"
archive-districts-d25-2022-district-25-newsletter-december-2022-es,Archive,Newsletters,District 25 Newsletter – December 2022,Boletín del Distrito 25 – diciembre de 2022,2022-12,2022,Spanish,PDF,8455,,d25,,msca09aa.org (media library),review,personal-contact,,,"held for review: personal contact details (e-mails 0, phones 28); private copy in MSCA09AA-private"
archive-districts-d8-2022-district-8-minutes-november-16-2022-en,Archive,District,"District 8 Minutes – November 16, 2022",Actas del Distrito 8 – 16 de noviembre de 2022,2022-11-16,2022,English,PDF,259,,d08,,msca09aa.org (media library),review,personal-contact,,,"held for review: personal contact details (e-mails 1, phones 0); possible full names of members (1); private copy in MSCA09AA-private; published instead as the redacted copy docs/archive/districts/d8/2022/district-8-minutes-november-16-2022-en-redacted.pdf"
archive-districts-d8-2022-district-8-minutes-november-16-2022-en-redacted,Archive,District,"District 8 Minutes – November 16, 2022",Actas del Distrito 8 – 16 de noviembre de 2022,2022-11-16,2022,English,PDF,269,,d08,,msca09aa.org (media library),review,full-name,docs/archive/districts/d8/2022/district-8-minutes-november-16-2022-en-redacted.pdf,,"Anonymity-redacted copy: full names shortened to first name + last initial, personal e-mails and phone numbers removed. Original (held for review): private copy in MSCA09AA-private Held 2026-10-06 by scripts/scan-documents.py (full-name); counts in MSCA09AA-private/documents-held-for-anonymity-review.csv. File moved to MSCA09AA-private/removed-from-docs-2026-10-06 (could not be cleaned automatically)."
reports-2022-district-8-report-to-the-area-november-2022-en,Archive,Reports,District 8 Report to the Area – November 2022,Informe del Distrito 8 al Área – noviembre de 2022,2022-11,2022,English,PDF,91,,d08,,msca09aa.org (media library),review,personal-contact,,,"held for review: personal contact details (e-mails 1, phones 0); private copy in MSCA09AA-private; published instead as the redacted copy docs/reports/2022/district-8-report-to-the-area-november-2022-en-redacted.pdf"
archive-gso-2022-announcement-hardcover-jacketless-big-book-and-twelve-and-twelve-2022-10-27-en,Archive,GSO,Announcement-Hardcover-Jacketless-Big-Book-and-Twelve-and-Twelve-2022.10.27,,2022-10-27,2022,English,PDF,286,,,,msca09aa.org (media library),review,personal-contact,,,"held for review: personal contact details (e-mails 1, phones 0); private copy in MSCA09AA-private"
archive-districts-d8-2022-district-8-minutes-october-19-2022-en,Archive,District,"District 8 Minutes – October 19, 2022",Actas del Distrito 8 – 19 de octubre de 2022,2022-10-19,2022,English,PDF,654,,d08,,msca09aa.org (media library),review,personal-contact,,,"held for review: personal contact details (e-mails 1, phones 0); private copy in MSCA09AA-private; published instead as the redacted copy docs/archive/districts/d8/2022/district-8-minutes-october-19-2022-en-redacted.pdf"
archive-districts-d8-2022-district-8-minutes-october-19-2022-en-redacted,Archive,District,"District 8 Minutes – October 19, 2022",Actas del Distrito 8 – 19 de octubre de 2022,2022-10-19,2022,English,PDF,663,,d08,,msca09aa.org (media library),review,full-name,docs/archive/districts/d8/2022/district-8-minutes-october-19-2022-en-redacted.pdf,,"Anonymity-redacted copy: full names shortened to first name + last initial, personal e-mails and phone numbers removed. Original (held for review): private copy in MSCA09AA-private Held 2026-10-06 by scripts/scan-documents.py (full-name); counts in MSCA09AA-private/documents-held-for-anonymity-review.csv. File moved to MSCA09AA-private/removed-from-docs-2026-10-06 (could not be cleaned automatically)."
minutes-2022-oct-2022-asc-minutes-en,Archive,Minutes,ASC Minutes – October 2022,Actas del CSA – octubre de 2022,2022-10-09,2022,English,PDF,408,ASC,,,msca09aa.org,review,personal-contact,docs/minutes/2022/oct-2022-asc-minutes-en.pdf,,"held for review: personal contact details (e-mails 0, phones 1); published instead as the redacted copy docs/minutes/2022/oct-2022-asc-minutes-en-redacted.pdf"
minutes-2022-oct-2022-asc-minutes-es,Archive,Minutes,ASC Minutes – October 2022,Actas del CSA – octubre de 2022,2022-10-09,2022,Spanish,PDF,379,ASC,,,msca09aa.org,review,personal-contact,docs/minutes/2022/oct-2022-asc-minutes-es.pdf,,"held for review: personal contact details (e-mails 0, phones 1); published instead as the redacted copy docs/minutes/2022/oct-2022-asc-minutes-es-redacted.pdf"
archive-districts-d5-2022-d5-newsletter-2022-4th-qtr-issue-27-en,Archive,Newsletters,District 5 Newsletter – 4th quarter 2022 (issue 27),Boletín del Distrito 5 – 4.º trimestre de 2022 (número 27),2022-10,2022,English,PDF,2810,,d05,,msca09aa.org (media library),review,personal-contact,,,"held for review: personal contact details (e-mails 1, phones 2); private copy in MSCA09AA-private; published instead as the redacted copy docs/archive/districts/d5/2022/d5-newsletter-2022-4th-qtr-issue-27-en-redacted.pdf"
archive-districts-d8-2022-agenda-for-september-21-2022-en,Archive,District,"District 8 business meeting agenda – September 21, 2022",Agenda de la reunión de negocios del Distrito 8 – 21 de septiembre de 2022,2022-09-21,2022,English,PDF,68,,d08,,msca09aa.org (media library),review,personal-contact,,,"held for review: personal contact details (e-mails 1, phones 0); private copy in MSCA09AA-private; published instead as the redacted copy docs/archive/districts/d8/2022/agenda-for-september-21-2022-en-redacted.pdf"
archive-districts-d8-2021-area-minutes-september-2021-en,Archive,District,"District 8 Minutes – September 21, 2022",Actas del Distrito 8 – 21 de septiembre de 2022,2022-09-21,2022,English,PDF,293,,d08,,msca09aa.org (media library),review,personal-contact,,,"held for review: personal contact details (e-mails 1, phones 0); possible full names of members (1); private copy in MSCA09AA-private; published instead as the redacted copy docs/archive/districts/d8/2021/area-minutes-september-2021-en-redacted.pdf"
archive-districts-d8-2021-area-minutes-september-2021-en-redacted,Archive,District,"District 8 Minutes – September 21, 2022",Actas del Distrito 8 – 21 de septiembre de 2022,2022-09-21,2022,English,PDF,303,,d08,,msca09aa.org (media library),review,full-name,docs/archive/districts/d8/2021/area-minutes-september-2021-en-redacted.pdf,,"Anonymity-redacted copy: full names shortened to first name + last initial, personal e-mails and phone numbers removed. Original (held for review): private copy in MSCA09AA-private Held 2026-10-06 by scripts/scan-documents.py (full-name); counts in MSCA09AA-private/documents-held-for-anonymity-review.csv. File moved to MSCA09AA-private/removed-from-docs-2026-10-06 (could not be cleaned automatically)."
minutes-2022-sept-2022-asa-minutes-en,Archive,Minutes,Assembly (ASA) Minutes – September 2022,Actas de la Asamblea (ASA) – septiembre de 2022,2022-09-11,2022,English,PDF,337,ASA,,,msca09aa.org,review,personal-contact,docs/minutes/2022/sept-2022-asa-minutes-en.pdf,,"held for review: personal contact details (e-mails 1, phones 0); published instead as the redacted copy docs/minutes/2022/sept-2022-asa-minutes-en-redacted.pdf"
minutes-2022-sept-2022-asa-minutes-es,Archive,Minutes,Assembly (ASA) Minutes – September 2022,Actas de la Asamblea (ASA) – septiembre de 2022,2022-09-11,2022,Spanish,PDF,318,ASA,,,msca09aa.org,review,personal-contact,docs/minutes/2022/sept-2022-asa-minutes-es.pdf,,"held for review: personal contact details (e-mails 1, phones 1); published instead as the redacted copy docs/minutes/2022/sept-2022-asa-minutes-es-redacted.pdf"
archive-misc-2022-q3-area09-deposit-detail-jul-sep2022-en,Archive,Misc,Q3-Area09-Deposit-Detail-Jul-Sep2022,,2022-09,2022,English,PDF,64,,,,msca09aa.org (media library),review,personal-contact,,,held for review: lists individual contributors by name; private copy in MSCA09AA-private
minutes-2022-officers-directors-board-minutes-august-28-2022-en,Archive,Minutes,"Officers/Directors (Board) Minutes – August 28, 2022",Actas de los oficiales y directores (Junta) – 28 de agosto de 2022,2022-08-28,2022,English,PDF,210,Board,,,msca09aa.org (media library),review,full-name,,,held for review: possible full names of members (1); private copy in MSCA09AA-private; published instead as the redacted copy docs/minutes/2022/officers-directors-board-minutes-august-28-2022-en-redacted.pdf
finances-2022-treatment-facilities-expenses-090222-2022-08-en,Archive,Finances,Treatment Facilities Expenses 090222,,2022-08-26,2022,English,PDF,1259,,,treatment,msca09aa.org (media library),review,personal-contact,,,"held for review: personal contact details (e-mails 4, phones 5); private copy in MSCA09AA-private"
archive-districts-d8-2022-district-8-minutes-august-17-2022-en,Archive,District,"District 8 Minutes – August 17, 2022",Actas del Distrito 8 – 17 de agosto de 2022,2022-08-17,2022,English,PDF,229,,d08,,msca09aa.org (media library),review,personal-contact,,,"held for review: personal contact details (e-mails 2, phones 0); possible full names of members (2); private copy in MSCA09AA-private"
archive-flyers-2022-8-15-22-rcgs-flyer-reg-2022-08-en,Archive,Flyers,"Steps weekend retreat, August 2022 – flyer","Retiro de fin de semana sobre los Pasos, agosto de 2022 – volante",2022-08-15,2022,English,PDF,260,,,,msca09aa.org (media library),review,personal-contact,,,"held for review: personal contact details (e-mails 1, phones 3); private copy in MSCA09AA-private; published instead as the redacted copy docs/archive/flyers/2022/8-15-22-rcgs-flyer-reg-2022-08-en-redacted.pdf"
minutes-2022-aug-2022-asc-minutes-en,Archive,Minutes,ASC Minutes – August 2022,Actas del CSA – agosto de 2022,2022-08-14,2022,English,PDF,340,ASC,,,msca09aa.org,review,personal-contact,docs/minutes/2022/aug-2022-asc-minutes-en.pdf,,"held for review: personal contact details (e-mails 0, phones 1); published instead as the redacted copy docs/minutes/2022/aug-2022-asc-minutes-en-redacted.pdf"
minutes-2022-aug-2022-asc-minutes-es,Archive,Minutes,ASC Minutes – August 2022,Actas del CSA – agosto de 2022,2022-08-14,2022,Spanish,PDF,370,ASC,,,msca09aa.org,review,personal-contact,docs/minutes/2022/aug-2022-asc-minutes-es.pdf,,"held for review: personal contact details (e-mails 0, phones 1); published instead as the redacted copy docs/minutes/2022/aug-2022-asc-minutes-es-redacted.pdf"
reports-2022-district-8-report-to-the-area-august-2022-en,Archive,Reports,District 8 Report to the Area – August 2022,Informe del Distrito 8 al Área – agosto de 2022,2022-08,2022,English,PDF,91,,d08,,msca09aa.org (media library),review,personal-contact,,,"held for review: personal contact details (e-mails 1, phones 0); private copy in MSCA09AA-private; published instead as the redacted copy docs/reports/2022/district-8-report-to-the-area-august-2022-en-redacted.pdf"
archive-districts-d25-2022-boletind25p72-08-aug-en,Archive,Newsletters,District 25 Newsletter – August 2022,Boletín del Distrito 25 – agosto de 2022,2022-08,2022,Spanish,PDF,1509,,d25,,msca09aa.org (media library),review,personal-contact,,,"held for review: personal contact details (e-mails 0, phones 2); private copy in MSCA09AA-private; published instead as the redacted copy docs/archive/districts/d25/2022/boletind25p72-08-aug-en-redacted.pdf"
archive-misc-2023-aagv-price-increase-release-eng-2023-en,Archive,GSO,AA Grapevine news release: 2023 price increase,Comunicado de AA Grapevine: aumento de precios 2023,2022-08,2022,English,PDF,82,,,grapevine-la-vina,msca09aa.org (media library),review,personal-contact,,,"held for review: personal contact details (e-mails 0, phones 1); private copy in MSCA09AA-private; published instead as the redacted copy docs/archive/misc/2023/aagv-price-increase-release-eng-2023-en-redacted.pdf"
archive-gso-2023-aagv-comunicado-aumento-precios-span-2023-es,Archive,GSO,AA Grapevine news release: 2023 price increase,Comunicado de AA Grapevine: aumento de precios 2023,2022-08,2022,Spanish,PDF,124,,,grapevine-la-vina,msca09aa.org (media library),review,personal-contact,,,"held for review: personal contact details (e-mails 0, phones 2); private copy in MSCA09AA-private; published instead as the redacted copy docs/archive/gso/2023/aagv-comunicado-aumento-precios-span-2023-es-redacted.pdf"
archive-districts-d8-2020-district-8-minutes-july-2020-en,Archive,District,"District 8 Minutes – July 20, 2022",Actas del Distrito 8 – 20 de julio de 2022,2022-07-20,2022,English,PDF,453,,d08,,msca09aa.org (media library),review,personal-contact,,,"held for review: personal contact details (e-mails 1, phones 0); possible full names of members (1); private copy in MSCA09AA-private; published instead as the redacted copy docs/archive/districts/d8/2020/district-8-minutes-july-2020-en-redacted.pdf"
archive-districts-d8-2020-district-8-minutes-july-2020-en-redacted,Archive,District,"District 8 Minutes – July 20, 2022",Actas del Distrito 8 – 20 de julio de 2022,2022-07-20,2022,English,PDF,464,,d08,,msca09aa.org (media library),review,full-name,docs/archive/districts/d8/2020/district-8-minutes-july-2020-en-redacted.pdf,,"Anonymity-redacted copy: full names shortened to first name + last initial, personal e-mails and phone numbers removed. Original (held for review): private copy in MSCA09AA-private Held 2026-10-06 by scripts/scan-documents.py (full-name); counts in MSCA09AA-private/documents-held-for-anonymity-review.csv. File moved to MSCA09AA-private/removed-from-docs-2026-10-06 (could not be cleaned automatically)."
archive-service-2022-d8-and-11-gsr-school-flyer-en,Archive,Flyers,Districts 8 & 11 GSR school – flyer,Escuela de RSG de los Distritos 8 y 11 – volante,2022-07,2022,English,PDF,117,,d08,gsr-school,msca09aa.org (media library),review,personal-contact,,,"held for review: personal contact details (e-mails 1, phones 0); private copy in MSCA09AA-private; published instead as the redacted copy docs/archive/service/2022/d8-and-11-gsr-school-flyer-en-redacted.pdf"
reports-2022-district-8-report-to-the-area-july-2022-en,Archive,Reports,District 8 Report to the Area – July 2022,Informe del Distrito 8 al Área – julio de 2022,2022-07,2022,English,PDF,90,,d08,,msca09aa.org (media library),review,personal-contact,,,"held for review: personal contact details (e-mails 1, phones 0); private copy in MSCA09AA-private; published instead as the redacted copy docs/reports/2022/district-8-report-to-the-area-july-2022-en-redacted.pdf"
archive-districts-d25-2022-district-25-newsletter-july-2022-es,Archive,Newsletters,District 25 Newsletter – July 2022,Boletín del Distrito 25 – julio de 2022,2022-07,2022,Spanish,PDF,11639,,d25,,msca09aa.org (media library),review,personal-contact,,,"held for review: personal contact details (e-mails 2, phones 14); private copy in MSCA09AA-private"
archive-districts-d8-2022-district-8-minutes-june-15-2022-en,Archive,District,"District 8 Minutes – June 15, 2022",Actas del Distrito 8 – 15 de junio de 2022,2022-06-15,2022,English,PDF,418,,d08,,msca09aa.org (media library),review,personal-contact,,,"held for review: personal contact details (e-mails 1, phones 0); possible full names of members (2); private copy in MSCA09AA-private; published instead as the redacted copy docs/archive/districts/d8/2022/district-8-minutes-june-15-2022-en-redacted.pdf"
archive-districts-d8-2022-district-8-minutes-june-15-2022-en-redacted,Archive,District,"District 8 Minutes – June 15, 2022",Actas del Distrito 8 – 15 de junio de 2022,2022-06-15,2022,English,PDF,429,,d08,,msca09aa.org (media library),review,full-name,docs/archive/districts/d8/2022/district-8-minutes-june-15-2022-en-redacted.pdf,,"Anonymity-redacted copy: full names shortened to first name + last initial, personal e-mails and phone numbers removed. Original (held for review): private copy in MSCA09AA-private Held 2026-10-06 by scripts/scan-documents.py (full-name); counts in MSCA09AA-private/documents-held-for-anonymity-review.csv. File moved to MSCA09AA-private/removed-from-docs-2026-10-06 (could not be cleaned automatically)."
reports-2022-district-6-dcmc-report-june-12-2022-en,Archive,Reports,"District 6 Report to the Area – June 12, 2022",Informe del Distrito 6 al Área – 12 de junio de 2022,2022-06-12,2022,English,PDF,54,,d06,,msca09aa.org (media library),review,full-name,,,held for review: possible full names of members (1); private copy in MSCA09AA-private; published instead as the redacted copy docs/reports/2022/district-6-dcmc-report-june-12-2022-en-redacted.pdf
minutes-2022-june-2022-asc-minutes-en,Archive,Minutes,ASC Minutes – June 2022,Actas del CSA – junio de 2022,2022-06-12,2022,English,PDF,332,ASC,,,msca09aa.org,review,confidential,docs/minutes/2022/june-2022-asc-minutes-en.pdf,,held for review: GSC background
minutes-2022-june-2022-asc-minutes-es,Archive,Minutes,ASC Minutes – June 2022,Actas del CSA – junio de 2022,2022-06-12,2022,Spanish,PDF,304,ASC,,,msca09aa.org,review,confidential,docs/minutes/2022/june-2022-asc-minutes-es.pdf,,held for review: GSC background
archive-misc-2022-q2-area09-deposit-detail-apr-jun2022-en,Archive,Misc,Q2-Area09-Deposit-Detail-Apr-Jun2022,,2022-06,2022,English,PDF,59,,,,msca09aa.org (media library),review,personal-contact,,,held for review: lists individual contributors by name; private copy in MSCA09AA-private
archive-districts-d8-2022-district-8-minutes-may-18-2022-en,Archive,District,"District 8 Minutes – May 18, 2022",Actas del Distrito 8 – 18 de mayo de 2022,2022-05-18,2022,English,PDF,137,,d08,,msca09aa.org (media library),review,full-name,,,held for review: possible full names of members (1); private copy in MSCA09AA-private; published instead as the redacted copy docs/archive/districts/d8/2022/district-8-minutes-may-18-2022-en-redacted.pdf
archive-conference-2022-advisory-actions-of-the-72nd-gsc-2022-05-en,Archive,Conference,Advisory actions of the 72nd GSC,Acciones recomendables de la 72.ª CSG,2022-05-18,2022,English,PDF,76,,,,msca09aa.org (media library),review,full-name,,,held for review: possible full names of members (2); private copy in MSCA09AA-private; published instead as the redacted copy docs/archive/conference/2022/advisory-actions-of-the-72nd-gsc-2022-05-en-redacted.pdf
archive-conference-2022-advisory-actions-of-the-72nd-gsc-2022-05-es,Archive,Conference,Advisory actions of the 72nd GSC,Acciones recomendables de la 72.ª CSG,2022-05-18,2022,Spanish,PDF,81,,,,msca09aa.org (media library),review,full-name,,,held for review: possible full names of members (1); private copy in MSCA09AA-private; published instead as the redacted copy docs/archive/conference/2022/advisory-actions-of-the-72nd-gsc-2022-05-es-redacted.pdf
minutes-2022-may-2022-asa-minutes-en,Archive,Minutes,Assembly (ASA) Minutes – May 2022,Actas de la Asamblea (ASA) – mayo de 2022,2022-05-15,2022,English,PDF,343,ASA,,,msca09aa.org,review,personal-contact,docs/minutes/2022/may-2022-asa-minutes-en.pdf,,"held for review: personal contact details (e-mails 1, phones 0); published instead as the redacted copy docs/minutes/2022/may-2022-asa-minutes-en-redacted.pdf"
minutes-2022-may-2022-asa-minutes-es,Archive,Minutes,Assembly (ASA) Minutes – May 2022,Actas de la Asamblea (ASA) – mayo de 2022,2022-05-15,2022,Spanish,PDF,347,ASA,,,msca09aa.org,review,personal-contact,docs/minutes/2022/may-2022-asa-minutes-es.pdf,,"held for review: personal contact details (e-mails 1, phones 1); published instead as the redacted copy docs/minutes/2022/may-2022-asa-minutes-es-redacted.pdf"
minutes-2022-officers-directors-board-minutes-may-2022-en,Archive,Minutes,Officers/Directors (Board) Minutes – May 2022,Actas de los oficiales y directores (Junta) – mayo de 2022,2022-05,2022,English,PDF,201,Board,,,msca09aa.org (media library),review,personal-contact,,,"held for review: personal contact details (e-mails 1, phones 0); private copy in MSCA09AA-private; published instead as the redacted copy docs/minutes/2022/officers-directors-board-minutes-may-2022-en-redacted.pdf"
reports-2022-district-8-report-to-the-area-may-2022-en,Archive,Reports,District 8 Report to the Area – May 2022,Informe del Distrito 8 al Área – mayo de 2022,2022-05,2022,English,PDF,60,,d08,,msca09aa.org (media library),review,full-name,,,held for review: possible full names of members (1); private copy in MSCA09AA-private; published instead as the redacted copy docs/reports/2022/district-8-report-to-the-area-may-2022-en-redacted.pdf
archive-districts-d25-2022-boletind25p72-05-en,Archive,Newsletters,District 25 Newsletter – May 2022,Boletín del Distrito 25 – mayo de 2022,2022-05,2022,Spanish,PDF,5022,,d25,,msca09aa.org (media library),review,personal-contact,,,"held for review: personal contact details (e-mails 0, phones 1); private copy in MSCA09AA-private; published instead as the redacted copy docs/archive/districts/d25/2022/boletind25p72-05-en-redacted.pdf"
archive-conference-2022-72nd-gsc-picnic-table-slides-2022-04-28-en,Archive,Conference,72nd GSC – 'Around the Picnic Table' finance presentation,72.ª CSG – presentación de finanzas 'Alrededor de la mesa de picnic',2022-04-28,2022,English,PDF,909,,,,msca09aa.org (media library),review,personal-contact,,,"held for review: personal contact details (e-mails 1, phones 0); private copy in MSCA09AA-private; published instead as the redacted copy docs/archive/conference/2022/72nd-gsc-picnic-table-slides-2022-04-28-en-redacted.pdf"
archive-conference-2022-72nd-gsc-picnic-table-slides-2022-04-28-es,Archive,Conference,72nd GSC – 'Around the Picnic Table' finance presentation,72.ª CSG – presentación de finanzas 'Alrededor de la mesa de picnic',2022-04-28,2022,Spanish,PDF,960,,,,msca09aa.org (media library),review,personal-contact,,,"held for review: personal contact details (e-mails 1, phones 0); private copy in MSCA09AA-private; published instead as the redacted copy docs/archive/conference/2022/72nd-gsc-picnic-table-slides-2022-04-28-es-redacted.pdf"
archive-districts-d14-2022-district-14-updates-for-the-area-website-april-2022-en,Archive,District,District 14 updates for the Area website (April 2022),Actualizaciones del Distrito 14 para el sitio web del Área (abril de 2022),2022-04-22,2022,English,Word,24,,d14,,msca09aa.org (media library),review,full-name,docs/archive/districts/d14/2022/district-14-updates-for-the-area-website-april-2022-en.doc,,Held 2026-10-06 by scripts/scan-documents.py (full-name); counts in MSCA09AA-private/documents-held-for-anonymity-review.csv. File moved to MSCA09AA-private/removed-from-docs-2026-10-06 (could not be cleaned automatically).
archive-districts-d8-2022-district-8-minutes-april-20-2022-en,Archive,District,"District 8 Minutes – April 20, 2022",Actas del Distrito 8 – 20 de abril de 2022,2022-04-20,2022,English,PDF,214,,d08,,msca09aa.org (media library),review,personal-contact,,,"held for review: personal contact details (e-mails 1, phones 0); private copy in MSCA09AA-private; published instead as the redacted copy docs/archive/districts/d8/2022/district-8-minutes-april-20-2022-en-redacted.pdf"
reports-2022-final-report-of-the-72nd-general-service-conference-anonymity-protected-edition-2022-04-es,Archive,Conference,Final Report of the 72nd General Service Conference (anonymity-protected edition),Informe final de la 72.ª Conferencia de Servicios Generales (edición con anonimato protegido),2022-04,2022,Spanish,PDF,5116,,,,msca09aa.org (media library),review,personal-contact,,,"held for review: personal contact details (e-mails 1, phones 0); private copy in MSCA09AA-private; published instead as the redacted copy docs/reports/2022/final-report-of-the-72nd-general-service-conference-anonymity-protected-edition-2022-04-es-redacted.pdf"
archive-districts-d25-2022-district-25-newsletter-april-2022-es,Archive,Newsletters,District 25 Newsletter – April 2022,Boletín del Distrito 25 – abril de 2022,2022-04,2022,Spanish,PDF,4703,,d25,,msca09aa.org (media library),review,personal-contact,,,"held for review: personal contact details (e-mails 2, phones 13); private copy in MSCA09AA-private"
reports-2022-ca-you-update-district-11-information-on-area09-website-en,Archive,District,District 11 (now part of District 8) – information update for the Area website (2022),Distrito 11 (hoy parte del Distrito 8) – actualización de información para el sitio web del Área (2022),2022-04,2022,English,PDF,275,,d08,,msca09aa.org (media library),review,personal-contact,,,"held for review: personal contact details (e-mails 1, phones 0); private copy in MSCA09AA-private; published instead as the redacted copy docs/reports/2022/ca-you-update-district-11-information-on-area09-website-en-redacted.pdf"
archive-districts-d8-2022-district-8-minutes-march-16-2022-en,Archive,District,"District 8 Minutes – March 16, 2022",Actas del Distrito 8 – 16 de marzo de 2022,2022-03-16,2022,English,PDF,205,,d08,,msca09aa.org (media library),review,personal-contact,,,"held for review: personal contact details (e-mails 1, phones 0); private copy in MSCA09AA-private; published instead as the redacted copy docs/archive/districts/d8/2022/district-8-minutes-march-16-2022-en-redacted.pdf"
minutes-2022-asc-minutes-march-2022-es,Archive,Minutes,ASC Minutes – March 2022,Actas del CSA – marzo de 2022,2022-03-13,2022,Spanish,PDF,326,ASC,,,msca09aa.org (media library),review,full-name,,,held for review: possible full names of members (1); private copy in MSCA09AA-private; published instead as the redacted copy docs/minutes/2022/asc-minutes-march-2022-es-redacted.pdf
archive-praasa-2022-praasa-2022-portland-or-2022-03-05-en,Archive,PRAASA,PRAASA-2022-Portland-OR-2022.03.05,,2022-03-05,2022,English,PDF,1398,,,,msca09aa.org (media library),review,unverified,,,held for review: no readable text (scan); cannot verify; private copy in MSCA09AA-private
archive-districts-d25-2022-boletind25p72-03-en,Archive,Newsletters,District 25 Newsletter – March 2022,Boletín del Distrito 25 – marzo de 2022,2022-03,2022,Spanish,PDF,1480,,d25,,msca09aa.org (media library),review,personal-contact,,,"held for review: personal contact details (e-mails 0, phones 1); private copy in MSCA09AA-private; published instead as the redacted copy docs/archive/districts/d25/2022/boletind25p72-03-en-redacted.pdf"
archive-service-2022-dcmc-orientation-panel-72-2022-03-en,Archive,Service,DCMC orientation (Panel 72),Orientación para CMCD (Panel 72),2022-03,2022,English,PDF,1953,,,,msca09aa.org (media library),review,personal-contact,,,"held for review: personal contact details (e-mails 5, phones 6); possible full names of members (4); private copy in MSCA09AA-private; published instead as the redacted copy docs/archive/service/2022/dcmc-orientation-panel-72-2022-03-en-redacted.pdf"
archive-service-2022-committee-chair-orientation-panel-72-2022-03-en,Archive,Service,Committee chair orientation (Panel 72),Orientación para coordinadores de comité (Panel 72),2022-03,2022,English,PDF,2306,,,,msca09aa.org (media library),review,personal-contact,,,"held for review: personal contact details (e-mails 5, phones 6); possible full names of members (3); private copy in MSCA09AA-private; published instead as the redacted copy docs/archive/service/2022/committee-chair-orientation-panel-72-2022-03-en-redacted.pdf"
archive-districts-d8-2022-district-8-minutes-february-16-2022-en,Archive,District,"District 8 Minutes – February 16, 2022",Actas del Distrito 8 – 16 de febrero de 2022,2022-02-16,2022,English,PDF,194,,d08,,msca09aa.org (media library),review,personal-contact,,,"held for review: personal contact details (e-mails 2, phones 0); private copy in MSCA09AA-private; published instead as the redacted copy docs/archive/districts/d8/2022/district-8-minutes-february-16-2022-en-redacted.pdf"
minutes-2022-feb-2022-asc-minutes-en,Archive,Minutes,ASC Minutes – February 2022,Actas del CSA – febrero de 2022,2022-02-13,2022,English,PDF,315,ASC,,,msca09aa.org,review,full-name,docs/minutes/2022/feb-2022-asc-minutes-en.pdf,,held for review: possible full names of members (1); published instead as the redacted copy docs/minutes/2022/feb-2022-asc-minutes-en-redacted.pdf
minutes-2022-feb-2022-asc-minutes-es,Archive,Minutes,ASC Minutes – February 2022,Actas del CSA – febrero de 2022,2022-02-13,2022,Spanish,PDF,514,ASC,,,msca09aa.org,review,full-name,docs/minutes/2022/feb-2022-asc-minutes-es.pdf,,held for review: possible full names of members (2); published instead as the redacted copy docs/minutes/2022/feb-2022-asc-minutes-es-redacted.pdf
finances-2022-quarterly-statement-04-msca-09-contributions-by-district-2021-10-01-12-31-en,Archive,Finances,GSO quarterly contribution statement for Area 09 – by district (February 2022),Estado trimestral de contribuciones de la OSG para el Área 09 – por distrito (febrero de 2022),2022-02,2022,English,PDF,305,,,treasurer-ar,msca09aa.org (media library),review,full-name,,,held for review: possible full names of members (1); private copy in MSCA09AA-private; published instead as the redacted copy docs/finances/2022/quarterly-statement-04-msca-09-contributions-by-district-2021-10-01-12-31-en-redacted.pdf
reports-2022-area-09-february-2022-district-report-en,Archive,Reports,District 8 Report to the Area – February 2022,Informe del Distrito 8 al Área – febrero de 2022,2022-02,2022,English,PDF,96,,d08,,msca09aa.org (media library),review,personal-contact,,,"held for review: personal contact details (e-mails 1, phones 0); private copy in MSCA09AA-private; published instead as the redacted copy docs/reports/2022/area-09-february-2022-district-report-en-redacted.pdf"
archive-districts-d25-2022-boletind25p72-02-en,Archive,Newsletters,District 25 Newsletter – February 2022,Boletín del Distrito 25 – febrero de 2022,2022-02,2022,Spanish,PDF,2681,,d25,,msca09aa.org (media library),review,personal-contact,,,"held for review: personal contact details (e-mails 0, phones 1); possible full names of members (1); private copy in MSCA09AA-private; published instead as the redacted copy docs/archive/districts/d25/2022/boletind25p72-02-en-redacted.pdf"
minutes-2022-jan-2022-asa-minutes-en,Archive,Minutes,Assembly (ASA) Minutes – January 2022,Actas de la Asamblea (ASA) – enero de 2022,2022-01-09,2022,English,PDF,332,ASA,,,msca09aa.org,review,full-name,docs/minutes/2022/jan-2022-asa-minutes-en.pdf,,Held 2026-10-06 by scripts/scan-documents.py (full-name); counts in MSCA09AA-private/documents-held-for-anonymity-review.csv.
minutes-2022-jan-2022-asa-minutes-es,Archive,Minutes,Assembly (ASA) Minutes – January 2022,Actas de la Asamblea (ASA) – enero de 2022,2022-01-09,2022,Spanish,PDF,325,ASA,,,msca09aa.org,review,full-name,docs/minutes/2022/jan-2022-asa-minutes-es.pdf,,Held 2026-10-06 by scripts/scan-documents.py (full-name); counts in MSCA09AA-private/documents-held-for-anonymity-review.csv.
archive-gso-2022-procedure-for-electing-regional-trustee-candidates-gso-january-2022-fr,Archive,GSO,"Procedure for electing regional trustee candidates (GSO, January 2022)","Procedimiento para elegir candidatos a custodio regional (OSG, enero de 2022)",2022-01,2022,French,PDF,137,,,,msca09aa.org (media library),no,,docs/archive/gso/2022/procedure-for-electing-regional-trustee-candidates-gso-january-2022-fr.pdf,,French edition - the site lists English and Spanish documents only
archive-conference-2022-pacific-regional-trustee-s-report-january-february-2022-es,Archive,Conference,Pacific Regional Trustee's report – January/February 2022,Informe del Custodio Regional del Pacífico – enero/febrero de 2022,2022-01,2022,Spanish,PDF,89,,,,msca09aa.org (media library),review,confidential,,,held: trustee report / roster: not published (Fellowship-only material)
archive-districts-d8-2022-district-8-minutes-january-2022-en,Archive,District,District 8 Minutes – January 2022,Actas del Distrito 8 – enero de 2022,2022-01,2022,English,PDF,169,,d08,,msca09aa.org (media library),review,unverified,docs/archive/districts/d8/2022/district-8-minutes-january-2022-en.pdf,,Held 2026-10-06 by scripts/scan-documents.py (unverified); counts in MSCA09AA-private/documents-held-for-anonymity-review.csv. File moved to MSCA09AA-private/removed-from-docs-2026-10-06 (could not be cleaned automatically).
archive-districts-d5-2022-newsletter-2022-1st-qtr-issue-24-en,Archive,Newsletters,District 5 Newsletter – 1st quarter 2022 (issue 24),Boletín del Distrito 5 – 1.er trimestre de 2022 (número 24),2022-01,2022,English,PDF,3453,,d05,,msca09aa.org (media library),review,personal-contact,,,"held for review: personal contact details (e-mails 1, phones 0); possible full names of members (1); private copy in MSCA09AA-private; published instead as the redacted copy docs/archive/districts/d5/2022/newsletter-2022-1st-qtr-issue-24-en-redacted.pdf"
archive-flyers-2022-oc-convention-2022-en,Archive,Flyers,OC Convention 2022,,2022,2022,English,PDF,402,,,,msca09aa.org (media library),review,personal-contact,,,"held for review: personal contact details (e-mails 0, phones 1); private copy in MSCA09AA-private"
guidelines-committee-unlisted-guidelines-technology-committee-spanish-2022-01-09,Archive,Guidelines,Guidelines Technology Committee Spanish 2022.01.09,,,2022,Spanish,PDF,,,,,Area Drive (docs/Committee Guidelines),no,,docs/Committee Guidelines/Guidelines-Technology-Committee-Spanish-2022.01.09.pdf,,"Listed only so the automatic Drive listing skips it: possibly superseded or a draft. Check it against the committee's current guidelines; set publish = yes (and fill title_es) if it is the current version, or move the file to docs/Committee Guidelines/OLD."
guidelines-committee-unlisted-guidelines-technology-committee-english-2022-01-09,Archive,Guidelines,Guidelines Technology Committee English 2022.01.09,,,2022,English,PDF,,,,,Area Drive (docs/Committee Guidelines),no,,docs/Committee Guidelines/Guidelines-Technology-Committee-English-2022.01.09.pdf,,"Listed only so the automatic Drive listing skips it: possibly superseded or a draft. Check it against the committee's current guidelines; set publish = yes (and fill title_es) if it is the current version, or move the file to docs/Committee Guidelines/OLD."
reports-2022-final-report-of-the-72nd-general-service-conference-anonymity-protected-edition-2022-en,Archive,Conference,Final Report of the 72nd General Service Conference (anonymity-protected edition),Informe final de la 72.ª Conferencia de Servicios Generales (edición con anonimato protegido),2022,2022,English,PDF,5116,,,,msca09aa.org (media library),review,personal-contact,,,"held for review: personal contact details (e-mails 1, phones 0); private copy in MSCA09AA-private; published instead as the redacted copy docs/reports/2022/final-report-of-the-72nd-general-service-conference-anonymity-protected-edition-2022-en-redacted.pdf"
finances-2022-donor-contribution-msca09-3rd-qtr-2022-en,Archive,Finances,Donor-Contribution-MSCA09-3rd-QTR-2022,,2022,2022,English,PDF,293,,,,msca09aa.org (media library),review,full-name,,,held for review: contribution report listing individual donors/groups; needs review; possible full names of members (1); private copy in MSCA09AA-private
finances-2022-donor-contribution-msca09-2nd-qtr-2022-en,Archive,Finances,Donor-Contribution-MSCA09-2nd-QTR-2022,,2022,2022,English,PDF,290,,,,msca09aa.org (media library),review,full-name,,,held for review: contribution report listing individual donors/groups; needs review; possible full names of members (1); private copy in MSCA09AA-private
finances-2022-donor-contribution-msca09-1st-qtr-2022-en,Archive,Finances,Donor-Contribution-MSCA09-1st-QTR-2022,,2022,2022,English,PDF,290,,,,msca09aa.org (media library),review,full-name,,,held for review: contribution report listing individual donors/groups; needs review; possible full names of members (1); private copy in MSCA09AA-private
archive-districts-d5-2022-d5-newsletter-2022-3rd-qtr-issue-26-en,Archive,Newsletters,D5 Newsletter 2022-3rd Quarter Issue 26,,2022,2022,English,PDF,2945,,d05,,msca09aa.org (media library),review,personal-contact,,,"held for review: personal contact details (e-mails 1, phones 2); possible full names of members (2); private copy in MSCA09AA-private"
archive-districts-d25-2022-boletind25p72-12-dic-es,Archive,Newsletters,BoletinD25P72 12 DIC,,,2022,Spanish,PDF,7332,,d25,,msca09aa.org (media library),review,personal-contact,,,"held for review: personal contact details (e-mails 0, phones 25); private copy in MSCA09AA-private"
archive-conference-2022-2022-request-for-panel-72-gsc-theme-suggestions-english-en,Archive,Conference,2022 Request for Panel 72 G.S.C. Theme Suggestions (English),,2022,2022,English,PDF,57,,,,area09.org (legacy site),review,full-name,docs/archive/conference/2022/2022-request-for-panel-72-gsc-theme-suggestions-english-en.pdf,,Held 2026-10-06 by scripts/scan-documents.py (full-name); counts in MSCA09AA-private/documents-held-for-anonymity-review.csv.
archive-conference-2022-2022-request-for-panel-72-gsc-theme-suggestions-spanish-es,Archive,Conference,2022 Request for Panel 72 G.S.C. Theme Suggestions,,2022,2022,Spanish,PDF,77,,,,area09.org (legacy site),review,full-name,docs/archive/conference/2022/2022-request-for-panel-72-gsc-theme-suggestions-spanish-es.pdf,,Held 2026-10-06 by scripts/scan-documents.py (full-name); counts in MSCA09AA-private/documents-held-for-anonymity-review.csv.
archive-districts-d25-2022-d25-boletinp7201-2022-es,Archive,Newsletters,2022 D25 BoletinP7201,,2022,2022,Spanish,PDF,3199,,d25,,msca09aa.org (media library),review,personal-contact,,,"held for review: personal contact details (e-mails 2, phones 13); private copy in MSCA09AA-private"
held-msca09aa-media-6051,Archive,GSO,Welcome letter to a new Conference member (held: personal details),Carta de bienvenida a un nuevo miembro de la Conferencia (retenida: datos personales),2021-12-14,2021,English,PDF,66,,,,msca09aa.org (media library),review,personal-contact,,,held for review: personal letter showing a member's full name and home address; private copy in MSCA09AA-private
archive-conference-2021-preliminary-list-of-agenda-items-72nd-gsc-updated-december-1-2021-fr,Archive,Conference,"Preliminary list of agenda items – 72nd GSC (updated December 1, 2021)",Lista preliminar de puntos de agenda – 72.ª CSG (actualizada al 1 de diciembre de 2021),2021-12-01,2021,French,PDF,64,,,,msca09aa.org (media library),no,,docs/archive/conference/2021/preliminary-list-of-agenda-items-72nd-gsc-updated-december-1-2021-fr.pdf,,French edition - the site lists English and Spanish documents only
reports-2021-area-report-december-2021-en,Archive,Reports,Districts 1 & 3 Report to the Area – December 2021,Informe del Distrito 1 y 3 al Área – diciembre de 2021,2021-12,2021,English,PDF,65,,d01-03,,msca09aa.org (media library),review,full-name,,,held for review: possible full names of members (1); private copy in MSCA09AA-private; published instead as the redacted copy docs/reports/2021/area-report-december-2021-en-redacted.pdf
archive-districts-d25-2021-d25-boletin-m12-2021-es,Archive,Newsletters,District 25 Newsletter – December 2021,Boletín del Distrito 25 – diciembre de 2021,2021-12,2021,Spanish,PDF,7819,,d25,,msca09aa.org (media library),review,personal-contact,,,"held for review: personal contact details (e-mails 0, phones 1); private copy in MSCA09AA-private; published instead as the redacted copy docs/archive/districts/d25/2021/d25-boletin-m12-2021-es-redacted.pdf"
reports-2021-district-12-report-to-the-area-december-2021-en,Archive,Reports,District 12 Report to the Area – December 2021,Informe del Distrito 12 al Área – diciembre de 2021,2021-12,2021,English,PDF,94,,d12,,msca09aa.org (media library),review,full-name,,,held for review: possible full names of members (1); private copy in MSCA09AA-private; published instead as the redacted copy docs/reports/2021/district-12-report-to-the-area-december-2021-en-redacted.pdf
minutes-2021-nov-2021-asc-minutes-en,Archive,Minutes,ASC Minutes – November 2021,Actas del CSA – noviembre de 2021,2021-11-07,2021,English,PDF,466,ASC,,,msca09aa.org,review,full-name,docs/minutes/2021/nov-2021-asc-minutes-en.pdf,,held for review: possible full names of members (1); published instead as the redacted copy docs/minutes/2021/nov-2021-asc-minutes-en-redacted.pdf
minutes-2021-nov-2021-asc-minutes-es,Archive,Minutes,ASC Minutes – November 2021,Actas del CSA – noviembre de 2021,2021-11-07,2021,Spanish,PDF,416,ASC,,,msca09aa.org,review,full-name,docs/minutes/2021/nov-2021-asc-minutes-es.pdf,,held for review: possible full names of members (1); published instead as the redacted copy docs/minutes/2021/nov-2021-asc-minutes-es-redacted.pdf
archive-gso-2021-general-service-board-quarterly-meeting-minutes-and-committee-reports-november-2021-11-en,Archive,GSO,General Service Board quarterly meeting – minutes and committee reports (November 2021),Reunión trimestral de la Junta de Servicios Generales – actas e informes de comités (noviembre de 2021),2021-11-01,2021,English,PDF,3488,,,,msca09aa.org (media library),no,confidential,,,"held for review: personal contact details (e-mails 1, phones 0); private copy in MSCA09AA-private; published instead as the redacted copy docs/archive/gso/2021/general-service-board-quarterly-meeting-minutes-and-committee-reports-november-2021-11-en-redacted.pdf Never publish: General Service Board meeting minutes / board weekend report list trustees and attendees by full name (Conference-confidential background)."
archive-gso-2021-general-service-board-quarterly-meeting-minutes-and-committee-reports-november-2021-11-en-redacted,Archive,GSO,General Service Board quarterly meeting – minutes and committee reports (November 2021),Reunión trimestral de la Junta de Servicios Generales – actas e informes de comités (noviembre de 2021),2021-11-01,2021,English,PDF,2396,,,,msca09aa.org (media library),no,confidential,docs/archive/gso/2021/general-service-board-quarterly-meeting-minutes-and-committee-reports-november-2021-11-en-redacted.pdf,,"Anonymity-redacted copy: full names shortened to first name + last initial, personal e-mails and phone numbers removed. Original (held for review): private copy in MSCA09AA-private Never publish: General Service Board meeting minutes / board weekend report list trustees and attendees by full name (Conference-confidential background)."
reports-2021-area-report-november-en,Archive,Reports,Districts 1 & 3 Report to the Area – November 2021,Informe del Distrito 1 y 3 al Área – noviembre de 2021,2021-11,2021,English,PDF,70,,d01-03,,msca09aa.org (media library),review,full-name,,,held for review: possible full names of members (1); private copy in MSCA09AA-private; published instead as the redacted copy docs/reports/2021/area-report-november-en-redacted.pdf
reports-2021-district-12-report-to-the-area-november-2021-en,Archive,Reports,District 12 Report to the Area – November 2021,Informe del Distrito 12 al Área – noviembre de 2021,2021-11,2021,English,PDF,96,,d12,,msca09aa.org (media library),review,full-name,,,held for review: possible full names of members (1); private copy in MSCA09AA-private; published instead as the redacted copy docs/reports/2021/district-12-report-to-the-area-november-2021-en-redacted.pdf
minutes-2021-oct-2021-asc-minutes-en,Archive,Minutes,ASC Minutes – October 2021,Actas del CSA – octubre de 2021,2021-10-10,2021,English,PDF,258,ASC,,,msca09aa.org,review,full-name,docs/minutes/2021/oct-2021-asc-minutes-en.pdf,,held for review: possible full names of members (3); published instead as the redacted copy docs/minutes/2021/oct-2021-asc-minutes-en-redacted.pdf
reports-2021-area-report-october-en,Archive,Reports,Districts 1 & 3 Report to the Area – October 2021,Informe del Distrito 1 y 3 al Área – octubre de 2021,2021-10,2021,English,PDF,70,,d01-03,,msca09aa.org (media library),review,full-name,,,held for review: possible full names of members (1); private copy in MSCA09AA-private; published instead as the redacted copy docs/reports/2021/area-report-october-en-redacted.pdf
archive-districts-d5-2021-newsletter-2021-4th-qtr-issue-23-en,Archive,Newsletters,District 5 Newsletter – 4th quarter 2021 (issue 23),Boletín del Distrito 5 – 4.º trimestre de 2021 (número 23),2021-10,2021,English,PDF,3167,,d05,,msca09aa.org (media library),review,personal-contact,,,"held for review: personal contact details (e-mails 4, phones 2); private copy in MSCA09AA-private; published instead as the redacted copy docs/archive/districts/d5/2021/newsletter-2021-4th-qtr-issue-23-en-redacted.pdf"
reports-2021-district-12-report-to-the-area-october-2021-en,Archive,Reports,District 12 Report to the Area – October 2021,Informe del Distrito 12 al Área – octubre de 2021,2021-10,2021,English,PDF,95,,d12,,msca09aa.org (media library),review,full-name,,,held for review: possible full names of members (1); private copy in MSCA09AA-private; published instead as the redacted copy docs/reports/2021/district-12-report-to-the-area-october-2021-en-redacted.pdf
minutes-2021-sep-2021-asa-minutes-en,Archive,Minutes,Assembly (ASA) Minutes – September 2021,Actas de la Asamblea (ASA) – septiembre de 2021,2021-09-12,2021,English,PDF,401,ASA,,,msca09aa.org,review,personal-contact,docs/minutes/2021/sep-2021-asa-minutes-en.pdf,,Held 2026-10-06 by scripts/scan-documents.py (personal-contact); counts in MSCA09AA-private/documents-held-for-anonymity-review.csv.
minutes-2021-sep-2021-asa-minutes-es,Archive,Minutes,Assembly (ASA) Minutes – September 2021,Actas de la Asamblea (ASA) – septiembre de 2021,2021-09-12,2021,Spanish,PDF,384,ASA,,,msca09aa.org,review,personal-contact; sobriety-date,docs/minutes/2021/sep-2021-asa-minutes-es.pdf,,Held 2026-10-06 by scripts/scan-documents.py (personal-contact; sobriety-date); counts in MSCA09AA-private/documents-held-for-anonymity-review.csv.
reports-2021-area-report-september-2021-en,Archive,Reports,Districts 1 & 3 Report to the Area – September 2021,Informe del Distrito 1 y 3 al Área – septiembre de 2021,2021-09,2021,English,PDF,57,,d01-03,,msca09aa.org (media library),review,full-name,,,held for review: possible full names of members (1); private copy in MSCA09AA-private; published instead as the redacted copy docs/reports/2021/area-report-september-2021-en-redacted.pdf
archive-districts-d25-2021-district-25-newsletter-september-2021-es,Archive,Newsletters,District 25 Newsletter – September 2021,Boletín del Distrito 25 – septiembre de 2021,2021-09,2021,Spanish,PDF,4209,,d25,,msca09aa.org (media library),review,personal-contact,docs/archive/districts/d25/2021/district-25-newsletter-september-2021-es.pdf,,Held 2026-10-06 by scripts/scan-documents.py (personal-contact); counts in MSCA09AA-private/documents-held-for-anonymity-review.csv. File moved to MSCA09AA-private/removed-from-docs-2026-10-06 (could not be cleaned automatically).
reports-2021-district-12-report-to-the-area-september-2021-en,Archive,Reports,District 12 Report to the Area – September 2021,Informe del Distrito 12 al Área – septiembre de 2021,2021-09,2021,English,PDF,82,,d12,,msca09aa.org (media library),review,full-name,,,held for review: possible full names of members (1); private copy in MSCA09AA-private; published instead as the redacted copy docs/reports/2021/district-12-report-to-the-area-september-2021-en-redacted.pdf
archive-conference-2021-71st-gsc-final-report-ap-spanish-8-30-21-es,Archive,Conference,"71st G.S.C. Final Report AP Spanish August 30, 2021",,2021-08-30,2021,Spanish,PDF,7129,,,,msca09aa.org,review,full-name,docs/archive/conference/2021/71st-gsc-final-report-ap-spanish-8-30-21-es.pdf,,Held 2026-10-06 by scripts/scan-documents.py (full-name); counts in MSCA09AA-private/documents-held-for-anonymity-review.csv.
minutes-2021-aug-2021-asc-minutes-en,Archive,Minutes,ASC Minutes – August 2021,Actas del CSA – agosto de 2021,2021-08-08,2021,English,PDF,273,ASC,,,msca09aa.org,review,confidential,docs/minutes/2021/aug-2021-asc-minutes-en.pdf,,held for review: GSC background
minutes-2021-aug-2021-asc-minutes-es,Archive,Minutes,ASC Minutes – August 2021,Actas del CSA – agosto de 2021,2021-08-08,2021,Spanish,PDF,278,ASC,,,msca09aa.org,review,full-name,docs/minutes/2021/aug-2021-asc-minutes-es.pdf,,Held 2026-10-06 by scripts/scan-documents.py (full-name); counts in MSCA09AA-private/documents-held-for-anonymity-review.csv.
archive-minutes-2021-3rd-quarterly-gsb-meeting-minutes-committee-reports-august-2-202-en,Archive,Minutes,3rd Quarterly GSB Meeting Minutes Committee Reports August 2 2021,,2021-08-02,2021,English,PDF,1161,,,,msca09aa.org,no,confidential,docs/archive/minutes/2021/3rd-quarterly-gsb-meeting-minutes-committee-reports-august-2-202-en.pdf,,Never publish: General Service Board meeting minutes / board weekend report list trustees and attendees by full name (Conference-confidential background).
archive-reports-2021-august21-area-report-en,Archive,Reports,August 21 Area Report 2021,,2021-08,2021,English,PDF,95,,,,msca09aa.org,review,full-name,docs/archive/reports/2021/august21-area-report-en.pdf,,held for review: possible full names of members (1); published instead as the redacted copy docs/archive/reports/2021/august21-area-report-en-redacted.pdf
reports-2021-area-report-july-2021-en,Archive,Reports,Districts 1 & 3 Report to the Area – July 2021,Informe del Distrito 1 y 3 al Área – julio de 2021,2021-07,2021,English,PDF,57,,d01-03,,msca09aa.org (media library),review,full-name,,,held for review: possible full names of members (1); private copy in MSCA09AA-private; published instead as the redacted copy docs/reports/2021/area-report-july-2021-en-redacted.pdf
archive-reports-2021-d12-july21-area-report-en,Archive,Reports,District 12 Report to the Area – July 2021,Informe del Distrito 12 al Área – julio de 2021,2021-07,2021,English,PDF,243,,d12,,msca09aa.org,review,full-name,docs/archive/reports/2021/d12-july21-area-report-en.pdf,,held for review: possible full names of members (1); published instead as the redacted copy docs/archive/reports/2021/d12-july21-area-report-en-redacted.pdf
minutes-2021-jun-2021-asc-minutes-es,Archive,Minutes,ASC Minutes – June 2021,Actas del CSA – junio de 2021,2021-06-13,2021,Spanish,PDF,284,ASC,,,msca09aa.org,review,confidential,docs/minutes/2021/jun-2021-asc-minutes-es.pdf,,held for review: GSC background
minutes-2021-june-2021-asc-minutes-en,Archive,Minutes,ASC Minutes – June 2021,Actas del CSA – junio de 2021,2021-06-13,2021,English,PDF,249,ASC,,,msca09aa.org,review,confidential,docs/minutes/2021/june-2021-asc-minutes-en.pdf,,held for review: GSC background
reports-2021-area-report-june-en,Archive,Reports,Districts 1 & 3 Report to the Area – June 2021,Informe del Distrito 1 y 3 al Área – junio de 2021,2021-06,2021,English,PDF,56,,d01-03,,msca09aa.org (media library),review,full-name,,,held for review: possible full names of members (1); private copy in MSCA09AA-private; published instead as the redacted copy docs/reports/2021/area-report-june-en-redacted.pdf
archive-districts-d25-2021-district-25-newsletter-june-august-2021-es,Archive,Newsletters,District 25 Newsletter – June–August 2021,Boletín del Distrito 25 – junio a agosto de 2021,2021-06,2021,Spanish,PDF,8719,,d25,,msca09aa.org (media library),review,personal-contact,docs/archive/districts/d25/2021/district-25-newsletter-june-august-2021-es.pdf,,Held 2026-10-06 by scripts/scan-documents.py (personal-contact); counts in MSCA09AA-private/documents-held-for-anonymity-review.csv. File moved to MSCA09AA-private/removed-from-docs-2026-10-06 (could not be cleaned automatically).
archive-reports-2021-d12-june21-area-report-en,Archive,Reports,District 12 Report to the Area – June 2021,Informe del Distrito 12 al Área – junio de 2021,2021-06,2021,English,PDF,93,,d12,,msca09aa.org,review,full-name,docs/archive/reports/2021/d12-june21-area-report-en.pdf,,held for review: possible full names of members (1); published instead as the redacted copy docs/archive/reports/2021/d12-june21-area-report-en-redacted.pdf
minutes-2021-board-minutes-june-2021-en,Archive,Minutes,Board Minutes – June 2021,Actas de la Junta Directiva – junio de 2021,2021-06,2021,English,PDF,215,Board,,,msca09aa.org (media library),review,full-name,,,held for review: possible full names of members (1); private copy in MSCA09AA-private; published instead as the redacted copy docs/minutes/2021/board-minutes-june-2021-en-redacted.pdf
archive-misc-2021-revision-del-preambulo-spanish-05-28-21-es,Archive,Misc,"Revision del Preambulo Spanish May 28, 2021",,2021-05-28,2021,Spanish,PDF,52,,,,msca09aa.org,review,full-name,docs/archive/misc/2021/revision-del-preambulo-spanish-05-28-21-es.pdf,,Held 2026-10-06 by scripts/scan-documents.py (full-name); counts in MSCA09AA-private/documents-held-for-anonymity-review.csv.
archive-misc-2021-preamble-revision-english-05-28-21-en,Archive,Misc,"Preamble Revision English May 28, 2021",,2021-05-28,2021,English,PDF,74,,,,msca09aa.org,review,full-name,docs/archive/misc/2021/preamble-revision-english-05-28-21-en.pdf,,Held 2026-10-06 by scripts/scan-documents.py (full-name); counts in MSCA09AA-private/documents-held-for-anonymity-review.csv.
archive-reports-2021-d12-may21-area-report-en,Archive,Reports,District 12 Report to the Area – May 2021,Informe del Distrito 12 al Área – mayo de 2021,2021-05,2021,English,PDF,96,,d12,,msca09aa.org,review,full-name,docs/archive/reports/2021/d12-may21-area-report-en.pdf,,held for review: possible full names of members (1); published instead as the redacted copy docs/archive/reports/2021/d12-may21-area-report-en-redacted.pdf
minutes-2021-board-minutes-may-2021-en,Archive,Minutes,Board Minutes – May 2021,Actas de la Junta Directiva – mayo de 2021,2021-05,2021,English,PDF,190,Board,,,msca09aa.org (media library),review,full-name,,,held for review: possible full names of members (1); private copy in MSCA09AA-private; published instead as the redacted copy docs/minutes/2021/board-minutes-may-2021-en-redacted.pdf
archive-conference-2021-master-spanish-summary-tables-for-agenda-items-final-4-24-2021-es,Archive,Conference,"Master Spanish Summary Tables for Agenda Items.Final .April 24, 2021",,2021-04-24,2021,Spanish,PDF,1703,,,,msca09aa.org,review,full-name,docs/archive/conference/2021/master-spanish-summary-tables-for-agenda-items-final-4-24-2021-es.pdf,,held for review: possible full names of members (1); published instead as the redacted copy docs/archive/conference/2021/master-spanish-summary-tables-for-agenda-items-final-4-24-2021-es-redacted.pdf
archive-reports-2021-d12-april21-area-report-en,Archive,Reports,District 12 Report to the Area – April 2021,Informe del Distrito 12 al Área – abril de 2021,2021-04,2021,English,PDF,93,,d12,,msca09aa.org,review,full-name,docs/archive/reports/2021/d12-april21-area-report-en.pdf,,held for review: possible full names of members (1); published instead as the redacted copy docs/archive/reports/2021/d12-april21-area-report-en-redacted.pdf
archive-conference-2021-71st-gsc-trustees-background-spanish-3-29-2021-es,Archive,Conference,"71st G.S.C. Trustees Background Spanish.March 29, 2021",,2021-03-29,2021,Spanish,PDF,4813,,,,msca09aa.org,review,confidential,docs/archive/conference/2021/71st-gsc-trustees-background-spanish-3-29-2021-es.pdf,,held for review: GSC background
archive-conference-2021-71st-gsc-trustees-background-english-3-29-2021-en,Archive,Conference,"71st G.S.C. Trustees Background English.March 29, 2021",,2021-03-29,2021,English,PDF,8148,,,,msca09aa.org,review,confidential,docs/archive/conference/2021/71st-gsc-trustees-background-english-3-29-2021-en.pdf,,held for review: GSC background
minutes-2021-mar-2021-asc-minutes-es,Archive,Minutes,ASC Minutes – March 2021,Actas del CSA – marzo de 2021,2021-03-14,2021,Spanish,PDF,325,ASC,,,msca09aa.org,no,,docs/minutes/2021/mar-2021-asc-minutes-es.pdf,,Duplicate of archive-minutes-2021-march-minutes-asc-final-spanish-2021-es (same document).
minutes-2021-mar-2021-asc-minutes-en,Archive,Minutes,ASC Minutes – March 2021,Actas del CSA – marzo de 2021,2021-03-14,2021,English,PDF,229,ASC,,,msca09aa.org,no,,docs/minutes/2021/mar-2021-asc-minutes-en.pdf,,Duplicate of archive-minutes-2021-march-minutes-asc-final-english-2021-en (same document).
archive-misc-2021-gathering-area-09-group-conscience-3-7-2021-english-en-pdf,Archive,Misc,"@Gathering Area 09 Group Conscience.March 7, 2021",,2021-03-07,2021,English,PDF,3135,,,,msca09aa.org,review,personal-contact,docs/archive/misc/2021/gathering-area-09-group-conscience-3-7-2021-english-en.pdf,,"held for review: personal contact details (e-mails 0, phones 1); published instead as the redacted copy docs/archive/misc/2021/gathering-area-09-group-conscience-3-7-2021-english-en-redacted.pdf"
archive-misc-2021-gathering-area-09-group-conscience-3-7-2021-english-en-pptx,Archive,Misc,"@Gathering Area 09 Group Conscience.March 7, 2021",,2021-03-07,2021,English,PowerPoint,11316,,,,msca09aa.org,review,confidential,docs/archive/misc/2021/gathering-area-09-group-conscience-3-7-2021-english-en.pptx,,held for review: GSC background
archive-misc-2021-gathering-area-09-group-conscience-3-7-2021-spanish-es-pdf,Archive,Misc,"@Gathering Area 09 Group Conscience.March 7, 2021",,2021-03-07,2021,Spanish,PDF,3181,,,,msca09aa.org,review,personal-contact,docs/archive/misc/2021/gathering-area-09-group-conscience-3-7-2021-spanish-es.pdf,,"held for review: personal contact details (e-mails 0, phones 1); published instead as the redacted copy docs/archive/misc/2021/gathering-area-09-group-conscience-3-7-2021-spanish-es-redacted.pdf"
archive-misc-2021-gathering-area-09-group-conscience-3-7-2021-spanish-es-pptx,Archive,Misc,"@Gathering Area 09 Group Conscience.March 7, 2021",,2021-03-07,2021,Spanish,PowerPoint,10880,,,,msca09aa.org,review,confidential,docs/archive/misc/2021/gathering-area-09-group-conscience-3-7-2021-spanish-es.pptx,,held for review: GSC background
archive-misc-2021-gathering-area-09-group-conscience-3-7-2021-english-en-pdf-redacted,Archive,Misc,"@Gathering Area 09 Group Conscience.March 7, 2021",,2021-03-07,2021,English,PDF,3146,,,,msca09aa.org,review,full-name,docs/archive/misc/2021/gathering-area-09-group-conscience-3-7-2021-english-en-redacted.pdf,,"Anonymity-redacted copy: full names shortened to first name + last initial, personal e-mails and phone numbers removed. Original (held for review): docs/archive/misc/2021/gathering-area-09-group-conscience-3-7-2021-english-en.pdf Held 2026-10-06 by scripts/scan-documents.py (full-name); counts in MSCA09AA-private/documents-held-for-anonymity-review.csv. File moved to MSCA09AA-private/removed-from-docs-2026-10-06 (could not be cleaned automatically)."
archive-misc-2021-gathering-area-09-group-conscience-3-1-2021-es,Archive,Delegate,Gathering the Area 09 group conscience on GSC agenda items (2021),Recopilación de la conciencia de grupo del Área 09 sobre los puntos de agenda de la CSG (2021),2021-03-01,2021,Spanish,PDF,3966,,,delegate,msca09aa.org (media library),review,personal-contact,,,"held for review: personal contact details (e-mails 0, phones 1); private copy in MSCA09AA-private; published instead as the redacted copy docs/archive/misc/2021/gathering-area-09-group-conscience-3-1-2021-es-redacted.pdf"
archive-misc-2021-gathering-area-09-group-conscience-3-1-2021-es-redacted,Archive,Delegate,Gathering the Area 09 group conscience on GSC agenda items (2021),Recopilación de la conciencia de grupo del Área 09 sobre los puntos de agenda de la CSG (2021),2021-03-01,2021,Spanish,PDF,3898,,,delegate,msca09aa.org (media library),review,unverified,docs/archive/misc/2021/gathering-area-09-group-conscience-3-1-2021-es-redacted.pdf,,"Anonymity-redacted copy: full names shortened to first name + last initial, personal e-mails and phone numbers removed. Original (held for review): private copy in MSCA09AA-private Held 2026-10-06 by scripts/scan-documents.py (unverified); counts in MSCA09AA-private/documents-held-for-anonymity-review.csv. File moved to MSCA09AA-private/removed-from-docs-2026-10-06 (could not be cleaned automatically)."
archive-reports-2021-d12-march21-area-report-en,Archive,Reports,District 12 Report to the Area – March 2021,Informe del Distrito 12 al Área – marzo de 2021,2021-03,2021,English,PDF,93,,d12,,msca09aa.org,review,full-name,docs/archive/reports/2021/d12-march21-area-report-en.pdf,,held for review: possible full names of members (1); published instead as the redacted copy docs/archive/reports/2021/d12-march21-area-report-en-redacted.pdf
minutes-2021-feb-2021-asc-minutes-en,Archive,Minutes,ASC Minutes – February 2021,Actas del CSA – febrero de 2021,2021-02-14,2021,English,PDF,275,ASC,,,msca09aa.org,review,full-name,docs/minutes/2021/feb-2021-asc-minutes-en.pdf,,held for review: possible full names of members (1); published instead as the redacted copy docs/minutes/2021/feb-2021-asc-minutes-en-redacted.pdf
minutes-2021-feb-2021-asc-minutes-es,Archive,Minutes,ASC Minutes – February 2021,Actas del CSA – febrero de 2021,2021-02-14,2021,Spanish,PDF,298,ASC,,,msca09aa.org,review,full-name,docs/minutes/2021/feb-2021-asc-minutes-es.pdf,,held for review: possible full names of members (1); published instead as the redacted copy docs/minutes/2021/feb-2021-asc-minutes-es-redacted.pdf
archive-minutes-2021-minutes-asc-february-2021-final-english-rev-en,Archive,Minutes,ASC Minutes – February 2021,Actas del CSA – febrero de 2021,2021-02-14,2021,English,PDF,275,ASC,,,msca09aa.org,review,confidential,docs/archive/minutes/2021/minutes-asc-february-2021-final-english-rev-en.pdf,,held for review: GSC background
archive-minutes-2021-minutes-asc-february-2021-final-spanish-rev-2-es,Archive,Minutes,ASC Minutes – February 2021,Actas del CSA – febrero de 2021,2021-02-14,2021,Spanish,PDF,298,ASC,,,msca09aa.org,review,confidential,docs/archive/minutes/2021/minutes-asc-february-2021-final-spanish-rev-2-es.pdf,,held for review: GSC background
archive-misc-2021-gathering-area-09-group-conscience-2-12-2021-en,Archive,Delegate,Gathering the Area 09 group conscience on GSC agenda items (2021),Recopilación de la conciencia de grupo del Área 09 sobre los puntos de agenda de la CSG (2021),2021-02-12,2021,English,PDF,4025,,,delegate,msca09aa.org (media library),review,personal-contact,,,"held for review: personal contact details (e-mails 0, phones 1); private copy in MSCA09AA-private; published instead as the redacted copy docs/archive/misc/2021/gathering-area-09-group-conscience-2-12-2021-en-redacted.pdf"
archive-misc-2021-gathering-area-09-group-conscience-2-12-2021-en-redacted,Archive,Delegate,Gathering the Area 09 group conscience on GSC agenda items (2021),Recopilación de la conciencia de grupo del Área 09 sobre los puntos de agenda de la CSG (2021),2021-02-12,2021,English,PDF,3952,,,delegate,msca09aa.org (media library),review,full-name; unverified,docs/archive/misc/2021/gathering-area-09-group-conscience-2-12-2021-en-redacted.pdf,,"Anonymity-redacted copy: full names shortened to first name + last initial, personal e-mails and phone numbers removed. Original (held for review): private copy in MSCA09AA-private Held 2026-10-06 by scripts/scan-documents.py (full-name; unverified); counts in MSCA09AA-private/documents-held-for-anonymity-review.csv. File moved to MSCA09AA-private/removed-from-docs-2026-10-06 (could not be cleaned automatically)."
archive-reports-2021-general-service-board-weekend-report-2-8-2021-en,Archive,Reports,"General Service Board Weekend Report.February 8, 2021",,2021-02-08,2021,English,PDF,420,,,,msca09aa.org,no,confidential,docs/archive/reports/2021/general-service-board-weekend-report-2-8-2021-en.pdf,,Never publish: General Service Board meeting minutes / board weekend report list trustees and attendees by full name (Conference-confidential background).
archive-reports-2021-february21-area-report-en,Archive,Reports,February 21 Area Report 2021,,2021-02,2021,English,PDF,242,,,,msca09aa.org,review,full-name,docs/archive/reports/2021/february21-area-report-en.pdf,,held for review: possible full names of members (1); published instead as the redacted copy docs/archive/reports/2021/february21-area-report-en-redacted.pdf
archive-misc-2021-february-2021-corrections-activity-update-english-en,Archive,Misc,February 2021 Corrections Activity Update,,2021-02,2021,English,PDF,257,,,corrections,msca09aa.org,review,full-name,docs/archive/misc/2021/february-2021-corrections-activity-update-english-en.pdf,,Held 2026-10-06 by scripts/scan-documents.py (full-name); counts in MSCA09AA-private/documents-held-for-anonymity-review.csv.
archive-misc-2021-february-2021-corrections-activity-update-spanish-es,Archive,Misc,February 2021 Corrections Activity Update,,2021-02,2021,Spanish,PDF,238,,,corrections,msca09aa.org,review,full-name,docs/archive/misc/2021/february-2021-corrections-activity-update-spanish-es.pdf,,Held 2026-10-06 by scripts/scan-documents.py (full-name); counts in MSCA09AA-private/documents-held-for-anonymity-review.csv.
archive-reports-2021-2021-feb-report-13-en,Archive,Reports,2021 Feb Report 13,,2021-02,2021,English,PDF,134,,,,msca09aa.org,review,full-name,docs/archive/reports/2021/2021-feb-report-13-en.pdf,,held for review: possible full names of members (1); published instead as the redacted copy docs/archive/reports/2021/2021-feb-report-13-en-redacted.pdf
finances-2021-donor-contributions-1st-qtr-2021-01-en,Archive,Finances,DONOR CONTRIBUTIONS 1ST QTR,,2021-01-31,2021,English,PDF,151,,,,msca09aa.org (media library),review,personal-contact,,,held for review: lists individual contributors by name; private copy in MSCA09AA-private
archive-misc-2021-sf-15-staff-assignment-jan21-en,Archive,Misc,SF 15 Staff Assignment Jan 21 2021,,2021-01-21,2021,Spanish,PDF,269,,,,msca09aa.org,review,full-name,docs/archive/misc/2021/sf-15-staff-assignment-jan21-en.pdf,,Held 2026-10-06 by scripts/scan-documents.py (full-name); counts in MSCA09AA-private/documents-held-for-anonymity-review.csv.
archive-conference-2021-proposed-agenda-items-for-the-71st-gsc-as-of-january-15-2021-en,Archive,Conference,"Proposed agenda items for the 71st GSC – as of January 15, 2021",Puntos propuestos para la agenda de la 71.ª CSG – al 15 de enero de 2021,2021-01-15,2021,English,PDF,181,,,,msca09aa.org (media library),review,full-name,,,held for review: possible full names of members (1); private copy in MSCA09AA-private; published instead as the redacted copy docs/archive/conference/2021/proposed-agenda-items-for-the-71st-gsc-as-of-january-15-2021-en-redacted.pdf
archive-conference-2021-proposed-agenda-items-for-the-71st-gsc-as-of-january-15-2021-es,Archive,Conference,"Proposed agenda items for the 71st GSC – as of January 15, 2021",Puntos propuestos para la agenda de la 71.ª CSG – al 15 de enero de 2021,2021-01-15,2021,Spanish,PDF,216,,,,msca09aa.org (media library),review,full-name,,,held for review: possible full names of members (1); private copy in MSCA09AA-private; published instead as the redacted copy docs/archive/conference/2021/proposed-agenda-items-for-the-71st-gsc-as-of-january-15-2021-es-redacted.pdf
archive-pages-2021-01-11-january-10-2021-delegate-s-sharing-session,Archive,Delegate,"January 10, 2021 — Delegate’s Sharing Session",,2021-01-10,2021,English,Web page,10,,,delegate,msca09aa.org,review,personal-contact,docs/archive/pages/2021-01-11-january-10-2021-delegate-s-sharing-session.html,,"archived web page (HTML); Drive shows the source, so a PDF copy is preferred; held for review: personal contact details (e-mails 1, phones 0)"
minutes-2021-jan-2021-asa-minutes-en,Archive,Minutes,Assembly (ASA) Minutes – January 2021,Actas de la Asamblea (ASA) – enero de 2021,2021-01-10,2021,English,PDF,284,ASA,,,msca09aa.org,no,,docs/minutes/2021/jan-2021-asa-minutes-en.pdf,,Duplicate of archive-minutes-2021-minutes-asa-january-2021-final-english-en (same document).
minutes-2021-jan-2021-asa-minutes-es,Archive,Minutes,Assembly (ASA) Minutes – January 2021,Actas de la Asamblea (ASA) – enero de 2021,2021-01-10,2021,Spanish,PDF,187,ASA,,,msca09aa.org,no,,docs/minutes/2021/jan-2021-asa-minutes-es.pdf,,Duplicate of archive-minutes-2021-minutes-asa-january-2021-final-spanish-es (same document).
archive-reports-2021-d12-january21-area-report-en,Archive,Reports,District 12 Report to the Area – January 2021,Informe del Distrito 12 al Área – enero de 2021,2021-01,2021,English,PDF,92,,d12,,msca09aa.org,review,full-name,docs/archive/reports/2021/d12-january21-area-report-en.pdf,,held for review: possible full names of members (1); published instead as the redacted copy docs/archive/reports/2021/d12-january21-area-report-en-redacted.pdf
archive-reports-2021-2021-jan-report-d-13-en,Archive,Reports,2021 Jan Report District 1 & 3,,2021-01,2021,English,PDF,106,,d01-03,,msca09aa.org,review,full-name,docs/archive/reports/2021/2021-jan-report-d-13-en.pdf,,held for review: possible full names of members (1); published instead as the redacted copy docs/archive/reports/2021/2021-jan-report-d-13-en-redacted.pdf
archive-conference-2021-quick-reference-71st-general-service-conference-spanish-es,Archive,Conference,Quick Reference 71st General Service Conference,,2021,2021,Spanish,PDF,238,,,,msca09aa.org,review,personal-contact,docs/archive/conference/2021/quick-reference-71st-general-service-conference-spanish-es.pdf,,"held for review: personal contact details (e-mails 1, phones 1); published instead as the redacted copy docs/archive/conference/2021/quick-reference-71st-general-service-conference-spanish-es-redacted.pdf"
archive-praasa-2021-praasa-2021-11-x-17-pdf-en,Archive,PRAASA,PRAASA 2021 11 x 17 PDF,,2021,2021,English,PDF,436,,,,msca09aa.org,review,unverified,docs/archive/praasa/2021/praasa-2021-11-x-17-pdf-en.pdf,,held for review: no readable text (scan or protected PDF); could not be checked
archive-reports-2021-nov-combined-districts-1-and-3-report-docx-en,Archive,Reports,Nov Combined Districts 1 and 3 Report 2021,,2021,2021,English,PDF,89,,,,msca09aa.org,review,full-name,docs/archive/reports/2021/nov-combined-districts-1-and-3-report-docx-en.pdf,,held for review: possible full names of members (1); published instead as the redacted copy docs/archive/reports/2021/nov-combined-districts-1-and-3-report-docx-en-redacted.pdf
archive-motions-2021-motions-1980-1989-en,Archive,Motions,Motions 1980 1989 2021,,2021,2021,English,PDF,1459,,,,msca09aa.org,review,full-name,docs/archive/motions/2021/motions-1980-1989-en.pdf,,held for review: possible full names of members (21); published instead as the redacted copy docs/archive/motions/2021/motions-1980-1989-en-redacted.pdf
archive-motions-2021-motions-1970-1979-en,Archive,Motions,Motions 1970 1979 2021,,2021,2021,English,PDF,1417,,,,msca09aa.org,review,personal-contact,docs/archive/motions/2021/motions-1970-1979-en.pdf,,"held for review: personal contact details (e-mails 0, phones 1); published instead as the redacted copy docs/archive/motions/2021/motions-1970-1979-en-redacted.pdf"
archive-misc-2021-help-for-our-elders-en,Archive,Misc,Help for Our Elders 2021,,2021,2021,English,PDF,281,,,,msca09aa.org,review,personal-contact,docs/archive/misc/2021/help-for-our-elders-en.pdf,,"held for review: personal contact details (e-mails 0, phones 1); published instead as the redacted copy docs/archive/misc/2021/help-for-our-elders-en-redacted.pdf"
finances-2020-gsb-signed-financial-statements-eng-2020-12-2021-21-en,Archive,GSO,General Service Board – audited financial statements 2020–2021,Junta de Servicios Generales – estados financieros auditados 2020–2021,2021,2021,English,PDF,626,,,,msca09aa.org (media library),review,personal-contact,,,"held for review: personal contact details (e-mails 0, phones 1); private copy in MSCA09AA-private; published instead as the redacted copy docs/finances/2020/gsb-signed-financial-statements-eng-2020-12-2021-21-en-redacted.pdf"
archive-newsletters-2021-district-5-newsletter-first-quarter-2021-1-en,Archive,Newsletters,District 5 Newsletter First Quarter 2021 1,,2021,2021,English,PDF,2411,,d05,,msca09aa.org,review,personal-contact,docs/archive/newsletters/2021/district-5-newsletter-first-quarter-2021-1-en.pdf,,"held for review: personal contact details (e-mails 5, phones 0); published instead as the redacted copy docs/archive/newsletters/2021/district-5-newsletter-first-quarter-2021-1-en-redacted.pdf"
archive-newsletters-2021-district-5-newsletter-3rd-quarter-2021-en,Archive,Newsletters,District 5 Newsletter 3rd Quarter 2021,,2021,2021,English,PDF,2530,,d05,,msca09aa.org,review,personal-contact,docs/archive/newsletters/2021/district-5-newsletter-3rd-quarter-2021-en.pdf,,"held for review: personal contact details (e-mails 5, phones 0); published instead as the redacted copy docs/archive/newsletters/2021/district-5-newsletter-3rd-quarter-2021-en-redacted.pdf"
archive-newsletters-2021-district-5-newsletter-2nd-quarter-2021-1-en,Archive,Newsletters,District 5 Newsletter 2nd Quarter 2021 1,,2021,2021,English,PDF,1575,,d05,,msca09aa.org,review,personal-contact,docs/archive/newsletters/2021/district-5-newsletter-2nd-quarter-2021-1-en.pdf,,"held for review: personal contact details (e-mails 5, phones 1); published instead as the redacted copy docs/archive/newsletters/2021/district-5-newsletter-2nd-quarter-2021-1-en-redacted.pdf"
finances-2021-donor-contribution-3rd-qtr-2021-en,Archive,Finances,DONOR CONTRIBUTION 3RD QTR 2021,,2021,2021,English,PDF,162,,,,msca09aa.org (media library),review,personal-contact,,,held for review: lists individual contributors by name; private copy in MSCA09AA-private
finances-2021-donor-contribution-2nd-qtr-2021-en,Archive,Finances,DONOR CONTRIBUTION 2ND QTR 2021,,2021,2021,English,PDF,145,,,,msca09aa.org (media library),review,personal-contact,,,held for review: lists individual contributors by name; private copy in MSCA09AA-private
guidelines-committee-unlisted-cec-guidelines-final-2021,Archive,Guidelines,CEC Guidelines Final 2021,,,2021,English,PDF,,,,,Area Drive (docs/Committee Guidelines),no,,docs/Committee Guidelines/CEC-Guidelines-Final-2021.pdf,,"Listed only so the automatic Drive listing skips it: possibly superseded or a draft. Check it against the committee's current guidelines; set publish = yes (and fill title_es) if it is the current version, or move the file to docs/Committee Guidelines/OLD."
archive-misc-2021-assembly-actions-1959-69-en,Archive,Misc,Assembly Actions 1959 69 2021,,2021,2021,English,PDF,222,,,,msca09aa.org,review,full-name,docs/archive/misc/2021/assembly-actions-1959-69-en.pdf,,held for review: possible full names of members (7); published instead as the redacted copy docs/archive/misc/2021/assembly-actions-1959-69-en-redacted.pdf
archive-conference-2021-7st-gsc-policy-and-admissions-background-english-en,Archive,Conference,7th G.S.C. Policy and Admissions Background,,2021,2021,English,PDF,6425,,,,msca09aa.org,review,confidential,docs/archive/conference/2021/7st-gsc-policy-and-admissions-background-english-en.pdf,,held for review: GSC background
archive-conference-2021-7st-gsc-literature-background-english-en,Archive,Conference,7th G.S.C. Literature Background 2021,,2021,2021,English,PDF,12167,,,,msca09aa.org,review,confidential,docs/archive/conference/2021/7st-gsc-literature-background-english-en.pdf,,held for review: GSC background
archive-conference-2021-71st-gsc-conference-report-presentation-and-2021-es,Archive,Conference,71st GSC Conference Report Presentation. and,,2021,2021,Spanish,PDF,1231,,,,msca09aa.org (media library),review,personal-contact,,,"held for review: personal contact details (e-mails 0, phones 1); private copy in MSCA09AA-private"
archive-conference-2021-71st-gsc-treatment-and-accessibilities-background-english-en,Archive,Conference,71st G.S.C. Treatment and Accessibilities Background,,2021,2021,English,PDF,379,,,,msca09aa.org,review,confidential,docs/archive/conference/2021/71st-gsc-treatment-and-accessibilities-background-english-en.pdf,,held for review: GSC background
archive-conference-2021-71st-gsc-treatment-and-accessibilites-spanish-es,Archive,Conference,71st G.S.C. Treatment and Accessibilites,,2021,2021,Spanish,PDF,784,,,,msca09aa.org,review,confidential,docs/archive/conference/2021/71st-gsc-treatment-and-accessibilites-spanish-es.pdf,,held for review: GSC background
archive-conference-2021-71st-gsc-report-and-charter-spanish-es,Archive,Conference,71st G.S.C. Report and Charter 2021,,2021,2021,Spanish,PDF,1754,,,,msca09aa.org,review,confidential,docs/archive/conference/2021/71st-gsc-report-and-charter-spanish-es.pdf,,held for review: GSC background
archive-conference-2021-71st-gsc-report-charter-background-english-en,Archive,Conference,71st G.S.C. Report Charter Background 2021,,2021,2021,English,PDF,1360,,,,msca09aa.org,review,confidential,docs/archive/conference/2021/71st-gsc-report-charter-background-english-en.pdf,,held for review: GSC background
archive-conference-2021-71st-gsc-public-information-bkgrnd-span-1-en,Archive,Conference,71st G.S.C. Public Information Background Span 1,,2021,2021,Spanish,PDF,1947,,,,msca09aa.org,review,confidential,docs/archive/conference/2021/71st-gsc-public-information-bkgrnd-span-1-en.pdf,,held for review: GSC background
archive-conference-2021-71st-gsc-public-information-background-english-2-en,Archive,Conference,71st G.S.C. Public Information Background English 2,,2021,2021,English,PDF,1853,,,,msca09aa.org,review,confidential,docs/archive/conference/2021/71st-gsc-public-information-background-english-2-en.pdf,,held for review: GSC background
archive-conference-2021-71st-gsc-policy-admissions-bkgrnd-span-1-en,Archive,Conference,71st G.S.C. Policy Admissions Background Span 1,,2021,2021,Spanish,PDF,4259,,,,msca09aa.org,review,confidential,docs/archive/conference/2021/71st-gsc-policy-admissions-bkgrnd-span-1-en.pdf,,held for review: GSC background
archive-conference-2021-71st-gsc-icrf-background-english-en,Archive,Conference,71st G.S.C. ICRF Background 2021,,2021,2021,English,PDF,650,,,,msca09aa.org,review,confidential,docs/archive/conference/2021/71st-gsc-icrf-background-english-en.pdf,,held for review: GSC background
archive-conference-2021-71st-gsc-ic-rf-background-spanish-es,Archive,Conference,71st G.S.C. IC RF Background 2021,,2021,2021,Spanish,PDF,1215,,,,msca09aa.org,review,confidential,docs/archive/conference/2021/71st-gsc-ic-rf-background-spanish-es.pdf,,held for review: GSC background
archive-conference-2021-71st-gsc-finance-background-english-en,Archive,Conference,71st G.S.C. Finance Background 2021,,2021,2021,English,PDF,14053,,,,msca09aa.org,review,confidential,docs/archive/conference/2021/71st-gsc-finance-background-english-en.pdf,,held for review: GSC background
archive-conference-2021-71st-gsc-finance-background-spanish-es,Archive,Conference,71st G.S.C. Finance Background 2021,,2021,2021,Spanish,PDF,11846,,,,msca09aa.org,review,confidential,docs/archive/conference/2021/71st-gsc-finance-background-spanish-es.pdf,,held for review: GSC background
archive-conference-2021-71st-gsc-final-report-ap-english-en,Archive,Conference,71st G.S.C. Final Report AP 2021,,2021,2021,English,PDF,7127,,,,msca09aa.org,review,full-name; sobriety-date,docs/archive/conference/2021/71st-gsc-final-report-ap-english-en.pdf,,Held 2026-10-06 by scripts/scan-documents.py (full-name; sobriety-date); counts in MSCA09AA-private/documents-held-for-anonymity-review.csv.
archive-conference-2021-71st-gsc-corrections-background-english-en,Archive,Conference,71st G.S.C. Corrections Background 2021,,2021,2021,English,PDF,1233,,,,msca09aa.org,review,confidential,docs/archive/conference/2021/71st-gsc-corrections-background-english-en.pdf,,held for review: GSC background
archive-conference-2021-71st-gsc-corrections-background-spanish-es,Archive,Conference,71st G.S.C. Corrections Background 2021,,2021,2021,Spanish,PDF,1935,,,,msca09aa.org,review,confidential,docs/archive/conference/2021/71st-gsc-corrections-background-spanish-es.pdf,,held for review: GSC background
archive-conference-2021-71st-gsc-cpc-background-english-en,Archive,Conference,71st G.S.C. C.P.C. Background 2021,,2021,2021,English,PDF,2453,,,,msca09aa.org,review,confidential,docs/archive/conference/2021/71st-gsc-cpc-background-english-en.pdf,,held for review: GSC background
archive-conference-2021-71st-gsc-cpc-background-spanish-es,Archive,Conference,71st G.S.C. C.P.C. Background 2021,,2021,2021,Spanish,PDF,3279,,,,msca09aa.org,review,confidential,docs/archive/conference/2021/71st-gsc-cpc-background-spanish-es.pdf,,held for review: GSC background
archive-conference-2021-71st-gsc-archives-background-english-en,Archive,Conference,71st G.S.C. Archives Background 2021,,2021,2021,English,PDF,348,,,,msca09aa.org,review,confidential,docs/archive/conference/2021/71st-gsc-archives-background-english-en.pdf,,held for review: GSC background
archive-conference-2021-71st-gsc-archives-background-spanish-es,Archive,Conference,71st G.S.C. Archives Background 2021,,2021,2021,Spanish,PDF,335,,,,msca09aa.org,review,confidential,docs/archive/conference/2021/71st-gsc-archives-background-spanish-es.pdf,,held for review: GSC background
archive-conference-2021-71st-gsc-agenda-background-english-en,Archive,Conference,71st G.S.C. Agenda Background 2021,,2021,2021,English,PDF,2091,,,,msca09aa.org,review,confidential,docs/archive/conference/2021/71st-gsc-agenda-background-english-en.pdf,,held for review: GSC background
archive-conference-2021-71st-gsc-agenda-background-spanish-es,Archive,Conference,71st G.S.C. Agenda Background 2021,,2021,2021,Spanish,PDF,4377,,,,msca09aa.org,review,confidential,docs/archive/conference/2021/71st-gsc-agenda-background-spanish-es.pdf,,held for review: GSC background
archive-conference-2021-71st-gsc-aagv-lv-background-en,Archive,Conference,71st G.S.C. AAGV. LV Background 2021,,2021,2021,English,PDF,4490,,,,msca09aa.org,review,confidential,docs/archive/conference/2021/71st-gsc-aagv-lv-background-en.pdf,,held for review: GSC background
archive-conference-2021-71st-gsc-aagv-lv-background-spanish-es,Archive,Conference,71st G.S.C. AAGV LV Background 2021,,2021,2021,Spanish,PDF,5129,,,,msca09aa.org,review,confidential,docs/archive/conference/2021/71st-gsc-aagv-lv-background-spanish-es.pdf,,held for review: GSC background
archive-conference-2021-2021-rotation-announcement-to-conference-pdf-es-es,Archive,Conference,2021 Rotation Announcement to Conference Es,,2021,2021,Spanish,PDF,12,,,,msca09aa.org,review,full-name,docs/archive/conference/2021/2021-rotation-announcement-to-conference-pdf-es-es.pdf,,Held 2026-10-06 by scripts/scan-documents.py (full-name); counts in MSCA09AA-private/documents-held-for-anonymity-review.csv.
archive-conference-2021-2021-rotation-announcement-to-conference-en,Archive,Conference,2021 Rotation Announcement to Conference,,2021,2021,English,PDF,69,,,,msca09aa.org,review,full-name,docs/archive/conference/2021/2021-rotation-announcement-to-conference-en.pdf,,Held 2026-10-06 by scripts/scan-documents.py (full-name); counts in MSCA09AA-private/documents-held-for-anonymity-review.csv.
archive-conference-2021-2021-preconference-forum-en,Archive,Conference,2021 Preconference Forum,,2021,2021,English,PDF,1411,,,,msca09aa.org,review,confidential,docs/archive/conference/2021/2021-preconference-forum-en.pdf,,held for review: marked not for sharing outside the Fellowship
archive-conference-2021-2021-gsc-background-table-of-contents-en,Archive,Conference,2021 G.S.C. Background Table of Contents,,2021,2021,English,PDF,220,,,,msca09aa.org,review,confidential,docs/archive/conference/2021/2021-gsc-background-table-of-contents-en.pdf,,held for review: GSC background
archive-minutes-2021-2021-first-quarter-g-s-b-minutes-committee-reports-en,Archive,Minutes,2021 First Quarter G.S.B. Minutes Committee Reports,,2021,2021,English,PDF,1100,,,,msca09aa.org,no,confidential,docs/archive/minutes/2021/2021-first-quarter-g-s-b-minutes-committee-reports-en.pdf,,held for review: possible full names of members (20); published instead as the redacted copy docs/archive/minutes/2021/2021-first-quarter-g-s-b-minutes-committee-reports-en-redacted.pdf Never publish: General Service Board meeting minutes / board weekend report list trustees and attendees by full name (Conference-confidential background).
archive-minutes-2021-2021-first-quarter-g-s-b-minutes-committee-reports-en-redacted,Archive,Minutes,2021 First Quarter G.S.B. Minutes Committee Reports,,2021,2021,English,PDF,1519,,,,msca09aa.org,no,confidential,docs/archive/minutes/2021/2021-first-quarter-g-s-b-minutes-committee-reports-en-redacted.pdf,,"Anonymity-redacted copy: full names shortened to first name + last initial, personal e-mails and phone numbers removed. Original (held for review): docs/archive/minutes/2021/2021-first-quarter-g-s-b-minutes-committee-reports-en.pdf Never publish: General Service Board meeting minutes / board weekend report list trustees and attendees by full name (Conference-confidential background)."
archive-newsletters-2021-2021-d25-boletin-m06-es,Archive,Newsletters,2021 District 25 Boletin M 06,,2021,2021,Spanish,PDF,2144,,d25,,msca09aa.org,review,personal-contact,docs/archive/newsletters/2021/2021-d25-boletin-m06-es.pdf,,"held for review: personal contact details (e-mails 2, phones 15)"
archive-districts-d25-2021-d25-boletin-m10-2021-es,Archive,Newsletters,2021 D25 Boletin M10,,2021,2021,Spanish,PDF,3497,,d25,,msca09aa.org (media library),review,personal-contact,,,"held for review: personal contact details (e-mails 1, phones 13); private copy in MSCA09AA-private"
archive-districts-d25-2021-d25-boletin-m07-2021-es,Archive,Newsletters,2021 D25 Boletin M07,,2021,2021,Spanish,PDF,4472,,d25,,msca09aa.org (media library),review,personal-contact,,,"held for review: personal contact details (e-mails 1, phones 13); private copy in MSCA09AA-private"
archive-districts-d25-2021-d25-boletin-m05-2021-es,Archive,Newsletters,2021 D25 Boletin M05,,2021,2021,Spanish,PDF,5055,,d25,,msca09aa.org (media library),review,personal-contact,,,"held for review: personal contact details (e-mails 1, phones 13); private copy in MSCA09AA-private"
archive-districts-d25-2021-d25-boletin-m04-2021-es,Archive,Newsletters,2021 D25 Boletin M04,,2021,2021,Spanish,PDF,6908,,d25,,msca09aa.org (media library),review,personal-contact,,,"held for review: personal contact details (e-mails 1, phones 14); private copy in MSCA09AA-private"
archive-conference-2021-2021-compiled-pre-conference-boot-camp-presentations-en,Archive,Conference,2021 Compiled Pre Conference Boot Camp Presentations,,2021,2021,English,PDF,453,,,,msca09aa.org,review,full-name,docs/archive/conference/2021/2021-compiled-pre-conference-boot-camp-presentations-en.pdf,,held for review: possible full names of members (1); published instead as the redacted copy docs/archive/conference/2021/2021-compiled-pre-conference-boot-camp-presentations-en-redacted.pdf
archive-workbooks-2021-2021-area-09-workbook-eng-word-en,Archive,Workbooks,2021 Area Workbook,Cuaderno de trabajo del Área 2021,2021,2021,English,PDF,569,,,,msca09aa.org,review,personal-contact; sobriety-date,docs/archive/workbooks/2021/2021-area-09-workbook-eng-word-en.pdf,,Held 2026-10-06 by scripts/scan-documents.py (personal-contact; sobriety-date); counts in MSCA09AA-private/documents-held-for-anonymity-review.csv.
held-msca09aa-media-1682,Archive,GSO,Welcome letter to a new Conference member (held: personal details),Carta de bienvenida a un nuevo miembro de la Conferencia (retenida: datos personales),2020-12-18,2020,English,PDF,168,,,,msca09aa.org (media library),review,personal-contact,,,held for review: personal letter showing a member's full name and home address; private copy in MSCA09AA-private
archive-conference-2020-proposed-agenda-items-for-the-71st-gsc-as-of-december-18-2020-en,Archive,Conference,"Proposed agenda items for the 71st GSC – as of December 18, 2020",Puntos propuestos para la agenda de la 71.ª CSG – al 18 de diciembre de 2020,2020-12-18,2020,English,PDF,186,,,,msca09aa.org (media library),review,full-name,,,held for review: possible full names of members (1); private copy in MSCA09AA-private; published instead as the redacted copy docs/archive/conference/2020/proposed-agenda-items-for-the-71st-gsc-as-of-december-18-2020-en-redacted.pdf
minutes-2020-dec-2020-asc-minutes-en,Archive,Minutes,ASC Minutes – December 2020,Actas del CSA – diciembre de 2020,2020-12-13,2020,English,PDF,459,ASC,,,msca09aa.org,no,,docs/minutes/2020/dec-2020-asc-minutes-en.pdf,,Duplicate of archive-minutes-2021-20201213-decemberascminutes-final-english-en (same document).
minutes-2020-dec-2020-asc-minutes-es,Archive,Minutes,ASC Minutes – December 2020,Actas del CSA – diciembre de 2020,2020-12-13,2020,Spanish,PDF,551,ASC,,,msca09aa.org,no,,docs/minutes/2020/dec-2020-asc-minutes-es.pdf,,Duplicate of archive-minutes-2021-202012-decasc-minutes-final-spanish-final-es (same document).
archive-districts-d8-2020-dist-8-minutes-december2020-en,Archive,District,District 8 Minutes – December 2020,Actas del Distrito 8 – diciembre de 2020,2020-12,2020,English,PDF,141,,d08,,area09.org (legacy site),review,personal-contact,docs/archive/districts/d8/2020/dist-8-minutes-december2020-en.pdf,,"held for review: personal contact details (e-mails 2, phones 0); published instead as the redacted copy docs/archive/districts/d8/2020/dist-8-minutes-december2020-en-redacted.pdf"
archive-reports-2021-202012-decemberreport-district5-en,Archive,Reports,District 5 Report to the Area – December 2020,Informe del Distrito 5 al Área – diciembre de 2020,2020-12,2020,English,PDF,536,,d05,,msca09aa.org,review,full-name,docs/archive/reports/2021/202012-decemberreport-district5-en.pdf,,Held 2026-10-06 by scripts/scan-documents.py (full-name); counts in MSCA09AA-private/documents-held-for-anonymity-review.csv.
archive-reports-2021-202012-decemberreport-district12-en,Archive,Reports,District 12 Report to the Area – December 2020,Informe del Distrito 12 al Área – diciembre de 2020,2020-12,2020,English,PDF,76,,d12,,msca09aa.org,review,full-name,docs/archive/reports/2021/202012-decemberreport-district12-en.pdf,,held for review: possible full names of members (1); published instead as the redacted copy docs/archive/reports/2021/202012-decemberreport-district12-en-redacted.pdf
archive-reports-2021-202012-decemberdistrictreport-combineddistricts-1and3-docx-googl-en,Archive,Reports,202012 December District Report Combined Districts 1 and 3.docx Google Docs,,2020-12,2020,English,PDF,157,,,,msca09aa.org,review,full-name,docs/archive/reports/2021/202012-decemberdistrictreport-combineddistricts-1and3-docx-googl-en.pdf,,held for review: possible full names of members (1); published instead as the redacted copy docs/archive/reports/2021/202012-decemberdistrictreport-combineddistricts-1and3-docx-googl-en-redacted.pdf
archive-reports-2021-d12-november-area-report-2020-en,Archive,Reports,District 12 Report to the Area – November 2020,Informe del Distrito 12 al Área – noviembre de 2020,2020-11,2020,English,PDF,92,,d12,,msca09aa.org,review,full-name,docs/archive/reports/2021/d12-november-area-report-2020-en.pdf,,held for review: possible full names of members (1); published instead as the redacted copy docs/archive/reports/2021/d12-november-area-report-2020-en-redacted.pdf
archive-reports-2020-10-11-2020-area09-cpccommitteereport-en,Archive,Reports,"October 11, 2020 Area 09 C.P.C. Committee Report",,2020-10-11,2020,English,PDF,487,,,cpc,area09.org (legacy site),review,personal-contact,docs/archive/reports/2020/10-11-2020-area09-cpccommitteereport-en.pdf,,"held for review: personal contact details (e-mails 1, phones 0); published instead as the redacted copy docs/archive/reports/2020/10-11-2020-area09-cpccommitteereport-en-redacted.pdf"
archive-minutes-2021-minutes-aa-cec-area-9-october-11-2020-docx-en,Archive,Minutes,Minutes AA CEC Area 9 October 11 2020 2021,,2020-10-11,2020,English,PDF,60,,,cec,msca09aa.org,review,personal-contact,docs/archive/minutes/2021/minutes-aa-cec-area-9-october-11-2020-docx-en.pdf,,"held for review: personal contact details (e-mails 1, phones 0); published instead as the redacted copy docs/archive/minutes/2021/minutes-aa-cec-area-9-october-11-2020-docx-en-redacted.pdf"
minutes-2020-oct-2020-asc-minutes-en,Archive,Minutes,ASC Minutes – October 2020,Actas del CSA – octubre de 2020,2020-10-11,2020,English,PDF,201,ASC,,,msca09aa.org,no,,docs/minutes/2020/oct-2020-asc-minutes-en.pdf,,Duplicate of archive-minutes-2021-202010-octasc-minutes-english-final-en (same document).
archive-minutes-2021-10-minutes-asc-october-2020-spanish-es,Archive,Minutes,ASC Minutes – October 2020,Actas del CSA – octubre de 2020,2020-10-11,2020,Spanish,PDF,225,ASC,,,msca09aa.org,no,,docs/archive/minutes/2021/10-minutes-asc-october-2020-spanish-es.pdf,,Duplicate of minutes-2020-oct-2020-asc-minutes-es (same document).
archive-reports-2020-202010-district12-october-area-report-docx-en,Archive,Reports,District 12 Report to the Area – October 2020,Informe del Distrito 12 al Área – octubre de 2020,2020-10,2020,English,PDF,39,,d12,,area09.org (legacy site),review,full-name,docs/archive/reports/2020/202010-district12-october-area-report-docx-en.pdf,,held for review: possible full names of members (1); published instead as the redacted copy docs/archive/reports/2020/202010-district12-october-area-report-docx-en-redacted.pdf
minutes-2020-sep-2020-asa-minutes-en,Archive,Minutes,Assembly (ASA) Minutes – September 2020,Actas de la Asamblea (ASA) – septiembre de 2020,2020-09-13,2020,English,PDF,203,ASA,,,msca09aa.org,no,,docs/minutes/2020/sep-2020-asa-minutes-en.pdf,,Duplicate of archive-minutes-2021-202009-septemberasaminutes-english-final-en (same document).
minutes-2020-sep-2020-asa-minutes-es,Archive,Minutes,Assembly (ASA) Minutes – September 2020,Actas de la Asamblea (ASA) – septiembre de 2020,2020-09-13,2020,Spanish,PDF,133,ASA,,,msca09aa.org,review,full-name,docs/minutes/2020/sep-2020-asa-minutes-es.pdf,,held for review: possible full names of members (1); published instead as the redacted copy docs/minutes/2020/sep-2020-asa-minutes-es-redacted.pdf
archive-minutes-2021-202009-sept-asa-notas-spanish-final-2021-es,Archive,Minutes,Assembly (ASA) Minutes – September 2020,Actas de la Asamblea (ASA) – septiembre de 2020,2020-09-13,2020,Spanish,PDF,133,ASA,,,msca09aa.org,review,full-name,docs/archive/minutes/2021/202009-sept-asa-notas-spanish-final-2021-es.pdf,,held for review: possible full names of members (1); published instead as the redacted copy docs/archive/minutes/2021/202009-sept-asa-notas-spanish-final-2021-es-redacted.pdf
minutes-2020-sep-2020-asa-minutes-es-redacted,Archive,Minutes,Assembly (ASA) Minutes – September 2020,Actas de la Asamblea (ASA) – septiembre de 2020,2020-09-13,2020,Spanish,PDF,125,ASA,,,msca09aa.org,no,,docs/minutes/2020/sep-2020-asa-minutes-es-redacted.pdf,,"Anonymity-redacted copy: full names shortened to first name + last initial, personal e-mails and phone numbers removed. Original (held for review): docs/minutes/2020/sep-2020-asa-minutes-es.pdf Re-redacted 2026-10-06: names shortened to first name + initial; personal contact details, addresses and sobriety dates removed (scripts/scan-documents.py). Duplicate of archive-minutes-2021-202009-sept-asa-notas-spanish-final-2021-es-redacted (same document)."
archive-reports-2020-202009-sept-cpc-report-area09-9-13-2020-en,Archive,Reports,"202009 Sept C.P.C. Report Area September 9, 2013.2020",,2020-09,2020,English,PDF,498,,,cpc,area09.org (legacy site),review,personal-contact,docs/archive/reports/2020/202009-sept-cpc-report-area09-9-13-2020-en.pdf,,"held for review: personal contact details (e-mails 1, phones 0); published instead as the redacted copy docs/archive/reports/2020/202009-sept-cpc-report-area09-9-13-2020-en-redacted.pdf"
archive-pages-2020-08-09-august-9-2020-noble-grace,Archive,Reports,"August 9, 2020 — Noble Grace",,2020-08-09,2020,English,Web page,5,,,,msca09aa.org,review,full-name,docs/archive/pages/2020-08-09-august-9-2020-noble-grace.html,,"archived web page (HTML); Drive shows the source, so a PDF copy is preferred; held for review: possible full names of members (1)"
minutes-2020-aug-2020-asc-minutes-en,Archive,Minutes,ASC Minutes – August 2020,Actas del CSA – agosto de 2020,2020-08-09,2020,English,PDF,146,ASC,,,msca09aa.org,review,sobriety-date,docs/minutes/2020/aug-2020-asc-minutes-en.pdf,,Held 2026-10-06 by scripts/scan-documents.py (sobriety-date); counts in MSCA09AA-private/documents-held-for-anonymity-review.csv.
archive-minutes-2021-08-minutes-asc-august-2020-spanish-es,Archive,Minutes,ASC Minutes – August 2020,Actas del CSA – agosto de 2020,2020-08-09,2020,Spanish,PDF,343,ASC,,,msca09aa.org,no,,docs/archive/minutes/2021/08-minutes-asc-august-2020-spanish-es.pdf,,Duplicate of minutes-2020-aug-2020-asc-minutes-es (same document).
archive-minutes-2020-20200809-augustasc-minutes-approved-en,Archive,Minutes,ASC Minutes – August 2020,Actas del CSA – agosto de 2020,2020-08-09,2020,English,PDF,146,ASC,,,area09.org (legacy site),review,sobriety-date,docs/archive/minutes/2020/20200809-augustasc-minutes-approved-en.pdf,,Held 2026-10-06 by scripts/scan-documents.py (sobriety-date); counts in MSCA09AA-private/documents-held-for-anonymity-review.csv.
archive-districts-d12-2020-gsr-meeting-minutes-08-06-2020-en,Archive,District,"District 12 GSR meeting minutes – August 6, 2020",Actas de la reunión de RSG del Distrito 12 – 6 de agosto de 2020,2020-08-06,2020,English,PDF,156,,d12,,area09.org (legacy site),review,full-name,docs/archive/districts/d12/2020/gsr-meeting-minutes-08-06-2020-en.pdf,,held for review: possible full names of members (1); published instead as the redacted copy docs/archive/districts/d12/2020/gsr-meeting-minutes-08-06-2020-en-redacted.pdf
archive-misc-2020-website-on-hold-8-2-2020-en,Archive,Misc,"Website on Hold.August 2, 2020",,2020-08-02,2020,English,PDF,121,,,,area09.org (legacy site),review,full-name,docs/archive/misc/2020/website-on-hold-8-2-2020-en.pdf,,Held 2026-10-06 by scripts/scan-documents.py (full-name); counts in MSCA09AA-private/documents-held-for-anonymity-review.csv.
minutes-2020-june-2020-asc-minutes-en,Archive,Minutes,ASC Minutes – June 2020,Actas del CSA – junio de 2020,2020-06-14,2020,English,PDF,48,ASC,,,msca09aa.org,review,sobriety-date,docs/minutes/2020/june-2020-asc-minutes-en.pdf,,Held 2026-10-06 by scripts/scan-documents.py (sobriety-date); counts in MSCA09AA-private/documents-held-for-anonymity-review.csv.
minutes-2020-june-2020-asc-minutes-es,Archive,Minutes,ASC Minutes – June 2020,Actas del CSA – junio de 2020,2020-06-14,2020,Spanish,PDF,137,ASC,,,msca09aa.org,review,full-name,docs/minutes/2020/june-2020-asc-minutes-es.pdf,,Held 2026-10-06 by scripts/scan-documents.py (full-name); counts in MSCA09AA-private/documents-held-for-anonymity-review.csv.
archive-minutes-2021-06-minutes-asc-june-2020-spanish-es,Archive,Minutes,ASC Minutes – June 2020,Actas del CSA – junio de 2020,2020-06-14,2020,Spanish,PDF,137,ASC,,,msca09aa.org,review,full-name,docs/archive/minutes/2021/06-minutes-asc-june-2020-spanish-es.pdf,,Held 2026-10-06 by scripts/scan-documents.py (full-name); counts in MSCA09AA-private/documents-held-for-anonymity-review.csv.
archive-minutes-2020-20200614-juneasc-minutes-approved-spanish-es,Archive,Minutes,ASC Minutes – June 2020,Actas del CSA – junio de 2020,2020-06-14,2020,Spanish,PDF,49,ASC,,,area09.org (legacy site),review,full-name,docs/archive/minutes/2020/20200614-juneasc-minutes-approved-spanish-es.pdf,,Held 2026-10-06 by scripts/scan-documents.py (full-name); counts in MSCA09AA-private/documents-held-for-anonymity-review.csv.
archive-minutes-2020-20200614-juneasc-minutes-english-approved-en,Archive,Minutes,ASC Minutes – June 2020,Actas del CSA – junio de 2020,2020-06-14,2020,English,PDF,48,ASC,,,area09.org (legacy site),review,sobriety-date,docs/archive/minutes/2020/20200614-juneasc-minutes-english-approved-en.pdf,,Held 2026-10-06 by scripts/scan-documents.py (sobriety-date); counts in MSCA09AA-private/documents-held-for-anonymity-review.csv.
archive-misc-2020-public-reopening-ad-hoc-area-48-2020-05-29-en,Archive,Misc,PUBLIC Reopening Ad Hoc Area 48 2020.05.29,,2020-05-29,2020,English,PDF,111,,,,area09.org (legacy site),review,personal-contact,docs/archive/misc/2020/public-reopening-ad-hoc-area-48-2020-05-29-en.pdf,,"held for review: personal contact details (e-mails 1, phones 0); published instead as the redacted copy docs/archive/misc/2020/public-reopening-ad-hoc-area-48-2020-05-29-en-redacted.pdf"
archive-minutes-2021-05-minutes-asa-may-2020-english-en,Archive,Minutes,Assembly (ASA) Minutes – May 2020,Actas de la Asamblea (ASA) – mayo de 2020,2020-05-17,2020,English,PDF,179,ASA,,,msca09aa.org,no,,docs/archive/minutes/2021/05-minutes-asa-may-2020-english-en.pdf,,Duplicate of minutes-2020-may-2020-asa-minutes-en (same document).
archive-minutes-2021-05-minutes-asa-may-2020-spanish-es,Archive,Minutes,Assembly (ASA) Minutes – May 2020,Actas de la Asamblea (ASA) – mayo de 2020,2020-05-17,2020,Spanish,PDF,192,ASA,,,msca09aa.org,no,,docs/archive/minutes/2021/05-minutes-asa-may-2020-spanish-es.pdf,,Duplicate of minutes-2020-may-2020-asa-minutes-es (same document).
archive-districts-d12-2020-gsr-meeting-minutes-05-07-2020-en,Archive,District,"District 12 GSR meeting minutes – May 7, 2020",Actas de la reunión de RSG del Distrito 12 – 7 de mayo de 2020,2020-05-07,2020,English,PDF,158,,d12,,area09.org (legacy site),review,personal-contact,docs/archive/districts/d12/2020/gsr-meeting-minutes-05-07-2020-en.pdf,,"held for review: personal contact details (e-mails 1, phones 0); published instead as the redacted copy docs/archive/districts/d12/2020/gsr-meeting-minutes-05-07-2020-en-redacted.pdf"
archive-newsletters-2020-apr-sp-es,Archive,Newsletters,Area Newsletter – April 2020,Boletín del Área – abril de 2020,2020-04,2020,Spanish,PDF,373,,,,area09.org (legacy site),review,personal-contact,docs/archive/newsletters/2020/apr-sp-es.pdf,,"held for review: personal contact details (e-mails 0, phones 1); published instead as the redacted copy docs/archive/newsletters/2020/apr-sp-es-redacted.pdf"
archive-newsletters-2020-apr-en-en,Archive,Newsletters,Area Newsletter – April 2020,Boletín del Área – abril de 2020,2020-04,2020,English,PDF,377,,,,area09.org (legacy site),review,personal-contact,docs/archive/newsletters/2020/apr-en-en.pdf,,"held for review: personal contact details (e-mails 0, phones 1); published instead as the redacted copy docs/archive/newsletters/2020/apr-en-en-redacted.pdf"
minutes-2020-mar-2020-asc-minutes-es,Archive,Minutes,ASC Minutes – March 2020,Actas del CSA – marzo de 2020,2020-03-15,2020,Spanish,PDF,91,ASC,,,msca09aa.org,no,,docs/minutes/2020/mar-2020-asc-minutes-es.pdf,,Duplicate of archive-minutes-2021-202003-marasc-minutes-spanish-final-1-es (same document).
archive-districts-d12-2020-gsr-meeting-minutes-03-05-2020-en,Archive,District,"District 12 GSR meeting minutes – March 5, 2020",Actas de la reunión de RSG del Distrito 12 – 5 de marzo de 2020,2020-03-05,2020,English,PDF,140,,d12,,area09.org (legacy site),review,personal-contact,docs/archive/districts/d12/2020/gsr-meeting-minutes-03-05-2020-en.pdf,,"held for review: personal contact details (e-mails 0, phones 1); published instead as the redacted copy docs/archive/districts/d12/2020/gsr-meeting-minutes-03-05-2020-en-redacted.pdf"
archive-newsletters-2020-mar-sp-es,Archive,Newsletters,Area Newsletter – March 2020,Boletín del Área – marzo de 2020,2020-03,2020,Spanish,PDF,383,,,,area09.org (legacy site),review,personal-contact,docs/archive/newsletters/2020/mar-sp-es.pdf,,Held 2026-10-06 by scripts/scan-documents.py (personal-contact); counts in MSCA09AA-private/documents-held-for-anonymity-review.csv.
archive-newsletters-2020-mar-en-en,Archive,Newsletters,Area Newsletter – March 2020,Boletín del Área – marzo de 2020,2020-03,2020,English,PDF,680,,,,area09.org (legacy site),review,sobriety-date,docs/archive/newsletters/2020/mar-en-en.pdf,,Held 2026-10-06 by scripts/scan-documents.py (sobriety-date); counts in MSCA09AA-private/documents-held-for-anonymity-review.csv.
archive-pages-2020-02-18-february-17-2020-pacific-region-trustee-s-report,Archive,Reports,"February 17, 2020 — Pacific Region Trustee’s Report",,2020-02-17,2020,English,Web page,14,,,,msca09aa.org,review,confidential,docs/archive/pages/2020-02-18-february-17-2020-pacific-region-trustee-s-report.html,,"archived web page (HTML); Drive shows the source, so a PDF copy is preferred; held: trustee report / roster: not published (Fellowship-only material)"
archive-pages-2020-02-10-february-9-2020-delegate-s-sharing-session,Archive,Delegate,"February 9, 2020 — Delegate's Sharing Session",,2020-02-09,2020,English,Web page,12,,,delegate,msca09aa.org,review,full-name,docs/archive/pages/2020-02-10-february-9-2020-delegate-s-sharing-session.html,,"archived web page (HTML); Drive shows the source, so a PDF copy is preferred; held for review: possible full names of members (1)"
minutes-2020-feb-2020-asc-minutes-en,Archive,Minutes,ASC Minutes – February 2020,Actas del CSA – febrero de 2020,2020-02-09,2020,English,PDF,106,ASC,,,msca09aa.org,review,full-name,docs/minutes/2020/feb-2020-asc-minutes-en.pdf,,held for review: possible full names of members (1); published instead as the redacted copy docs/minutes/2020/feb-2020-asc-minutes-en-redacted.pdf
minutes-2020-feb-2020-asc-minutes-en-redacted,Archive,Minutes,ASC Minutes – February 2020,Actas del CSA – febrero de 2020,2020-02-09,2020,English,PDF,102,ASC,,,msca09aa.org,no,,docs/minutes/2020/feb-2020-asc-minutes-en-redacted.pdf,,"Anonymity-redacted copy: full names shortened to first name + last initial, personal e-mails and phone numbers removed. Original (held for review): docs/minutes/2020/feb-2020-asc-minutes-en.pdf Duplicate of archive-minutes-2020-20200209-minutes-febasc-approved-english-en-redacted (same document)."
archive-minutes-2020-20200209-minutes-febasc-approved-english-en,Archive,Minutes,ASC Minutes – February 2020,Actas del CSA – febrero de 2020,2020-02-09,2020,English,PDF,106,ASC,,,area09.org (legacy site),review,full-name,docs/archive/minutes/2020/20200209-minutes-febasc-approved-english-en.pdf,,held for review: possible full names of members (1); published instead as the redacted copy docs/archive/minutes/2020/20200209-minutes-febasc-approved-english-en-redacted.pdf
archive-districts-d12-2020-gsr-meeting-minutes-02-06-2020-en,Archive,District,"District 12 GSR meeting minutes – February 6, 2020",Actas de la reunión de RSG del Distrito 12 – 6 de febrero de 2020,2020-02-06,2020,English,PDF,146,,d12,,area09.org (legacy site),review,full-name,docs/archive/districts/d12/2020/gsr-meeting-minutes-02-06-2020-en.pdf,,held for review: possible full names of members (1); published instead as the redacted copy docs/archive/districts/d12/2020/gsr-meeting-minutes-02-06-2020-en-redacted.pdf
archive-newsletters-2020-area-newsletter-february-2020-es,Archive,GSO,La Viña news – January/February 2020,Noticias de La Viña – enero/febrero de 2020,2020-02,2020,Spanish,PDF,10020,,,grapevine-la-vina,msca09aa.org (media library),review,personal-contact,,,"held for review: personal contact details (e-mails 0, phones 1); private copy in MSCA09AA-private; published instead as the redacted copy docs/archive/newsletters/2020/area-newsletter-february-2020-es-redacted.pdf"
archive-districts-d8-2020-feb-2020-minutes-en,Archive,District,District 8 Minutes – February 2020,Actas del Distrito 8 – febrero de 2020,2020-02,2020,English,PDF,51,,d08,,area09.org (legacy site),review,full-name,docs/archive/districts/d8/2020/feb-2020-minutes-en.pdf,,Held 2026-10-06 by scripts/scan-documents.py (full-name); counts in MSCA09AA-private/documents-held-for-anonymity-review.csv.
archive-newsletters-2020-feb-sp-es,Archive,Newsletters,Area Newsletter – February 2020,Boletín del Área – febrero de 2020,2020-02,2020,Spanish,PDF,556,,,,area09.org (legacy site),review,full-name,docs/archive/newsletters/2020/feb-sp-es.pdf,,Held 2026-10-06 by scripts/scan-documents.py (full-name); counts in MSCA09AA-private/documents-held-for-anonymity-review.csv.
archive-newsletters-2020-feb-en-en,Archive,Newsletters,Area Newsletter – February 2020,Boletín del Área – febrero de 2020,2020-02,2020,English,PDF,483,,,,area09.org (legacy site),review,full-name,docs/archive/newsletters/2020/feb-en-en.pdf,,Held 2026-10-06 by scripts/scan-documents.py (full-name); counts in MSCA09AA-private/documents-held-for-anonymity-review.csv.
archive-districts-d12-2020-gsr-meeting-minutes-01-02-2020-en,Archive,District,"District 12 GSR meeting minutes – January 2, 2020",Actas de la reunión de RSG del Distrito 12 – 2 de enero de 2020,2020-01-02,2020,English,PDF,141,,d12,,area09.org (legacy site),review,full-name,docs/archive/districts/d12/2020/gsr-meeting-minutes-01-02-2020-en.pdf,,held for review: possible full names of members (1); published instead as the redacted copy docs/archive/districts/d12/2020/gsr-meeting-minutes-01-02-2020-en-redacted.pdf
archive-districts-d8-2020-jan-2020-minutes-en,Archive,District,District 8 Minutes – January 2020,Actas del Distrito 8 – enero de 2020,2020-01,2020,English,PDF,88,,d08,,area09.org (legacy site),review,full-name,docs/archive/districts/d8/2020/jan-2020-minutes-en.pdf,,Held 2026-10-06 by scripts/scan-documents.py (full-name); counts in MSCA09AA-private/documents-held-for-anonymity-review.csv.
archive-flyers-2020-newyears2020-alcathon-en,Archive,Flyers,New Years 2020 Alcathon (1),,2020,2020,English,PDF,185,,,,area09.org (legacy site),review,personal-contact,docs/archive/flyers/2020/newyears2020-alcathon-en.pdf,,"held for review: personal contact details (e-mails 0, phones 2)"
archive-flyers-2020-flyer-mysterious-concepts-final-pdf-en,Archive,Flyers,Flyer Mysterious Concepts Final PDF 2020,,2020,2020,English,PDF,400,,,,area09.org (legacy site),review,personal-contact,docs/archive/flyers/2020/flyer-mysterious-concepts-final-pdf-en.pdf,,"held for review: personal contact details (e-mails 1, phones 0); published instead as the redacted copy docs/archive/flyers/2020/flyer-mysterious-concepts-final-pdf-en-redacted.pdf"
archive-districts-d5-2020-newsletter-2020-1st-qtr-issue-16-en,Archive,District,District 5 Newsletter – 2020,Boletín del Distrito 5 – 2020,2020,2020,English,PDF,3292,,d05,,area09.org (legacy site),review,personal-contact,docs/archive/districts/d5/2020/newsletter-2020-1st-qtr-issue-16-en.pdf,,"held for review: personal contact details (e-mails 5, phones 2); published instead as the redacted copy docs/archive/districts/d5/2020/newsletter-2020-1st-qtr-issue-16-en-redacted.pdf"
archive-districts-d5-2020-newsletter-2020-2nd-qtr-issue-17-en,Archive,District,District 5 Newsletter – 2020,Boletín del Distrito 5 – 2020,2020,2020,English,PDF,2810,,d05,,area09.org (legacy site),review,personal-contact,docs/archive/districts/d5/2020/newsletter-2020-2nd-qtr-issue-17-en.pdf,,"held for review: personal contact details (e-mails 5, phones 0); published instead as the redacted copy docs/archive/districts/d5/2020/newsletter-2020-2nd-qtr-issue-17-en-redacted.pdf"
archive-districts-d5-2020-newsletter-2020-3rd-qtr-issue-18-en,Archive,District,District 5 Newsletter – 2020,Boletín del Distrito 5 – 2020,2020,2020,English,PDF,2433,,d05,,area09.org (legacy site),review,personal-contact,docs/archive/districts/d5/2020/newsletter-2020-3rd-qtr-issue-18-en.pdf,,"held for review: personal contact details (e-mails 5, phones 0); published instead as the redacted copy docs/archive/districts/d5/2020/newsletter-2020-3rd-qtr-issue-18-en-redacted.pdf"
archive-districts-d5-2020-newsletter-2020-4th-qtr-issue-19-en,Archive,District,District 5 Newsletter – 2020,Boletín del Distrito 5 – 2020,2020,2020,English,PDF,2569,,d05,,area09.org (legacy site),review,personal-contact,docs/archive/districts/d5/2020/newsletter-2020-4th-qtr-issue-19-en.pdf,,"held for review: personal contact details (e-mails 5, phones 0); published instead as the redacted copy docs/archive/districts/d5/2020/newsletter-2020-4th-qtr-issue-19-en-redacted.pdf"
archive-workbooks-2020-2020-area-09-workbook-eng-en,Archive,Workbooks,2020 Area Workbook,Cuaderno de trabajo del Área 2020,2020,2020,English,PDF,638,,,,area09.org (legacy site),review,personal-contact; sobriety-date,docs/archive/workbooks/2020/2020-area-09-workbook-eng-en.pdf,,Held 2026-10-06 by scripts/scan-documents.py (personal-contact; sobriety-date); counts in MSCA09AA-private/documents-held-for-anonymity-review.csv.
minutes-2019-dec-2019-asc-minutes-en,Archive,Minutes,ASC Minutes – December 2019,Actas del CSA – diciembre de 2019,2019-12-08,2019,English,PDF,192,ASC,,,msca09aa.org,review,full-name,docs/minutes/2019/dec-2019-asc-minutes-en.pdf,,Held 2026-10-06 by scripts/scan-documents.py (full-name); counts in MSCA09AA-private/documents-held-for-anonymity-review.csv.
minutes-2019-dec-2019-asc-minutes-es,Archive,Minutes,ASC Minutes – December 2019,Actas del CSA – diciembre de 2019,2019-12-08,2019,Spanish,PDF,197,ASC,,,msca09aa.org,no,,docs/minutes/2019/dec-2019-asc-minutes-es.pdf,,Duplicate of archive-minutes-2021-12-minutes-asc-december-2019-final-spanish-2019-12-es (same document).
archive-minutes-2019-minutes-asc-2019-12-08-final-english-rev-en,Archive,Minutes,ASC Minutes – December 2019,Actas del CSA – diciembre de 2019,2019-12-08,2019,English,PDF,192,ASC,,,area09.org (legacy site),review,full-name,docs/archive/minutes/2019/minutes-asc-2019-12-08-final-english-rev-en.pdf,,Held 2026-10-06 by scripts/scan-documents.py (full-name); counts in MSCA09AA-private/documents-held-for-anonymity-review.csv.
archive-districts-d8-2019-dec-2019-minutes-en,Archive,District,District 8 Minutes – December 2019,Actas del Distrito 8 – diciembre de 2019,2019-12,2019,English,PDF,154,,d08,,area09.org (legacy site),review,personal-contact,docs/archive/districts/d8/2019/dec-2019-minutes-en.pdf,,"held for review: personal contact details (e-mails 0, phones 1); published instead as the redacted copy docs/archive/districts/d8/2019/dec-2019-minutes-en-redacted.pdf"
minutes-2019-nov-2019-asc-minutes-en,Archive,Minutes,ASC Minutes – November 2019,Actas del CSA – noviembre de 2019,2019-11-10,2019,English,PDF,256,ASC,,,msca09aa.org,review,full-name,docs/minutes/2019/nov-2019-asc-minutes-en.pdf,,held for review: possible full names of members (1); published instead as the redacted copy docs/minutes/2019/nov-2019-asc-minutes-en-redacted.pdf
minutes-2019-nov-2019-asc-minutes-es,Archive,Minutes,ASC Minutes – November 2019,Actas del CSA – noviembre de 2019,2019-11-10,2019,Spanish,PDF,244,ASC,,,msca09aa.org,no,,docs/minutes/2019/nov-2019-asc-minutes-es.pdf,,Duplicate of archive-minutes-2021-11-minutes-asc-november-2019-final-spanish-es (same document).
archive-minutes-2019-minutes-asc-november-2019-final-english-en,Archive,Minutes,ASC Minutes – November 2019,Actas del CSA – noviembre de 2019,2019-11-10,2019,English,PDF,256,ASC,,,area09.org (legacy site),review,full-name,docs/archive/minutes/2019/minutes-asc-november-2019-final-english-en.pdf,,held for review: possible full names of members (1); published instead as the redacted copy docs/archive/minutes/2019/minutes-asc-november-2019-final-english-en-redacted.pdf
minutes-2019-nov-2019-asc-minutes-en-redacted,Archive,Minutes,ASC Minutes – November 2019,Actas del CSA – noviembre de 2019,2019-11-10,2019,English,PDF,256,ASC,,,msca09aa.org,no,,docs/minutes/2019/nov-2019-asc-minutes-en-redacted.pdf,,"Anonymity-redacted copy: full names shortened to first name + last initial, personal e-mails and phone numbers removed. Original (held for review): docs/minutes/2019/nov-2019-asc-minutes-en.pdf Duplicate of archive-minutes-2019-minutes-asc-november-2019-final-english-en-redacted (same document)."
archive-reports-2019-2019-trusteereport-en,Archive,Reports,2019 Nov Pacific Region Trustee Report,,2019-11,2019,English,PDF,460,,,,area09.org (legacy site),review,confidential,docs/archive/reports/2019/2019-trusteereport-en.pdf,,held for review: marked not for sharing outside the Fellowship
minutes-2019-oct-2019-asa-minutes-en,Archive,Minutes,Assembly (ASA) Minutes – October 2019,Actas de la Asamblea (ASA) – octubre de 2019,2019-10-13,2019,English,PDF,91,ASA,,,msca09aa.org,review,full-name,docs/minutes/2019/oct-2019-asa-minutes-en.pdf,,held for review: possible full names of members (2); published instead as the redacted copy docs/minutes/2019/oct-2019-asa-minutes-en-redacted.pdf
minutes-2019-oct-2019-asa-minutes-es,Archive,Minutes,Assembly (ASA) Minutes – October 2019,Actas de la Asamblea (ASA) – octubre de 2019,2019-10-13,2019,Spanish,PDF,109,ASA,,,msca09aa.org,review,full-name,docs/minutes/2019/oct-2019-asa-minutes-es.pdf,,held for review: possible full names of members (3); published instead as the redacted copy docs/minutes/2019/oct-2019-asa-minutes-es-redacted.pdf
archive-minutes-2019-minutes-asa-october-election-2019-final-english-en,Archive,Minutes,Assembly (ASA) Minutes – October 2019,Actas de la Asamblea (ASA) – octubre de 2019,2019-10-13,2019,English,PDF,91,ASA,,,area09.org (legacy site),review,full-name,docs/archive/minutes/2019/minutes-asa-october-election-2019-final-english-en.pdf,,held for review: possible full names of members (2); published instead as the redacted copy docs/archive/minutes/2019/minutes-asa-october-election-2019-final-english-en-redacted.pdf
archive-minutes-2019-minutes-asa-october-election-2019-final-spanish-es,Archive,Minutes,Assembly (ASA) Minutes – October 2019,Actas de la Asamblea (ASA) – octubre de 2019,2019-10-13,2019,Spanish,PDF,109,ASA,,,area09.org (legacy site),review,full-name,docs/archive/minutes/2019/minutes-asa-october-election-2019-final-spanish-es.pdf,,held for review: possible full names of members (3); published instead as the redacted copy docs/archive/minutes/2019/minutes-asa-october-election-2019-final-spanish-es-redacted.pdf
archive-minutes-2021-10-minutes-asa-october-election-2019-final-spanish-es,Archive,Minutes,Assembly (ASA) Minutes – October 2019,Actas de la Asamblea (ASA) – octubre de 2019,2019-10-13,2019,Spanish,PDF,109,ASA,,,msca09aa.org,review,full-name,docs/archive/minutes/2021/10-minutes-asa-october-election-2019-final-spanish-es.pdf,,held for review: possible full names of members (3); published instead as the redacted copy docs/archive/minutes/2021/10-minutes-asa-october-election-2019-final-spanish-es-redacted.pdf
minutes-2019-oct-2019-asa-minutes-en-redacted,Archive,Minutes,Assembly (ASA) Minutes – October 2019,Actas de la Asamblea (ASA) – octubre de 2019,2019-10-13,2019,English,PDF,93,ASA,,,msca09aa.org,no,,docs/minutes/2019/oct-2019-asa-minutes-en-redacted.pdf,,"Anonymity-redacted copy: full names shortened to first name + last initial, personal e-mails and phone numbers removed. Original (held for review): docs/minutes/2019/oct-2019-asa-minutes-en.pdf Re-redacted 2026-10-06: names shortened to first name + initial; personal contact details, addresses and sobriety dates removed (scripts/scan-documents.py). Duplicate of archive-minutes-2019-minutes-asa-october-election-2019-final-english-en-redacted (same document)."
minutes-2019-oct-2019-asa-minutes-es-redacted,Archive,Minutes,Assembly (ASA) Minutes – October 2019,Actas de la Asamblea (ASA) – octubre de 2019,2019-10-13,2019,Spanish,PDF,111,ASA,,,msca09aa.org,no,,docs/minutes/2019/oct-2019-asa-minutes-es-redacted.pdf,,"Anonymity-redacted copy: full names shortened to first name + last initial, personal e-mails and phone numbers removed. Original (held for review): docs/minutes/2019/oct-2019-asa-minutes-es.pdf Re-redacted 2026-10-06: names shortened to first name + initial; personal contact details, addresses and sobriety dates removed (scripts/scan-documents.py). Duplicate of archive-minutes-2021-10-minutes-asa-october-election-2019-final-spanish-es-redacted (same document)."
archive-minutes-2019-minutes-asa-october-election-2019-final-spanish-es-redacted,Archive,Minutes,Assembly (ASA) Minutes – October 2019,Actas de la Asamblea (ASA) – octubre de 2019,2019-10-13,2019,Spanish,PDF,111,ASA,,,area09.org (legacy site),no,,docs/archive/minutes/2019/minutes-asa-october-election-2019-final-spanish-es-redacted.pdf,,"Anonymity-redacted copy: full names shortened to first name + last initial, personal e-mails and phone numbers removed. Original (held for review): docs/archive/minutes/2019/minutes-asa-october-election-2019-final-spanish-es.pdf Re-redacted 2026-10-06: names shortened to first name + initial; personal contact details, addresses and sobriety dates removed (scripts/scan-documents.py). Duplicate of archive-minutes-2021-10-minutes-asa-october-election-2019-final-spanish-es-redacted (same document)."
archive-minutes-2019-oct-nov-2019-en,Archive,Minutes,Oct Nov 2019,,2019-10,2019,English,PDF,466,,,,area09.org (legacy site),review,full-name,docs/archive/minutes/2019/oct-nov-2019-en.pdf,,Held 2026-10-06 by scripts/scan-documents.py (full-name); counts in MSCA09AA-private/documents-held-for-anonymity-review.csv.
archive-districts-d8-2019-oct-2019-minutes-of-district-8-en,Archive,District,District 8 Minutes – October 2019,Actas del Distrito 8 – octubre de 2019,2019-10,2019,English,PDF,144,,d08,,area09.org (legacy site),review,full-name,docs/archive/districts/d8/2019/oct-2019-minutes-of-district-8-en.pdf,,Held 2026-10-06 by scripts/scan-documents.py (full-name); counts in MSCA09AA-private/documents-held-for-anonymity-review.csv.
minutes-2019-sep-2019-asa-minutes-en,Archive,Minutes,Assembly (ASA) Minutes – September 2019,Actas de la Asamblea (ASA) – septiembre de 2019,2019-09-08,2019,English,PDF,288,ASA,,,msca09aa.org,review,full-name,docs/minutes/2019/sep-2019-asa-minutes-en.pdf,,held for review: possible full names of members (1); published instead as the redacted copy docs/minutes/2019/sep-2019-asa-minutes-en-redacted.pdf
minutes-2019-sep-2019-asa-minutes-es,Archive,Minutes,Assembly (ASA) Minutes – September 2019,Actas de la Asamblea (ASA) – septiembre de 2019,2019-09-08,2019,Spanish,PDF,246,ASA,,,msca09aa.org,review,full-name,docs/minutes/2019/sep-2019-asa-minutes-es.pdf,,held for review: possible full names of members (1); published instead as the redacted copy docs/minutes/2019/sep-2019-asa-minutes-es-redacted.pdf
archive-minutes-2021-09-minutes-asa-september-2019-final-english-en,Archive,Minutes,Assembly (ASA) Minutes – September 2019,Actas de la Asamblea (ASA) – septiembre de 2019,2019-09-08,2019,English,PDF,288,ASA,,,msca09aa.org,review,full-name,docs/archive/minutes/2021/09-minutes-asa-september-2019-final-english-en.pdf,,held for review: possible full names of members (1); published instead as the redacted copy docs/archive/minutes/2021/09-minutes-asa-september-2019-final-english-en-redacted.pdf
archive-minutes-2021-09-minutes-asa-september-2019-final-spanish-es,Archive,Minutes,Assembly (ASA) Minutes – September 2019,Actas de la Asamblea (ASA) – septiembre de 2019,2019-09-08,2019,Spanish,PDF,246,ASA,,,msca09aa.org,review,full-name,docs/archive/minutes/2021/09-minutes-asa-september-2019-final-spanish-es.pdf,,held for review: possible full names of members (1); published instead as the redacted copy docs/archive/minutes/2021/09-minutes-asa-september-2019-final-spanish-es-redacted.pdf
minutes-2019-sep-2019-asa-minutes-en-redacted,Archive,Minutes,Assembly (ASA) Minutes – September 2019,Actas de la Asamblea (ASA) – septiembre de 2019,2019-09-08,2019,English,PDF,303,ASA,,,msca09aa.org,no,,docs/minutes/2019/sep-2019-asa-minutes-en-redacted.pdf,,"Anonymity-redacted copy: full names shortened to first name + last initial, personal e-mails and phone numbers removed. Original (held for review): docs/minutes/2019/sep-2019-asa-minutes-en.pdf Duplicate of archive-minutes-2021-09-minutes-asa-september-2019-final-english-en-redacted (same document)."
minutes-2019-sep-2019-asa-minutes-es-redacted,Archive,Minutes,Assembly (ASA) Minutes – September 2019,Actas de la Asamblea (ASA) – septiembre de 2019,2019-09-08,2019,Spanish,PDF,262,ASA,,,msca09aa.org,no,,docs/minutes/2019/sep-2019-asa-minutes-es-redacted.pdf,,"Anonymity-redacted copy: full names shortened to first name + last initial, personal e-mails and phone numbers removed. Original (held for review): docs/minutes/2019/sep-2019-asa-minutes-es.pdf Duplicate of archive-minutes-2021-09-minutes-asa-september-2019-final-spanish-es-redacted (same document)."
minutes-2019-aug-2019-asc-minutes-en,Archive,Minutes,ASC Minutes – August 2019,Actas del CSA – agosto de 2019,2019-08-11,2019,English,PDF,257,ASC,,,msca09aa.org,no,,docs/minutes/2019/aug-2019-asc-minutes-en.pdf,,Duplicate of archive-minutes-2019-minutes-asc-august-2019-final-english-en (same document).
minutes-2019-aug-2019-asc-minutes-es,Archive,Minutes,ASC Minutes – August 2019,Actas del CSA – agosto de 2019,2019-08-11,2019,Spanish,PDF,238,ASC,,,msca09aa.org,no,,docs/minutes/2019/aug-2019-asc-minutes-es.pdf,,Duplicate of archive-minutes-2021-08-minutes-asc-august-2019-final-spanish-es (same document).
archive-minutes-2019-minutes-asc-august-2019-final-spanish-es,Archive,Minutes,ASC Minutes – August 2019,Actas del CSA – agosto de 2019,2019-08-11,2019,Spanish,PDF,238,ASC,,,area09.org (legacy site),no,,docs/archive/minutes/2019/minutes-asc-august-2019-final-spanish-es.pdf,,Duplicate of archive-minutes-2021-08-minutes-asc-august-2019-final-spanish-es (same document).
archive-minutes-2019-july-2019-en,Archive,Minutes,Minutes – July 2019,Actas – julio de 2019,2019-07,2019,English,PDF,436,,,,area09.org (legacy site),review,full-name,docs/archive/minutes/2019/july-2019-en.pdf,,Held 2026-10-06 by scripts/scan-documents.py (full-name); counts in MSCA09AA-private/documents-held-for-anonymity-review.csv.
archive-districts-d8-2019-july-2019-minutes-en,Archive,District,District 8 Minutes – July 2019,Actas del Distrito 8 – julio de 2019,2019-07,2019,English,PDF,89,,d08,,area09.org (legacy site),review,full-name; sobriety-date,docs/archive/districts/d8/2019/july-2019-minutes-en.pdf,,Held 2026-10-06 by scripts/scan-documents.py (full-name; sobriety-date); counts in MSCA09AA-private/documents-held-for-anonymity-review.csv.
archive-districts-d8-2019-district-8-minutes-july-2019-en,Archive,District,District 8 Minutes – July 2019,Actas del Distrito 8 – julio de 2019,2019-07,2019,English,PDF,354,,d08,,msca09aa.org (media library),review,personal-contact,docs/archive/districts/d8/2019/district-8-minutes-july-2019-en.pdf,,Held 2026-10-06 by scripts/scan-documents.py (personal-contact); counts in MSCA09AA-private/documents-held-for-anonymity-review.csv. File moved to MSCA09AA-private/removed-from-docs-2026-10-06 (could not be cleaned automatically).
minutes-2019-jun-2019-asc-minutes-en,Archive,Minutes,ASC Minutes – June 2019,Actas del CSA – junio de 2019,2019-06-09,2019,English,PDF,179,ASC,,,msca09aa.org,no,,docs/minutes/2019/jun-2019-asc-minutes-en.pdf,,Duplicate of archive-minutes-2019-minutes-asc-june-2019-final-english-en (same document).
minutes-2019-jun-2019-asc-minutes-es,Archive,Minutes,ASC Minutes – June 2019,Actas del CSA – junio de 2019,2019-06-09,2019,Spanish,PDF,188,ASC,,,msca09aa.org,no,,docs/minutes/2019/jun-2019-asc-minutes-es.pdf,,Duplicate of archive-minutes-2021-06-minutes-asc-june-2019-final-spanish-es (same document).
archive-minutes-2019-minutes-asc-june-2019-final-spanish-es,Archive,Minutes,ASC Minutes – June 2019,Actas del CSA – junio de 2019,2019-06-09,2019,Spanish,PDF,247,ASC,,,area09.org (legacy site),no,,docs/archive/minutes/2019/minutes-asc-june-2019-final-spanish-es.pdf,,Duplicate of archive-minutes-2021-06-minutes-asc-june-2019-final-spanish-es (same document).
archive-newsletters-2019-news-19-may-sp-es,Archive,Newsletters,Area Newsletter – May 2019,Boletín del Área – mayo de 2019,2019-05,2019,Spanish,PDF,484,,,,area09.org (legacy site),review,full-name,docs/archive/newsletters/2019/news-19-may-sp-es.pdf,,held for review: possible full names of members (1); published instead as the redacted copy docs/archive/newsletters/2019/news-19-may-sp-es-redacted.pdf
archive-newsletters-2019-news-19-may-en-en,Archive,Newsletters,Area Newsletter – May 2019,Boletín del Área – mayo de 2019,2019-05,2019,English,PDF,571,,,,area09.org (legacy site),review,full-name,docs/archive/newsletters/2019/news-19-may-en-en.pdf,,held for review: possible full names of members (1); published instead as the redacted copy docs/archive/newsletters/2019/news-19-may-en-en-redacted.pdf
minutes-2019-apr-2019-asa-minutes-en,Archive,Minutes,Assembly (ASA) Minutes – April 2019,Actas de la Asamblea (ASA) – abril de 2019,2019-04-14,2019,English,PDF,232,ASA,,,msca09aa.org,review,personal-contact,docs/minutes/2019/apr-2019-asa-minutes-en.pdf,,"held for review: personal contact details (e-mails 0, phones 2); published instead as the redacted copy docs/minutes/2019/apr-2019-asa-minutes-en-redacted.pdf"
minutes-2019-apr-2019-asa-minutes-es,Archive,Minutes,Assembly (ASA) Minutes – April 2019,Actas de la Asamblea (ASA) – abril de 2019,2019-04-14,2019,Spanish,PDF,221,ASA,,,msca09aa.org,review,personal-contact,docs/minutes/2019/apr-2019-asa-minutes-es.pdf,,"held for review: personal contact details (e-mails 0, phones 2); published instead as the redacted copy docs/minutes/2019/apr-2019-asa-minutes-es-redacted.pdf"
archive-minutes-2021-04-minutes-asa-april-2019-final-spanish-es,Archive,Minutes,Assembly (ASA) Minutes – April 2019,Actas de la Asamblea (ASA) – abril de 2019,2019-04-14,2019,Spanish,PDF,221,ASA,,,msca09aa.org,review,personal-contact,docs/archive/minutes/2021/04-minutes-asa-april-2019-final-spanish-es.pdf,,"held for review: personal contact details (e-mails 0, phones 2); published instead as the redacted copy docs/archive/minutes/2021/04-minutes-asa-april-2019-final-spanish-es-redacted.pdf"
minutes-2019-apr-2019-asa-minutes-es-redacted,Archive,Minutes,Assembly (ASA) Minutes – April 2019,Actas de la Asamblea (ASA) – abril de 2019,2019-04-14,2019,Spanish,PDF,240,ASA,,,msca09aa.org,no,,docs/minutes/2019/apr-2019-asa-minutes-es-redacted.pdf,,"Anonymity-redacted copy: full names shortened to first name + last initial, personal e-mails and phone numbers removed. Original (held for review): docs/minutes/2019/apr-2019-asa-minutes-es.pdf Duplicate of archive-minutes-2021-04-minutes-asa-april-2019-final-spanish-es-redacted (same document)."
archive-districts-d8-2019-april-2019-of-district-8-msca-09-en,Archive,District,April 2019 of District 8 MSCA 09,,2019-04,2019,English,PDF,75,,d08,,area09.org (legacy site),review,full-name,docs/archive/districts/d8/2019/april-2019-of-district-8-msca-09-en.pdf,,held for review: possible full names of members (1); published instead as the redacted copy docs/archive/districts/d8/2019/april-2019-of-district-8-msca-09-en-redacted.pdf
minutes-2019-mar-2019-asc-minutes-en,Archive,Minutes,ASC Minutes – March 2019,Actas del CSA – marzo de 2019,2019-03-10,2019,English,PDF,170,ASC,,,msca09aa.org,review,personal-contact,docs/minutes/2019/mar-2019-asc-minutes-en.pdf,,Held 2026-10-06 by scripts/scan-documents.py (personal-contact); counts in MSCA09AA-private/documents-held-for-anonymity-review.csv.
minutes-2019-mar-2019-asc-minutes-es,Archive,Minutes,ASC Minutes – March 2019,Actas del CSA – marzo de 2019,2019-03-10,2019,Spanish,PDF,208,ASC,,,msca09aa.org,no,,docs/minutes/2019/mar-2019-asc-minutes-es.pdf,,Duplicate of archive-minutes-2021-03-minutes-asc-march-2019-final-spanish-es (same document).
archive-minutes-2019-minutes-asc-march-2019-final-english-en,Archive,Minutes,ASC Minutes – March 2019,Actas del CSA – marzo de 2019,2019-03-10,2019,English,PDF,170,ASC,,,area09.org (legacy site),review,personal-contact,docs/archive/minutes/2019/minutes-asc-march-2019-final-english-en.pdf,,Held 2026-10-06 by scripts/scan-documents.py (personal-contact); counts in MSCA09AA-private/documents-held-for-anonymity-review.csv.
archive-minutes-2019-minutes-asc-march-2019-final-spanish-es,Archive,Minutes,ASC Minutes – March 2019,Actas del CSA – marzo de 2019,2019-03-10,2019,Spanish,PDF,208,ASC,,,area09.org (legacy site),no,,docs/archive/minutes/2019/minutes-asc-march-2019-final-spanish-es.pdf,,Duplicate of archive-minutes-2021-03-minutes-asc-march-2019-final-spanish-es (same document).
minutes-2019-feb-2019-asc-minutes-en,Archive,Minutes,ASC Minutes – February 2019,Actas del CSA – febrero de 2019,2019-02-10,2019,English,PDF,271,ASC,,,msca09aa.org,review,full-name,docs/minutes/2019/feb-2019-asc-minutes-en.pdf,,held for review: possible full names of members (1); published instead as the redacted copy docs/minutes/2019/feb-2019-asc-minutes-en-redacted.pdf
minutes-2019-feb-2019-asc-minutes-es,Archive,Minutes,ASC Minutes – February 2019,Actas del CSA – febrero de 2019,2019-02-10,2019,Spanish,PDF,235,ASC,,,msca09aa.org,review,personal-contact,docs/minutes/2019/feb-2019-asc-minutes-es.pdf,,Held 2026-10-06 by scripts/scan-documents.py (personal-contact); counts in MSCA09AA-private/documents-held-for-anonymity-review.csv.
archive-minutes-2019-minutes-asc-february-2019-final-english-en,Archive,Minutes,ASC Minutes – February 2019,Actas del CSA – febrero de 2019,2019-02-10,2019,English,PDF,271,ASC,,,area09.org (legacy site),review,full-name,docs/archive/minutes/2019/minutes-asc-february-2019-final-english-en.pdf,,held for review: possible full names of members (1); published instead as the redacted copy docs/archive/minutes/2019/minutes-asc-february-2019-final-english-en-redacted.pdf
archive-minutes-2019-minutes-asc-february-2019-final-spanish-es,Archive,Minutes,ASC Minutes – February 2019,Actas del CSA – febrero de 2019,2019-02-10,2019,Spanish,PDF,235,ASC,,,area09.org (legacy site),review,personal-contact,docs/archive/minutes/2019/minutes-asc-february-2019-final-spanish-es.pdf,,Held 2026-10-06 by scripts/scan-documents.py (personal-contact); counts in MSCA09AA-private/documents-held-for-anonymity-review.csv.
archive-minutes-2021-02-minutes-asc-february-2019-final-spanish-es,Archive,Minutes,ASC Minutes – February 2019,Actas del CSA – febrero de 2019,2019-02-10,2019,Spanish,PDF,235,ASC,,,msca09aa.org,review,personal-contact,docs/archive/minutes/2021/02-minutes-asc-february-2019-final-spanish-es.pdf,,Held 2026-10-06 by scripts/scan-documents.py (personal-contact); counts in MSCA09AA-private/documents-held-for-anonymity-review.csv.
minutes-2019-feb-2019-asc-minutes-en-redacted,Archive,Minutes,ASC Minutes – February 2019,Actas del CSA – febrero de 2019,2019-02-10,2019,English,PDF,260,ASC,,,msca09aa.org,no,,docs/minutes/2019/feb-2019-asc-minutes-en-redacted.pdf,,"Anonymity-redacted copy: full names shortened to first name + last initial, personal e-mails and phone numbers removed. Original (held for review): docs/minutes/2019/feb-2019-asc-minutes-en.pdf Duplicate of archive-minutes-2019-minutes-asc-february-2019-final-english-en-redacted (same document)."
archive-districts-d8-2019-feb-2019-minutes-en,Archive,District,District 8 Minutes – February 2019,Actas del Distrito 8 – febrero de 2019,2019-02,2019,English,PDF,75,,d08,,area09.org (legacy site),review,full-name,docs/archive/districts/d8/2019/feb-2019-minutes-en.pdf,,Held 2026-10-06 by scripts/scan-documents.py (full-name); counts in MSCA09AA-private/documents-held-for-anonymity-review.csv.
minutes-2019-jan-2019-asa-minutes-en,Archive,Minutes,Assembly (ASA) Minutes – January 2019,Actas de la Asamblea (ASA) – enero de 2019,2019-01-13,2019,English,PDF,324,ASA,,,msca09aa.org,review,personal-contact,docs/minutes/2019/jan-2019-asa-minutes-en.pdf,,"held for review: personal contact details (e-mails 0, phones 1); published instead as the redacted copy docs/minutes/2019/jan-2019-asa-minutes-en-redacted.pdf"
minutes-2019-jan-2019-asa-minutes-es,Archive,Minutes,Assembly (ASA) Minutes – January 2019,Actas de la Asamblea (ASA) – enero de 2019,2019-01-13,2019,Spanish,PDF,324,ASA,,,msca09aa.org,review,full-name,docs/minutes/2019/jan-2019-asa-minutes-es.pdf,,held for review: possible full names of members (2); published instead as the redacted copy docs/minutes/2019/jan-2019-asa-minutes-es-redacted.pdf
archive-minutes-2019-minutes-asa-january-2019-final-english-en,Archive,Minutes,Assembly (ASA) Minutes – January 2019,Actas de la Asamblea (ASA) – enero de 2019,2019-01-13,2019,English,PDF,324,ASA,,,area09.org (legacy site),review,personal-contact,docs/archive/minutes/2019/minutes-asa-january-2019-final-english-en.pdf,,"held for review: personal contact details (e-mails 0, phones 1); published instead as the redacted copy docs/archive/minutes/2019/minutes-asa-january-2019-final-english-en-redacted.pdf"
archive-minutes-2019-minutes-asa-january-2019-final-spanish-es,Archive,Minutes,Assembly (ASA) Minutes – January 2019,Actas de la Asamblea (ASA) – enero de 2019,2019-01-13,2019,Spanish,PDF,324,ASA,,,area09.org (legacy site),review,full-name,docs/archive/minutes/2019/minutes-asa-january-2019-final-spanish-es.pdf,,held for review: possible full names of members (2); published instead as the redacted copy docs/archive/minutes/2019/minutes-asa-january-2019-final-spanish-es-redacted.pdf
archive-minutes-2021-01-minutes-asa-january-2019-final-spanish-es,Archive,Minutes,Assembly (ASA) Minutes – January 2019,Actas de la Asamblea (ASA) – enero de 2019,2019-01-13,2019,Spanish,PDF,324,ASA,,,msca09aa.org,review,full-name,docs/archive/minutes/2021/01-minutes-asa-january-2019-final-spanish-es.pdf,,held for review: possible full names of members (2); published instead as the redacted copy docs/archive/minutes/2021/01-minutes-asa-january-2019-final-spanish-es-redacted.pdf
minutes-2019-jan-2019-asa-minutes-en-redacted,Archive,Minutes,Assembly (ASA) Minutes – January 2019,Actas de la Asamblea (ASA) – enero de 2019,2019-01-13,2019,English,PDF,339,ASA,,,msca09aa.org,no,,docs/minutes/2019/jan-2019-asa-minutes-en-redacted.pdf,,"Anonymity-redacted copy: full names shortened to first name + last initial, personal e-mails and phone numbers removed. Original (held for review): docs/minutes/2019/jan-2019-asa-minutes-en.pdf Duplicate of archive-minutes-2019-minutes-asa-january-2019-final-english-en-redacted (same document)."
minutes-2019-jan-2019-asa-minutes-es-redacted,Archive,Minutes,Assembly (ASA) Minutes – January 2019,Actas de la Asamblea (ASA) – enero de 2019,2019-01-13,2019,Spanish,PDF,339,ASA,,,msca09aa.org,no,,docs/minutes/2019/jan-2019-asa-minutes-es-redacted.pdf,,"Anonymity-redacted copy: full names shortened to first name + last initial, personal e-mails and phone numbers removed. Original (held for review): docs/minutes/2019/jan-2019-asa-minutes-es.pdf Duplicate of archive-minutes-2021-01-minutes-asa-january-2019-final-spanish-es-redacted (same document)."
archive-minutes-2019-minutes-asa-january-2019-final-spanish-es-redacted,Archive,Minutes,Assembly (ASA) Minutes – January 2019,Actas de la Asamblea (ASA) – enero de 2019,2019-01-13,2019,Spanish,PDF,339,ASA,,,area09.org (legacy site),no,,docs/archive/minutes/2019/minutes-asa-january-2019-final-spanish-es-redacted.pdf,,"Anonymity-redacted copy: full names shortened to first name + last initial, personal e-mails and phone numbers removed. Original (held for review): docs/archive/minutes/2019/minutes-asa-january-2019-final-spanish-es.pdf Duplicate of archive-minutes-2021-01-minutes-asa-january-2019-final-spanish-es-redacted (same document)."
archive-reports-2019-pac-reg-trustee-rept-jan-2019-en-en,Archive,Reports,Pac Reg Trustee rept jan 2019 EN,,2019-01,2019,English,PDF,195,,,,area09.org (legacy site),review,confidential,docs/archive/reports/2019/pac-reg-trustee-rept-jan-2019-en-en.pdf,,held for review: marked not for sharing outside the Fellowship
archive-reports-2019-pac-reg-trustee-rept-jan-2019-sp-es,Archive,Reports,Pac Reg Trustee Rept Jan 2019 SP,,2019-01,2019,Spanish,PDF,196,,,,area09.org (legacy site),review,confidential,docs/archive/reports/2019/pac-reg-trustee-rept-jan-2019-sp-es.pdf,,held for review: marked not for sharing outside the Fellowship
archive-districts-d8-2019-january-2019-minutes-en,Archive,District,District 8 Minutes – January 2019,Actas del Distrito 8 – enero de 2019,2019-01,2019,English,PDF,75,,d08,,area09.org (legacy site),review,full-name,docs/archive/districts/d8/2019/january-2019-minutes-en.pdf,,Held 2026-10-06 by scripts/scan-documents.py (full-name); counts in MSCA09AA-private/documents-held-for-anonymity-review.csv.
archive-reports-2019-gsc-69th-toc-conference-background-material-english-2019-en,Archive,Reports,TOC Background Material 2019,,2019,2019,English,PDF,93,,,,area09.org (legacy site),review,confidential,docs/archive/reports/2019/gsc-69th-toc-conference-background-material-english-2019-en.pdf,,held for review: GSC background
guidelines-committee-unlisted-guidelines-msca-yppa-ver1-english-2019-01-15,Archive,Guidelines,Guidelines MSCA YPPA ver1 English 2019.01.15,,,2019,English,PDF,,,,,Area Drive (docs/Committee Guidelines),no,,docs/Committee Guidelines/Guidelines-MSCA-YPPA-ver1-English-2019.01.15.pdf,,"Listed only so the automatic Drive listing skips it: possibly superseded or a draft. Check it against the committee's current guidelines; set publish = yes (and fill title_es) if it is the current version, or move the file to docs/Committee Guidelines/OLD."
guidelines-committee-unlisted-guidelines-finance-committee-english-draft-2019-02-13,Archive,Guidelines,Guidelines Finance Committee English Draft 2019.02.13,,,2019,English,PDF,,,,,Area Drive (docs/Committee Guidelines),no,,docs/Committee Guidelines/Guidelines-Finance-Committee-English-Draft-2019.02.13.pdf,,"Listed only so the automatic Drive listing skips it: possibly superseded or a draft. Check it against the committee's current guidelines; set publish = yes (and fill title_es) if it is the current version, or move the file to docs/Committee Guidelines/OLD."
archive-finances-2019-2019-second-quarter-group-contributions-en,Archive,Finances,Group contributions – 2nd quarter 2019,Contribuciones de los grupos – 2.º trimestre de 2019,2019,2019,English,PDF,185,,,,area09.org (legacy site),review,personal-contact,docs/archive/finances/2019/2019-second-quarter-group-contributions-en.pdf,,Held 2026-10-06 by scripts/scan-documents.py (personal-contact); counts in MSCA09AA-private/documents-held-for-anonymity-review.csv.
archive-finances-2019-2019-first-quarter-group-contributions-en,Archive,Finances,Group contributions – 1st quarter 2019,Contribuciones de los grupos – 1.er trimestre de 2019,2019,2019,English,PDF,176,,,,area09.org (legacy site),review,personal-contact,docs/archive/finances/2019/2019-first-quarter-group-contributions-en.pdf,,"held for review: personal contact details (e-mails 0, phones 1); published instead as the redacted copy docs/archive/finances/2019/2019-first-quarter-group-contributions-en-redacted.pdf"
archive-districts-d5-2019-newsletter-2019-1st-qtr-issue-12-en,Archive,District,District 5 Newsletter – 2019,Boletín del Distrito 5 – 2019,2019,2019,English,PDF,2700,,d05,,area09.org (legacy site),review,personal-contact,docs/archive/districts/d5/2019/newsletter-2019-1st-qtr-issue-12-en.pdf,,"held for review: personal contact details (e-mails 1, phones 0); published instead as the redacted copy docs/archive/districts/d5/2019/newsletter-2019-1st-qtr-issue-12-en-redacted.pdf"
archive-districts-d5-2019-newsletter-2019-2nd-qtr-issue-13-en,Archive,District,District 5 Newsletter – 2019,Boletín del Distrito 5 – 2019,2019,2019,English,PDF,2976,,d05,,area09.org (legacy site),review,personal-contact,docs/archive/districts/d5/2019/newsletter-2019-2nd-qtr-issue-13-en.pdf,,"held for review: personal contact details (e-mails 5, phones 0); published instead as the redacted copy docs/archive/districts/d5/2019/newsletter-2019-2nd-qtr-issue-13-en-redacted.pdf"
archive-districts-d5-2019-newsletter-2019-4th-qtr-issue-15-en,Archive,District,District 5 Newsletter – 2019,Boletín del Distrito 5 – 2019,2019,2019,English,PDF,2363,,d05,,area09.org (legacy site),review,personal-contact,docs/archive/districts/d5/2019/newsletter-2019-4th-qtr-issue-15-en.pdf,,"held for review: personal contact details (e-mails 4, phones 0); published instead as the redacted copy docs/archive/districts/d5/2019/newsletter-2019-4th-qtr-issue-15-en-redacted.pdf"
archive-newsletters-2019-august-msca09-newsletter-english-en,Archive,Newsletters,August MSCA 09 Newsletter 2019,,2019,2019,English,PDF,403,,,,area09.org (legacy site),review,full-name,docs/archive/newsletters/2019/august-msca09-newsletter-english-en.pdf,,held for review: possible full names of members (1); published instead as the redacted copy docs/archive/newsletters/2019/august-msca09-newsletter-english-en-redacted.pdf
archive-newsletters-2019-august-msca09-newsletter-spanish-es,Archive,Newsletters,August MSCA 09 Newsletter 2019,,2019,2019,Spanish,PDF,449,,,,area09.org (legacy site),review,full-name,docs/archive/newsletters/2019/august-msca09-newsletter-spanish-es.pdf,,held for review: possible full names of members (1); published instead as the redacted copy docs/archive/newsletters/2019/august-msca09-newsletter-spanish-es-redacted.pdf
archive-conference-2019-2019-preconferencesummaries-en,Archive,Conference,2019 Pre-Pre-Conference Summaries,,2019,2019,English,PDF,1411,,,,area09.org (legacy site),review,full-name,docs/archive/conference/2019/2019-preconferencesummaries-en.pdf,,Held 2026-10-06 by scripts/scan-documents.py (full-name); counts in MSCA09AA-private/documents-held-for-anonymity-review.csv.
archive-workbooks-2019-2019-area-09-workbook-english-en,Archive,Workbooks,2019 Area Workbook,Cuaderno de trabajo del Área 2019,2019,2019,English,PDF,681,,,,area09.org (legacy site),review,personal-contact; sobriety-date,docs/archive/workbooks/2019/2019-area-09-workbook-english-en.pdf,,Held 2026-10-06 by scripts/scan-documents.py (personal-contact; sobriety-date); counts in MSCA09AA-private/documents-held-for-anonymity-review.csv.
archive-districts-d5-2019-2019-3rd-qtr-issue-14-en,Archive,District,2019 3rd Quarter Issue 14,,2019,2019,English,PDF,2714,,d05,,area09.org (legacy site),review,personal-contact,docs/archive/districts/d5/2019/2019-3rd-qtr-issue-14-en.pdf,,"held for review: personal contact details (e-mails 5, phones 0); published instead as the redacted copy docs/archive/districts/d5/2019/2019-3rd-qtr-issue-14-en-redacted.pdf"
minutes-2018-dec-2018-asc-minutes-en,Archive,Minutes,ASC Minutes – December 2018,Actas del CSA – diciembre de 2018,2018-12-09,2018,English,PDF,218,ASC,,,msca09aa.org,no,,docs/minutes/2018/dec-2018-asc-minutes-en.pdf,,Duplicate of archive-minutes-2018-12-minutes-december-asc-final-2018-english-en (same document).
minutes-2018-dec-2018-asc-minutes-es,Archive,Minutes,ASC Minutes – December 2018,Actas del CSA – diciembre de 2018,2018-12-09,2018,Spanish,PDF,265,ASC,,,msca09aa.org,no,,docs/minutes/2018/dec-2018-asc-minutes-es.pdf,,Duplicate of archive-minutes-2018-12-minutes-december-asc-final-2018-spanish-es (same document).
minutes-2018-oct-2018-asc-minutes-en,Archive,Minutes,ASC Minutes – October 2018,Actas del CSA – octubre de 2018,2018-10-14,2018,English,PDF,209,ASC,,,msca09aa.org,review,full-name,docs/minutes/2018/oct-2018-asc-minutes-en.pdf,,held for review: possible full names of members (2); published instead as the redacted copy docs/minutes/2018/oct-2018-asc-minutes-en-redacted.pdf
minutes-2018-oct-2018-asc-minutes-es,Archive,Minutes,ASC Minutes – October 2018,Actas del CSA – octubre de 2018,2018-10-14,2018,Spanish,PDF,202,ASC,,,msca09aa.org,review,full-name,docs/minutes/2018/oct-2018-asc-minutes-es.pdf,,Held 2026-10-06 by scripts/scan-documents.py (full-name); counts in MSCA09AA-private/documents-held-for-anonymity-review.csv.
archive-minutes-2018-10-minutes-october-asc-2018-final-english-en,Archive,Minutes,ASC Minutes – October 2018,Actas del CSA – octubre de 2018,2018-10-14,2018,English,PDF,209,ASC,,,area09.org (legacy site),review,full-name,docs/archive/minutes/2018/10-minutes-october-asc-2018-final-english-en.pdf,,held for review: possible full names of members (2); published instead as the redacted copy docs/archive/minutes/2018/10-minutes-october-asc-2018-final-english-en-redacted.pdf
archive-minutes-2018-10-minutes-october-asc-2018-final-spanish-es,Archive,Minutes,ASC Minutes – October 2018,Actas del CSA – octubre de 2018,2018-10-14,2018,Spanish,PDF,202,ASC,,,area09.org (legacy site),review,full-name,docs/archive/minutes/2018/10-minutes-october-asc-2018-final-spanish-es.pdf,,Held 2026-10-06 by scripts/scan-documents.py (full-name); counts in MSCA09AA-private/documents-held-for-anonymity-review.csv.
minutes-2018-oct-2018-asc-minutes-en-redacted,Archive,Minutes,ASC Minutes – October 2018,Actas del CSA – octubre de 2018,2018-10-14,2018,English,PDF,212,ASC,,,msca09aa.org,no,,docs/minutes/2018/oct-2018-asc-minutes-en-redacted.pdf,,"Anonymity-redacted copy: full names shortened to first name + last initial, personal e-mails and phone numbers removed. Original (held for review): docs/minutes/2018/oct-2018-asc-minutes-en.pdf Duplicate of archive-minutes-2018-10-minutes-october-asc-2018-final-english-en-redacted (same document)."
minutes-2018-sep-2018-asa-minutes-en,Archive,Minutes,Assembly (ASA) Minutes – September 2018,Actas de la Asamblea (ASA) – septiembre de 2018,2018-09-16,2018,English,PDF,275,ASA,,,msca09aa.org,review,full-name,docs/minutes/2018/sep-2018-asa-minutes-en.pdf,,held for review: possible full names of members (2); published instead as the redacted copy docs/minutes/2018/sep-2018-asa-minutes-en-redacted.pdf
minutes-2018-sep-2018-asa-minutes-es,Archive,Minutes,Assembly (ASA) Minutes – September 2018,Actas de la Asamblea (ASA) – septiembre de 2018,2018-09-16,2018,Spanish,PDF,233,ASA,,,msca09aa.org,review,full-name,docs/minutes/2018/sep-2018-asa-minutes-es.pdf,,held for review: possible full names of members (1); published instead as the redacted copy docs/minutes/2018/sep-2018-asa-minutes-es-redacted.pdf
archive-minutes-2018-09-minutes-assembly-final-english-2018-09-16-en,Archive,Minutes,Assembly (ASA) Minutes – September 2018,Actas de la Asamblea (ASA) – septiembre de 2018,2018-09-16,2018,English,PDF,275,ASA,,,area09.org (legacy site),review,full-name,docs/archive/minutes/2018/09-minutes-assembly-final-english-2018-09-16-en.pdf,,held for review: possible full names of members (2); published instead as the redacted copy docs/archive/minutes/2018/09-minutes-assembly-final-english-2018-09-16-en-redacted.pdf
minutes-2018-sep-2018-asa-minutes-en-redacted,Archive,Minutes,Assembly (ASA) Minutes – September 2018,Actas de la Asamblea (ASA) – septiembre de 2018,2018-09-16,2018,English,PDF,279,ASA,,,msca09aa.org,no,,docs/minutes/2018/sep-2018-asa-minutes-en-redacted.pdf,,"Anonymity-redacted copy: full names shortened to first name + last initial, personal e-mails and phone numbers removed. Original (held for review): docs/minutes/2018/sep-2018-asa-minutes-en.pdf Re-redacted 2026-10-06: names shortened to first name + initial; personal contact details, addresses and sobriety dates removed (scripts/scan-documents.py). Duplicate of archive-minutes-2018-09-minutes-assembly-final-english-2018-09-16-en-redacted (same document)."
minutes-2018-sep-2018-asa-minutes-es-redacted,Archive,Minutes,Assembly (ASA) Minutes – September 2018,Actas de la Asamblea (ASA) – septiembre de 2018,2018-09-16,2018,Spanish,PDF,228,ASA,,,msca09aa.org,no,,docs/minutes/2018/sep-2018-asa-minutes-es-redacted.pdf,,"Anonymity-redacted copy: full names shortened to first name + last initial, personal e-mails and phone numbers removed. Original (held for review): docs/minutes/2018/sep-2018-asa-minutes-es.pdf Duplicate of archive-minutes-2018-09-minutes-assembly-final-spanish-2018-09-16-es-redacted (same document)."
archive-minutes-2018-09-minutes-assembly-final-spanish-2018-09-16-es,Archive,Minutes,Assembly (ASA) Minutes – September 2018,Actas de la Asamblea (ASA) – septiembre de 2018,2018-09-16,2018,Spanish,PDF,233,ASA,,,area09.org (legacy site),review,full-name,docs/archive/minutes/2018/09-minutes-assembly-final-spanish-2018-09-16-es.pdf,,held for review: possible full names of members (1); published instead as the redacted copy docs/archive/minutes/2018/09-minutes-assembly-final-spanish-2018-09-16-es-redacted.pdf
minutes-2018-aug-2018-asc-minutes-en,Archive,Minutes,ASC Minutes – August 2018,Actas del CSA – agosto de 2018,2018-08,2018,English,PDF,196,ASC,,,msca09aa.org,review,full-name,docs/minutes/2018/aug-2018-asc-minutes-en.pdf,,held for review: possible full names of members (1); published instead as the redacted copy docs/minutes/2018/aug-2018-asc-minutes-en-redacted.pdf
minutes-2018-aug-2018-asc-minutes-es,Archive,Minutes,ASC Minutes – August 2018,Actas del CSA – agosto de 2018,2018-08,2018,Spanish,PDF,204,ASC,,,msca09aa.org,no,,docs/minutes/2018/aug-2018-asc-minutes-es.pdf,,Duplicate of archive-minutes-2021-08-minutes-august-asc-2018-final-spanish-es (same document).
archive-minutes-2018-08-august-asc-2018-final-spanish-es,Archive,Minutes,ASC Minutes – August 2018,Actas del CSA – agosto de 2018,2018-08,2018,Spanish,PDF,204,ASC,,,area09.org (legacy site),no,,docs/archive/minutes/2018/08-august-asc-2018-final-spanish-es.pdf,,Duplicate of archive-minutes-2021-08-minutes-august-asc-2018-final-spanish-es (same document).
archive-minutes-2018-08-august-asc-final-2018-english-en,Archive,Minutes,ASC Minutes – August 2018,Actas del CSA – agosto de 2018,2018-08,2018,English,PDF,196,ASC,,,area09.org (legacy site),review,full-name,docs/archive/minutes/2018/08-august-asc-final-2018-english-en.pdf,,held for review: possible full names of members (1); published instead as the redacted copy docs/archive/minutes/2018/08-august-asc-final-2018-english-en-redacted.pdf
archive-minutes-2021-08-minutes-august-asc-final-2018-english-en,Archive,Minutes,ASC Minutes – August 2018,Actas del CSA – agosto de 2018,2018-08,2018,English,PDF,196,ASC,,,msca09aa.org,review,full-name,docs/archive/minutes/2021/08-minutes-august-asc-final-2018-english-en.pdf,,held for review: possible full names of members (1); published instead as the redacted copy docs/archive/minutes/2021/08-minutes-august-asc-final-2018-english-en-redacted.pdf
minutes-2018-aug-2018-asc-minutes-en-redacted,Archive,Minutes,ASC Minutes – August 2018,Actas del CSA – agosto de 2018,2018-08,2018,English,PDF,200,ASC,,,msca09aa.org,no,,docs/minutes/2018/aug-2018-asc-minutes-en-redacted.pdf,,"Anonymity-redacted copy: full names shortened to first name + last initial, personal e-mails and phone numbers removed. Original (held for review): docs/minutes/2018/aug-2018-asc-minutes-en.pdf Re-redacted 2026-10-06: names shortened to first name + initial; personal contact details, addresses and sobriety dates removed (scripts/scan-documents.py). Duplicate of archive-minutes-2021-08-minutes-august-asc-final-2018-english-en-redacted (same document)."
archive-minutes-2018-08-august-asc-final-2018-english-en-redacted,Archive,Minutes,ASC Minutes – August 2018,Actas del CSA – agosto de 2018,2018-08,2018,English,PDF,200,ASC,,,area09.org (legacy site),no,,docs/archive/minutes/2018/08-august-asc-final-2018-english-en-redacted.pdf,,"Anonymity-redacted copy: full names shortened to first name + last initial, personal e-mails and phone numbers removed. Original (held for review): docs/archive/minutes/2018/08-august-asc-final-2018-english-en.pdf Re-redacted 2026-10-06: names shortened to first name + initial; personal contact details, addresses and sobriety dates removed (scripts/scan-documents.py). Duplicate of archive-minutes-2021-08-minutes-august-asc-final-2018-english-en-redacted (same document)."
minutes-2018-jun-2018-asc-minutes-en,Archive,Minutes,ASC Minutes – June 2018,Actas del CSA – junio de 2018,2018-06-10,2018,English,PDF,185,ASC,,,msca09aa.org,review,personal-contact,docs/minutes/2018/jun-2018-asc-minutes-en.pdf,,"held for review: personal contact details (e-mails 0, phones 1); published instead as the redacted copy docs/minutes/2018/jun-2018-asc-minutes-en-redacted.pdf"
minutes-2018-jun-2018-asc-minutes-es,Archive,Minutes,ASC Minutes – June 2018,Actas del CSA – junio de 2018,2018-06-10,2018,Spanish,PDF,190,ASC,,,msca09aa.org,review,personal-contact,docs/minutes/2018/jun-2018-asc-minutes-es.pdf,,"held for review: personal contact details (e-mails 0, phones 1); published instead as the redacted copy docs/minutes/2018/jun-2018-asc-minutes-es-redacted.pdf"
archive-minutes-2018-june-2018-asc-minutes-english-en,Archive,Minutes,ASC Minutes – June 2018,Actas del CSA – junio de 2018,2018-06-10,2018,English,PDF,185,ASC,,,area09.org (legacy site),review,personal-contact,docs/archive/minutes/2018/june-2018-asc-minutes-english-en.pdf,,"held for review: personal contact details (e-mails 0, phones 1); published instead as the redacted copy docs/archive/minutes/2018/june-2018-asc-minutes-english-en-redacted.pdf"
archive-minutes-2018-june-2018-asc-minutes-spanish-es,Archive,Minutes,ASC Minutes – June 2018,Actas del CSA – junio de 2018,2018-06-10,2018,Spanish,PDF,190,ASC,,,area09.org (legacy site),review,personal-contact,docs/archive/minutes/2018/june-2018-asc-minutes-spanish-es.pdf,,"held for review: personal contact details (e-mails 0, phones 1); published instead as the redacted copy docs/archive/minutes/2018/june-2018-asc-minutes-spanish-es-redacted.pdf"
archive-minutes-2021-06-minutes-june-2018-asc-english-en,Archive,Minutes,ASC Minutes – June 2018,Actas del CSA – junio de 2018,2018-06-10,2018,English,PDF,185,ASC,,,msca09aa.org,review,personal-contact,docs/archive/minutes/2021/06-minutes-june-2018-asc-english-en.pdf,,"held for review: personal contact details (e-mails 0, phones 1); published instead as the redacted copy docs/archive/minutes/2021/06-minutes-june-2018-asc-english-en-redacted.pdf"
archive-minutes-2021-06-minutes-june-2018-asc-spanish-es,Archive,Minutes,ASC Minutes – June 2018,Actas del CSA – junio de 2018,2018-06-10,2018,Spanish,PDF,190,ASC,,,msca09aa.org,review,personal-contact,docs/archive/minutes/2021/06-minutes-june-2018-asc-spanish-es.pdf,,"held for review: personal contact details (e-mails 0, phones 1); published instead as the redacted copy docs/archive/minutes/2021/06-minutes-june-2018-asc-spanish-es-redacted.pdf"
archive-minutes-2018-june-2018-asc-minutes-english-en-redacted,Archive,Minutes,ASC Minutes – June 2018,Actas del CSA – junio de 2018,2018-06-10,2018,English,PDF,189,ASC,,,area09.org (legacy site),no,,docs/archive/minutes/2018/june-2018-asc-minutes-english-en-redacted.pdf,,"Anonymity-redacted copy: full names shortened to first name + last initial, personal e-mails and phone numbers removed. Original (held for review): docs/archive/minutes/2018/june-2018-asc-minutes-english-en.pdf Duplicate of minutes-2018-jun-2018-asc-minutes-en-redacted (same document)."
archive-minutes-2018-june-2018-asc-minutes-spanish-es-redacted,Archive,Minutes,ASC Minutes – June 2018,Actas del CSA – junio de 2018,2018-06-10,2018,Spanish,PDF,194,ASC,,,area09.org (legacy site),no,,docs/archive/minutes/2018/june-2018-asc-minutes-spanish-es-redacted.pdf,,"Anonymity-redacted copy: full names shortened to first name + last initial, personal e-mails and phone numbers removed. Original (held for review): docs/archive/minutes/2018/june-2018-asc-minutes-spanish-es.pdf Re-redacted 2026-10-06: names shortened to first name + initial; personal contact details, addresses and sobriety dates removed (scripts/scan-documents.py). Duplicate of minutes-2018-jun-2018-asc-minutes-es-redacted (same document)."
archive-minutes-2021-06-minutes-june-2018-asc-english-en-redacted,Archive,Minutes,ASC Minutes – June 2018,Actas del CSA – junio de 2018,2018-06-10,2018,English,PDF,189,ASC,,,msca09aa.org,no,,docs/archive/minutes/2021/06-minutes-june-2018-asc-english-en-redacted.pdf,,"Anonymity-redacted copy: full names shortened to first name + last initial, personal e-mails and phone numbers removed. Original (held for review): docs/archive/minutes/2021/06-minutes-june-2018-asc-english-en.pdf Duplicate of minutes-2018-jun-2018-asc-minutes-en-redacted (same document)."
archive-minutes-2021-06-minutes-june-2018-asc-spanish-es-redacted,Archive,Minutes,ASC Minutes – June 2018,Actas del CSA – junio de 2018,2018-06-10,2018,Spanish,PDF,194,ASC,,,msca09aa.org,no,,docs/archive/minutes/2021/06-minutes-june-2018-asc-spanish-es-redacted.pdf,,"Anonymity-redacted copy: full names shortened to first name + last initial, personal e-mails and phone numbers removed. Original (held for review): docs/archive/minutes/2021/06-minutes-june-2018-asc-spanish-es.pdf Re-redacted 2026-10-06: names shortened to first name + initial; personal contact details, addresses and sobriety dates removed (scripts/scan-documents.py). Duplicate of minutes-2018-jun-2018-asc-minutes-es-redacted (same document)."
minutes-2018-may-2018-asa-minutes-en,Archive,Minutes,Assembly (ASA) Minutes – May 2018,Actas de la Asamblea (ASA) – mayo de 2018,2018-05-20,2018,English,PDF,203,ASA,,,msca09aa.org,review,full-name,docs/minutes/2018/may-2018-asa-minutes-en.pdf,,held for review: possible full names of members (1); published instead as the redacted copy docs/minutes/2018/may-2018-asa-minutes-en-redacted.pdf
minutes-2018-may-2018-asa-minutes-es,Archive,Minutes,Assembly (ASA) Minutes – May 2018,Actas de la Asamblea (ASA) – mayo de 2018,2018-05-20,2018,Spanish,PDF,189,ASA,,,msca09aa.org,review,full-name,docs/minutes/2018/may-2018-asa-minutes-es.pdf,,held for review: possible full names of members (1); published instead as the redacted copy docs/minutes/2018/may-2018-asa-minutes-es-redacted.pdf
archive-minutes-2018-may-2018-asa-minutes-english-en,Archive,Minutes,Assembly (ASA) Minutes – May 2018,Actas de la Asamblea (ASA) – mayo de 2018,2018-05-20,2018,English,PDF,160,ASA,,,area09.org (legacy site),review,full-name,docs/archive/minutes/2018/may-2018-asa-minutes-english-en.pdf,,held for review: possible full names of members (1); published instead as the redacted copy docs/archive/minutes/2018/may-2018-asa-minutes-english-en-redacted.pdf
archive-minutes-2018-may-2018-asa-minutes-spanish-es,Archive,Minutes,Assembly (ASA) Minutes – May 2018,Actas de la Asamblea (ASA) – mayo de 2018,2018-05-20,2018,Spanish,PDF,174,ASA,,,area09.org (legacy site),review,full-name,docs/archive/minutes/2018/may-2018-asa-minutes-spanish-es.pdf,,held for review: possible full names of members (1); published instead as the redacted copy docs/archive/minutes/2018/may-2018-asa-minutes-spanish-es-redacted.pdf
archive-minutes-2021-05-minutes-asa-20-may-2018-final-english-en,Archive,Minutes,Assembly (ASA) Minutes – May 2018,Actas de la Asamblea (ASA) – mayo de 2018,2018-05-20,2018,English,PDF,203,ASA,,,msca09aa.org,review,full-name,docs/archive/minutes/2021/05-minutes-asa-20-may-2018-final-english-en.pdf,,held for review: possible full names of members (1); published instead as the redacted copy docs/archive/minutes/2021/05-minutes-asa-20-may-2018-final-english-en-redacted.pdf
archive-minutes-2021-05-minutes-asa-may-2018-final-spanish-es,Archive,Minutes,Assembly (ASA) Minutes – May 2018,Actas de la Asamblea (ASA) – mayo de 2018,2018-05-20,2018,Spanish,PDF,189,ASA,,,msca09aa.org,review,full-name,docs/archive/minutes/2021/05-minutes-asa-may-2018-final-spanish-es.pdf,,held for review: possible full names of members (1); published instead as the redacted copy docs/archive/minutes/2021/05-minutes-asa-may-2018-final-spanish-es-redacted.pdf
minutes-2018-may-2018-asa-minutes-en-redacted,Archive,Minutes,Assembly (ASA) Minutes – May 2018,Actas de la Asamblea (ASA) – mayo de 2018,2018-05-20,2018,English,PDF,208,ASA,,,msca09aa.org,no,,docs/minutes/2018/may-2018-asa-minutes-en-redacted.pdf,,"Anonymity-redacted copy: full names shortened to first name + last initial, personal e-mails and phone numbers removed. Original (held for review): docs/minutes/2018/may-2018-asa-minutes-en.pdf Duplicate of archive-minutes-2021-05-minutes-asa-20-may-2018-final-english-en-redacted (same document)."
minutes-2018-may-2018-asa-minutes-es-redacted,Archive,Minutes,Assembly (ASA) Minutes – May 2018,Actas de la Asamblea (ASA) – mayo de 2018,2018-05-20,2018,Spanish,PDF,192,ASA,,,msca09aa.org,no,,docs/minutes/2018/may-2018-asa-minutes-es-redacted.pdf,,"Anonymity-redacted copy: full names shortened to first name + last initial, personal e-mails and phone numbers removed. Original (held for review): docs/minutes/2018/may-2018-asa-minutes-es.pdf Duplicate of archive-minutes-2021-05-minutes-asa-may-2018-final-spanish-es-redacted (same document)."
archive-minutes-2019-minutes-asa-april-2019-final-english-2018-04-14-en,Archive,Minutes,Assembly (ASA) Minutes – April 2018,Actas de la Asamblea (ASA) – abril de 2018,2018-04-14,2018,English,PDF,232,ASA,,,area09.org (legacy site),review,personal-contact,docs/archive/minutes/2019/minutes-asa-april-2019-final-english-2018-04-14-en.pdf,,"held for review: personal contact details (e-mails 0, phones 2); published instead as the redacted copy docs/archive/minutes/2019/minutes-asa-april-2019-final-english-2018-04-14-en-redacted.pdf"
archive-minutes-2019-minutes-asa-april-2019-final-spanish-2018-04-12-es,Archive,Minutes,Assembly (ASA) Minutes – April 2018,Actas de la Asamblea (ASA) – abril de 2018,2018-04-12,2018,Spanish,PDF,221,ASA,,,area09.org (legacy site),review,personal-contact,docs/archive/minutes/2019/minutes-asa-april-2019-final-spanish-2018-04-12-es.pdf,,"held for review: personal contact details (e-mails 0, phones 2); published instead as the redacted copy docs/archive/minutes/2019/minutes-asa-april-2019-final-spanish-2018-04-12-es-redacted.pdf"
minutes-2018-mar-2018-asc-minutes-en,Archive,Minutes,ASC Minutes – March 2018,Actas del CSA – marzo de 2018,2018-03-11,2018,English,PDF,164,ASC,,,msca09aa.org,review,personal-contact,docs/minutes/2018/mar-2018-asc-minutes-en.pdf,,Held 2026-10-06 by scripts/scan-documents.py (personal-contact); counts in MSCA09AA-private/documents-held-for-anonymity-review.csv.
minutes-2018-mar-2018-asc-minutes-es,Archive,Minutes,ASC Minutes – March 2018,Actas del CSA – marzo de 2018,2018-03-11,2018,Spanish,PDF,140,ASC,,,msca09aa.org,review,full-name,docs/minutes/2018/mar-2018-asc-minutes-es.pdf,,held for review: possible full names of members (1); published instead as the redacted copy docs/minutes/2018/mar-2018-asc-minutes-es-redacted.pdf
archive-minutes-2018-mar-2018-asc-minutes-english-en,Archive,Minutes,ASC Minutes – March 2018,Actas del CSA – marzo de 2018,2018-03-11,2018,English,PDF,164,ASC,,,area09.org (legacy site),review,personal-contact,docs/archive/minutes/2018/mar-2018-asc-minutes-english-en.pdf,,Held 2026-10-06 by scripts/scan-documents.py (personal-contact); counts in MSCA09AA-private/documents-held-for-anonymity-review.csv.
archive-minutes-2018-mar-2018-asc-minutes-spanish-es,Archive,Minutes,ASC Minutes – March 2018,Actas del CSA – marzo de 2018,2018-03-11,2018,Spanish,PDF,140,ASC,,,area09.org (legacy site),review,full-name,docs/archive/minutes/2018/mar-2018-asc-minutes-spanish-es.pdf,,held for review: possible full names of members (1); published instead as the redacted copy docs/archive/minutes/2018/mar-2018-asc-minutes-spanish-es-redacted.pdf
archive-minutes-2021-03-minutes-march-2018-asc-final-english-en,Archive,Minutes,ASC Minutes – March 2018,Actas del CSA – marzo de 2018,2018-03-11,2018,English,PDF,164,ASC,,,msca09aa.org,review,personal-contact,docs/archive/minutes/2021/03-minutes-march-2018-asc-final-english-en.pdf,,Held 2026-10-06 by scripts/scan-documents.py (personal-contact); counts in MSCA09AA-private/documents-held-for-anonymity-review.csv.
archive-minutes-2021-03-minutes-march-2018-asc-final-spanish-es,Archive,Minutes,ASC Minutes – March 2018,Actas del CSA – marzo de 2018,2018-03-11,2018,Spanish,PDF,140,ASC,,,msca09aa.org,review,full-name,docs/archive/minutes/2021/03-minutes-march-2018-asc-final-spanish-es.pdf,,held for review: possible full names of members (1); published instead as the redacted copy docs/archive/minutes/2021/03-minutes-march-2018-asc-final-spanish-es-redacted.pdf
minutes-2018-mar-2018-asc-minutes-es-redacted,Archive,Minutes,ASC Minutes – March 2018,Actas del CSA – marzo de 2018,2018-03-11,2018,Spanish,PDF,144,ASC,,,msca09aa.org,no,,docs/minutes/2018/mar-2018-asc-minutes-es-redacted.pdf,,"Anonymity-redacted copy: full names shortened to first name + last initial, personal e-mails and phone numbers removed. Original (held for review): docs/minutes/2018/mar-2018-asc-minutes-es.pdf Duplicate of archive-minutes-2021-03-minutes-march-2018-asc-final-spanish-es-redacted (same document)."
archive-minutes-2018-mar-2018-asc-minutes-spanish-es-redacted,Archive,Minutes,ASC Minutes – March 2018,Actas del CSA – marzo de 2018,2018-03-11,2018,Spanish,PDF,144,ASC,,,area09.org (legacy site),no,,docs/archive/minutes/2018/mar-2018-asc-minutes-spanish-es-redacted.pdf,,"Anonymity-redacted copy: full names shortened to first name + last initial, personal e-mails and phone numbers removed. Original (held for review): docs/archive/minutes/2018/mar-2018-asc-minutes-spanish-es.pdf Duplicate of archive-minutes-2021-03-minutes-march-2018-asc-final-spanish-es-redacted (same document)."
minutes-2018-feb-2018-asc-minutes-en,Archive,Minutes,ASC Minutes – February 2018,Actas del CSA – febrero de 2018,2018-02,2018,English,PDF,320,ASC,,,msca09aa.org,review,full-name,docs/minutes/2018/feb-2018-asc-minutes-en.pdf,,held for review: possible full names of members (2); published instead as the redacted copy docs/minutes/2018/feb-2018-asc-minutes-en-redacted.pdf
minutes-2018-feb-2018-asc-minutes-es,Archive,Minutes,ASC Minutes – February 2018,Actas del CSA – febrero de 2018,2018-02,2018,Spanish,PDF,139,ASC,,,msca09aa.org,review,full-name,docs/minutes/2018/feb-2018-asc-minutes-es.pdf,,held for review: possible full names of members (1); published instead as the redacted copy docs/minutes/2018/feb-2018-asc-minutes-es-redacted.pdf
archive-minutes-2018-feb-2018-asc-final-minutes-english-en,Archive,Minutes,ASC Minutes – February 2018,Actas del CSA – febrero de 2018,2018-02,2018,English,PDF,320,ASC,,,area09.org (legacy site),review,full-name,docs/archive/minutes/2018/feb-2018-asc-final-minutes-english-en.pdf,,held for review: possible full names of members (2); published instead as the redacted copy docs/archive/minutes/2018/feb-2018-asc-final-minutes-english-en-redacted.pdf
archive-minutes-2018-feb-2018-asc-final-minutes-spanish-es,Archive,Minutes,ASC Minutes – February 2018,Actas del CSA – febrero de 2018,2018-02,2018,Spanish,PDF,139,ASC,,,area09.org (legacy site),review,full-name,docs/archive/minutes/2018/feb-2018-asc-final-minutes-spanish-es.pdf,,held for review: possible full names of members (1); published instead as the redacted copy docs/archive/minutes/2018/feb-2018-asc-final-minutes-spanish-es-redacted.pdf
archive-minutes-2021-02-minutes-asc-february-2018-final-english-en,Archive,Minutes,ASC Minutes – February 2018,Actas del CSA – febrero de 2018,2018-02,2018,English,PDF,320,ASC,,,msca09aa.org,review,full-name,docs/archive/minutes/2021/02-minutes-asc-february-2018-final-english-en.pdf,,held for review: possible full names of members (2); published instead as the redacted copy docs/archive/minutes/2021/02-minutes-asc-february-2018-final-english-en-redacted.pdf
archive-minutes-2021-02-minutes-asc-february-2018-final-spanish-es,Archive,Minutes,ASC Minutes – February 2018,Actas del CSA – febrero de 2018,2018-02,2018,Spanish,PDF,139,ASC,,,msca09aa.org,review,full-name,docs/archive/minutes/2021/02-minutes-asc-february-2018-final-spanish-es.pdf,,held for review: possible full names of members (1); published instead as the redacted copy docs/archive/minutes/2021/02-minutes-asc-february-2018-final-spanish-es-redacted.pdf
minutes-2018-feb-2018-asc-minutes-en-redacted,Archive,Minutes,ASC Minutes – February 2018,Actas del CSA – febrero de 2018,2018-02,2018,English,PDF,335,ASC,,,msca09aa.org,no,,docs/minutes/2018/feb-2018-asc-minutes-en-redacted.pdf,,"Anonymity-redacted copy: full names shortened to first name + last initial, personal e-mails and phone numbers removed. Original (held for review): docs/minutes/2018/feb-2018-asc-minutes-en.pdf Duplicate of archive-minutes-2021-02-minutes-asc-february-2018-final-english-en-redacted (same document)."
minutes-2018-feb-2018-asc-minutes-es-redacted,Archive,Minutes,ASC Minutes – February 2018,Actas del CSA – febrero de 2018,2018-02,2018,Spanish,PDF,151,ASC,,,msca09aa.org,no,,docs/minutes/2018/feb-2018-asc-minutes-es-redacted.pdf,,"Anonymity-redacted copy: full names shortened to first name + last initial, personal e-mails and phone numbers removed. Original (held for review): docs/minutes/2018/feb-2018-asc-minutes-es.pdf Re-redacted 2026-10-06: names shortened to first name + initial; personal contact details, addresses and sobriety dates removed (scripts/scan-documents.py). Duplicate of archive-minutes-2021-02-minutes-asc-february-2018-final-spanish-es-redacted (same document)."
archive-minutes-2018-feb-2018-asc-final-minutes-english-en-redacted,Archive,Minutes,ASC Minutes – February 2018,Actas del CSA – febrero de 2018,2018-02,2018,English,PDF,335,ASC,,,area09.org (legacy site),no,,docs/archive/minutes/2018/feb-2018-asc-final-minutes-english-en-redacted.pdf,,"Anonymity-redacted copy: full names shortened to first name + last initial, personal e-mails and phone numbers removed. Original (held for review): docs/archive/minutes/2018/feb-2018-asc-final-minutes-english-en.pdf Duplicate of archive-minutes-2021-02-minutes-asc-february-2018-final-english-en-redacted (same document)."
archive-minutes-2018-feb-2018-asc-final-minutes-spanish-es-redacted,Archive,Minutes,ASC Minutes – February 2018,Actas del CSA – febrero de 2018,2018-02,2018,Spanish,PDF,151,ASC,,,area09.org (legacy site),no,,docs/archive/minutes/2018/feb-2018-asc-final-minutes-spanish-es-redacted.pdf,,"Anonymity-redacted copy: full names shortened to first name + last initial, personal e-mails and phone numbers removed. Original (held for review): docs/archive/minutes/2018/feb-2018-asc-final-minutes-spanish-es.pdf Re-redacted 2026-10-06: names shortened to first name + initial; personal contact details, addresses and sobriety dates removed (scripts/scan-documents.py). Duplicate of archive-minutes-2021-02-minutes-asc-february-2018-final-spanish-es-redacted (same document)."
minutes-2018-jan-2018-asa-minutes-en,Archive,Minutes,Assembly (ASA) Minutes – January 2018,Actas de la Asamblea (ASA) – enero de 2018,2018-01,2018,English,PDF,133,ASA,,,msca09aa.org,review,full-name,docs/minutes/2018/jan-2018-asa-minutes-en.pdf,,Held 2026-10-06 by scripts/scan-documents.py (full-name); counts in MSCA09AA-private/documents-held-for-anonymity-review.csv.
minutes-2018-jan-2018-asa-minutes-es,Archive,Minutes,Assembly (ASA) Minutes – January 2018,Actas de la Asamblea (ASA) – enero de 2018,2018-01,2018,Spanish,PDF,116,ASA,,,msca09aa.org,review,personal-contact,docs/minutes/2018/jan-2018-asa-minutes-es.pdf,,"held for review: personal contact details (e-mails 0, phones 2); published instead as the redacted copy docs/minutes/2018/jan-2018-asa-minutes-es-redacted.pdf"
archive-minutes-2018-jan-2018-asa-minutes-english-en,Archive,Minutes,Assembly (ASA) Minutes – January 2018,Actas de la Asamblea (ASA) – enero de 2018,2018-01,2018,English,PDF,133,ASA,,,area09.org (legacy site),review,full-name,docs/archive/minutes/2018/jan-2018-asa-minutes-english-en.pdf,,Held 2026-10-06 by scripts/scan-documents.py (full-name); counts in MSCA09AA-private/documents-held-for-anonymity-review.csv.
archive-minutes-2018-jan-2018-asa-minutes-spanish-es,Archive,Minutes,Assembly (ASA) Minutes – January 2018,Actas de la Asamblea (ASA) – enero de 2018,2018-01,2018,Spanish,PDF,116,ASA,,,area09.org (legacy site),review,personal-contact,docs/archive/minutes/2018/jan-2018-asa-minutes-spanish-es.pdf,,"held for review: personal contact details (e-mails 0, phones 2); published instead as the redacted copy docs/archive/minutes/2018/jan-2018-asa-minutes-spanish-es-redacted.pdf"
archive-minutes-2021-01-minutes-jan-2018-asa-final-english-en,Archive,Minutes,Assembly (ASA) Minutes – January 2018,Actas de la Asamblea (ASA) – enero de 2018,2018-01,2018,English,PDF,133,ASA,,,msca09aa.org,review,full-name,docs/archive/minutes/2021/01-minutes-jan-2018-asa-final-english-en.pdf,,Held 2026-10-06 by scripts/scan-documents.py (full-name); counts in MSCA09AA-private/documents-held-for-anonymity-review.csv.
archive-minutes-2021-01-minutes-jan-2018-asa-final-spanish-es,Archive,Minutes,Assembly (ASA) Minutes – January 2018,Actas de la Asamblea (ASA) – enero de 2018,2018-01,2018,Spanish,PDF,116,ASA,,,msca09aa.org,review,personal-contact,docs/archive/minutes/2021/01-minutes-jan-2018-asa-final-spanish-es.pdf,,"held for review: personal contact details (e-mails 0, phones 2); published instead as the redacted copy docs/archive/minutes/2021/01-minutes-jan-2018-asa-final-spanish-es-redacted.pdf"
minutes-2018-jan-2018-asa-minutes-es-redacted,Archive,Minutes,Assembly (ASA) Minutes – January 2018,Actas de la Asamblea (ASA) – enero de 2018,2018-01,2018,Spanish,PDF,121,ASA,,,msca09aa.org,no,,docs/minutes/2018/jan-2018-asa-minutes-es-redacted.pdf,,"Anonymity-redacted copy: full names shortened to first name + last initial, personal e-mails and phone numbers removed. Original (held for review): docs/minutes/2018/jan-2018-asa-minutes-es.pdf Re-redacted 2026-10-06: names shortened to first name + initial; personal contact details, addresses and sobriety dates removed (scripts/scan-documents.py). Duplicate of archive-minutes-2021-01-minutes-jan-2018-asa-final-spanish-es-redacted (same document)."
archive-minutes-2018-jan-2018-asa-minutes-spanish-es-redacted,Archive,Minutes,Assembly (ASA) Minutes – January 2018,Actas de la Asamblea (ASA) – enero de 2018,2018-01,2018,Spanish,PDF,121,ASA,,,area09.org (legacy site),no,,docs/archive/minutes/2018/jan-2018-asa-minutes-spanish-es-redacted.pdf,,"Anonymity-redacted copy: full names shortened to first name + last initial, personal e-mails and phone numbers removed. Original (held for review): docs/archive/minutes/2018/jan-2018-asa-minutes-spanish-es.pdf Re-redacted 2026-10-06: names shortened to first name + initial; personal contact details, addresses and sobriety dates removed (scripts/scan-documents.py). Duplicate of archive-minutes-2021-01-minutes-jan-2018-asa-final-spanish-es-redacted (same document)."
archive-gso-2018-the-a-a-service-manual-2018-2020-edition-bm-31-en,Archive,GSO,"The A.A. Service Manual, 2018–2020 edition (BM-31)","El Manual de Servicio de AA, edición 2018–2020 (BM-31, inglés)",2018,2018,English,PDF,1594,,,,msca09aa.org (media library),review,full-name,,,held for review: possible full names of members (1); private copy in MSCA09AA-private; published instead as the redacted copy docs/archive/gso/2018/the-a-a-service-manual-2018-2020-edition-bm-31-en-redacted.pdf
archive-gso-2018-the-a-a-service-manual-2018-2020-edition-bm-31-en-redacted,Archive,GSO,"The A.A. Service Manual, 2018–2020 edition (BM-31)","El Manual de Servicio de AA, edición 2018–2020 (BM-31, inglés)",2018,2018,English,PDF,1620,,,,msca09aa.org (media library),review,full-name; personal-contact; unverified,docs/archive/gso/2018/the-a-a-service-manual-2018-2020-edition-bm-31-en-redacted.pdf,,"Anonymity-redacted copy: full names shortened to first name + last initial, personal e-mails and phone numbers removed. Original (held for review): private copy in MSCA09AA-private Held 2026-10-06 by scripts/scan-documents.py (full-name; personal-contact; unverified); counts in MSCA09AA-private/documents-held-for-anonymity-review.csv. File moved to MSCA09AA-private/removed-from-docs-2026-10-06 (could not be cleaned automatically)."
archive-praasa-2018-treatment-and-accessibilities-committee-notes-en,Archive,PRAASA,TREATMENT and ACCESSIBILITIES COMMITTEE NOTES 2018,,2018,2018,English,PDF,30,,,accessibilities,area09.org (legacy site),review,personal-contact,docs/archive/praasa/2018/treatment-and-accessibilities-committee-notes-en.pdf,,"held for review: personal contact details (e-mails 1, phones 0); published instead as the redacted copy docs/archive/praasa/2018/treatment-and-accessibilities-committee-notes-en-redacted.pdf"
archive-reports-2018-reaching-out-to-african-american-alcoholics-09252018-final-repor-en,Archive,Reports,Reaching Out to African-American Alcoholics 2018,,2018,2018,English,PDF,135,,,,area09.org (legacy site),review,full-name,docs/archive/reports/2018/reaching-out-to-african-american-alcoholics-09252018-final-repor-en.pdf,,Held 2026-10-06 by scripts/scan-documents.py (full-name); counts in MSCA09AA-private/documents-held-for-anonymity-review.csv.
archive-praasa-2018-public-information-round-table-en,Archive,PRAASA,Public Information Round Table 2018,,2018,2018,English,PDF,19,,,public-information,area09.org (legacy site),review,personal-contact,docs/archive/praasa/2018/public-information-round-table-en.pdf,,"held for review: personal contact details (e-mails 1, phones 0); published instead as the redacted copy docs/archive/praasa/2018/public-information-round-table-en-redacted.pdf"
archive-reports-2018-pac-reg-trustee-rept-oct-2018-en,Archive,Reports,Pacific Regional Trustee's Report 2018,,2018,2018,English,PDF,121,,,,area09.org (legacy site),review,confidential,docs/archive/reports/2018/pac-reg-trustee-rept-oct-2018-en.pdf,,held: trustee report / roster: not published (Fellowship-only material)
archive-praasa-2018-literature-round-table-en,Archive,PRAASA,Literature Round Table 2018,,2018,2018,English,PDF,32,,,literature,area09.org (legacy site),review,personal-contact,docs/archive/praasa/2018/literature-round-table-en.pdf,,"held for review: personal contact details (e-mails 1, phones 0); published instead as the redacted copy docs/archive/praasa/2018/literature-round-table-en-redacted.pdf"
archive-praasa-2018-grapevine-roundtable-en,Archive,PRAASA,GRAPEVINE Roundtable 2018,,2018,2018,English,PDF,53,,,grapevine-la-vina,area09.org (legacy site),review,personal-contact,docs/archive/praasa/2018/grapevine-roundtable-en.pdf,,"held for review: personal contact details (e-mails 1, phones 0); published instead as the redacted copy docs/archive/praasa/2018/grapevine-roundtable-en-redacted.pdf"
archive-districts-d5-2018-newsletter-2018-1st-qtr-issue-8-en,Archive,District,District 5 Newsletter – 2018,Boletín del Distrito 5 – 2018,2018,2018,English,PDF,3332,,d05,,area09.org (legacy site),review,personal-contact,docs/archive/districts/d5/2018/newsletter-2018-1st-qtr-issue-8-en.pdf,,"held for review: personal contact details (e-mails 6, phones 4); published instead as the redacted copy docs/archive/districts/d5/2018/newsletter-2018-1st-qtr-issue-8-en-redacted.pdf"
archive-districts-d5-2018-newsletter-2018-2nd-qtr-issue-9-color-en,Archive,District,District 5 Newsletter – 2018,Boletín del Distrito 5 – 2018,2018,2018,English,PDF,3718,,d05,,area09.org (legacy site),review,personal-contact,docs/archive/districts/d5/2018/newsletter-2018-2nd-qtr-issue-9-color-en.pdf,,"held for review: personal contact details (e-mails 4, phones 1); published instead as the redacted copy docs/archive/districts/d5/2018/newsletter-2018-2nd-qtr-issue-9-color-en-redacted.pdf"
archive-districts-d5-2018-newsletter-2018-3rd-qtr-issue-10-en,Archive,District,District 5 Newsletter – 2018,Boletín del Distrito 5 – 2018,2018,2018,English,PDF,3332,,d05,,area09.org (legacy site),review,personal-contact,docs/archive/districts/d5/2018/newsletter-2018-3rd-qtr-issue-10-en.pdf,,"held for review: personal contact details (e-mails 1, phones 0); published instead as the redacted copy docs/archive/districts/d5/2018/newsletter-2018-3rd-qtr-issue-10-en-redacted.pdf"
archive-districts-d5-2018-newsletter-2018-4th-qtr-issue-11-en,Archive,District,District 5 Newsletter – 2018,Boletín del Distrito 5 – 2018,2018,2018,English,PDF,3685,,d05,,area09.org (legacy site),review,personal-contact,docs/archive/districts/d5/2018/newsletter-2018-4th-qtr-issue-11-en.pdf,,"held for review: personal contact details (e-mails 2, phones 1); published instead as the redacted copy docs/archive/districts/d5/2018/newsletter-2018-4th-qtr-issue-11-en-redacted.pdf"
motions-2018-area-motions-2010-2018-en,Archive,Motions,Area motions 2010–2018,Mociones del Área 2010–2018,2018,2018,English,PDF,932,,,,msca09aa.org (media library),review,full-name,,,held for review: possible full names of members (3); private copy in MSCA09AA-private; published instead as the redacted copy docs/motions/2018/area-motions-2010-2018-en-redacted.pdf
archive-finances-2018-2018-budget-final-en,Archive,Finances,Area budget 2018,Presupuesto del Área 2018,2018,2018,English,PDF,67,,,finance,area09.org (legacy site),review,full-name,docs/archive/finances/2018/2018-budget-final-en.pdf,,Held 2026-10-06 by scripts/scan-documents.py (full-name); counts in MSCA09AA-private/documents-held-for-anonymity-review.csv.
archive-praasa-2018-archives-roundtable-en,Archive,PRAASA,Archives Roundtable 2018,,2018,2018,English,PDF,94,,,archives,area09.org (legacy site),review,full-name,docs/archive/praasa/2018/archives-roundtable-en.pdf,,held for review: possible full names of members (3); published instead as the redacted copy docs/archive/praasa/2018/archives-roundtable-en-redacted.pdf
archive-conference-2018-68th-gsc-advisory-actions-english-en,Archive,Conference,Advisory Actions 2018,,2018,2018,English,PDF,34,,,,area09.org (legacy site),review,full-name,docs/archive/conference/2018/68th-gsc-advisory-actions-english-en.pdf,,held for review: possible full names of members (1); published instead as the redacted copy docs/archive/conference/2018/68th-gsc-advisory-actions-english-en-redacted.pdf
archive-reports-2018-servathon-roundtable-summaries-2018-11-11-final-en,Archive,Reports,2018 Servathon Roundtable Summaries,,2018,2018,English,PDF,554,,,,area09.org (legacy site),review,personal-contact,docs/archive/reports/2018/servathon-roundtable-summaries-2018-11-11-final-en.pdf,,Held 2026-10-06 by scripts/scan-documents.py (personal-contact); counts in MSCA09AA-private/documents-held-for-anonymity-review.csv.
archive-reports-68th-gsc-final-report-en,Archive,Reports,2018 GSC Final Report,,2018,2018,English,PDF,9924,,,,area09.org (legacy site),review,full-name; personal-contact; sobriety-date,docs/archive/reports/68th-gsc-final-report-en.pdf,,Held 2026-10-06 by scripts/scan-documents.py (full-name; personal-contact; sobriety-date); counts in MSCA09AA-private/documents-held-for-anonymity-review.csv.
archive-workbooks-2018-2018-workbook-english-en,Archive,Workbooks,2018 Area Workbook,Cuaderno de trabajo del Área 2018,2018,2018,English,PDF,294,,,,area09.org (legacy site),review,personal-contact; sobriety-date,docs/archive/workbooks/2018/2018-workbook-english-en.pdf,,Held 2026-10-06 by scripts/scan-documents.py (personal-contact; sobriety-date); counts in MSCA09AA-private/documents-held-for-anonymity-review.csv.
archive-workbooks-2018-2018-workbook-spanish-es,Archive,Workbooks,2018 Area Workbook,Cuaderno de trabajo del Área 2018,2018,2018,Spanish,PDF,567,,,,area09.org (legacy site),review,sobriety-date,docs/archive/workbooks/2018/2018-workbook-spanish-es.pdf,,Held 2026-10-06 by scripts/scan-documents.py (sobriety-date); counts in MSCA09AA-private/documents-held-for-anonymity-review.csv.
archive-minutes-2017-10-oct-2017-draft-election-minutes-english-without-last-names-en,Archive,Minutes,Oct - Election 2017,,2017-10-08,2017,English,PDF,53,,,,area09.org (legacy site),review,personal-contact,docs/archive/minutes/2017/10-oct-2017-draft-election-minutes-english-without-last-names-en.pdf,,Held 2026-10-06 by scripts/scan-documents.py (personal-contact); counts in MSCA09AA-private/documents-held-for-anonymity-review.csv.
archive-minutes-2017-10-oct-2017-draft-election-minutes-spanish-without-last-names-es,Archive,Minutes,10 Oct 2017 Draft Election Minutes Spanish Without Last Names,,2017-10,2017,Spanish,PDF,108,,,,area09.org (legacy site),review,personal-contact,docs/archive/minutes/2017/10-oct-2017-draft-election-minutes-spanish-without-last-names-es.pdf,,Held 2026-10-06 by scripts/scan-documents.py (personal-contact); counts in MSCA09AA-private/documents-held-for-anonymity-review.csv.
archive-minutes-2017-09-sept-2017-asa-draft-minutes-spanish-es,Archive,Minutes,Assembly (ASA) Minutes – September 2017,Actas de la Asamblea (ASA) – septiembre de 2017,2017-09-10,2017,Spanish,PDF,201,ASA,,,area09.org (legacy site),review,sobriety-date,docs/archive/minutes/2017/09-sept-2017-asa-draft-minutes-spanish-es.pdf,,Held 2026-10-06 by scripts/scan-documents.py (sobriety-date); counts in MSCA09AA-private/documents-held-for-anonymity-review.csv.
archive-minutes-2017-08-aug-2017-asc-draft-minutes-english-en,Archive,Minutes,ASC Minutes – August 2017,Actas del CSA – agosto de 2017,2017-08-13,2017,English,PDF,195,ASC,,,area09.org (legacy site),review,personal-contact,docs/archive/minutes/2017/08-aug-2017-asc-draft-minutes-english-en.pdf,,"held for review: personal contact details (e-mails 0, phones 1); published instead as the redacted copy docs/archive/minutes/2017/08-aug-2017-asc-draft-minutes-english-en-redacted.pdf"
archive-minutes-2017-08-aug-2017-asc-draft-minutes-spanish-es,Archive,Minutes,ASC Minutes – August 2017,Actas del CSA – agosto de 2017,2017-08-13,2017,Spanish,PDF,266,ASC,,,area09.org (legacy site),review,personal-contact,docs/archive/minutes/2017/08-aug-2017-asc-draft-minutes-spanish-es.pdf,,"held for review: personal contact details (e-mails 0, phones 1); published instead as the redacted copy docs/archive/minutes/2017/08-aug-2017-asc-draft-minutes-spanish-es-redacted.pdf"
archive-minutes-2017-05-may-2017-asa-final-minutes-english-en,Archive,Minutes,Assembly (ASA) Minutes – May 2017,Actas de la Asamblea (ASA) – mayo de 2017,2017-05,2017,English,PDF,190,ASA,,,area09.org (legacy site),review,personal-contact,docs/archive/minutes/2017/05-may-2017-asa-final-minutes-english-en.pdf,,"held for review: personal contact details (e-mails 0, phones 2); published instead as the redacted copy docs/archive/minutes/2017/05-may-2017-asa-final-minutes-english-en-redacted.pdf"
archive-minutes-2017-05-may-2017-asa-final-minutes-spanish-es,Archive,Minutes,Assembly (ASA) Minutes – May 2017,Actas de la Asamblea (ASA) – mayo de 2017,2017-05,2017,Spanish,PDF,195,ASA,,,area09.org (legacy site),review,personal-contact,docs/archive/minutes/2017/05-may-2017-asa-final-minutes-spanish-es.pdf,,"held for review: personal contact details (e-mails 0, phones 1); published instead as the redacted copy docs/archive/minutes/2017/05-may-2017-asa-final-minutes-spanish-es-redacted.pdf"
archive-minutes-2017-03-mar-2017-asc-final-minutes-english-en,Archive,Minutes,ASC Minutes – March 2017,Actas del CSA – marzo de 2017,2017-03,2017,English,PDF,198,ASC,,,area09.org (legacy site),review,full-name,docs/archive/minutes/2017/03-mar-2017-asc-final-minutes-english-en.pdf,,Held 2026-10-06 by scripts/scan-documents.py (full-name); counts in MSCA09AA-private/documents-held-for-anonymity-review.csv.
archive-minutes-2017-03-mar-2017-asc-final-minutes-spanish-es,Archive,Minutes,ASC Minutes – March 2017,Actas del CSA – marzo de 2017,2017-03,2017,Spanish,PDF,188,ASC,,,area09.org (legacy site),review,full-name,docs/archive/minutes/2017/03-mar-2017-asc-final-minutes-spanish-es.pdf,,Held 2026-10-06 by scripts/scan-documents.py (full-name); counts in MSCA09AA-private/documents-held-for-anonymity-review.csv.
archive-minutes-2017-01-jan-2017-asa-final-minutes-english-en,Archive,Minutes,Assembly (ASA) Minutes – January 2017,Actas de la Asamblea (ASA) – enero de 2017,2017-01-08,2017,English,PDF,197,ASA,,,area09.org (legacy site),review,personal-contact,docs/archive/minutes/2017/01-jan-2017-asa-final-minutes-english-en.pdf,,"held for review: personal contact details (e-mails 0, phones 2); published instead as the redacted copy docs/archive/minutes/2017/01-jan-2017-asa-final-minutes-english-en-redacted.pdf"
archive-minutes-2017-01-jan-2017-asa-final-minutes-spanish-es,Archive,Minutes,Assembly (ASA) Minutes – January 2017,Actas de la Asamblea (ASA) – enero de 2017,2017-01-08,2017,Spanish,PDF,189,ASA,,,area09.org (legacy site),review,personal-contact,docs/archive/minutes/2017/01-jan-2017-asa-final-minutes-spanish-es.pdf,,"held for review: personal contact details (e-mails 0, phones 2); published instead as the redacted copy docs/archive/minutes/2017/01-jan-2017-asa-final-minutes-spanish-es-redacted.pdf"
archive-districts-d5-2017-newsletter-2017-2nd-qtr-issue-5-color-en,Archive,District,District 5 Newsletter – 2017,Boletín del Distrito 5 – 2017,2017,2017,English,PDF,2376,,d05,,area09.org (legacy site),review,personal-contact,docs/archive/districts/d5/2017/newsletter-2017-2nd-qtr-issue-5-color-en.pdf,,"held for review: personal contact details (e-mails 1, phones 0); published instead as the redacted copy docs/archive/districts/d5/2017/newsletter-2017-2nd-qtr-issue-5-color-en-redacted.pdf"
archive-districts-d5-2017-newsletter-2017-3rd-qtr-issue-6-color-en,Archive,District,District 5 Newsletter – 2017,Boletín del Distrito 5 – 2017,2017,2017,English,PDF,2098,,d05,,area09.org (legacy site),review,personal-contact,docs/archive/districts/d5/2017/newsletter-2017-3rd-qtr-issue-6-color-en.pdf,,"held for review: personal contact details (e-mails 2, phones 0); published instead as the redacted copy docs/archive/districts/d5/2017/newsletter-2017-3rd-qtr-issue-6-color-en-redacted.pdf"
archive-districts-d5-2017-newsletter-2017-4th-qtr-issue-7-en,Archive,District,District 5 Newsletter – 2017,Boletín del Distrito 5 – 2017,2017,2017,English,PDF,7893,,d05,,area09.org (legacy site),review,personal-contact,docs/archive/districts/d5/2017/newsletter-2017-4th-qtr-issue-7-en.pdf,,"held for review: personal contact details (e-mails 0, phones 1); published instead as the redacted copy docs/archive/districts/d5/2017/newsletter-2017-4th-qtr-issue-7-en-redacted.pdf"
archive-finances-2018-2017-final-budget-en,Archive,Finances,Area budget 2017,Presupuesto del Área 2017,2017,2017,English,PDF,197,,,finance,area09.org (legacy site),review,full-name,docs/archive/finances/2018/2017-final-budget-en.pdf,,Held 2026-10-06 by scripts/scan-documents.py (full-name); counts in MSCA09AA-private/documents-held-for-anonymity-review.csv.
archive-workbooks-2017-2017workbookenglish-en,Archive,Workbooks,2017 Area Workbook,Cuaderno de trabajo del Área 2017,2017,2017,English,PDF,306,,,,area09.org (legacy site),review,personal-contact; sobriety-date,docs/archive/workbooks/2017/2017workbookenglish-en.pdf,,Held 2026-10-06 by scripts/scan-documents.py (personal-contact; sobriety-date); counts in MSCA09AA-private/documents-held-for-anonymity-review.csv.
archive-workbooks-2017-2017workbookespanol-es,Archive,Workbooks,2017 Area Workbook,Cuaderno de trabajo del Área 2017,2017,2017,Spanish,PDF,334,,,,area09.org (legacy site),review,personal-contact; sobriety-date,docs/archive/workbooks/2017/2017workbookespanol-es.pdf,,Held 2026-10-06 by scripts/scan-documents.py (personal-contact; sobriety-date); counts in MSCA09AA-private/documents-held-for-anonymity-review.csv.
archive-minutes-2016-12-dec-2016-asc-final-minutes-spanish-es,Archive,Minutes,ASC Minutes – December 2016,Actas del CSA – diciembre de 2016,2016-12,2016,Spanish,PDF,189,ASC,,,area09.org (legacy site),review,personal-contact,docs/archive/minutes/2016/12-dec-2016-asc-final-minutes-spanish-es.pdf,,"held for review: personal contact details (e-mails 0, phones 1); published instead as the redacted copy docs/archive/minutes/2016/12-dec-2016-asc-final-minutes-spanish-es-redacted.pdf"
archive-minutes-2016-10-oct-2016-asc-final-minutes-english-en,Archive,Minutes,ASC Minutes – October 2016,Actas del CSA – octubre de 2016,2016-10-09,2016,English,PDF,199,ASC,,,area09.org (legacy site),review,personal-contact,docs/archive/minutes/2016/10-oct-2016-asc-final-minutes-english-en.pdf,,Held 2026-10-06 by scripts/scan-documents.py (personal-contact); counts in MSCA09AA-private/documents-held-for-anonymity-review.csv.
archive-minutes-2016-10-oct-2016-asc-final-minutes-spanish-es,Archive,Minutes,ASC Minutes – October 2016,Actas del CSA – octubre de 2016,2016-10-09,2016,Spanish,PDF,237,ASC,,,area09.org (legacy site),review,personal-contact,docs/archive/minutes/2016/10-oct-2016-asc-final-minutes-spanish-es.pdf,,Held 2026-10-06 by scripts/scan-documents.py (personal-contact); counts in MSCA09AA-private/documents-held-for-anonymity-review.csv.
archive-minutes-2016-09-sept-2016-asa-final-minutes-spanish-es,Archive,Minutes,Assembly (ASA) Minutes – September 2016,Actas de la Asamblea (ASA) – septiembre de 2016,2016-09,2016,Spanish,PDF,289,ASA,,,area09.org (legacy site),review,personal-contact,docs/archive/minutes/2016/09-sept-2016-asa-final-minutes-spanish-es.pdf,,Held 2026-10-06 by scripts/scan-documents.py (personal-contact); counts in MSCA09AA-private/documents-held-for-anonymity-review.csv.
archive-newsletters-2016-september-2016-spanish-es,Archive,Newsletters,Area Newsletter – September 2016,Boletín del Área – septiembre de 2016,2016-09,2016,Spanish,PDF,488,,,,area09.org (legacy site),review,full-name,docs/archive/newsletters/2016/september-2016-spanish-es.pdf,,Held 2026-10-06 by scripts/scan-documents.py (full-name); counts in MSCA09AA-private/documents-held-for-anonymity-review.csv.
archive-minutes-2016-08-aug-2016-asc-final-minutes-english-en,Archive,Minutes,ASC Minutes – August 2016,Actas del CSA – agosto de 2016,2016-08-14,2016,English,PDF,286,ASC,,,area09.org (legacy site),review,personal-contact,docs/archive/minutes/2016/08-aug-2016-asc-final-minutes-english-en.pdf,,Held 2026-10-06 by scripts/scan-documents.py (personal-contact); counts in MSCA09AA-private/documents-held-for-anonymity-review.csv.
archive-minutes-2016-08-aug-2016-asc-final-minutes-spanish-es,Archive,Minutes,ASC Minutes – August 2016,Actas del CSA – agosto de 2016,2016-08-14,2016,Spanish,PDF,334,ASC,,,area09.org (legacy site),review,personal-contact,docs/archive/minutes/2016/08-aug-2016-asc-final-minutes-spanish-es.pdf,,Held 2026-10-06 by scripts/scan-documents.py (personal-contact); counts in MSCA09AA-private/documents-held-for-anonymity-review.csv.
archive-newsletters-2016-august-2016-espanol-es,Archive,Newsletters,Area Newsletter – August 2016,Boletín del Área – agosto de 2016,2016-08,2016,Spanish,PDF,272,,,,area09.org (legacy site),review,personal-contact,docs/archive/newsletters/2016/august-2016-espanol-es.pdf,,Held 2026-10-06 by scripts/scan-documents.py (personal-contact); counts in MSCA09AA-private/documents-held-for-anonymity-review.csv.
archive-finances-2016-jun-2016-contributions253-en,Archive,Finances,Jun 2016 Contributions 253,,2016-06,2016,English,PDF,1048,,,,area09.org (legacy site),review,personal-contact,docs/archive/finances/2016/jun-2016-contributions253-en.pdf,,Held 2026-10-06 by scripts/scan-documents.py (personal-contact); counts in MSCA09AA-private/documents-held-for-anonymity-review.csv.
archive-minutes-2016-06-jun-2016-asc-final-minutes-spanish-es,Archive,Minutes,ASC Minutes – June 2016,Actas del CSA – junio de 2016,2016-06,2016,Spanish,PDF,203,ASC,,,area09.org (legacy site),review,personal-contact,docs/archive/minutes/2016/06-jun-2016-asc-final-minutes-spanish-es.pdf,,"held for review: personal contact details (e-mails 1, phones 0); published instead as the redacted copy docs/archive/minutes/2016/06-jun-2016-asc-final-minutes-spanish-es-redacted.pdf"
archive-minutes-2016-jun-2016-asc-final-minutes-english-en,Archive,Minutes,ASC Minutes – June 2016,Actas del CSA – junio de 2016,2016-06,2016,English,PDF,209,ASC,,,area09.org (legacy site),review,personal-contact,docs/archive/minutes/2016/jun-2016-asc-final-minutes-english-en.pdf,,"held for review: personal contact details (e-mails 1, phones 0); published instead as the redacted copy docs/archive/minutes/2016/jun-2016-asc-final-minutes-english-en-redacted.pdf"
archive-finances-2016-may-2016-contributions251-en,Archive,Finances,May 2016 Contributions 251,,2016-05,2016,English,PDF,906,,,,area09.org (legacy site),review,personal-contact,docs/archive/finances/2016/may-2016-contributions251-en.pdf,,Held 2026-10-06 by scripts/scan-documents.py (personal-contact); counts in MSCA09AA-private/documents-held-for-anonymity-review.csv.
archive-finances-2016-apr-2016-contributions250-en,Archive,Finances,Apr 2016 Contributions 250,,2016-04,2016,English,PDF,990,,,,area09.org (legacy site),review,personal-contact,docs/archive/finances/2016/apr-2016-contributions250-en.pdf,,"held for review: personal contact details (e-mails 0, phones 1)"
archive-finances-2016-mar-2016-contributions249-en,Archive,Finances,Mar 2016 Contributions 249,,2016-03,2016,English,PDF,785,,,,area09.org (legacy site),review,personal-contact,docs/archive/finances/2016/mar-2016-contributions249-en.pdf,,Held 2026-10-06 by scripts/scan-documents.py (personal-contact); counts in MSCA09AA-private/documents-held-for-anonymity-review.csv.
archive-minutes-2016-mar-2016-asc-final-minutes-english-en,Archive,Minutes,ASC Minutes – March 2016,Actas del CSA – marzo de 2016,2016-03,2016,English,PDF,218,ASC,,,area09.org (legacy site),review,personal-contact,docs/archive/minutes/2016/mar-2016-asc-final-minutes-english-en.pdf,,"held for review: personal contact details (e-mails 0, phones 1); published instead as the redacted copy docs/archive/minutes/2016/mar-2016-asc-final-minutes-english-en-redacted.pdf"
archive-minutes-2016-s-mar-2016-asc-final-minutes-spanish-es,Archive,Minutes,ASC Minutes – March 2016,Actas del CSA – marzo de 2016,2016-03,2016,Spanish,PDF,112,ASC,,,area09.org (legacy site),review,personal-contact,docs/archive/minutes/2016/s-mar-2016-asc-final-minutes-spanish-es.pdf,,"held for review: personal contact details (e-mails 0, phones 1); published instead as the redacted copy docs/archive/minutes/2016/s-mar-2016-asc-final-minutes-spanish-es-redacted.pdf"
archive-minutes-2016-feb-2016-asc-final-minutes-english-en,Archive,Minutes,ASC Minutes – February 2016,Actas del CSA – febrero de 2016,2016-02-14,2016,English,PDF,334,ASC,,,area09.org (legacy site),review,personal-contact,docs/archive/minutes/2016/feb-2016-asc-final-minutes-english-en.pdf,,"held for review: personal contact details (e-mails 1, phones 1); published instead as the redacted copy docs/archive/minutes/2016/feb-2016-asc-final-minutes-english-en-redacted.pdf"
archive-minutes-2016-s-feb-2016-asc-final-minutes-spanish-es,Archive,Minutes,ASC Minutes – February 2016,Actas del CSA – febrero de 2016,2016-02-14,2016,Spanish,PDF,234,ASC,,,area09.org (legacy site),review,personal-contact,docs/archive/minutes/2016/s-feb-2016-asc-final-minutes-spanish-es.pdf,,"held for review: personal contact details (e-mails 1, phones 2); published instead as the redacted copy docs/archive/minutes/2016/s-feb-2016-asc-final-minutes-spanish-es-redacted.pdf"
archive-finances-2016-feb-2016-contributions248-en,Archive,Finances,Feb 2016 Contributions 248,,2016-02,2016,English,PDF,807,,,,area09.org (legacy site),review,personal-contact,docs/archive/finances/2016/feb-2016-contributions248-en.pdf,,Held 2026-10-06 by scripts/scan-documents.py (personal-contact); counts in MSCA09AA-private/documents-held-for-anonymity-review.csv.
archive-finances-2016-jan-2016-contributions247-en,Archive,Finances,Jan 2016 Contributions 247,,2016-01,2016,English,PDF,1125,,,,area09.org (legacy site),review,personal-contact,docs/archive/finances/2016/jan-2016-contributions247-en.pdf,,Held 2026-10-06 by scripts/scan-documents.py (personal-contact); counts in MSCA09AA-private/documents-held-for-anonymity-review.csv.
archive-minutes-2016-jan-2016-asa-final-minutes-english-en,Archive,Minutes,Assembly (ASA) Minutes – January 2016,Actas de la Asamblea (ASA) – enero de 2016,2016-01,2016,English,PDF,171,ASA,,,area09.org (legacy site),review,full-name,docs/archive/minutes/2016/jan-2016-asa-final-minutes-english-en.pdf,,Held 2026-10-06 by scripts/scan-documents.py (full-name); counts in MSCA09AA-private/documents-held-for-anonymity-review.csv.
archive-reports-2016-total-2016-en,Archive,Reports,Total 2016,,2016,2016,English,PDF,388,,,,area09.org (legacy site),review,full-name; personal-contact,docs/archive/reports/2016/total-2016-en.pdf,,Held 2026-10-06 by scripts/scan-documents.py (full-name; personal-contact); counts in MSCA09AA-private/documents-held-for-anonymity-review.csv.
archive-newsletters-2016-septermber-2016-english-en,Archive,Newsletters,Septermber 2016,,2016,2016,English,PDF,461,,,,area09.org (legacy site),review,full-name,docs/archive/newsletters/2016/septermber-2016-english-en.pdf,,Held 2026-10-06 by scripts/scan-documents.py (full-name); counts in MSCA09AA-private/documents-held-for-anonymity-review.csv.
guidelines-committee-unlisted-grapevine-lavina-final-guidelines-in-english-january-2016,Archive,Guidelines,Grapevine LaVina Final Guidelines in English January 2016,,,2016,English,PDF,,,,,Area Drive (docs/Committee Guidelines),no,,docs/Committee Guidelines/Grapevine-LaVina-Final-Guidelines-in-English-January-2016.pdf,,"Listed only so the automatic Drive listing skips it: possibly superseded or a draft. Check it against the committee's current guidelines; set publish = yes (and fill title_es) if it is the current version, or move the file to docs/Committee Guidelines/OLD."
archive-districts-d5-2016-newsletter-2016-2nd-qtr-issue-1-color-en,Archive,District,District 5 Newsletter – 2016,Boletín del Distrito 5 – 2016,2016,2016,English,PDF,1817,,d05,,area09.org (legacy site),review,sobriety-date,docs/archive/districts/d5/2016/newsletter-2016-2nd-qtr-issue-1-color-en.pdf,,Held 2026-10-06 by scripts/scan-documents.py (sobriety-date); counts in MSCA09AA-private/documents-held-for-anonymity-review.csv.
archive-districts-d5-2016-newsletter-2016-3rd-qtr-issue-2-color-en,Archive,District,District 5 Newsletter – 2016,Boletín del Distrito 5 – 2016,2016,2016,English,PDF,2254,,d05,,area09.org (legacy site),review,full-name,docs/archive/districts/d5/2016/newsletter-2016-3rd-qtr-issue-2-color-en.pdf,,Held 2026-10-06 by scripts/scan-documents.py (full-name); counts in MSCA09AA-private/documents-held-for-anonymity-review.csv.
archive-praasa-2016-praasa-2016-special-needs-roundtable-en,Archive,PRAASA,2016 PRAASA Special NeedsRoundtable,,2016,2016,English,PDF,56,,,accessibilities,area09.org (legacy site),review,full-name,docs/archive/praasa/2016/praasa-2016-special-needs-roundtable-en.pdf,,Held 2026-10-06 by scripts/scan-documents.py (full-name); counts in MSCA09AA-private/documents-held-for-anonymity-review.csv.
archive-praasa-2016-praasa-corrections-minutes-march-5-2016-en,Archive,PRAASA,2016 PRAASA Corrections Minutes,,2016,2016,English,PDF,80,,,corrections,area09.org (legacy site),review,personal-contact,docs/archive/praasa/2016/praasa-corrections-minutes-march-5-2016-en.pdf,,"held for review: personal contact details (e-mails 1, phones 0); published instead as the redacted copy docs/archive/praasa/2016/praasa-corrections-minutes-march-5-2016-en-redacted.pdf"
archive-workbooks-2016-2016workbook-english-en,Archive,Workbooks,2016 Area Workbook,Cuaderno de trabajo del Área 2016,2016,2016,English,PDF,400,,,,area09.org (legacy site),review,personal-contact; sobriety-date,docs/archive/workbooks/2016/2016workbook-english-en.pdf,,Held 2026-10-06 by scripts/scan-documents.py (personal-contact; sobriety-date); counts in MSCA09AA-private/documents-held-for-anonymity-review.csv.
archive-minutes-2015-nov-asc-minutes-english-2015-en,Archive,Minutes,ASC Minutes – November 2015,Actas del CSA – noviembre de 2015,2015-11-08,2015,English,PDF,214,ASC,,,area09.org (legacy site),review,personal-contact,docs/archive/minutes/2015/nov-asc-minutes-english-2015-en.pdf,,Held 2026-10-06 by scripts/scan-documents.py (personal-contact); counts in MSCA09AA-private/documents-held-for-anonymity-review.csv.
archive-minutes-2015-s-nov-asc-minutes-spanish-2015-es,Archive,Minutes,ASC Minutes – November 2015,Actas del CSA – noviembre de 2015,2015-11-08,2015,Spanish,PDF,296,ASC,,,area09.org (legacy site),review,full-name; personal-contact,docs/archive/minutes/2015/s-nov-asc-minutes-spanish-2015-es.pdf,,Held 2026-10-06 by scripts/scan-documents.py (full-name; personal-contact); counts in MSCA09AA-private/documents-held-for-anonymity-review.csv.
archive-minutes-2015-aug-asc-minutes-english-2015-en,Archive,Minutes,ASC Minutes – August 2015,Actas del CSA – agosto de 2015,2015-08-09,2015,English,PDF,552,ASC,,,area09.org (legacy site),review,personal-contact,docs/archive/minutes/2015/aug-asc-minutes-english-2015-en.pdf,,"held for review: personal contact details (e-mails 0, phones 1); published instead as the redacted copy docs/archive/minutes/2015/aug-asc-minutes-english-2015-en-redacted.pdf"
archive-minutes-2015-s-aug-asc-minutess-spanish-2015-2-es,Archive,Minutes,ASC Minutes – August 2015,Actas del CSA – agosto de 2015,2015-08-09,2015,Spanish,PDF,669,ASC,,,area09.org (legacy site),review,personal-contact,docs/archive/minutes/2015/s-aug-asc-minutess-spanish-2015-2-es.pdf,,"held for review: personal contact details (e-mails 0, phones 1); published instead as the redacted copy docs/archive/minutes/2015/s-aug-asc-minutess-spanish-2015-2-es-redacted.pdf"
archive-minutes-2015-june-asc-minutes-english-2015-en,Archive,Minutes,ASC Minutes – June 2015,Actas del CSA – junio de 2015,2015-06-14,2015,English,PDF,320,ASC,,,area09.org (legacy site),review,full-name,docs/archive/minutes/2015/june-asc-minutes-english-2015-en.pdf,,held for review: possible full names of members (1); published instead as the redacted copy docs/archive/minutes/2015/june-asc-minutes-english-2015-en-redacted.pdf
archive-minutes-2015-march-asc-minutes-2015-english-a-en,Archive,Minutes,ASC Minutes – March 2015,Actas del CSA – marzo de 2015,2015-03-15,2015,English,PDF,304,ASC,,,area09.org (legacy site),review,full-name,docs/archive/minutes/2015/march-asc-minutes-2015-english-a-en.pdf,,held for review: possible full names of members (1); published instead as the redacted copy docs/archive/minutes/2015/march-asc-minutes-2015-english-a-en-redacted.pdf
archive-minutes-2015-feb-asc-minutes-2015-english-en,Archive,Minutes,ASC Minutes – February 2015,Actas del CSA – febrero de 2015,2015-02-08,2015,English,PDF,374,ASC,,,area09.org (legacy site),review,full-name,docs/archive/minutes/2015/feb-asc-minutes-2015-english-en.pdf,,held for review: possible full names of members (1); published instead as the redacted copy docs/archive/minutes/2015/feb-asc-minutes-2015-english-en-redacted.pdf
archive-minutes-2015-s-feb-asc-minutes-2015-spanish-es,Archive,Minutes,ASC Minutes – February 2015,Actas del CSA – febrero de 2015,2015-02-08,2015,Spanish,PDF,296,ASC,,,area09.org (legacy site),review,full-name,docs/archive/minutes/2015/s-feb-asc-minutes-2015-spanish-es.pdf,,held for review: possible full names of members (1); published instead as the redacted copy docs/archive/minutes/2015/s-feb-asc-minutes-2015-spanish-es-redacted.pdf
archive-minutes-2015-jan-assembly-minutes-2015-english-en,Archive,Minutes,Assembly (ASA) Minutes – January 2015,Actas de la Asamblea (ASA) – enero de 2015,2015-01-11,2015,English,PDF,315,ASA,,,area09.org (legacy site),review,full-name,docs/archive/minutes/2015/jan-assembly-minutes-2015-english-en.pdf,,held for review: possible full names of members (1); published instead as the redacted copy docs/archive/minutes/2015/jan-assembly-minutes-2015-english-en-redacted.pdf
archive-minutes-2015-s-jan-assembly-minutes-2015-spanish-es,Archive,Minutes,Assembly (ASA) Minutes – January 2015,Actas de la Asamblea (ASA) – enero de 2015,2015-01-11,2015,Spanish,PDF,223,ASA,,,area09.org (legacy site),review,full-name,docs/archive/minutes/2015/s-jan-assembly-minutes-2015-spanish-es.pdf,,held for review: possible full names of members (1); published instead as the redacted copy docs/archive/minutes/2015/s-jan-assembly-minutes-2015-spanish-es-redacted.pdf
archive-districts-d15-officers-chairs-d15-en,Archive,District,"Officers,Chairs d 15",,,2015,English,PDF,94,,d15,,area09.org (legacy site),review,full-name,docs/archive/districts/d15/officers-chairs-d15-en.pdf,,held for review: possible full names of members (1); published instead as the redacted copy docs/archive/districts/d15/officers-chairs-d15-en-redacted.pdf
archive-newsletters-2015-newsletter-area-09-volume-39-11-en,Archive,Newsletters,Newsletter Area 09 VOLUME 39 11 2015,,2015,2015,English,PDF,682,,,,area09.org (legacy site),review,full-name,docs/archive/newsletters/2015/newsletter-area-09-volume-39-11-en.pdf,,Held 2026-10-06 by scripts/scan-documents.py (full-name); counts in MSCA09AA-private/documents-held-for-anonymity-review.csv.
archive-newsletters-2015-newsletter-area09-vol39-9-en,Archive,Newsletters,Newsletter Area 09 VOL 39 9 2015,,2015,2015,English,PDF,492,,,,area09.org (legacy site),review,full-name,docs/archive/newsletters/2015/newsletter-area09-vol39-9-en.pdf,,Held 2026-10-06 by scripts/scan-documents.py (full-name); counts in MSCA09AA-private/documents-held-for-anonymity-review.csv.
archive-districts-d15-d15newsnov-en,Archive,District,District 15 News Nov,,,2015,English,PDF,195,,d15,,area09.org (legacy site),review,personal-contact,docs/archive/districts/d15/d15newsnov-en.pdf,,Held 2026-10-06 by scripts/scan-documents.py (personal-contact); counts in MSCA09AA-private/documents-held-for-anonymity-review.csv.
archive-districts-d15-d15minmar2-en,Archive,District,District 15 Minutes Mar 2,,,2015,English,PDF,20,,d15,,area09.org (legacy site),review,full-name,docs/archive/districts/d15/d15minmar2-en.pdf,,Held 2026-10-06 by scripts/scan-documents.py (full-name); counts in MSCA09AA-private/documents-held-for-anonymity-review.csv.
archive-workbooks-2015-2015-msca-workbook-en,Archive,Workbooks,2015 Area Workbook,Cuaderno de trabajo del Área 2015,2015,2015,English,PDF,1207,,,,area09.org (legacy site),review,personal-contact,docs/archive/workbooks/2015/2015-msca-workbook-en.pdf,,Held 2026-10-06 by scripts/scan-documents.py (personal-contact); counts in MSCA09AA-private/documents-held-for-anonymity-review.csv.
archive-minutes-2014-oct-board-minutes-2014-en,Archive,Minutes,Board Minutes – October 2014,Actas de la Junta – octubre de 2014,2014-10-19,2014,English,PDF,99,Board,,,area09.org (legacy site),review,full-name,docs/archive/minutes/2014/oct-board-minutes-2014-en.pdf,,Held 2026-10-06 by scripts/scan-documents.py (full-name); counts in MSCA09AA-private/documents-held-for-anonymity-review.csv.
archive-minutes-2014-oct-asc-minutes-english-en,Archive,Minutes,ASC Minutes – October 2014,Actas del CSA – octubre de 2014,2014-10-12,2014,English,PDF,174,ASC,,,area09.org (legacy site),review,full-name,docs/archive/minutes/2014/oct-asc-minutes-english-en.pdf,,held for review: possible full names of members (1); published instead as the redacted copy docs/archive/minutes/2014/oct-asc-minutes-english-en-redacted.pdf
archive-minutes-2014-sept-assembly-minutes-2014-spanish-es,Archive,Minutes,Assembly (ASA) Minutes – September 2014,Actas de la Asamblea (ASA) – septiembre de 2014,2014-09-14,2014,Spanish,PDF,173,ASA,,,area09.org (legacy site),review,full-name,docs/archive/minutes/2014/sept-assembly-minutes-2014-spanish-es.pdf,,held for review: possible full names of members (2); published instead as the redacted copy docs/archive/minutes/2014/sept-assembly-minutes-2014-spanish-es-redacted.pdf
archive-minutes-2014-sept-assembly-minutes-2014-english-en,Archive,Minutes,Assembly (ASA) Minutes – September 2014,Actas de la Asamblea (ASA) – septiembre de 2014,2014-09-14,2014,English,PDF,179,ASA,,,area09.org (legacy site),review,full-name,docs/archive/minutes/2014/sept-assembly-minutes-2014-english-en.pdf,,held for review: possible full names of members (1); published instead as the redacted copy docs/archive/minutes/2014/sept-assembly-minutes-2014-english-en-redacted.pdf
archive-minutes-2014-aug-board-minutes-2014-en,Archive,Minutes,Board Minutes – August 2014,Actas de la Junta – agosto de 2014,2014-08-24,2014,English,PDF,116,Board,,,area09.org (legacy site),review,sobriety-date,docs/archive/minutes/2014/aug-board-minutes-2014-en.pdf,,Held 2026-10-06 by scripts/scan-documents.py (sobriety-date); counts in MSCA09AA-private/documents-held-for-anonymity-review.csv.
archive-minutes-2014-aug-asc-minutes-english-en,Archive,Minutes,ASC Minutes – August 2014,Actas del CSA – agosto de 2014,2014-08-10,2014,English,PDF,166,ASC,,,area09.org (legacy site),review,full-name,docs/archive/minutes/2014/aug-asc-minutes-english-en.pdf,,held for review: possible full names of members (2); published instead as the redacted copy docs/archive/minutes/2014/aug-asc-minutes-english-en-redacted.pdf
archive-minutes-2014-06-2014-asc-minutes-english-en,Archive,Minutes,ASC Minutes – June 2014,Actas del CSA – junio de 2014,2014-06-08,2014,English,PDF,116,ASC,,,area09.org (legacy site),review,full-name,docs/archive/minutes/2014/06-2014-asc-minutes-english-en.pdf,,held for review: possible full names of members (1); published instead as the redacted copy docs/archive/minutes/2014/06-2014-asc-minutes-english-en-redacted.pdf
archive-minutes-2014-05-2014-asc-minutes-english-en,Archive,Minutes,Assembly (ASA) Minutes – May 2014,Actas de la Asamblea (ASA) – mayo de 2014,2014-05-18,2014,English,PDF,106,ASA,,,area09.org (legacy site),review,full-name,docs/archive/minutes/2014/05-2014-asc-minutes-english-en.pdf,,held for review: possible full names of members (1); published instead as the redacted copy docs/archive/minutes/2014/05-2014-asc-minutes-english-en-redacted.pdf
archive-minutes-2014-03-2014-asc-minutes-english-en,Archive,Minutes,ASC Minutes – March 2014,Actas del CSA – marzo de 2014,2014-03-16,2014,English,PDF,123,ASC,,,area09.org (legacy site),review,full-name; sobriety-date,docs/archive/minutes/2014/03-2014-asc-minutes-english-en.pdf,,Held 2026-10-06 by scripts/scan-documents.py (full-name; sobriety-date); counts in MSCA09AA-private/documents-held-for-anonymity-review.csv.
archive-minutes-2014-01-2014-asc-minutes-english-en,Archive,Minutes,Assembly (ASA) Minutes – January 2014,Actas de la Asamblea (ASA) – enero de 2014,2014-01-12,2014,English,PDF,97,ASA,,,area09.org (legacy site),review,sobriety-date,docs/archive/minutes/2014/01-2014-asc-minutes-english-en.pdf,,Held 2026-10-06 by scripts/scan-documents.py (sobriety-date); counts in MSCA09AA-private/documents-held-for-anonymity-review.csv.
archive-newsletters-2014-volume-38-3-page1-en,Archive,Newsletters,VOLUME 38 3 PAGE 1 2014,,2014,2014,English,Word,436,,,,area09.org (legacy site),review,sobriety-date,docs/archive/newsletters/2014/volume-38-3-page1-en.docx,,Held 2026-10-06 by scripts/scan-documents.py (sobriety-date); counts in MSCA09AA-private/documents-held-for-anonymity-review.csv.
archive-newsletters-2014-volume-38-2-page1-en,Archive,Newsletters,VOLUME 38 2 PAGE 1 2014,,2014,2014,English,Word,238,,,,area09.org (legacy site),review,full-name,docs/archive/newsletters/2014/volume-38-2-page1-en.docx,,Held 2026-10-06 by scripts/scan-documents.py (full-name); counts in MSCA09AA-private/documents-held-for-anonymity-review.csv.
archive-newsletters-2014-s-jannews14-en,Archive,Newsletters,Jan News 14 2014,,2014,2014,Spanish,PDF,414,,,,area09.org (legacy site),review,sobriety-date,docs/archive/newsletters/2014/s-jannews14-en.pdf,,Held 2026-10-06 by scripts/scan-documents.py (sobriety-date); counts in MSCA09AA-private/documents-held-for-anonymity-review.csv.
archive-workbooks-2014-2014workbook-english-en,Archive,Workbooks,2014 Area Workbook,Cuaderno de trabajo del Área 2014,2014,2014,English,PDF,1144,,,,area09.org (legacy site),review,personal-contact,docs/archive/workbooks/2014/2014workbook-english-en.pdf,,"held for review: personal contact details (e-mails 0, phones 1); published instead as the redacted copy docs/archive/workbooks/2014/2014workbook-english-en-redacted.pdf"
archive-workbooks-2014-libro-de-trabajo-del-2014-en,Archive,Workbooks,2014 Area Workbook,Cuaderno de trabajo del Área 2014,2014,2014,English,PDF,918,,,,area09.org (legacy site),review,personal-contact,docs/archive/workbooks/2014/libro-de-trabajo-del-2014-en.pdf,,"held for review: personal contact details (e-mails 0, phones 1); published instead as the redacted copy docs/archive/workbooks/2014/libro-de-trabajo-del-2014-en-redacted.pdf"
archive-minutes-2014-02-2014-asc-minutes-english-en,Archive,Minutes,02 2014 ASC Minutes.english,,2014,2014,English,PDF,114,ASC,,,area09.org (legacy site),review,full-name,docs/archive/minutes/2014/02-2014-asc-minutes-english-en.pdf,,held for review: possible full names of members (1); published instead as the redacted copy docs/archive/minutes/2014/02-2014-asc-minutes-english-en-redacted.pdf
archive-districts-d15-d15mindec13-en,Archive,District,District 15 Minutes – December 2013,Actas del Distrito 15 – diciembre de 2013,2013-12,2013,English,PDF,314,,d15,,area09.org (legacy site),review,personal-contact,docs/archive/districts/d15/d15mindec13-en.pdf,,Held 2026-10-06 by scripts/scan-documents.py (personal-contact); counts in MSCA09AA-private/documents-held-for-anonymity-review.csv.
archive-minutes-2013-nov2013asc-en,Archive,Minutes,ASC Minutes – November 2013,Actas del CSA – noviembre de 2013,2013-11-10,2013,English,PDF,53,ASC,,,area09.org (legacy site),review,full-name,docs/archive/minutes/2013/nov2013asc-en.pdf,,held for review: possible full names of members (1); published instead as the redacted copy docs/archive/minutes/2013/nov2013asc-en-redacted.pdf
archive-minutes-2013-s-nov2013asc-en,Archive,Minutes,ASC Minutes – November 2013,Actas del CSA – noviembre de 2013,2013-11-10,2013,English,PDF,53,ASC,,,area09.org (legacy site),review,full-name,docs/archive/minutes/2013/s-nov2013asc-en.pdf,,held for review: possible full names of members (1); published instead as the redacted copy docs/archive/minutes/2013/s-nov2013asc-en-redacted.pdf
archive-minutes-2013-aug2013asc-en,Archive,Minutes,ASC Minutes – August 2013,Actas del CSA – agosto de 2013,2013-08-11,2013,English,PDF,315,ASC,,,area09.org (legacy site),review,full-name,docs/archive/minutes/2013/aug2013asc-en.pdf,,held for review: possible full names of members (1); published instead as the redacted copy docs/archive/minutes/2013/aug2013asc-en-redacted.pdf
archive-minutes-2013-jun2013-asc-en,Archive,Minutes,ASC Minutes – June 2013,Actas del CSA – junio de 2013,2013-06-09,2013,English,PDF,58,ASC,,,area09.org (legacy site),review,full-name; sobriety-date,docs/archive/minutes/2013/jun2013-asc-en.pdf,,Held 2026-10-06 by scripts/scan-documents.py (full-name; sobriety-date); counts in MSCA09AA-private/documents-held-for-anonymity-review.csv.
archive-districts-d15-2013-d15minjun2013-en,Archive,District,District 15 Minutes – June 2013,Actas del Distrito 15 – junio de 2013,2013-06,2013,English,PDF,90,,d15,,area09.org (legacy site),review,full-name,docs/archive/districts/d15/2013/d15minjun2013-en.pdf,,Held 2026-10-06 by scripts/scan-documents.py (full-name); counts in MSCA09AA-private/documents-held-for-anonymity-review.csv.
archive-minutes-2013-may4-2013-board-en,Archive,Minutes,Board Minutes – May 2013,Actas de la Junta – mayo de 2013,2013-05-04,2013,English,PDF,48,Board,,,area09.org (legacy site),review,personal-contact,docs/archive/minutes/2013/may4-2013-board-en.pdf,,Held 2026-10-06 by scripts/scan-documents.py (personal-contact); counts in MSCA09AA-private/documents-held-for-anonymity-review.csv.
archive-minutes-2013-feb16-2013-board-en,Archive,Minutes,Board Minutes – February 2013,Actas de la Junta – febrero de 2013,2013-02-16,2013,English,PDF,44,Board,,,area09.org (legacy site),review,full-name,docs/archive/minutes/2013/feb16-2013-board-en.pdf,,held for review: possible full names of members (1); published instead as the redacted copy docs/archive/minutes/2013/feb16-2013-board-en-redacted.pdf
archive-newsletters-2013-s-newsfeb13-es,Archive,Newsletters,Area Newsletter – February 2013,Boletín del Área – febrero de 2013,2013-02-13,2013,Spanish,PDF,531,,,,area09.org (legacy site),review,personal-contact,docs/archive/newsletters/2013/s-newsfeb13-es.pdf,,Held 2026-10-06 by scripts/scan-documents.py (personal-contact); counts in MSCA09AA-private/documents-held-for-anonymity-review.csv.
archive-minutes-2013-febasc-minutes-en,Archive,Minutes,ASC Minutes – February 2013,Actas del CSA – febrero de 2013,2013-02,2013,English,PDF,125,ASC,,,area09.org (legacy site),review,personal-contact,docs/archive/minutes/2013/febasc-minutes-en.pdf,,Held 2026-10-06 by scripts/scan-documents.py (personal-contact); counts in MSCA09AA-private/documents-held-for-anonymity-review.csv.
archive-minutes-2013-s-febasc-minutes-en,Archive,Minutes,ASC Minutes – February 2013,Actas del CSA – febrero de 2013,2013-02,2013,Spanish,PDF,79,ASC,,,area09.org (legacy site),review,full-name; personal-contact,docs/archive/minutes/2013/s-febasc-minutes-en.pdf,,language detected from text: Spanish (was English) Held 2026-10-06 by scripts/scan-documents.py (full-name; personal-contact); counts in MSCA09AA-private/documents-held-for-anonymity-review.csv.
archive-minutes-2013-janassembly-minutes-en,Archive,Minutes,Assembly (ASA) Minutes – January 2013,Actas de la Asamblea (ASA) – enero de 2013,2013-01-13,2013,English,PDF,223,ASA,,,area09.org (legacy site),review,personal-contact,docs/archive/minutes/2013/janassembly-minutes-en.pdf,,"held for review: personal contact details (e-mails 1, phones 0); published instead as the redacted copy docs/archive/minutes/2013/janassembly-minutes-en-redacted.pdf"
archive-newsletters-2013-s-newsjan13-es,Archive,Newsletters,Area Newsletter – January 2013,Boletín del Área – enero de 2013,2013-01-13,2013,Spanish,PDF,594,,,,area09.org (legacy site),review,personal-contact,docs/archive/newsletters/2013/s-newsjan13-es.pdf,,Held 2026-10-06 by scripts/scan-documents.py (personal-contact); counts in MSCA09AA-private/documents-held-for-anonymity-review.csv.
archive-newsletters-2013-s-sepnews13-en,Archive,Newsletters,Sep News 13 2013,,2013,2013,Spanish,PDF,431,,,,area09.org (legacy site),review,sobriety-date,docs/archive/newsletters/2013/s-sepnews13-en.pdf,,Held 2026-10-06 by scripts/scan-documents.py (sobriety-date); counts in MSCA09AA-private/documents-held-for-anonymity-review.csv.
archive-newsletters-2013-sepnews13-en,Archive,Newsletters,Sep News 13 2013,,2013,2013,English,PDF,662,,,,area09.org (legacy site),review,sobriety-date,docs/archive/newsletters/2013/sepnews13-en.pdf,,Held 2026-10-06 by scripts/scan-documents.py (sobriety-date); counts in MSCA09AA-private/documents-held-for-anonymity-review.csv.
archive-newsletters-2013-s-novnews13-en,Archive,Newsletters,Nov News 13 2013,,2013,2013,Spanish,PDF,672,,,,area09.org (legacy site),review,personal-contact,docs/archive/newsletters/2013/s-novnews13-en.pdf,,Held 2026-10-06 by scripts/scan-documents.py (personal-contact); counts in MSCA09AA-private/documents-held-for-anonymity-review.csv.
archive-newsletters-2013-s-marnews13-en,Archive,Newsletters,Mar News 13 2013,,2013,2013,English,PDF,615,,,,area09.org (legacy site),review,personal-contact,docs/archive/newsletters/2013/s-marnews13-en.pdf,,"held for review: personal contact details (e-mails 2, phones 0); published instead as the redacted copy docs/archive/newsletters/2013/s-marnews13-en-redacted.pdf"
archive-newsletters-2013-febnews13-en,Archive,Newsletters,Feb News 13 2013,,2013,2013,English,PDF,625,,,,area09.org (legacy site),review,personal-contact,docs/archive/newsletters/2013/febnews13-en.pdf,,Held 2026-10-06 by scripts/scan-documents.py (personal-contact); counts in MSCA09AA-private/documents-held-for-anonymity-review.csv.
archive-workbooks-2013-2013workbook-en,Archive,Workbooks,2013 Area Workbook,Cuaderno de trabajo del Área 2013,2013,2013,English,PDF,1905,,,,area09.org (legacy site),review,personal-contact,docs/archive/workbooks/2013/2013workbook-en.pdf,,"held for review: personal contact details (e-mails 0, phones 1); published instead as the redacted copy docs/archive/workbooks/2013/2013workbook-en-redacted.pdf"
archive-minutes-2012-dec-2012-asc-en,Archive,Minutes,ASC Minutes – December 2012,Actas del CSA – diciembre de 2012,2012-12-09,2012,English,PDF,113,ASC,,,area09.org (legacy site),review,personal-contact,docs/archive/minutes/2012/dec-2012-asc-en.pdf,,"held for review: personal contact details (e-mails 1, phones 0); published instead as the redacted copy docs/archive/minutes/2012/dec-2012-asc-en-redacted.pdf"
archive-minutes-2012-s-dec-2012-asc-en,Archive,Minutes,ASC Minutes – December 2012,Actas del CSA – diciembre de 2012,2012-12-09,2012,English,PDF,116,ASC,,,area09.org (legacy site),review,personal-contact,docs/archive/minutes/2012/s-dec-2012-asc-en.pdf,,"held for review: personal contact details (e-mails 1, phones 1); published instead as the redacted copy docs/archive/minutes/2012/s-dec-2012-asc-en-redacted.pdf"
archive-minutes-2012-nov17-2012-board-en,Archive,Minutes,Board Minutes – November 2012,Actas de la Junta – noviembre de 2012,2012-11-17,2012,English,PDF,48,Board,,,area09.org (legacy site),review,full-name,docs/archive/minutes/2012/nov17-2012-board-en.pdf,,Held 2026-10-06 by scripts/scan-documents.py (full-name); counts in MSCA09AA-private/documents-held-for-anonymity-review.csv.
archive-minutes-2012-s-octoberasc2012-en,Archive,Minutes,ASC Minutes – October 2012,Actas del CSA – octubre de 2012,2012-10-14,2012,English,PDF,73,ASC,,,area09.org (legacy site),review,personal-contact,docs/archive/minutes/2012/s-octoberasc2012-en.pdf,,"held for review: personal contact details (e-mails 0, phones 1); published instead as the redacted copy docs/archive/minutes/2012/s-octoberasc2012-en-redacted.pdf"
archive-newsletters-2012-s-newsoct12-es,Archive,Newsletters,Area Newsletter – October 2012,Boletín del Área – octubre de 2012,2012-10-12,2012,Spanish,PDF,635,,,,area09.org (legacy site),review,full-name,docs/archive/newsletters/2012/s-newsoct12-es.pdf,,Held 2026-10-06 by scripts/scan-documents.py (full-name); counts in MSCA09AA-private/documents-held-for-anonymity-review.csv.
archive-minutes-2012-sept22-2012-board-en,Archive,Minutes,Board Minutes – September 2012,Actas de la Junta – septiembre de 2012,2012-09-22,2012,English,PDF,41,Board,,,area09.org (legacy site),review,full-name,docs/archive/minutes/2012/sept22-2012-board-en.pdf,,held for review: possible full names of members (1); published instead as the redacted copy docs/archive/minutes/2012/sept22-2012-board-en-redacted.pdf
archive-minutes-2012-s-sep-2012assembly-en,Archive,Minutes,Assembly (ASA) Minutes – September 2012,Actas de la Asamblea (ASA) – septiembre de 2012,2012-09,2012,English,PDF,280,ASA,,,area09.org (legacy site),review,full-name,docs/archive/minutes/2012/s-sep-2012assembly-en.pdf,,held for review: possible full names of members (1); published instead as the redacted copy docs/archive/minutes/2012/s-sep-2012assembly-en-redacted.pdf
archive-minutes-2012-sep-2012assembly-en,Archive,Minutes,Assembly (ASA) Minutes – September 2012,Actas de la Asamblea (ASA) – septiembre de 2012,2012-09,2012,English,PDF,348,ASA,,,area09.org (legacy site),review,full-name,docs/archive/minutes/2012/sep-2012assembly-en.pdf,,held for review: possible full names of members (2); published instead as the redacted copy docs/archive/minutes/2012/sep-2012assembly-en-redacted.pdf
archive-districts-d15-d15minaug12-en,Archive,District,District 15 Minutes – August 2012,Actas del Distrito 15 – agosto de 2012,2012-08,2012,English,PDF,22,,d15,,area09.org (legacy site),review,personal-contact,docs/archive/districts/d15/d15minaug12-en.pdf,,"held for review: personal contact details (e-mails 0, phones 1); published instead as the redacted copy docs/archive/districts/d15/d15minaug12-en-redacted.pdf"
archive-districts-d15-d15minjun12-en,Archive,District,District 15 Minutes – June 2012,Actas del Distrito 15 – junio de 2012,2012-06,2012,English,PDF,20,,d15,,area09.org (legacy site),review,full-name,docs/archive/districts/d15/d15minjun12-en.pdf,,held for review: possible full names of members (1); published instead as the redacted copy docs/archive/districts/d15/d15minjun12-en-redacted.pdf
archive-conference-2012-may-2012agenda-en,Archive,Conference,May 2012 Agenda,,2012-05,2012,English,PDF,308,,,,area09.org (legacy site),review,full-name,docs/archive/conference/2012/may-2012agenda-en.pdf,,Held 2026-10-06 by scripts/scan-documents.py (full-name); counts in MSCA09AA-private/documents-held-for-anonymity-review.csv.
archive-minutes-2012-may-2012-assembly-en,Archive,Minutes,Assembly (ASA) Minutes – May 2012,Actas de la Asamblea (ASA) – mayo de 2012,2012-05,2012,English,PDF,298,ASA,,,area09.org (legacy site),review,full-name,docs/archive/minutes/2012/may-2012-assembly-en.pdf,,Held 2026-10-06 by scripts/scan-documents.py (full-name); counts in MSCA09AA-private/documents-held-for-anonymity-review.csv.
archive-minutes-2012-s-may-2012-assembly-en,Archive,Minutes,Assembly (ASA) Minutes – May 2012,Actas de la Asamblea (ASA) – mayo de 2012,2012-05,2012,Spanish,PDF,291,ASA,,,area09.org (legacy site),review,full-name,docs/archive/minutes/2012/s-may-2012-assembly-en.pdf,,Held 2026-10-06 by scripts/scan-documents.py (full-name); counts in MSCA09AA-private/documents-held-for-anonymity-review.csv.
archive-minutes-2012-minutes-2012-apr-en,Archive,Minutes,Minutes 2012 APR,,2012-04-09,2012,English,PDF,75,,,,area09.org (legacy site),review,full-name,docs/archive/minutes/2012/minutes-2012-apr-en.pdf,,held for review: possible full names of members (1); published instead as the redacted copy docs/archive/minutes/2012/minutes-2012-apr-en-redacted.pdf
archive-minutes-2012-mar18-2012-board-en,Archive,Minutes,Board Minutes – March 2012,Actas de la Junta – marzo de 2012,2012-03-18,2012,English,PDF,27,Board,,,area09.org (legacy site),review,full-name,docs/archive/minutes/2012/mar18-2012-board-en.pdf,,Held 2026-10-06 by scripts/scan-documents.py (full-name); counts in MSCA09AA-private/documents-held-for-anonymity-review.csv.
archive-newsletters-2012-s-newsmar12-es,Archive,Newsletters,Area Newsletter – March 2012,Boletín del Área – marzo de 2012,2012-03-12,2012,Spanish,PDF,637,,,,area09.org (legacy site),review,personal-contact,docs/archive/newsletters/2012/s-newsmar12-es.pdf,,Held 2026-10-06 by scripts/scan-documents.py (personal-contact); counts in MSCA09AA-private/documents-held-for-anonymity-review.csv.
archive-conference-2012-mar2012agenda-en,Archive,Conference,Mar 2012 Agenda,,2012-03,2012,English,PDF,255,,,,area09.org (legacy site),review,personal-contact,docs/archive/conference/2012/mar2012agenda-en.pdf,,Held 2026-10-06 by scripts/scan-documents.py (personal-contact); counts in MSCA09AA-private/documents-held-for-anonymity-review.csv.
archive-newsletters-2012-marnews12-en,Archive,Newsletters,Area Newsletter – March 2012,Boletín del Área – marzo de 2012,2012-03,2012,English,PDF,641,,,,area09.org (legacy site),review,personal-contact,docs/archive/newsletters/2012/marnews12-en.pdf,,Held 2026-10-06 by scripts/scan-documents.py (personal-contact); counts in MSCA09AA-private/documents-held-for-anonymity-review.csv.
archive-minutes-2012-feb18-2012-board-en,Archive,Minutes,Board Minutes – February 2012,Actas de la Junta – febrero de 2012,2012-02-18,2012,English,PDF,27,Board,,,area09.org (legacy site),review,full-name,docs/archive/minutes/2012/feb18-2012-board-en.pdf,,held for review: possible full names of members (1); published instead as the redacted copy docs/archive/minutes/2012/feb18-2012-board-en-redacted.pdf
archive-minutes-2012-minutes-2012-feb-en,Archive,Minutes,Minutes 2012 FEB,,2012-02-13,2012,English,PDF,78,,,,area09.org (legacy site),review,full-name,docs/archive/minutes/2012/minutes-2012-feb-en.pdf,,held for review: possible full names of members (3); published instead as the redacted copy docs/archive/minutes/2012/minutes-2012-feb-en-redacted.pdf
archive-minutes-2012-minutes-2012-jan-en,Archive,Minutes,Minutes 2012 JAN,,2012-01-23,2012,English,PDF,72,,,,area09.org (legacy site),review,personal-contact,docs/archive/minutes/2012/minutes-2012-jan-en.pdf,,"held for review: personal contact details (e-mails 0, phones 1); published instead as the redacted copy docs/archive/minutes/2012/minutes-2012-jan-en-redacted.pdf"
archive-minutes-2012-jan21-2012-board-en,Archive,Minutes,Board Minutes – January 2012,Actas de la Junta – enero de 2012,2012-01-21,2012,English,PDF,31,Board,,,area09.org (legacy site),review,personal-contact,docs/archive/minutes/2012/jan21-2012-board-en.pdf,,"held for review: personal contact details (e-mails 1, phones 0); published instead as the redacted copy docs/archive/minutes/2012/jan21-2012-board-en-redacted.pdf"
archive-minutes-2012-january2012assemblyii-en,Archive,Minutes,Assembly (ASA) Minutes – January 2012,Actas de la Asamblea (ASA) – enero de 2012,2012-01-08,2012,English,PDF,310,ASA,,,area09.org (legacy site),review,full-name,docs/archive/minutes/2012/january2012assemblyii-en.pdf,,held for review: possible full names of members (1); published instead as the redacted copy docs/archive/minutes/2012/january2012assemblyii-en-redacted.pdf
archive-districts-d14-2012-icecream2012-en,Archive,District,Icecream 2012,,2012,2012,English,PDF,236,,d14,,area09.org (legacy site),review,personal-contact,docs/archive/districts/d14/2012/icecream2012-en.pdf,,"held for review: personal contact details (e-mails 0, phones 1); published instead as the redacted copy docs/archive/districts/d14/2012/icecream2012-en-redacted.pdf"
archive-finances-2012-2nd-qtr-gp-cont-2012-en,Archive,Finances,Group contributions – 2nd quarter 2012,Contribuciones de los grupos – 2.º trimestre de 2012,2012,2012,English,PDF,343,,,,area09.org (legacy site),review,full-name,docs/archive/finances/2012/2nd-qtr-gp-cont-2012-en.pdf,,Held 2026-10-06 by scripts/scan-documents.py (full-name); counts in MSCA09AA-private/documents-held-for-anonymity-review.csv.
archive-reports-2012-2012-post-conference-report-web-safe-en,Archive,Reports,62nd General Service Conference Overview with pictures.,,2012,2012,English,PDF,6710,,,,area09.org (legacy site),review,unverified,docs/archive/reports/2012/2012-post-conference-report-web-safe-en.pdf,,Held 2026-10-06 by scripts/scan-documents.py (unverified); counts in MSCA09AA-private/documents-held-for-anonymity-review.csv.
archive-workbooks-2012-2012workbook-englishjan-en,Archive,Workbooks,2012 Area Workbook,Cuaderno de trabajo del Área 2012,2012,2012,English,PDF,1267,,,,area09.org (legacy site),review,personal-contact,docs/archive/workbooks/2012/2012workbook-englishjan-en.pdf,,"held for review: personal contact details (e-mails 0, phones 2); published instead as the redacted copy docs/archive/workbooks/2012/2012workbook-englishjan-en-redacted.pdf"
archive-workbooks-2012-area-workbook-2012-es,Archive,Workbooks,2012 Area Workbook,Libro de trabajo del Área 2012,2012,2012,Spanish,PDF,869,,,literature,msca09aa.org (media library),review,personal-contact,,,"held for review: personal contact details (e-mails 0, phones 1); private copy in MSCA09AA-private; published instead as the redacted copy docs/archive/workbooks/2012/area-workbook-2012-es-redacted.pdf"
archive-archives-2011-ac-mins-dec-17-2011-en,Archive,Archives,"Archives Committee Minutes – December 17, 2011",Actas del Comité de Archivos Históricos – 17 de diciembre de 2011,2011-12-17,2011,English,PDF,107,,,archives,area09.org (legacy site),review,full-name,docs/archive/archives/2011/ac-mins-dec-17-2011-en.pdf,,held for review: possible full names of members (1); published instead as the redacted copy docs/archive/archives/2011/ac-mins-dec-17-2011-en-redacted.pdf
archive-minutes-2011-dec-2011-asc-en,Archive,Minutes,ASC Minutes – December 2011,Actas del CSA – diciembre de 2011,2011-12-11,2011,English,PDF,53,ASC,,,area09.org (legacy site),review,full-name,docs/archive/minutes/2011/dec-2011-asc-en.pdf,,held for review: possible full names of members (1); published instead as the redacted copy docs/archive/minutes/2011/dec-2011-asc-en-redacted.pdf
archive-newsletters-2011-news-dec-2011-en,Archive,Newsletters,Area Newsletter – December 2011,Boletín del Área – diciembre de 2011,2011-12,2011,English,PDF,371,,,,area09.org (legacy site),review,sobriety-date,docs/archive/newsletters/2011/news-dec-2011-en.pdf,,Held 2026-10-06 by scripts/scan-documents.py (sobriety-date); counts in MSCA09AA-private/documents-held-for-anonymity-review.csv.
archive-minutes-2011-nov20-2011-asc-min-en,Archive,Minutes,ASC Minutes – November 2011,Actas del CSA – noviembre de 2011,2011-11-20,2011,English,PDF,75,ASC,,,area09.org (legacy site),review,full-name; personal-contact,docs/archive/minutes/2011/nov20-2011-asc-min-en.pdf,,Held 2026-10-06 by scripts/scan-documents.py (full-name; personal-contact); counts in MSCA09AA-private/documents-held-for-anonymity-review.csv.
archive-minutes-2011-s-nov20-2011-asc-min-en,Archive,Minutes,ASC Minutes – November 2011,Actas del CSA – noviembre de 2011,2011-11-20,2011,Spanish,PDF,103,ASC,,,area09.org (legacy site),review,personal-contact,docs/archive/minutes/2011/s-nov20-2011-asc-min-en.pdf,,Held 2026-10-06 by scripts/scan-documents.py (personal-contact); counts in MSCA09AA-private/documents-held-for-anonymity-review.csv.
archive-archives-2011-ac-mins-nov-19-2011-en,Archive,Archives,"Archives Committee Minutes – November 19, 2011",Actas del Comité de Archivos Históricos – 19 de noviembre de 2011,2011-11-19,2011,English,PDF,54,,,archives,area09.org (legacy site),review,full-name,docs/archive/archives/2011/ac-mins-nov-19-2011-en.pdf,,held for review: possible full names of members (1); published instead as the redacted copy docs/archive/archives/2011/ac-mins-nov-19-2011-en-redacted.pdf
archive-newsletters-2011-news-nov-2011-en,Archive,Newsletters,Area Newsletter – November 2011,Boletín del Área – noviembre de 2011,2011-11,2011,English,PDF,389,,,,area09.org (legacy site),review,personal-contact,docs/archive/newsletters/2011/news-nov-2011-en.pdf,,"held for review: personal contact details (e-mails 0, phones 1); published instead as the redacted copy docs/archive/newsletters/2011/news-nov-2011-en-redacted.pdf"
archive-archives-2011-ac-mins-sep-10-2011-en,Archive,Archives,"Archives Committee Minutes – September 10, 2011",Actas del Comité de Archivos Históricos – 10 de septiembre de 2011,2011-09-10,2011,English,PDF,107,,,archives,area09.org (legacy site),review,full-name,docs/archive/archives/2011/ac-mins-sep-10-2011-en.pdf,,held for review: possible full names of members (3); published instead as the redacted copy docs/archive/archives/2011/ac-mins-sep-10-2011-en-redacted.pdf
archive-newsletters-2011-news-sep-2011-en,Archive,Newsletters,Area Newsletter – September 2011,Boletín del Área – septiembre de 2011,2011-09,2011,English,PDF,330,,,,area09.org (legacy site),review,personal-contact,docs/archive/newsletters/2011/news-sep-2011-en.pdf,,"held for review: personal contact details (e-mails 0, phones 1); published instead as the redacted copy docs/archive/newsletters/2011/news-sep-2011-en-redacted.pdf"
archive-minutes-2011-asc-aug14-minutes-en,Archive,Minutes,Assembly (ASA) Minutes – August 2011,Actas de la Asamblea (ASA) – agosto de 2011,2011-08-14,2011,English,PDF,52,ASA,,,area09.org (legacy site),review,personal-contact,docs/archive/minutes/2011/asc-aug14-minutes-en.pdf,,"held for review: personal contact details (e-mails 1, phones 0); published instead as the redacted copy docs/archive/minutes/2011/asc-aug14-minutes-en-redacted.pdf"
archive-conference-2011-ascaugust14-2011-en,Archive,Minutes,ASC Minutes – August 2011,Actas del CSA – agosto de 2011,2011-08-14,2011,English,PDF,52,ASC,,,area09.org (legacy site),review,personal-contact,docs/archive/conference/2011/ascaugust14-2011-en.pdf,,Held 2026-10-06 by scripts/scan-documents.py (personal-contact); counts in MSCA09AA-private/documents-held-for-anonymity-review.csv.
archive-newsletters-2011-news-aug-2011-en,Archive,Newsletters,Area Newsletter – August 2011,Boletín del Área – agosto de 2011,2011-08,2011,English,PDF,333,,,,area09.org (legacy site),review,personal-contact,docs/archive/newsletters/2011/news-aug-2011-en.pdf,,"held for review: personal contact details (e-mails 0, phones 2); published instead as the redacted copy docs/archive/newsletters/2011/news-aug-2011-en-redacted.pdf"
archive-archives-2011-ac-mins-july-16-2011-en,Archive,Archives,"Archives Committee Minutes – July 16, 2011",Actas del Comité de Archivos Históricos – 16 de julio de 2011,2011-07-16,2011,English,PDF,103,,,archives,area09.org (legacy site),review,full-name,docs/archive/archives/2011/ac-mins-july-16-2011-en.pdf,,held for review: possible full names of members (1); published instead as the redacted copy docs/archive/archives/2011/ac-mins-july-16-2011-en-redacted.pdf
archive-archives-2011-ac-mins-june-18-2011-en,Archive,Archives,"Archives Committee Minutes – June 18, 2011",Actas del Comité de Archivos Históricos – 18 de junio de 2011,2011-06-18,2011,English,PDF,82,,,archives,area09.org (legacy site),review,full-name,docs/archive/archives/2011/ac-mins-june-18-2011-en.pdf,,held for review: possible full names of members (1); published instead as the redacted copy docs/archive/archives/2011/ac-mins-june-18-2011-en-redacted.pdf
archive-minutes-2011-jun-2011-asc-en,Archive,Minutes,ASC Minutes – June 2011,Actas del CSA – junio de 2011,2011-06-12,2011,English,PDF,35,ASC,,,area09.org (legacy site),review,personal-contact,docs/archive/minutes/2011/jun-2011-asc-en.pdf,,Held 2026-10-06 by scripts/scan-documents.py (personal-contact); counts in MSCA09AA-private/documents-held-for-anonymity-review.csv.
archive-newsletters-2011-news-jun-2011-en,Archive,Newsletters,Area Newsletter – June 2011,Boletín del Área – junio de 2011,2011-06,2011,English,PDF,631,,,,area09.org (legacy site),review,personal-contact,docs/archive/newsletters/2011/news-jun-2011-en.pdf,,"held for review: personal contact details (e-mails 0, phones 1); published instead as the redacted copy docs/archive/newsletters/2011/news-jun-2011-en-redacted.pdf"
archive-archives-2011-ac-mins-may-21-2011-en,Archive,Archives,"Archives Committee Minutes – May 21, 2011",Actas del Comité de Archivos Históricos – 21 de mayo de 2011,2011-05-21,2011,English,PDF,106,,,archives,area09.org (legacy site),review,full-name,docs/archive/archives/2011/ac-mins-may-21-2011-en.pdf,,Held 2026-10-06 by scripts/scan-documents.py (full-name); counts in MSCA09AA-private/documents-held-for-anonymity-review.csv.
archive-newsletters-2011-s-news-may-2011-es,Archive,Newsletters,Area Newsletter – May 2011,Boletín del Área – mayo de 2011,2011-05,2011,Spanish,PDF,331,,,,area09.org (legacy site),review,full-name,docs/archive/newsletters/2011/s-news-may-2011-es.pdf,,held for review: possible full names of members (1); published instead as the redacted copy docs/archive/newsletters/2011/s-news-may-2011-es-redacted.pdf
archive-archives-2011-ac-mins-april-2-2011-en,Archive,Archives,"Archives Committee Minutes – April 2, 2011",Actas del Comité de Archivos Históricos – 2 de abril de 2011,2011-04-02,2011,English,PDF,23,,,archives,area09.org (legacy site),review,full-name,docs/archive/archives/2011/ac-mins-april-2-2011-en.pdf,,held for review: possible full names of members (4); published instead as the redacted copy docs/archive/archives/2011/ac-mins-april-2-2011-en-redacted.pdf
archive-minutes-2011-mar19-2011-board-minutes-en,Archive,Minutes,Board Minutes – March 2011,Actas de la Junta – marzo de 2011,2011-03-19,2011,English,PDF,132,Board,,,area09.org (legacy site),review,full-name,docs/archive/minutes/2011/mar19-2011-board-minutes-en.pdf,,Held 2026-10-06 by scripts/scan-documents.py (full-name); counts in MSCA09AA-private/documents-held-for-anonymity-review.csv.
archive-minutes-2011-mar13-2011-asc-en,Archive,Minutes,ASC Minutes – March 2011,Actas del CSA – marzo de 2011,2011-03-13,2011,English,PDF,163,ASC,,,area09.org (legacy site),review,full-name,docs/archive/minutes/2011/mar13-2011-asc-en.pdf,,Held 2026-10-06 by scripts/scan-documents.py (full-name); counts in MSCA09AA-private/documents-held-for-anonymity-review.csv.
archive-conference-2011-ascmarch2011-en,Archive,Minutes,ASC Minutes – March 2011,Actas del CSA – marzo de 2011,2011-03-13,2011,English,PDF,44,ASC,,,area09.org (legacy site),review,personal-contact,docs/archive/conference/2011/ascmarch2011-en.pdf,,Held 2026-10-06 by scripts/scan-documents.py (personal-contact); counts in MSCA09AA-private/documents-held-for-anonymity-review.csv.
archive-newsletters-2011-s-news-mar-2011-es,Archive,Newsletters,Area Newsletter – March 2011,Boletín del Área – marzo de 2011,2011-03,2011,Spanish,PDF,287,,,,area09.org (legacy site),review,full-name,docs/archive/newsletters/2011/s-news-mar-2011-es.pdf,,held for review: possible full names of members (1); published instead as the redacted copy docs/archive/newsletters/2011/s-news-mar-2011-es-redacted.pdf
archive-archives-2011-ac-mins-feb-19-2011-en,Archive,Archives,"Archives Committee Minutes – February 19, 2011",Actas del Comité de Archivos Históricos – 19 de febrero de 2011,2011-02-19,2011,English,PDF,325,,,archives,area09.org (legacy site),review,full-name,docs/archive/archives/2011/ac-mins-feb-19-2011-en.pdf,,held for review: possible full names of members (1); published instead as the redacted copy docs/archive/archives/2011/ac-mins-feb-19-2011-en-redacted.pdf
archive-minutes-2011-asc-feb13-2011-minutes-en,Archive,Minutes,ASC Minutes – February 2011,Actas del CSA – febrero de 2011,2011-02-13,2011,English,PDF,357,ASC,,,area09.org (legacy site),review,personal-contact,docs/archive/minutes/2011/asc-feb13-2011-minutes-en.pdf,,Held 2026-10-06 by scripts/scan-documents.py (personal-contact); counts in MSCA09AA-private/documents-held-for-anonymity-review.csv.
archive-minutes-2011-s-asc-feb13-2011-minutes-en,Archive,Minutes,ASC Minutes – February 2011,Actas del CSA – febrero de 2011,2011-02-13,2011,Spanish,PDF,270,ASC,,,area09.org (legacy site),review,personal-contact,docs/archive/minutes/2011/s-asc-feb13-2011-minutes-en.pdf,,language detected from text: Spanish (was English) Held 2026-10-06 by scripts/scan-documents.py (personal-contact); counts in MSCA09AA-private/documents-held-for-anonymity-review.csv.
archive-newsletters-2011-s-news-feb-2011-es,Archive,Newsletters,Area Newsletter – February 2011,Boletín del Área – febrero de 2011,2011-02,2011,Spanish,PDF,646,,,,area09.org (legacy site),review,personal-contact,docs/archive/newsletters/2011/s-news-feb-2011-es.pdf,,"held for review: personal contact details (e-mails 0, phones 3); published instead as the redacted copy docs/archive/newsletters/2011/s-news-feb-2011-es-redacted.pdf"
archive-minutes-2011-jan15-2011-board-minutes-en,Archive,Minutes,Board Minutes – January 2011,Actas de la Junta – enero de 2011,2011-01-15,2011,English,PDF,34,Board,,,area09.org (legacy site),review,personal-contact,docs/archive/minutes/2011/jan15-2011-board-minutes-en.pdf,,"held for review: personal contact details (e-mails 1, phones 0); published instead as the redacted copy docs/archive/minutes/2011/jan15-2011-board-minutes-en-redacted.pdf"
archive-archives-2011-ac-mins-jan15-2011-en,Archive,Archives,"Archives Committee Minutes – January 15, 2011",Actas del Comité de Archivos Históricos – 15 de enero de 2011,2011-01-15,2011,English,PDF,169,,,archives,area09.org (legacy site),review,full-name,docs/archive/archives/2011/ac-mins-jan15-2011-en.pdf,,held for review: possible full names of members (1); published instead as the redacted copy docs/archive/archives/2011/ac-mins-jan15-2011-en-redacted.pdf
archive-districts-d15-2011-gsr-minutes-jan-6-2011-en,Archive,District,"District 15 GSR meeting minutes – January 6, 2011",Actas de la reunión de RSG del Distrito 15 – 6 de enero de 2011,2011-01-06,2011,English,PDF,75,,d15,,area09.org (legacy site),review,personal-contact,docs/archive/districts/d15/2011/gsr-minutes-jan-6-2011-en.pdf,,"held for review: personal contact details (e-mails 1, phones 0); published instead as the redacted copy docs/archive/districts/d15/2011/gsr-minutes-jan-6-2011-en-redacted.pdf"
archive-newsletters-2011-news-jan-2011-en,Archive,Newsletters,Area Newsletter – January 2011,Boletín del Área – enero de 2011,2011-01,2011,English,PDF,268,,,,area09.org (legacy site),review,full-name,docs/archive/newsletters/2011/news-jan-2011-en.pdf,,Held 2026-10-06 by scripts/scan-documents.py (full-name); counts in MSCA09AA-private/documents-held-for-anonymity-review.csv.
archive-finances-2011-1q2011-en,Archive,Finances,Group contributions – 1st quarter 2011,Contribuciones de los grupos – 1.er trimestre de 2011,2011,2011,English,PDF,115,,,,area09.org (legacy site),review,full-name,docs/archive/finances/2011/1q2011-en.pdf,,Held 2026-10-06 by scripts/scan-documents.py (full-name); counts in MSCA09AA-private/documents-held-for-anonymity-review.csv.
archive-flyers-2011-s-flyer-registration-en,Archive,Flyers,Flyer Registration 2011,,2011,2011,English,PDF,94,,,,area09.org (legacy site),review,personal-contact,docs/archive/flyers/2011/s-flyer-registration-en.pdf,,"held for review: personal contact details (e-mails 0, phones 3); published instead as the redacted copy docs/archive/flyers/2011/s-flyer-registration-en-redacted.pdf"
archive-delegate-2011-2011conferencereport-en,Archive,Delegate,61st General Service Conference Report 2011,,2011,2011,English,PDF,578,,,delegate,area09.org (legacy site),review,full-name,docs/archive/delegate/2011/2011conferencereport-en.pdf,,Held 2026-10-06 by scripts/scan-documents.py (full-name); counts in MSCA09AA-private/documents-held-for-anonymity-review.csv.
archive-reports-2011-regionaltrusteereport-julyboardmeeting-2011-en,Archive,Reports,2011 Pacific Regional Trustee Report July Board Meeting,,2011,2011,English,PDF,440,,,,area09.org (legacy site),review,confidential,docs/archive/reports/2011/regionaltrusteereport-julyboardmeeting-2011-en.pdf,,held: trustee report / roster: not published (Fellowship-only material)
archive-reports-2011-2011pacregionaltrusteeboardreportoct-en,Archive,Reports,2011 Pacific Regional Trustee Report,,2011,2011,English,PDF,112,,,,area09.org (legacy site),review,confidential,docs/archive/reports/2011/2011pacregionaltrusteeboardreportoct-en.pdf,,held: trustee report / roster: not published (Fellowship-only material)
archive-reports-2011-2011pacrffinalreport-en,Archive,Reports,2011 Additional Pacific Regional Forum Report,,2011,2011,English,PDF,407,,,,area09.org (legacy site),review,sobriety-date,docs/archive/reports/2011/2011pacrffinalreport-en.pdf,,Held 2026-10-06 by scripts/scan-documents.py (sobriety-date); counts in MSCA09AA-private/documents-held-for-anonymity-review.csv.
archive-archives-2010-ac-minutes-dec-18-2010-en,Archive,Archives,"Archives Committee Minutes – December 18, 2010",Actas del Comité de Archivos Históricos – 18 de diciembre de 2010,2010-12-18,2010,English,PDF,168,,,archives,area09.org (legacy site),review,full-name,docs/archive/archives/2010/ac-minutes-dec-18-2010-en.pdf,,held for review: possible full names of members (1); published instead as the redacted copy docs/archive/archives/2010/ac-minutes-dec-18-2010-en-redacted.pdf
archive-minutes-2010-dec12-2010-asc-en,Archive,Minutes,ASC Minutes – December 2010,Actas del CSA – diciembre de 2010,2010-12-12,2010,English,PDF,122,ASC,,,area09.org (legacy site),review,personal-contact,docs/archive/minutes/2010/dec12-2010-asc-en.pdf,,"held for review: personal contact details (e-mails 0, phones 2); published instead as the redacted copy docs/archive/minutes/2010/dec12-2010-asc-en-redacted.pdf"
archive-minutes-2010-s-dec12-2010-asc-en,Archive,Minutes,ASC Minutes – December 2010,Actas del CSA – diciembre de 2010,2010-12-12,2010,Spanish,PDF,182,ASC,,,area09.org (legacy site),review,personal-contact,docs/archive/minutes/2010/s-dec12-2010-asc-en.pdf,,"language detected from text: Spanish (was English); held for review: personal contact details (e-mails 0, phones 2); published instead as the redacted copy docs/archive/minutes/2010/s-dec12-2010-asc-en-redacted.pdf"
archive-delegate-2010-altdelegare-report11-14-10ervathonb-en,Archive,Delegate,"Alternate Delegate's Report – Servathon, November 14, 2010","Informe del delegado suplente – Servathon, 14 de noviembre de 2010",2010-11-14,2010,English,PDF,8,,,delegate,area09.org (legacy site),review,sobriety-date,docs/archive/delegate/2010/altdelegare-report11-14-10ervathonb-en.pdf,,Held 2026-10-06 by scripts/scan-documents.py (sobriety-date); counts in MSCA09AA-private/documents-held-for-anonymity-review.csv.
archive-archives-ac-mins-10-09-10-en,Archive,Archives,"Archives Committee Minutes – October 9, 2010",Actas del Comité de Archivos Históricos – 9 de octubre de 2010,2010-10-09,2010,English,PDF,165,,,archives,area09.org (legacy site),review,full-name,docs/archive/archives/ac-mins-10-09-10-en.pdf,,held for review: possible full names of members (1); published instead as the redacted copy docs/archive/archives/ac-mins-10-09-10-en-redacted.pdf
archive-districts-d15-2010-gsr-minutes-oct-7-2010-en,Archive,District,"District 15 GSR meeting minutes – October 7, 2010",Actas de la reunión de RSG del Distrito 15 – 7 de octubre de 2010,2010-10-07,2010,English,PDF,34,,d15,,area09.org (legacy site),review,personal-contact,docs/archive/districts/d15/2010/gsr-minutes-oct-7-2010-en.pdf,,"held for review: personal contact details (e-mails 1, phones 1); published instead as the redacted copy docs/archive/districts/d15/2010/gsr-minutes-oct-7-2010-en-redacted.pdf"
archive-archives-ac-mins-9-18-10-en,Archive,Archives,"Archives Committee Minutes – September 18, 2010",Actas del Comité de Archivos Históricos – 18 de septiembre de 2010,2010-09-18,2010,English,PDF,148,,,archives,area09.org (legacy site),review,full-name,docs/archive/archives/ac-mins-9-18-10-en.pdf,,held for review: possible full names of members (1); published instead as the redacted copy docs/archive/archives/ac-mins-9-18-10-en-redacted.pdf
archive-minutes-2010-dseptember-2010-assembly-en,Archive,Minutes,Assembly (ASA) Minutes – September 2010,Actas de la Asamblea (ASA) – septiembre de 2010,2010-09-12,2010,English,PDF,99,ASA,,,area09.org (legacy site),review,full-name,docs/archive/minutes/2010/dseptember-2010-assembly-en.pdf,,held for review: possible full names of members (1); published instead as the redacted copy docs/archive/minutes/2010/dseptember-2010-assembly-en-redacted.pdf
archive-flyers-2010-sp-rf-pacificflyer-august-27-29-10-en,Archive,Flyers,Sp Rf Pacificflyer August 27 29 10 2010,,2010-08-27,2010,English,PDF,423,,,,area09.org (legacy site),review,personal-contact,docs/archive/flyers/2010/sp-rf-pacificflyer-august-27-29-10-en.pdf,,"held for review: personal contact details (e-mails 0, phones 2); published instead as the redacted copy docs/archive/flyers/2010/sp-rf-pacificflyer-august-27-29-10-en-redacted.pdf"
archive-flyers-2010-001-en-rf-pacificflyer-august-27-29-10-en,Archive,Flyers,001 en Rf Pacificflyer August 27 29 10 2010,,2010-08-27,2010,English,PDF,268,,,,area09.org (legacy site),review,personal-contact,docs/archive/flyers/2010/001-en-rf-pacificflyer-august-27-29-10-en.pdf,,"held for review: personal contact details (e-mails 0, phones 2); published instead as the redacted copy docs/archive/flyers/2010/001-en-rf-pacificflyer-august-27-29-10-en-redacted.pdf"
archive-archives-ac-mtg-mins-08-21-10-en,Archive,Archives,"Archives Committee Minutes – August 21, 2010",Actas del Comité de Archivos Históricos – 21 de agosto de 2010,2010-08-21,2010,English,PDF,14,,,archives,area09.org (legacy site),review,full-name,docs/archive/archives/ac-mtg-mins-08-21-10-en.pdf,,held for review: possible full names of members (1); published instead as the redacted copy docs/archive/archives/ac-mtg-mins-08-21-10-en-redacted.pdf
archive-conference-2010-asc-august-8-2010-en,Archive,Minutes,ASC Minutes – August 2010,Actas del CSA – agosto de 2010,2010-08-08,2010,English,PDF,56,ASC,,,area09.org (legacy site),review,personal-contact,docs/archive/conference/2010/asc-august-8-2010-en.pdf,,Held 2026-10-06 by scripts/scan-documents.py (personal-contact); counts in MSCA09AA-private/documents-held-for-anonymity-review.csv.
archive-conference-2010-asc-august-8-2010-spanish-es,Archive,Minutes,ASC Minutes – August 2010,Actas del CSA – agosto de 2010,2010-08-08,2010,Spanish,PDF,59,ASC,,,area09.org (legacy site),review,personal-contact,docs/archive/conference/2010/asc-august-8-2010-spanish-es.pdf,,Held 2026-10-06 by scripts/scan-documents.py (personal-contact); counts in MSCA09AA-private/documents-held-for-anonymity-review.csv.
archive-delegate-2010-aa-pacific-region-trustee-report-aug-2010-en,Archive,Delegate,AA Pacific Region Trustee Report Aug 2010,,2010-08,2010,English,PDF,57,,,delegate,area09.org (legacy site),review,confidential,docs/archive/delegate/2010/aa-pacific-region-trustee-report-aug-2010-en.pdf,,held: trustee report / roster: not published (Fellowship-only material)
archive-districts-d14-2010-workshop-flyer07-14-2010f-en,Archive,District,"Workshop Flyer July 14, 2010 f",,2010-07-14,2010,English,PDF,213,,d14,,area09.org (legacy site),review,personal-contact,docs/archive/districts/d14/2010/workshop-flyer07-14-2010f-en.pdf,,"held for review: personal contact details (e-mails 0, phones 5); published instead as the redacted copy docs/archive/districts/d14/2010/workshop-flyer07-14-2010f-en-redacted.pdf"
archive-districts-d15-2010-gsr-minutes-july-2010-en,Archive,District,District 15 GSR meeting minutes – July 2010,Actas de la reunión de RSG del Distrito 15 – julio de 2010,2010-07,2010,English,PDF,108,,d15,,area09.org (legacy site),review,full-name,docs/archive/districts/d15/2010/gsr-minutes-july-2010-en.pdf,,Held 2026-10-06 by scripts/scan-documents.py (full-name); counts in MSCA09AA-private/documents-held-for-anonymity-review.csv.
archive-flyers-2010-day-of-history-flyerjune2010-en,Archive,Flyers,Day of H Istory Flyer June 2010,,2010-06,2010,English,PDF,48,,,,area09.org (legacy site),review,sobriety-date,docs/archive/flyers/2010/day-of-history-flyerjune2010-en.pdf,,Held 2026-10-06 by scripts/scan-documents.py (sobriety-date); counts in MSCA09AA-private/documents-held-for-anonymity-review.csv.
archive-newsletters-2010-spanishnewsjune2010-es,Archive,Newsletters,Area Newsletter – June 2010,Boletín del Área – junio de 2010,2010-06,2010,Spanish,PDF,82,,,,area09.org (legacy site),review,personal-contact,docs/archive/newsletters/2010/spanishnewsjune2010-es.pdf,,Held 2026-10-06 by scripts/scan-documents.py (personal-contact); counts in MSCA09AA-private/documents-held-for-anonymity-review.csv.
archive-minutes-2010-may-29-2010-board-minutes-revise-with-lc-and-mm-en,Archive,Minutes,"Board Minutes – May 29, 2010",Actas de la Junta – 29 de mayo de 2010,2010-05-29,2010,English,PDF,59,Board,,,area09.org (legacy site),review,unverified,docs/archive/minutes/2010/may-29-2010-board-minutes-revise-with-lc-and-mm-en.pdf,,held for review: no readable text (scan or protected PDF); could not be checked
archive-minutes-2010-smay-minutes-2010-en,Archive,Minutes,May Minutes.2010,,2010-05-16,2010,Spanish,PDF,98,,,,area09.org (legacy site),review,personal-contact,docs/archive/minutes/2010/smay-minutes-2010-en.pdf,,"language detected from text: Spanish (was English); held for review: personal contact details (e-mails 0, phones 1); published instead as the redacted copy docs/archive/minutes/2010/smay-minutes-2010-en-redacted.pdf"
archive-archives-2010-archivesminutes-may-15-2010-en,Archive,Archives,"Archives Committee Minutes – May 15, 2010",Actas del Comité de Archivos Históricos – 15 de mayo de 2010,2010-05-15,2010,English,PDF,14,,,archives,area09.org (legacy site),review,full-name,docs/archive/archives/2010/archivesminutes-may-15-2010-en.pdf,,held for review: possible full names of members (1); published instead as the redacted copy docs/archive/archives/2010/archivesminutes-may-15-2010-en-redacted.pdf
archive-minutes-2010-spanishofficer-may-29-2-es,Archive,Minutes,Spanish Officer MAY 29 2 2010,,2010-05,2010,Spanish,PDF,59,,,,area09.org (legacy site),review,full-name,docs/archive/minutes/2010/spanishofficer-may-29-2-es.pdf,,held for review: possible full names of members (1); published instead as the redacted copy docs/archive/minutes/2010/spanishofficer-may-29-2-es-redacted.pdf
archive-misc-2010-may2010maps-en,Archive,Misc,May 2010 Maps,,2010-05,2010,English,PDF,595,,,,area09.org (legacy site),review,personal-contact,docs/archive/misc/2010/may2010maps-en.pdf,,Held 2026-10-06 by scripts/scan-documents.py (personal-contact); counts in MSCA09AA-private/documents-held-for-anonymity-review.csv.
archive-newsletters-2010-maynews2010-v6-en,Archive,Newsletters,Area Newsletter – May 2010,Boletín del Área – mayo de 2010,2010-05,2010,English,PDF,342,,,,area09.org (legacy site),review,sobriety-date,docs/archive/newsletters/2010/maynews2010-v6-en.pdf,,Held 2026-10-06 by scripts/scan-documents.py (sobriety-date); counts in MSCA09AA-private/documents-held-for-anonymity-review.csv.
archive-minutes-2010-march-2010-asc-en,Archive,Minutes,ASC Minutes – March 2010,Actas del CSA – marzo de 2010,2010-03-14,2010,English,PDF,59,ASC,,,area09.org (legacy site),review,full-name,docs/archive/minutes/2010/march-2010-asc-en.pdf,,Held 2026-10-06 by scripts/scan-documents.py (full-name); counts in MSCA09AA-private/documents-held-for-anonymity-review.csv.
archive-minutes-2010-spanishmarch-2010-asc-es,Archive,Minutes,ASC Minutes – March 2010,Actas del CSA – marzo de 2010,2010-03-14,2010,Spanish,PDF,134,ASC,,,area09.org (legacy site),review,personal-contact,docs/archive/minutes/2010/spanishmarch-2010-asc-es.pdf,,"held for review: personal contact details (e-mails 0, phones 1); published instead as the redacted copy docs/archive/minutes/2010/spanishmarch-2010-asc-es-redacted.pdf"
archive-conference-2010-asc-march-14-2010-en,Archive,Minutes,ASC Minutes – March 2010,Actas del CSA – marzo de 2010,2010-03-14,2010,English,PDF,61,ASC,,,area09.org (legacy site),review,full-name,docs/archive/conference/2010/asc-march-14-2010-en.pdf,,held for review: possible full names of members (2); published instead as the redacted copy docs/archive/conference/2010/asc-march-14-2010-en-redacted.pdf
archive-conference-2010-spanishasc-march-14-2010-es,Archive,Minutes,ASC Minutes – March 2010,Actas del CSA – marzo de 2010,2010-03-14,2010,Spanish,PDF,26,ASC,,,area09.org (legacy site),review,full-name,docs/archive/conference/2010/spanishasc-march-14-2010-es.pdf,,held for review: possible full names of members (1); published instead as the redacted copy docs/archive/conference/2010/spanishasc-march-14-2010-es-redacted.pdf
archive-minutes-2010-february-2010-asc-en,Archive,Minutes,ASC Minutes – February 2010,Actas del CSA – febrero de 2010,2010-02-14,2010,English,PDF,262,ASC,,,area09.org (legacy site),review,full-name,docs/archive/minutes/2010/february-2010-asc-en.pdf,,held for review: possible full names of members (1); published instead as the redacted copy docs/archive/minutes/2010/february-2010-asc-en-redacted.pdf
archive-minutes-2010-spanish-feb2010-asc-es,Archive,Minutes,ASC Minutes – February 2010,Actas del CSA – febrero de 2010,2010-02-14,2010,Spanish,PDF,47,ASC,,,area09.org (legacy site),review,personal-contact,docs/archive/minutes/2010/spanish-feb2010-asc-es.pdf,,"held for review: personal contact details (e-mails 0, phones 1); published instead as the redacted copy docs/archive/minutes/2010/spanish-feb2010-asc-es-redacted.pdf"
archive-districts-d15-2010-gsr-minutes-feb-4-2010-en,Archive,District,"District 15 GSR meeting minutes – February 4, 2010",Actas de la reunión de RSG del Distrito 15 – 4 de febrero de 2010,2010-02-04,2010,English,PDF,17,,d15,,area09.org (legacy site),review,full-name,docs/archive/districts/d15/2010/gsr-minutes-feb-4-2010-en.pdf,,held for review: possible full names of members (1); published instead as the redacted copy docs/archive/districts/d15/2010/gsr-minutes-feb-4-2010-en-redacted.pdf
archive-misc-feb10mapdirections-compatibility-mode-en,Archive,Misc,Feb 10 Map Directions [Compatibility Mode],,2010-02,2010,English,PDF,44,,,,area09.org (legacy site),review,personal-contact,docs/archive/misc/feb10mapdirections-compatibility-mode-en.pdf,,"held for review: personal contact details (e-mails 0, phones 1); published instead as the redacted copy docs/archive/misc/feb10mapdirections-compatibility-mode-en-redacted.pdf"
archive-minutes-2010-january-2010-assembly-en,Archive,Minutes,Assembly (ASA) Minutes – January 2010,Actas de la Asamblea (ASA) – enero de 2010,2010-01-10,2010,English,PDF,62,ASA,,,area09.org (legacy site),review,full-name,docs/archive/minutes/2010/january-2010-assembly-en.pdf,,held for review: possible full names of members (1); published instead as the redacted copy docs/archive/minutes/2010/january-2010-assembly-en-redacted.pdf
archive-minutes-2010-spanishjanuary-2010-assembly-es,Archive,Minutes,Assembly (ASA) Minutes – January 2010,Actas de la Asamblea (ASA) – enero de 2010,2010-01-10,2010,Spanish,PDF,149,ASA,,,area09.org (legacy site),review,full-name,docs/archive/minutes/2010/spanishjanuary-2010-assembly-es.pdf,,Held 2026-10-06 by scripts/scan-documents.py (full-name); counts in MSCA09AA-private/documents-held-for-anonymity-review.csv.
archive-praasa-2010-span-pg-12010-en,Archive,PRAASA,Span Pg 12010,,2010,2010,Spanish,PDF,62,,,,area09.org (legacy site),review,personal-contact,docs/archive/praasa/2010/span-pg-12010-en.pdf,,"held for review: personal contact details (e-mails 0, phones 1); published instead as the redacted copy docs/archive/praasa/2010/span-pg-12010-en-redacted.pdf"
archive-praasa-2010-reg-span2010-en,Archive,PRAASA,Reg Span 2010,,2010,2010,Spanish,PDF,300,,,,area09.org (legacy site),review,personal-contact,docs/archive/praasa/2010/reg-span2010-en.pdf,,"held for review: personal contact details (e-mails 3, phones 3); published instead as the redacted copy docs/archive/praasa/2010/reg-span2010-en-redacted.pdf"
archive-praasa-2010-reg-eng2010-en,Archive,PRAASA,Reg 2010,,2010,2010,English,PDF,296,,,,area09.org (legacy site),review,personal-contact,docs/archive/praasa/2010/reg-eng2010-en.pdf,,"held for review: personal contact details (e-mails 3, phones 3); published instead as the redacted copy docs/archive/praasa/2010/reg-eng2010-en-redacted.pdf"
archive-flyers-2010-picpc-flyer09-2010-en,Archive,Flyers,PICPC Flyer 09 2010,,2010,2010,English,PDF,26,,,,area09.org (legacy site),review,personal-contact,docs/archive/flyers/2010/picpc-flyer09-2010-en.pdf,,"held for review: personal contact details (e-mails 0, phones 1); published instead as the redacted copy docs/archive/flyers/2010/picpc-flyer09-2010-en-redacted.pdf"
archive-flyers-2010-pimap2010-en,Archive,Flyers,PI Map 2010,,2010,2010,English,PDF,380,,,public-information,area09.org (legacy site),review,personal-contact,docs/archive/flyers/2010/pimap2010-en.pdf,,Held 2026-10-06 by scripts/scan-documents.py (personal-contact); counts in MSCA09AA-private/documents-held-for-anonymity-review.csv.
archive-flyers-2010-open-house-flyer-2010-sp-en,Archive,Flyers,Open House Flyer 2010 (Sp),,2010,2010,Spanish,PDF,294,,,,area09.org (legacy site),review,sobriety-date,docs/archive/flyers/2010/open-house-flyer-2010-sp-en.pdf,,Held 2026-10-06 by scripts/scan-documents.py (sobriety-date); counts in MSCA09AA-private/documents-held-for-anonymity-review.csv.
archive-newsletters-2010-octnews10-2ndversion-en,Archive,Newsletters,Oct News 10 2nd Version 2010,,2010,2010,English,PDF,194,,,,area09.org (legacy site),review,personal-contact; sobriety-date,docs/archive/newsletters/2010/octnews10-2ndversion-en.pdf,,Held 2026-10-06 by scripts/scan-documents.py (personal-contact; sobriety-date); counts in MSCA09AA-private/documents-held-for-anonymity-review.csv.
archive-motions-2021-motions-2010-2019-en,Archive,Motions,Motions 2010 2019 2021,,2010,2010,English,PDF,758,,,,msca09aa.org,review,full-name,docs/archive/motions/2021/motions-2010-2019-en.pdf,,held for review: possible full names of members (3); published instead as the redacted copy docs/archive/motions/2021/motions-2010-2019-en-redacted.pdf
archive-finances-2010-4th-qtr-2010-gp-contri-en,Archive,Finances,Group contributions – 4th quarter 2010,Contribuciones de los grupos – 4.º trimestre de 2010,2010,2010,English,PDF,122,,,,area09.org (legacy site),review,full-name,docs/archive/finances/2010/4th-qtr-2010-gp-contri-en.pdf,,Held 2026-10-06 by scripts/scan-documents.py (full-name); counts in MSCA09AA-private/documents-held-for-anonymity-review.csv.
archive-flyers-2010-flyerenglish1-en,Archive,Flyers,Flyer English 1 2010,,2010,2010,English,PDF,375,,,,area09.org (legacy site),review,personal-contact,docs/archive/flyers/2010/flyerenglish1-en.pdf,,"held for review: personal contact details (e-mails 2, phones 2); published instead as the redacted copy docs/archive/flyers/2010/flyerenglish1-en-redacted.pdf"
archive-flyers-2010-finalpispanish2010-es,Archive,Flyers,Final PI 2010,,2010,2010,Spanish,PDF,6,,,public-information,area09.org (legacy site),review,personal-contact,docs/archive/flyers/2010/finalpispanish2010-es.pdf,,"held for review: personal contact details (e-mails 0, phones 1); published instead as the redacted copy docs/archive/flyers/2010/finalpispanish2010-es-redacted.pdf"
archive-praasa-2010-eng-page12010-en,Archive,PRAASA,Eng Page 12010,,2010,2010,English,PDF,60,,,,area09.org (legacy site),review,personal-contact,docs/archive/praasa/2010/eng-page12010-en.pdf,,"held for review: personal contact details (e-mails 0, phones 1); published instead as the redacted copy docs/archive/praasa/2010/eng-page12010-en-redacted.pdf"
archive-newsletters-2010-en-box459-summer10-en,Archive,Newsletters,En Box 459 Summer 10 2010,,2010,2010,English,PDF,486,,,,area09.org (legacy site),review,personal-contact,docs/archive/newsletters/2010/en-box459-summer10-en.pdf,,"held for review: personal contact details (e-mails 11, phones 0); published instead as the redacted copy docs/archive/newsletters/2010/en-box459-summer10-en-redacted.pdf"
archive-newsletters-2010-decnews10v6-en,Archive,Newsletters,Dec News 10 v 6 2010,,2010,2010,English,PDF,148,,,,area09.org (legacy site),review,personal-contact,docs/archive/newsletters/2010/decnews10v6-en.pdf,,Held 2026-10-06 by scripts/scan-documents.py (personal-contact); counts in MSCA09AA-private/documents-held-for-anonymity-review.csv.
archive-newsletters-2010-dic2010news-espanol-es,Archive,Newsletters,DIC 2010 NEWS ESPANOL,,2010,2010,Spanish,PDF,156,,,,area09.org (legacy site),review,personal-contact,docs/archive/newsletters/2010/dic2010news-espanol-es.pdf,,Held 2026-10-06 by scripts/scan-documents.py (personal-contact); counts in MSCA09AA-private/documents-held-for-anonymity-review.csv.
archive-misc-2010-aaphonemeeting2010-en,Archive,Misc,AA Phone Meeting 2010,,2010,2010,English,PDF,30,,,,area09.org (legacy site),review,personal-contact,docs/archive/misc/2010/aaphonemeeting2010-en.pdf,,"held for review: personal contact details (e-mails 8, phones 15); published instead as the redacted copy docs/archive/misc/2010/aaphonemeeting2010-en-redacted.pdf"
archive-misc-2010-aaonlinemeetings2010-en,Archive,Misc,AA Online Meetings 2010,,2010,2010,English,PDF,79,,,,area09.org (legacy site),review,personal-contact,docs/archive/misc/2010/aaonlinemeetings2010-en.pdf,,"held for review: personal contact details (e-mails 2, phones 0); published instead as the redacted copy docs/archive/misc/2010/aaonlinemeetings2010-en-redacted.pdf"
archive-flyers-2011-aa-msca-agenda-item-sharing-session-invitation-2010-en,Archive,Flyers,AA MSCA Agenda Item Sharing Session Invitation 2010,,2010,2010,English,PDF,67,,,,area09.org (legacy site),review,personal-contact,docs/archive/flyers/2011/aa-msca-agenda-item-sharing-session-invitation-2010-en.pdf,,"held for review: personal contact details (e-mails 0, phones 1); published instead as the redacted copy docs/archive/flyers/2011/aa-msca-agenda-item-sharing-session-invitation-2010-en-redacted.pdf"
archive-flyers-2010-2010spanishflyer-es,Archive,Flyers,2010 Spanish Flyer,,2010,2010,Spanish,PDF,137,,,,area09.org (legacy site),review,personal-contact,docs/archive/flyers/2010/2010spanishflyer-es.pdf,,"held for review: personal contact details (e-mails 2, phones 2); published instead as the redacted copy docs/archive/flyers/2010/2010spanishflyer-es-redacted.pdf"
archive-workbooks-2010-libro-de-trabajo-del-2010-spanishworkbook-es,Archive,Workbooks,2010 Area Workbook,Cuaderno de trabajo del Área 2010,2010,2010,Spanish,PDF,762,,,,area09.org (legacy site),review,personal-contact,docs/archive/workbooks/2010/libro-de-trabajo-del-2010-spanishworkbook-es.pdf,,"held for review: personal contact details (e-mails 0, phones 1); published instead as the redacted copy docs/archive/workbooks/2010/libro-de-trabajo-del-2010-spanishworkbook-es-redacted.pdf"
archive-flyers-2010-2010-2-regional-flyer-en,Archive,Flyers,2010 2 Regional Flyer,,2010,2010,English,PDF,18,,,,area09.org (legacy site),review,personal-contact,docs/archive/flyers/2010/2010-2-regional-flyer-en.pdf,,"held for review: personal contact details (e-mails 0, phones 1); published instead as the redacted copy docs/archive/flyers/2010/2010-2-regional-flyer-en-redacted.pdf"
archive-newsletters-dec09newsspan3-en,Archive,Newsletters,Area Newsletter – December 2009,Boletín del Área – diciembre de 2009,2009-12,2009,Spanish,PDF,94,,,,area09.org (legacy site),review,personal-contact,docs/archive/newsletters/dec09newsspan3-en.pdf,,"held for review: personal contact details (e-mails 0, phones 1); published instead as the redacted copy docs/archive/newsletters/dec09newsspan3-en-redacted.pdf"
archive-minutes-2009-aa-msca-november-asc-minutes-2009-en,Archive,Minutes,ASC Minutes – November 2009,Actas del CSA – noviembre de 2009,2009-11-08,2009,English,PDF,93,ASC,,,area09.org (legacy site),review,full-name,docs/archive/minutes/2009/aa-msca-november-asc-minutes-2009-en.pdf,,held for review: possible full names of members (1); published instead as the redacted copy docs/archive/minutes/2009/aa-msca-november-asc-minutes-2009-en-redacted.pdf
archive-minutes-2009-snovember-asc-2009-i-en,Archive,Minutes,ASC Minutes – November 2009,Actas del CSA – noviembre de 2009,2009-11-08,2009,Spanish,PDF,57,ASC,,,area09.org (legacy site),review,full-name,docs/archive/minutes/2009/snovember-asc-2009-i-en.pdf,,language detected from text: Spanish (was English); held for review: possible full names of members (3); published instead as the redacted copy docs/archive/minutes/2009/snovember-asc-2009-i-en-redacted.pdf
archive-newsletters-snov09news-en,Archive,Newsletters,Area Newsletter – November 2009,Boletín del Área – noviembre de 2009,2009-11,2009,English,PDF,111,,,,area09.org (legacy site),review,personal-contact,docs/archive/newsletters/snov09news-en.pdf,,"held for review: personal contact details (e-mails 0, phones 2); published instead as the redacted copy docs/archive/newsletters/snov09news-en-redacted.pdf"
archive-conference-2009-aa-msca-election-assembly-102009s-en,Archive,Conference,"AA MSCA Election Assembly October 20, 2009 S",,2009-10-20,2009,Spanish,PDF,67,,,,area09.org (legacy site),review,full-name,docs/archive/conference/2009/aa-msca-election-assembly-102009s-en.pdf,,Held 2026-10-06 by scripts/scan-documents.py (full-name); counts in MSCA09AA-private/documents-held-for-anonymity-review.csv.
archive-minutes-2009-spanish-area-09-election-minutes-no-last-names-october-2009-es,Archive,Minutes,Spanish Area 09 Election Minutes No Last Names October 2009,,2009-10-11,2009,Spanish,PDF,48,,,,area09.org (legacy site),review,full-name,docs/archive/minutes/2009/spanish-area-09-election-minutes-no-last-names-october-2009-es.pdf,,held for review: possible full names of members (1); published instead as the redacted copy docs/archive/minutes/2009/spanish-area-09-election-minutes-no-last-names-october-2009-es-redacted.pdf
archive-minutes-2009-area-09-election-minutes-no-last-names-october-2009-en,Archive,Minutes,Oct 11 - Election 2009,,2009-10-11,2009,English,PDF,48,,,,area09.org (legacy site),review,full-name,docs/archive/minutes/2009/area-09-election-minutes-no-last-names-october-2009-en.pdf,,Held 2026-10-06 by scripts/scan-documents.py (full-name); counts in MSCA09AA-private/documents-held-for-anonymity-review.csv.
archive-districts-d15-gsr-minutes-oct-1-09-en,Archive,District,"District 15 GSR meeting minutes – October 1, 2009",Actas de la reunión de RSG del Distrito 15 – 1 de octubre de 2009,2009-10-01,2009,English,PDF,54,,d15,,area09.org (legacy site),review,full-name,docs/archive/districts/d15/gsr-minutes-oct-1-09-en.pdf,,Held 2026-10-06 by scripts/scan-documents.py (full-name); counts in MSCA09AA-private/documents-held-for-anonymity-review.csv.
archive-flyers-2009-oct0032009spanish-es,Archive,Flyers,Oct 0032009,,2009-10,2009,Spanish,PDF,403,,,,area09.org (legacy site),review,personal-contact,docs/archive/flyers/2009/oct0032009spanish-es.pdf,,"held for review: personal contact details (e-mails 0, phones 2)"
archive-conference-cpc-committee-mtg-9-13-09-agenda-span-en,Archive,Conference,"C.P.C. Committee Meeting September 13, 2009 Agenda Span.",,2009-09-13,2009,Spanish,PDF,17,,,,area09.org (legacy site),review,personal-contact,docs/archive/conference/cpc-committee-mtg-9-13-09-agenda-span-en.pdf,,Held 2026-10-06 by scripts/scan-documents.py (personal-contact); counts in MSCA09AA-private/documents-held-for-anonymity-review.csv.
archive-minutes-2009-area-09-september-2009-assembly-en,Archive,Minutes,Assembly (ASA) Minutes – September 2009,Actas de la Asamblea (ASA) – septiembre de 2009,2009-09-13,2009,English,PDF,42,ASA,,,area09.org (legacy site),review,personal-contact,docs/archive/minutes/2009/area-09-september-2009-assembly-en.pdf,,Held 2026-10-06 by scripts/scan-documents.py (personal-contact); counts in MSCA09AA-private/documents-held-for-anonymity-review.csv.
archive-flyers-2009-picpcworkshop082609-en,Archive,Flyers,"PICPC Workshop August 26, 2009",,2009-08-26,2009,English,PDF,92,,,,area09.org (legacy site),review,personal-contact,docs/archive/flyers/2009/picpcworkshop082609-en.pdf,,"held for review: personal contact details (e-mails 0, phones 3); published instead as the redacted copy docs/archive/flyers/2009/picpcworkshop082609-en-redacted.pdf"
archive-minutes-2009-area-09-august-asc-2009-en,Archive,Minutes,ASC Minutes – August 2009,Actas del CSA – agosto de 2009,2009-08-09,2009,English,PDF,61,ASC,,,area09.org (legacy site),review,personal-contact,docs/archive/minutes/2009/area-09-august-asc-2009-en.pdf,,"held for review: personal contact details (e-mails 1, phones 1); published instead as the redacted copy docs/archive/minutes/2009/area-09-august-asc-2009-en-redacted.pdf"
archive-reports-2009-july-2009-board-reportredo-en,Archive,Reports,July 2009 Board Report Redo,,2009-07,2009,English,PDF,90,,,,area09.org (legacy site),review,full-name,docs/archive/reports/2009/july-2009-board-reportredo-en.pdf,,Held 2026-10-06 by scripts/scan-documents.py (full-name); counts in MSCA09AA-private/documents-held-for-anonymity-review.csv.
archive-reports-2009-july-2009-board-report2009spanish-es,Archive,Reports,July 2009 Board Report 2009,,2009-07,2009,Spanish,PDF,77,,,,area09.org (legacy site),review,full-name,docs/archive/reports/2009/july-2009-board-report2009spanish-es.pdf,,held for review: possible full names of members (1); published instead as the redacted copy docs/archive/reports/2009/july-2009-board-report2009spanish-es-redacted.pdf
archive-minutes-2009-area-09-june-asc-2009final-en,Archive,Minutes,ASC Minutes – June 2009,Actas del CSA – junio de 2009,2009-06-14,2009,English,PDF,45,ASC,,,area09.org (legacy site),review,personal-contact,docs/archive/minutes/2009/area-09-june-asc-2009final-en.pdf,,"held for review: personal contact details (e-mails 2, phones 0); published instead as the redacted copy docs/archive/minutes/2009/area-09-june-asc-2009final-en-redacted.pdf"
archive-flyers-2009-delegateflierjune2009-en,Archive,Flyers,Delegate Flier June 2009,,2009-06,2009,English,PDF,127,,,,area09.org (legacy site),review,full-name,docs/archive/flyers/2009/delegateflierjune2009-en.pdf,,Held 2026-10-06 by scripts/scan-documents.py (full-name); counts in MSCA09AA-private/documents-held-for-anonymity-review.csv.
archive-flyers-2009-handiconference042409-en,Archive,Flyers,"H&I Conference April 24, 2009",,2009-04-24,2009,English,PDF,228,,,hospitals-institutions,area09.org (legacy site),review,personal-contact,docs/archive/flyers/2009/handiconference042409-en.pdf,,"held for review: personal contact details (e-mails 0, phones 4); published instead as the redacted copy docs/archive/flyers/2009/handiconference042409-en-redacted.pdf"
archive-flyers-2009-shandiconference042409-en,Archive,Flyers,"H&I Conference April 24, 2009",,2009-04-24,2009,English,PDF,243,,,hospitals-institutions,area09.org (legacy site),review,personal-contact,docs/archive/flyers/2009/shandiconference042409-en.pdf,,"held for review: personal contact details (e-mails 0, phones 4); published instead as the redacted copy docs/archive/flyers/2009/shandiconference042409-en-redacted.pdf"
archive-minutes-2009-area-09-mar-asc-2009-bh-en,Archive,Minutes,ASC Minutes – March 2009,Actas del CSA – marzo de 2009,2009-03-15,2009,English,PDF,28,ASC,,,area09.org (legacy site),review,personal-contact,docs/archive/minutes/2009/area-09-mar-asc-2009-bh-en.pdf,,"held for review: personal contact details (e-mails 0, phones 1); published instead as the redacted copy docs/archive/minutes/2009/area-09-mar-asc-2009-bh-en-redacted.pdf"
archive-newsletters-2009-spanjannews09v3-01-2009-en,Archive,Newsletters,Area Newsletter – March 2009,Boletín del Área – marzo de 2009,2009-03-01,2009,Spanish,PDF,194,,,,area09.org (legacy site),review,personal-contact,docs/archive/newsletters/2009/spanjannews09v3-01-2009-en.pdf,,"held for review: personal contact details (e-mails 0, phones 1); published instead as the redacted copy docs/archive/newsletters/2009/spanjannews09v3-01-2009-en-redacted.pdf"
archive-flyers-2009-sharingsession2009flyerspanish02-21-09-es,Archive,Flyers,"Sharing Session 2009 Flyer Spanish February 21, 2009",,2009-02-21,2009,Spanish,PDF,132,,,,area09.org (legacy site),review,personal-contact,docs/archive/flyers/2009/sharingsession2009flyerspanish02-21-09-es.pdf,,"held for review: personal contact details (e-mails 0, phones 5); published instead as the redacted copy docs/archive/flyers/2009/sharingsession2009flyerspanish02-21-09-es-redacted.pdf"
archive-flyers-2009-sharingsession2009flyerspanish02-21-09-es-redacted,Archive,Flyers,"Sharing Session 2009 Flyer Spanish February 21, 2009",,2009-02-21,2009,Spanish,PDF,135,,,,area09.org (legacy site),review,personal-contact,docs/archive/flyers/2009/sharingsession2009flyerspanish02-21-09-es-redacted.pdf,,"Anonymity-redacted copy: full names shortened to first name + last initial, personal e-mails and phone numbers removed. Original (held for review): docs/archive/flyers/2009/sharingsession2009flyerspanish02-21-09-es.pdf Held 2026-10-06 by scripts/scan-documents.py (personal-contact); counts in MSCA09AA-private/documents-held-for-anonymity-review.csv. File moved to MSCA09AA-private/removed-from-docs-2026-10-06 (could not be cleaned automatically)."
archive-flyers-2009-sharingsession2009flyerenglish02-21-09-en,Archive,Flyers,"Sharing Session 2009 Flyer English February 21, 2009",,2009-02-21,2009,English,PDF,118,,,,area09.org (legacy site),review,personal-contact,docs/archive/flyers/2009/sharingsession2009flyerenglish02-21-09-en.pdf,,"held for review: personal contact details (e-mails 0, phones 5); published instead as the redacted copy docs/archive/flyers/2009/sharingsession2009flyerenglish02-21-09-en-redacted.pdf"
archive-conference-asc-feb-09-en,Archive,Minutes,ASC Minutes – February 2009,Actas del CSA – febrero de 2009,2009-02-08,2009,English,PDF,22,ASC,,,area09.org (legacy site),review,personal-contact,docs/archive/conference/asc-feb-09-en.pdf,,Held 2026-10-06 by scripts/scan-documents.py (personal-contact); counts in MSCA09AA-private/documents-held-for-anonymity-review.csv.
archive-praasa-praasa09-flyer-24jan09-en,Archive,PRAASA,PRAASA 09 FLYER 24 Jan 2009,,2009-01,2009,English,PDF,33,,,,area09.org (legacy site),review,personal-contact,docs/archive/praasa/praasa09-flyer-24jan09-en.pdf,,"held for review: personal contact details (e-mails 0, phones 1); published instead as the redacted copy docs/archive/praasa/praasa09-flyer-24jan09-en-redacted.pdf"
archive-newsletters-ssepnews09draft2-spanish-es,Archive,Newsletters,Sep News 09 Draft 2,,,2009,Spanish,PDF,193,,,,area09.org (legacy site),review,personal-contact,docs/archive/newsletters/ssepnews09draft2-spanish-es.pdf,,"held for review: personal contact details (e-mails 0, phones 1); published instead as the redacted copy docs/archive/newsletters/ssepnews09draft2-spanish-es-redacted.pdf"
archive-praasa-spraasa09flyers-en,Archive,PRAASA,PRAASA 09 FLYERS,,,2009,English,PDF,51,,,,area09.org (legacy site),review,personal-contact,docs/archive/praasa/spraasa09flyers-en.pdf,,"held for review: personal contact details (e-mails 0, phones 2); published instead as the redacted copy docs/archive/praasa/spraasa09flyers-en-redacted.pdf"
archive-flyers-2009-spicpcspworkshop09262009-en,Archive,Flyers,PICPCSP Workshop 09262009,,2009,2009,English,PDF,92,,,,area09.org (legacy site),review,personal-contact,docs/archive/flyers/2009/spicpcspworkshop09262009-en.pdf,,"held for review: personal contact details (e-mails 0, phones 3); published instead as the redacted copy docs/archive/flyers/2009/spicpcspworkshop09262009-en-redacted.pdf"
archive-newsletters-maynews09r2-compatibility-mode-en,Archive,Newsletters,May News 09 R 2 [Compatibility Mode] 2009,,2009,2009,English,PDF,88,,,,area09.org (legacy site),review,personal-contact,docs/archive/newsletters/maynews09r2-compatibility-mode-en.pdf,,"held for review: personal contact details (e-mails 0, phones 1); published instead as the redacted copy docs/archive/newsletters/maynews09r2-compatibility-mode-en-redacted.pdf"
archive-newsletters-marnews09v2-en,Archive,Newsletters,Mar News 09 v 2 2009,,2009,2009,English,PDF,78,,,,area09.org (legacy site),review,personal-contact,docs/archive/newsletters/marnews09v2-en.pdf,,"held for review: personal contact details (e-mails 0, phones 1); published instead as the redacted copy docs/archive/newsletters/marnews09v2-en-redacted.pdf"
archive-conference-2009-smsca-assembly-agenda-01-2009-en,Archive,Conference,MSCA Assembly Agenda 01 2009,,2009,2009,Spanish,PDF,65,,,,area09.org (legacy site),review,full-name,docs/archive/conference/2009/smsca-assembly-agenda-01-2009-en.pdf,,Held 2026-10-06 by scripts/scan-documents.py (full-name); counts in MSCA09AA-private/documents-held-for-anonymity-review.csv.
archive-minutes-2009-smsca-asc-08-09-minutes-en,Archive,Minutes,MSCA ASC 08.09 Minutes 2009,,2009,2009,Spanish,PDF,64,ASC,,,area09.org (legacy site),review,personal-contact,docs/archive/minutes/2009/smsca-asc-08-09-minutes-en.pdf,,"language detected from text: Spanish (was English); held for review: personal contact details (e-mails 1, phones 1); published instead as the redacted copy docs/archive/minutes/2009/smsca-asc-08-09-minutes-en-redacted.pdf"
archive-newsletters-junnews09v5-en,Archive,Newsletters,Jun News 09 v 5 2009,,2009,2009,English,PDF,173,,,,area09.org (legacy site),review,personal-contact,docs/archive/newsletters/junnews09v5-en.pdf,,"held for review: personal contact details (e-mails 0, phones 1); published instead as the redacted copy docs/archive/newsletters/junnews09v5-en-redacted.pdf"
archive-newsletters-jannews09v3-en,Archive,Newsletters,Jan News 09 v 3 2009,,2009,2009,English,PDF,150,,,,area09.org (legacy site),review,personal-contact,docs/archive/newsletters/jannews09v3-en.pdf,,"held for review: personal contact details (e-mails 0, phones 1); published instead as the redacted copy docs/archive/newsletters/jannews09v3-en-redacted.pdf"
archive-newsletters-febnews09-en,Archive,Newsletters,Feb News 09 2009,,2009,2009,English,PDF,98,,,,area09.org (legacy site),review,personal-contact,docs/archive/newsletters/febnews09-en.pdf,,"held for review: personal contact details (e-mails 2, phones 3); published instead as the redacted copy docs/archive/newsletters/febnews09-en-redacted.pdf"
archive-flyers-2009-sdecenber13-2009-asc-en,Archive,Flyers,"Decenber 13, 2009 ASC",,2009,2009,English,PDF,362,,,,area09.org (legacy site),review,personal-contact,docs/archive/flyers/2009/sdecenber13-2009-asc-en.pdf,,"held for review: personal contact details (e-mails 0, phones 1)"
archive-flyers-2009-decemeber13-2009-asc-en,Archive,Flyers,"Decemeber 13,2009 ASC",,2009,2009,English,PDF,356,,,,area09.org (legacy site),review,personal-contact,docs/archive/flyers/2009/decemeber13-2009-asc-en.pdf,,"held for review: personal contact details (e-mails 0, phones 1)"
archive-districts-d6-2009-district-6-2009-minutes-in-chronological-order-en,Archive,District,DISTRICT 6 2009 Minutes in Chronological Order,,2009,2009,English,PDF,305,,d06,,area09.org (legacy site),review,personal-contact,docs/archive/districts/d6/2009/district-6-2009-minutes-in-chronological-order-en.pdf,,"held for review: personal contact details (e-mails 1, phones 4); published instead as the redacted copy docs/archive/districts/d6/2009/district-6-2009-minutes-in-chronological-order-en-redacted.pdf"
archive-newsletters-augnews09-en,Archive,Newsletters,Aug News 09 2009,,2009,2009,English,PDF,140,,,,area09.org (legacy site),review,personal-contact,docs/archive/newsletters/augnews09-en.pdf,,"held for review: personal contact details (e-mails 0, phones 1); published instead as the redacted copy docs/archive/newsletters/augnews09-en-redacted.pdf"
archive-newsletters-2009-saugnews09spanish-2009-es,Archive,Newsletters,Aug News 09 2009,,2009,2009,Spanish,PDF,57,,,,area09.org (legacy site),review,personal-contact,docs/archive/newsletters/2009/saugnews09spanish-2009-es.pdf,,"held for review: personal contact details (e-mails 0, phones 1); published instead as the redacted copy docs/archive/newsletters/2009/saugnews09spanish-2009-es-redacted.pdf"
archive-conference-agenda8-09s-spanish-es,Archive,Conference,Agenda 8 09 S,,,2009,Spanish,PDF,46,,,,area09.org (legacy site),review,full-name,docs/archive/conference/agenda8-09s-spanish-es.pdf,,Held 2026-10-06 by scripts/scan-documents.py (full-name); counts in MSCA09AA-private/documents-held-for-anonymity-review.csv.
archive-conference-2009-agenda08-2009-en,Archive,Conference,Agenda 08 2009,,2009,2009,English,PDF,39,,,,area09.org (legacy site),review,full-name,docs/archive/conference/2009/agenda08-2009-en.pdf,,Held 2026-10-06 by scripts/scan-documents.py (full-name); counts in MSCA09AA-private/documents-held-for-anonymity-review.csv.
archive-newsletters-aa-msca-12-09-newsletter-final-en,Archive,Newsletters,AA MSCA 12.09 Newsletter Final 2009,,2009,2009,English,PDF,181,,,,area09.org (legacy site),review,personal-contact,docs/archive/newsletters/aa-msca-12-09-newsletter-final-en.pdf,,"held for review: personal contact details (e-mails 0, phones 1); published instead as the redacted copy docs/archive/newsletters/aa-msca-12-09-newsletter-final-en-redacted.pdf"
archive-conference-2009-saa-gs-conference-preliminary-agenda-items-04-2009-en,Archive,Conference,AA GS Conference Preliminary Agenda Items 04 2009,,2009,2009,English,PDF,261,,,,area09.org (legacy site),no,,docs/archive/conference/2009/saa-gs-conference-preliminary-agenda-items-04-2009-en.pdf,,Duplicate of archive-conference-2009-aa-gs-conference-preliminary-agenda-items-04-2009-en (same document).
archive-conference-2009-saa-gs-conference-preliminary-agenda-items-03-2009-en,Archive,Conference,AA GS Conference Preliminary Agenda Items 03 2009,,2009,2009,English,PDF,433,,,,area09.org (legacy site),no,,docs/archive/conference/2009/saa-gs-conference-preliminary-agenda-items-03-2009-en.pdf,,Duplicate of archive-conference-2009-aa-gs-conference-preliminary-agenda-items-03-2009-en (same document).
archive-conference-2009-saa-gs-conference-preliminary-agenda-items-02-2009-en,Archive,Conference,AA GS Conference Preliminary Agenda Items 02 2009,,2009,2009,English,PDF,446,,,,area09.org (legacy site),no,,docs/archive/conference/2009/saa-gs-conference-preliminary-agenda-items-02-2009-en.pdf,,Duplicate of archive-conference-2009-aa-gs-conference-preliminary-agenda-items-02-2009-en (same document).
archive-conference-2009-saa-gs-conference-preliminary-agenda-items-01-2009-en,Archive,Conference,AA GS Conference Preliminary Agenda Items 01 2009,,2009,2009,English,PDF,454,,,,area09.org (legacy site),no,,docs/archive/conference/2009/saa-gs-conference-preliminary-agenda-items-01-2009-en.pdf,,Duplicate of archive-conference-2009-aa-gs-conference-preliminary-agenda-items-01-2009-en (same document).
archive-minutes-2008-december-minutes-08-en,Archive,Minutes,ASC Minutes – December 2008,Actas del CSA – diciembre de 2008,2008-12-14,2008,English,PDF,44,ASC,,,area09.org (legacy site),review,personal-contact,docs/archive/minutes/2008/december-minutes-08-en.pdf,,"held for review: personal contact details (e-mails 1, phones 0); published instead as the redacted copy docs/archive/minutes/2008/december-minutes-08-en-redacted.pdf"
archive-minutes-2008-sdec-08-asc-minutes-en,Archive,Minutes,ASC Minutes – December 2008,Actas del CSA – diciembre de 2008,2008-12-14,2008,Spanish,PDF,42,ASC,,,area09.org (legacy site),review,personal-contact,docs/archive/minutes/2008/sdec-08-asc-minutes-en.pdf,,"language detected from text: Spanish (was English); held for review: personal contact details (e-mails 1, phones 0); published instead as the redacted copy docs/archive/minutes/2008/sdec-08-asc-minutes-en-redacted.pdf"
archive-districts-d6-district-6-meeting-12-2-08-minutes-en,Archive,District,"District 6 Minutes – December 2, 2008",Actas del Distrito 6 – 2 de diciembre de 2008,2008-12-02,2008,English,PDF,23,,d06,,area09.org (legacy site),review,full-name,docs/archive/districts/d6/district-6-meeting-12-2-08-minutes-en.pdf,,held for review: possible full names of members (1); published instead as the redacted copy docs/archive/districts/d6/district-6-meeting-12-2-08-minutes-en-redacted.pdf
archive-districts-d6-district-6-gsr-meeting-12-2-08-en,Archive,District,"District 6 G.S.R. Meeting December 2, 2008",,2008-12-02,2008,English,PDF,17,,d06,,area09.org (legacy site),review,full-name,docs/archive/districts/d6/district-6-gsr-meeting-12-2-08-en.pdf,,held for review: possible full names of members (1); published instead as the redacted copy docs/archive/districts/d6/district-6-gsr-meeting-12-2-08-en-redacted.pdf
archive-districts-d6-district-06-minutes-10-7-08-final-en,Archive,District,"District 6 Minutes – October 7, 2008",Actas del Distrito 6 – 7 de octubre de 2008,2008-10-07,2008,English,PDF,40,,d06,,area09.org (legacy site),review,personal-contact,docs/archive/districts/d6/district-06-minutes-10-7-08-final-en.pdf,,"held for review: personal contact details (e-mails 3, phones 0); published instead as the redacted copy docs/archive/districts/d6/district-06-minutes-10-7-08-final-en-redacted.pdf"
archive-districts-d6-flyer-for-district-06-traditions-play-10-6-08-en,Archive,District,"Flyer for District 06 Traditions Play October 6, 2008",,2008-10-06,2008,English,PDF,49,,d06,,area09.org (legacy site),review,personal-contact,docs/archive/districts/d6/flyer-for-district-06-traditions-play-10-6-08-en.pdf,,"held for review: personal contact details (e-mails 0, phones 1); published instead as the redacted copy docs/archive/districts/d6/flyer-for-district-06-traditions-play-10-6-08-en-redacted.pdf"
archive-newsletters-oct-spannl-08-1-en,Archive,Newsletters,Oct Span NL 08[1],,2008-10,2008,Spanish,PDF,139,,,,area09.org (legacy site),review,personal-contact,docs/archive/newsletters/oct-spannl-08-1-en.pdf,,"held for review: personal contact details (e-mails 0, phones 1); published instead as the redacted copy docs/archive/newsletters/oct-spannl-08-1-en-redacted.pdf"
archive-minutes-2008-area09-minutes-october-08-en,Archive,Minutes,ASC Minutes – October 2008,Actas del CSA – octubre de 2008,2008-10,2008,English,PDF,49,ASC,,,area09.org (legacy site),review,unverified,docs/archive/minutes/2008/area09-minutes-october-08-en.pdf,,held for review: no readable text (scan or protected PDF); could not be checked
archive-districts-d7-2008-minutes-sept-8-2008-en,Archive,District,"District 7 Minutes – September 8, 2008",Actas del Distrito 7 – 8 de septiembre de 2008,2008-09-08,2008,English,PDF,21,,d07,,area09.org (legacy site),review,sobriety-date,docs/archive/districts/d7/2008/minutes-sept-8-2008-en.pdf,,Held 2026-10-06 by scripts/scan-documents.py (sobriety-date); counts in MSCA09AA-private/documents-held-for-anonymity-review.csv.
archive-districts-d6-district-06-meeting-9-2-08-minutes-en,Archive,District,"District 6 Minutes – September 2, 2008",Actas del Distrito 6 – 2 de septiembre de 2008,2008-09-02,2008,English,PDF,31,,d06,,area09.org (legacy site),review,sobriety-date,docs/archive/districts/d6/district-06-meeting-9-2-08-minutes-en.pdf,,Held 2026-10-06 by scripts/scan-documents.py (sobriety-date); counts in MSCA09AA-private/documents-held-for-anonymity-review.csv.
archive-newsletters-ssep08nl-en,Archive,Newsletters,Area Newsletter – September 2008,Boletín del Área – septiembre de 2008,2008-09,2008,English,PDF,117,,,,area09.org (legacy site),review,personal-contact,docs/archive/newsletters/ssep08nl-en.pdf,,"held for review: personal contact details (e-mails 0, phones 6); published instead as the redacted copy docs/archive/newsletters/ssep08nl-en-redacted.pdf"
archive-flyers-2008-sp-rf-pacific-flyer-aug29-30-08-en,Archive,Flyers,Sp RF Pacific Flyer Aug 29 30 08 2008,,2008-08-29,2008,English,PDF,360,,,,area09.org (legacy site),review,personal-contact,docs/archive/flyers/2008/sp-rf-pacific-flyer-aug29-30-08-en.pdf,,"held for review: personal contact details (e-mails 1, phones 3); published instead as the redacted copy docs/archive/flyers/2008/sp-rf-pacific-flyer-aug29-30-08-en-redacted.pdf"
archive-flyers-2008-en-rf-pacific-flyer-aug29-30-08-en,Archive,Flyers,En RF Pacific Flyer Aug 29 30 08 2008,,2008-08-29,2008,English,PDF,309,,,,area09.org (legacy site),review,personal-contact,docs/archive/flyers/2008/en-rf-pacific-flyer-aug29-30-08-en.pdf,,"held for review: personal contact details (e-mails 0, phones 2); published instead as the redacted copy docs/archive/flyers/2008/en-rf-pacific-flyer-aug29-30-08-en-redacted.pdf"
archive-minutes-2008-area09-august-minutes-08-en,Archive,Minutes,ASC Minutes – August 2008,Actas del CSA – agosto de 2008,2008-08,2008,English,PDF,44,ASC,,,area09.org (legacy site),review,unverified,docs/archive/minutes/2008/area09-august-minutes-08-en.pdf,,held for review: no readable text (scan or protected PDF); could not be checked
archive-districts-d7-2008-minutes-july-14-2008-en,Archive,District,"District 7 Minutes – July 14, 2008",Actas del Distrito 7 – 14 de julio de 2008,2008-07-14,2008,English,PDF,21,,d07,,area09.org (legacy site),review,personal-contact,docs/archive/districts/d7/2008/minutes-july-14-2008-en.pdf,,Held 2026-10-06 by scripts/scan-documents.py (personal-contact); counts in MSCA09AA-private/documents-held-for-anonymity-review.csv.
archive-districts-d6-final-district-6-7-1-08-minutes-en,Archive,District,"District 6 Minutes – July 1, 2008",Actas del Distrito 6 – 1 de julio de 2008,2008-07-01,2008,English,PDF,41,,d06,,area09.org (legacy site),review,full-name,docs/archive/districts/d6/final-district-6-7-1-08-minutes-en.pdf,,Held 2026-10-06 by scripts/scan-documents.py (full-name); counts in MSCA09AA-private/documents-held-for-anonymity-review.csv.
archive-conference-2008-sagendajune2008-en,Archive,Conference,Agenda June 2008,,2008-06,2008,English,PDF,63,,,,area09.org (legacy site),review,personal-contact,docs/archive/conference/2008/sagendajune2008-en.pdf,,"held for review: personal contact details (e-mails 0, phones 1); published instead as the redacted copy docs/archive/conference/2008/sagendajune2008-en-redacted.pdf"
archive-minutes-2008-aa-mscarea09-june-approved-minutes-en,Archive,Minutes,AA MSC Area 09 June Approved Minutes 2008,,2008-06,2008,English,PDF,44,,,,area09.org (legacy site),review,unverified,docs/archive/minutes/2008/aa-mscarea09-june-approved-minutes-en.pdf,,held for review: no readable text (scan or protected PDF); could not be checked
archive-misc-2008-sisreg11s052008-en,Archive,Misc,"Sisreg 11 s May 20, 2008",,2008-05-20,2008,English,PDF,110,,,,area09.org (legacy site),review,personal-contact,docs/archive/misc/2008/sisreg11s052008-en.pdf,,"held for review: personal contact details (e-mails 0, phones 1); published instead as the redacted copy docs/archive/misc/2008/sisreg11s052008-en-redacted.pdf"
archive-misc-2008-sisreg11e052008-en,Archive,Misc,"Sisreg 11 e May 20, 2008",,2008-05-20,2008,English,PDF,108,,,,area09.org (legacy site),review,personal-contact,docs/archive/misc/2008/sisreg11e052008-en.pdf,,"held for review: personal contact details (e-mails 0, phones 1); published instead as the redacted copy docs/archive/misc/2008/sisreg11e052008-en-redacted.pdf"
archive-minutes-2008-area09-may-minutes-08-en,Archive,Minutes,Assembly (ASA) Minutes – May 2008,Actas de la Asamblea (ASA) – mayo de 2008,2008-05,2008,English,PDF,26,ASA,,,area09.org (legacy site),review,unverified,docs/archive/minutes/2008/area09-may-minutes-08-en.pdf,,held for review: no readable text (scan or protected PDF); could not be checked
archive-flyers-2008-04-06-08-sunday-open-house-flyer-en,Archive,Flyers,"April 6, 2008 Sunday Open House Flyer",,2008-04-06,2008,English,PDF,147,,,,area09.org (legacy site),review,personal-contact,docs/archive/flyers/2008/04-06-08-sunday-open-house-flyer-en.pdf,,"held for review: personal contact details (e-mails 0, phones 2); published instead as the redacted copy docs/archive/flyers/2008/04-06-08-sunday-open-house-flyer-en-redacted.pdf"
archive-flyers-2008-04-05-08-open-house-saturday-meeting-flyer-en,Archive,Flyers,"April 5, 2008 Open House Saturday Meeting Flyer",,2008-04-05,2008,English,PDF,148,,,,area09.org (legacy site),review,personal-contact,docs/archive/flyers/2008/04-05-08-open-house-saturday-meeting-flyer-en.pdf,,"held for review: personal contact details (e-mails 0, phones 1); published instead as the redacted copy docs/archive/flyers/2008/04-05-08-open-house-saturday-meeting-flyer-en-redacted.pdf"
archive-districts-d6-district-6-minutes-4-1-08-en,Archive,District,"District 6 Minutes – April 1, 2008",Actas del Distrito 6 – 1 de abril de 2008,2008-04-01,2008,English,PDF,45,,d06,,area09.org (legacy site),review,full-name,docs/archive/districts/d6/district-6-minutes-4-1-08-en.pdf,,Held 2026-10-06 by scripts/scan-documents.py (full-name); counts in MSCA09AA-private/documents-held-for-anonymity-review.csv.
archive-flyers-2008-h-and-i-april08fly-en,Archive,Flyers,H and I April 08 Fly 2008,,2008-04,2008,English,PDF,103,,,hospitals-institutions,area09.org (legacy site),review,personal-contact,docs/archive/flyers/2008/h-and-i-april08fly-en.pdf,,"held for review: personal contact details (e-mails 0, phones 4); published instead as the redacted copy docs/archive/flyers/2008/h-and-i-april08fly-en-redacted.pdf"
archive-minutes-2008-march08minutesarea09-en,Archive,Minutes,March 08 Minutes Area 09 2008,,2008-03-16,2008,English,PDF,29,,,,area09.org (legacy site),review,full-name,docs/archive/minutes/2008/march08minutesarea09-en.pdf,,held for review: possible full names of members (1); published instead as the redacted copy docs/archive/minutes/2008/march08minutesarea09-en-redacted.pdf
archive-flyers-2008-secretaryworkshopflyermarch2008-en,Archive,Flyers,Secretary Workshop Flyer March 2008,,2008-03,2008,English,PDF,1965,,,,area09.org (legacy site),review,personal-contact,docs/archive/flyers/2008/secretaryworkshopflyermarch2008-en.pdf,,"held for review: personal contact details (e-mails 0, phones 3)"
archive-flyers-2008-heritageday-information2-11-08-en,Archive,Flyers,"Heritage Day Information February 11, 2008",,2008-02-11,2008,English,PDF,239,,,,area09.org (legacy site),review,sobriety-date,docs/archive/flyers/2008/heritageday-information2-11-08-en.pdf,,Held 2026-10-06 by scripts/scan-documents.py (sobriety-date); counts in MSCA09AA-private/documents-held-for-anonymity-review.csv.
archive-minutes-2008-sfeb2008minutes-en,Archive,Minutes,Minutes – February 2008,Actas – febrero de 2008,2008-02-10,2008,Spanish,PDF,47,,,,area09.org (legacy site),review,full-name,docs/archive/minutes/2008/sfeb2008minutes-en.pdf,,language detected from text: Spanish (was English); held for review: possible full names of members (2); published instead as the redacted copy docs/archive/minutes/2008/sfeb2008minutes-en-redacted.pdf
archive-conference-2008-sascfebruaryagenda2008-en,Archive,Minutes,ASC Minutes – February 2008,Actas del CSA – febrero de 2008,2008-02-10,2008,Spanish,PDF,25,ASC,,,area09.org (legacy site),review,full-name,docs/archive/conference/2008/sascfebruaryagenda2008-en.pdf,,Held 2026-10-06 by scripts/scan-documents.py (full-name); counts in MSCA09AA-private/documents-held-for-anonymity-review.csv.
archive-flyers-2008-4-area-dcm-sharing-flyerfeb2008-en,Archive,Flyers,4 Area D.C.M. Sharing Flyer FEB 2008,,2008-02,2008,English,PDF,62,,,,area09.org (legacy site),review,personal-contact,docs/archive/flyers/2008/4-area-dcm-sharing-flyerfeb2008-en.pdf,,"held for review: personal contact details (e-mails 0, phones 3); published instead as the redacted copy docs/archive/flyers/2008/4-area-dcm-sharing-flyerfeb2008-en-redacted.pdf"
archive-guidelines-gsotreatmentfacilitiesguideline01-25-08-en,Archive,Guidelines,Treatment Committee Guidelines,Guías del Comité de Centros de Tratamiento,2008-01-25,2008,English,PDF,46,,,treatment,area09.org (legacy site),review,personal-contact,docs/archive/guidelines/gsotreatmentfacilitiesguideline01-25-08-en.pdf,,Held 2026-10-06 by scripts/scan-documents.py (personal-contact); counts in MSCA09AA-private/documents-held-for-anonymity-review.csv.
archive-districts-d6-district-6-newly-elected-officers-1-12-08-en,Archive,District,"DISTRICT 6 NEWLY ELECTED OFFICERS January 12, 2008",,2008-01-12,2008,English,PDF,18,,d06,,area09.org (legacy site),review,personal-contact,docs/archive/districts/d6/district-6-newly-elected-officers-1-12-08-en.pdf,,"held for review: personal contact details (e-mails 9, phones 0); published instead as the redacted copy docs/archive/districts/d6/district-6-newly-elected-officers-1-12-08-en-redacted.pdf"
archive-districts-d6-district-6-roster-of-positions-1-08-08-en,Archive,District,"District 6 Roster of Positions January 8, 2008",,2008-01-08,2008,English,PDF,17,,d06,,area09.org (legacy site),review,personal-contact,docs/archive/districts/d6/district-6-roster-of-positions-1-08-08-en.pdf,,"held for review: personal contact details (e-mails 2, phones 0); published instead as the redacted copy docs/archive/districts/d6/district-6-roster-of-positions-1-08-08-en-redacted.pdf"
archive-minutes-2008-jan08assemblyminutesfinal-en,Archive,Minutes,Assembly (ASA) Minutes – January 2008,Actas de la Asamblea (ASA) – enero de 2008,2008-01,2008,English,PDF,24,ASA,,,area09.org (legacy site),review,unverified,docs/archive/minutes/2008/jan08assemblyminutesfinal-en.pdf,,held for review: no readable text (scan or protected PDF); could not be checked
archive-praasa-praasa08reg-en,Archive,PRAASA,PRAASA 08 Reg,,,2008,English,PDF,324,,,,area09.org (legacy site),review,personal-contact,docs/archive/praasa/praasa08reg-en.pdf,,"held for review: personal contact details (e-mails 2, phones 2)"
archive-praasa-spraasa08reg-en,Archive,PRAASA,PRAASA 08 Reg,,,2008,English,PDF,330,,,,area09.org (legacy site),review,personal-contact,docs/archive/praasa/spraasa08reg-en.pdf,,"held for review: personal contact details (e-mails 2, phones 2)"
archive-newsletters-octnews08-en,Archive,Newsletters,Octnews 08 2008,,2008,2008,English,PDF,104,,,,area09.org (legacy site),review,personal-contact,docs/archive/newsletters/octnews08-en.pdf,,"held for review: personal contact details (e-mails 0, phones 1); published instead as the redacted copy docs/archive/newsletters/octnews08-en-redacted.pdf"
archive-archives-2008-movie-night-2008-en,Archive,Archives,Movie+Night+2008,,2008,2008,English,PDF,117,,,archives,area09.org (legacy site),review,personal-contact,docs/archive/archives/2008/movie-night-2008-en.pdf,,Held 2026-10-06 by scripts/scan-documents.py (personal-contact); counts in MSCA09AA-private/documents-held-for-anonymity-review.csv.
archive-minutes-2008-sminutessept1408-en,Archive,Minutes,Minutes Sept 1408 2008,,2008,2008,Spanish,PDF,52,,,,area09.org (legacy site),review,personal-contact,docs/archive/minutes/2008/sminutessept1408-en.pdf,,Held 2026-10-06 by scripts/scan-documents.py (personal-contact); counts in MSCA09AA-private/documents-held-for-anonymity-review.csv.
archive-minutes-2008-sminutesaug1008-en,Archive,Minutes,Minutes Aug 1008 2008,,2008,2008,English,PDF,109,,,,area09.org (legacy site),review,personal-contact,docs/archive/minutes/2008/sminutesaug1008-en.pdf,,"held for review: personal contact details (e-mails 0, phones 1); published instead as the redacted copy docs/archive/minutes/2008/sminutesaug1008-en-redacted.pdf"
archive-newsletters-maynews08v4-en,Archive,Newsletters,May News 08 v 4 2008,,2008,2008,English,PDF,92,,,,area09.org (legacy site),review,personal-contact,docs/archive/newsletters/maynews08v4-en.pdf,,"held for review: personal contact details (e-mails 1, phones 2); published instead as the redacted copy docs/archive/newsletters/maynews08v4-en-redacted.pdf"
archive-newsletters-marnews08v5-en,Archive,Newsletters,Mar News 08 v 5 2008,,2008,2008,English,PDF,169,,,,area09.org (legacy site),review,sobriety-date,docs/archive/newsletters/marnews08v5-en.pdf,,Held 2026-10-06 by scripts/scan-documents.py (sobriety-date); counts in MSCA09AA-private/documents-held-for-anonymity-review.csv.
archive-newsletters-junnews08dv2-en,Archive,Newsletters,Jun News 08 Dv 2 2008,,2008,2008,English,PDF,84,,,,area09.org (legacy site),review,personal-contact,docs/archive/newsletters/junnews08dv2-en.pdf,,"held for review: personal contact details (e-mails 0, phones 1); published instead as the redacted copy docs/archive/newsletters/junnews08dv2-en-redacted.pdf"
archive-misc-2008-inmatesforcorrectionalcorrespondence2008-en,Archive,Misc,Inmatesfor Correctional Correspondence 2008,,2008,2008,English,PDF,182,,,corrections,area09.org (legacy site),review,personal-contact,docs/archive/misc/2008/inmatesforcorrectionalcorrespondence2008-en.pdf,,"held for review: personal contact details (e-mails 0, phones 1)"
archive-guidelines-2008-gso-internet-guidlines2008-en,Archive,Guidelines,G.S.O. Internet Guidlines 2008,,2008,2008,English,PDF,81,,,,area09.org (legacy site),review,full-name,docs/archive/guidelines/2008/gso-internet-guidlines2008-en.pdf,,Held 2026-10-06 by scripts/scan-documents.py (full-name); counts in MSCA09AA-private/documents-held-for-anonymity-review.csv.
archive-newsletters-febnews08v2-en,Archive,Newsletters,Feb News 08 v 2 2008,,2008,2008,English,PDF,214,,,,area09.org (legacy site),review,personal-contact,docs/archive/newsletters/febnews08v2-en.pdf,,"held for review: personal contact details (e-mails 0, phones 1); published instead as the redacted copy docs/archive/newsletters/febnews08v2-en-redacted.pdf"
archive-newsletters-sfebnews08-en,Archive,Newsletters,Feb News 08,,,2008,English,PDF,202,,,,area09.org (legacy site),review,personal-contact,docs/archive/newsletters/sfebnews08-en.pdf,,"held for review: personal contact details (e-mails 0, phones 1); published instead as the redacted copy docs/archive/newsletters/sfebnews08-en-redacted.pdf"
archive-districts-d6-2008-district-6-agenda-year-in-review2008-en,Archive,District,District 6 Agenda Year in Review 2008,,2008,2008,English,PDF,71,,d06,,area09.org (legacy site),review,personal-contact,docs/archive/districts/d6/2008/district-6-agenda-year-in-review2008-en.pdf,,"held for review: personal contact details (e-mails 0, phones 1); published instead as the redacted copy docs/archive/districts/d6/2008/district-6-agenda-year-in-review2008-en-redacted.pdf"
archive-newsletters-aug2news08-en,Archive,Newsletters,Aug 2 News 08 2008,,2008,2008,English,PDF,93,,,,area09.org (legacy site),review,unverified,docs/archive/newsletters/aug2news08-en.pdf,,held for review: no readable text (scan or protected PDF); could not be checked
archive-finances-2008-58thgscfinance2008s-en,Archive,Finances,58th G.S.C. Finance 2008 S,,2008,2008,Spanish,PDF,540,,,,area09.org (legacy site),review,unverified,docs/archive/finances/2008/58thgscfinance2008s-en.pdf,,Held 2026-10-06 by scripts/scan-documents.py (unverified); counts in MSCA09AA-private/documents-held-for-anonymity-review.csv.
archive-minutes-dec07ascminutes-en,Archive,Minutes,ASC Minutes – December 2007,Actas del CSA – diciembre de 2007,2007-12,2007,English,PDF,112,ASC,,,area09.org (legacy site),review,unverified,docs/archive/minutes/dec07ascminutes-en.pdf,,held for review: no readable text (scan or protected PDF); could not be checked
archive-districts-d7-2007-minutes-nov-12-2007-en,Archive,District,"District 7 Minutes – November 12, 2007",Actas del Distrito 7 – 12 de noviembre de 2007,2007-11-12,2007,English,PDF,22,,d07,,area09.org (legacy site),review,full-name,docs/archive/districts/d7/2007/minutes-nov-12-2007-en.pdf,,Held 2026-10-06 by scripts/scan-documents.py (full-name); counts in MSCA09AA-private/documents-held-for-anonymity-review.csv.
archive-minutes-2007-minutes-nov-07-2007-en,Archive,Minutes,Minutes Nov 07 2007,,2007-11-07,2007,English,PDF,130,,,,area09.org (legacy site),review,unverified,docs/archive/minutes/2007/minutes-nov-07-2007-en.pdf,,held for review: no readable text (scan or protected PDF); could not be checked
archive-conference-2007-noviembre-2007-asc-agenda-spanish-es,Archive,Conference,Noviembre 2007 ASC Agenda,,2007-11,2007,Spanish,PDF,31,,,,area09.org (legacy site),review,full-name,docs/archive/conference/2007/noviembre-2007-asc-agenda-spanish-es.pdf,,Held 2026-10-06 by scripts/scan-documents.py (full-name); counts in MSCA09AA-private/documents-held-for-anonymity-review.csv.
archive-minutes-2007-september-2007-asc-minutes-eng-en,Archive,Minutes,Assembly (ASA) Minutes – September 2007,Actas de la Asamblea (ASA) – septiembre de 2007,2007-09,2007,English,PDF,36,ASA,,,area09.org (legacy site),review,unverified,docs/archive/minutes/2007/september-2007-asc-minutes-eng-en.pdf,,held for review: no readable text (scan or protected PDF); could not be checked
archive-minutes-2007-septiembre-2007-asc-minutos-spanish-es,Archive,Minutes,ASC Minutes – September 2007,Actas del CSA – septiembre de 2007,2007-09,2007,Spanish,PDF,23,ASC,,,area09.org (legacy site),review,unverified,docs/archive/minutes/2007/septiembre-2007-asc-minutos-spanish-es.pdf,,held for review: no readable text (scan or protected PDF); could not be checked
archive-districts-d5-d5augnews07-en,Archive,District,District 5 Aug News 07,,2007-08,2007,English,PDF,33,,d05,,area09.org (legacy site),review,full-name,docs/archive/districts/d5/d5augnews07-en.pdf,,held for review: possible full names of members (1); published instead as the redacted copy docs/archive/districts/d5/d5augnews07-en-redacted.pdf
archive-minutes-mayassembly07-minutes-2-en,Archive,Minutes,Assembly (ASA) Minutes – May 2007,Actas de la Asamblea (ASA) – mayo de 2007,2007-05-20,2007,English,PDF,22,ASA,,,area09.org (legacy site),review,personal-contact,docs/archive/minutes/mayassembly07-minutes-2-en.pdf,,"held for review: personal contact details (e-mails 1, phones 0); published instead as the redacted copy docs/archive/minutes/mayassembly07-minutes-2-en-redacted.pdf"
archive-minutes-mar07ascmin-en,Archive,Minutes,Mar 07 as Cmin 2007,,2007-03-11,2007,English,PDF,133,,,,area09.org (legacy site),review,personal-contact,docs/archive/minutes/mar07ascmin-en.pdf,,Held 2026-10-06 by scripts/scan-documents.py (personal-contact); counts in MSCA09AA-private/documents-held-for-anonymity-review.csv.
archive-misc-himar07-en,Archive,Misc,Hi Mar 2007,,2007-03,2007,English,PDF,47,,,,area09.org (legacy site),review,full-name,docs/archive/misc/himar07-en.pdf,,held for review: possible full names of members (1); published instead as the redacted copy docs/archive/misc/himar07-en-redacted.pdf
archive-minutes-sminassembjan07-en,Archive,Minutes,Minutes Assemb Jan 2007,,2007-01-14,2007,English,PDF,43,,,,area09.org (legacy site),review,personal-contact,docs/archive/minutes/sminassembjan07-en.pdf,,"held for review: personal contact details (e-mails 1, phones 0); published instead as the redacted copy docs/archive/minutes/sminassembjan07-en-redacted.pdf"
archive-minutes-minjanassem07-en,Archive,Minutes,Assembly (ASA) Minutes – January 2007,Actas de la Asamblea (ASA) – enero de 2007,2007-01-14,2007,English,PDF,40,ASA,,,area09.org (legacy site),review,personal-contact,docs/archive/minutes/minjanassem07-en.pdf,,"held for review: personal contact details (e-mails 1, phones 0); published instead as the redacted copy docs/archive/minutes/minjanassem07-en-redacted.pdf"
archive-newsletters-wnovnews07-en,Archive,Newsletters,W Nov News 07 2007,,2007,2007,English,PDF,287,,,,area09.org (legacy site),review,unverified,docs/archive/newsletters/wnovnews07-en.pdf,,held for review: no readable text (scan or protected PDF); could not be checked
archive-newsletters-wjunnews07-en,Archive,Newsletters,W Jun News 07 2007,,2007,2007,English,PDF,226,,,,area09.org (legacy site),review,personal-contact,docs/archive/newsletters/wjunnews07-en.pdf,,"held for review: personal contact details (e-mails 0, phones 1); published instead as the redacted copy docs/archive/newsletters/wjunnews07-en-redacted.pdf"
archive-newsletters-wfebnews07-en,Archive,Newsletters,W Feb News 07 2007,,2007,2007,English,PDF,260,,,,area09.org (legacy site),review,personal-contact,docs/archive/newsletters/wfebnews07-en.pdf,,"held for review: personal contact details (e-mails 0, phones 1); published instead as the redacted copy docs/archive/newsletters/wfebnews07-en-redacted.pdf"
archive-newsletters-waugnews07-en,Archive,Newsletters,W Aug News 07 2007,,2007,2007,English,PDF,223,,,,area09.org (legacy site),review,personal-contact,docs/archive/newsletters/waugnews07-en.pdf,,"held for review: personal contact details (e-mails 0, phones 1); published instead as the redacted copy docs/archive/newsletters/waugnews07-en-redacted.pdf"
archive-newsletters-swfebnews07-en,Archive,Newsletters,Sw Feb News 07,,,2007,Spanish,PDF,252,,,,area09.org (legacy site),review,personal-contact,docs/archive/newsletters/swfebnews07-en.pdf,,"language detected from text: Spanish (was English); held for review: personal contact details (e-mails 0, phones 1); published instead as the redacted copy docs/archive/newsletters/swfebnews07-en-redacted.pdf"
archive-conference-spcagenda07-en,Archive,Conference,P Cagenda 07,,,2007,Spanish,PDF,181,,,,area09.org (legacy site),review,personal-contact,docs/archive/conference/spcagenda07-en.pdf,,Held 2026-10-06 by scripts/scan-documents.py (personal-contact); counts in MSCA09AA-private/documents-held-for-anonymity-review.csv.
archive-newsletters-smaynews07-en,Archive,Newsletters,May News 07,,,2007,English,PDF,268,,,,area09.org (legacy site),review,personal-contact,docs/archive/newsletters/smaynews07-en.pdf,,"held for review: personal contact details (e-mails 0, phones 2); published instead as the redacted copy docs/archive/newsletters/smaynews07-en-redacted.pdf"
archive-newsletters-smarnews07-en,Archive,Newsletters,Mar News 07,,,2007,English,PDF,312,,,,area09.org (legacy site),review,personal-contact,docs/archive/newsletters/smarnews07-en.pdf,,"held for review: personal contact details (e-mails 0, phones 1); published instead as the redacted copy docs/archive/newsletters/smarnews07-en-redacted.pdf"
archive-newsletters-sjunnews07-en,Archive,Newsletters,Jun News 07,,,2007,Spanish,PDF,232,,,,area09.org (legacy site),review,personal-contact,docs/archive/newsletters/sjunnews07-en.pdf,,Held 2026-10-06 by scripts/scan-documents.py (personal-contact); counts in MSCA09AA-private/documents-held-for-anonymity-review.csv.
guidelines-committee-unlisted-guidelines-corrections-correspondence-english-2007,Archive,Guidelines,Guidelines Corrections Correspondence English 2007,,,2007,English,PDF,,,,,Area Drive (docs/Committee Guidelines),no,,docs/Committee Guidelines/Guidelines-Corrections-Correspondence-English-2007.pdf,,"Listed only so the automatic Drive listing skips it: possibly superseded or a draft. Check it against the committee's current guidelines; set publish = yes (and fill title_es) if it is the current version, or move the file to docs/Committee Guidelines/OLD."
guidelines-committee-unlisted-guias-instituciones-correctionales-spanish-2007,Archive,Guidelines,Guias Instituciones Correctionales Spanish 2007,,,2007,Spanish,PDF,,,,,Area Drive (docs/Committee Guidelines),no,,docs/Committee Guidelines/Guias-Instituciones-Correctionales-Spanish-2007.pdf,,"Listed only so the automatic Drive listing skips it: possibly superseded or a draft. Check it against the committee's current guidelines; set publish = yes (and fill title_es) if it is the current version, or move the file to docs/Committee Guidelines/OLD."
archive-conference-gscrpt07-en,Archive,Conference,GS Crpt 07,,,2007,English,PDF,42,,,,area09.org (legacy site),review,full-name,docs/archive/conference/gscrpt07-en.pdf,,held for review: possible full names of members (3); published instead as the redacted copy docs/archive/conference/gscrpt07-en-redacted.pdf
archive-conference-sgscrpt07-en,Archive,Conference,GS Crpt 07,,,2007,English,PDF,28,,,,area09.org (legacy site),review,full-name,docs/archive/conference/sgscrpt07-en.pdf,,held for review: possible full names of members (1); published instead as the redacted copy docs/archive/conference/sgscrpt07-en-redacted.pdf
archive-minutes-febasc07minfinal-en,Archive,Minutes,Feb ASC 07 Minutes Final 2007,,2007,2007,English,PDF,109,ASC,,,area09.org (legacy site),review,personal-contact,docs/archive/minutes/febasc07minfinal-en.pdf,,"held for review: personal contact details (e-mails 2, phones 1); published instead as the redacted copy docs/archive/minutes/febasc07minfinal-en-redacted.pdf"
archive-minutes-sfebasc07minfinal-en,Archive,Minutes,Feb ASC 07 Minutes Final,,,2007,English,PDF,88,ASC,,,area09.org (legacy site),review,personal-contact,docs/archive/minutes/sfebasc07minfinal-en.pdf,,"held for review: personal contact details (e-mails 1, phones 1); published instead as the redacted copy docs/archive/minutes/sfebasc07minfinal-en-redacted.pdf"
archive-districts-d5-2007-winter2007-newsletter-en,Archive,District,District 5 Newsletter – 2007,Boletín del Distrito 5 – 2007,2007,2007,English,PDF,64,,d05,,area09.org (legacy site),review,personal-contact,docs/archive/districts/d5/2007/winter2007-newsletter-en.pdf,,"held for review: personal contact details (e-mails 0, phones 1); published instead as the redacted copy docs/archive/districts/d5/2007/winter2007-newsletter-en-redacted.pdf"
archive-conference-2007-sdeciembre-2007-asc-agenda-spanish-es,Archive,Conference,Deciembre 2007 ASC Agenda,,2007,2007,Spanish,PDF,31,,,,area09.org (legacy site),review,full-name,docs/archive/conference/2007/sdeciembre-2007-asc-agenda-spanish-es.pdf,,Held 2026-10-06 by scripts/scan-documents.py (full-name); counts in MSCA09AA-private/documents-held-for-anonymity-review.csv.
archive-newsletters-decnews07-en,Archive,Newsletters,Dec News 07 2007,,2007,2007,English,PDF,317,,,,area09.org (legacy site),review,full-name,docs/archive/newsletters/decnews07-en.pdf,,Held 2026-10-06 by scripts/scan-documents.py (full-name); counts in MSCA09AA-private/documents-held-for-anonymity-review.csv.
archive-guidelines-2021-guidelines-corrections-correspondence-english-2007-1-en,Archive,Guidelines,Corrections Committee Guidelines (2007),Guías del Comité de Instituciones Correccionales (2007),2007,2007,English,PDF,19,,,corrections,msca09aa.org,no,,docs/archive/guidelines/2021/guidelines-corrections-correspondence-english-2007-1-en.pdf,,Duplicate of archive-guidelines-2007-corrections-guidelines-final-draft-2007-en (same document).
archive-conference-advisory-actions-07-en,Archive,Conference,Advisory Actions 07,,,2007,English,PDF,46,,,,area09.org (legacy site),review,unverified,docs/archive/conference/advisory-actions-07-en.pdf,,held for review: no readable text (scan or protected PDF); could not be checked
archive-conference-s-07-advisory-actions-en,Archive,Conference,07 Advisory Actions,,,2007,English,PDF,48,,,,area09.org (legacy site),review,unverified,docs/archive/conference/s-07-advisory-actions-en.pdf,,held for review: no readable text (scan or protected PDF); could not be checked
archive-minutes-mindec06ascfinal-en,Archive,Minutes,Minutes Dec 06 as Cfinal 2006,,2006-12-10,2006,English,PDF,101,,,,area09.org (legacy site),review,personal-contact,docs/archive/minutes/mindec06ascfinal-en.pdf,,"held for review: personal contact details (e-mails 2, phones 0); published instead as the redacted copy docs/archive/minutes/mindec06ascfinal-en-redacted.pdf"
archive-minutes-smindec06ascfina-en,Archive,Minutes,Minutes Dec 06 as Cfina,,2006-12,2006,English,PDF,84,,,,area09.org (legacy site),review,personal-contact,docs/archive/minutes/smindec06ascfina-en.pdf,,"held for review: personal contact details (e-mails 1, phones 0); published instead as the redacted copy docs/archive/minutes/smindec06ascfina-en-redacted.pdf"
archive-misc-diciembre06-en,Archive,Misc,Diciembre 2006,,2006-12,2006,English,PDF,90,,,,area09.org (legacy site),review,sobriety-date,docs/archive/misc/diciembre06-en.pdf,,Held 2026-10-06 by scripts/scan-documents.py (sobriety-date); counts in MSCA09AA-private/documents-held-for-anonymity-review.csv.
archive-conference-soct06ascagenda-en,Archive,Conference,Oct 06 as Cagenda,,2006-10,2006,Spanish,PDF,75,,,,area09.org (legacy site),review,full-name,docs/archive/conference/soct06ascagenda-en.pdf,,Held 2026-10-06 by scripts/scan-documents.py (full-name); counts in MSCA09AA-private/documents-held-for-anonymity-review.csv.
archive-minutes-ssep06min-en,Archive,Minutes,Sep 06 Minutes,,2006-09-10,2006,Spanish,PDF,100,,,,area09.org (legacy site),review,personal-contact,docs/archive/minutes/ssep06min-en.pdf,,"language detected from text: Spanish (was English); held for review: personal contact details (e-mails 1, phones 0); published instead as the redacted copy docs/archive/minutes/ssep06min-en-redacted.pdf"
archive-minutes-janmin06-en,Archive,Minutes,Assembly (ASA) Minutes – January 2006,Actas de la Asamblea (ASA) – enero de 2006,2006-01,2006,English,PDF,34,ASA,,,area09.org (legacy site),review,unverified,docs/archive/minutes/janmin06-en.pdf,,held for review: no readable text (scan or protected PDF); could not be checked
archive-newsletters-wsepnews06-en,Archive,Newsletters,W Sep News 06 2006,,2006,2006,English,PDF,381,,,,area09.org (legacy site),review,personal-contact,docs/archive/newsletters/wsepnews06-en.pdf,,"held for review: personal contact details (e-mails 0, phones 1); published instead as the redacted copy docs/archive/newsletters/wsepnews06-en-redacted.pdf"
archive-minutes-wmarmin06-en,Archive,Minutes,W Mar Minutes 06 2006,,2006,2006,English,PDF,48,,,,area09.org (legacy site),review,full-name,docs/archive/minutes/wmarmin06-en.pdf,,Held 2026-10-06 by scripts/scan-documents.py (full-name); counts in MSCA09AA-private/documents-held-for-anonymity-review.csv.
archive-minutes-wjunmin06-en,Archive,Minutes,W Jun Minutes 06 2006,,2006,2006,English,PDF,58,,,,area09.org (legacy site),review,personal-contact,docs/archive/minutes/wjunmin06-en.pdf,,"held for review: personal contact details (e-mails 0, phones 2); published instead as the redacted copy docs/archive/minutes/wjunmin06-en-redacted.pdf"
archive-newsletters-wjannews06-en,Archive,Newsletters,W Jan News 06 2006,,2006,2006,English,PDF,315,,,,area09.org (legacy site),review,personal-contact,docs/archive/newsletters/wjannews06-en.pdf,,Held 2026-10-06 by scripts/scan-documents.py (personal-contact); counts in MSCA09AA-private/documents-held-for-anonymity-review.csv.
archive-newsletters-wdecnews06-en,Archive,Newsletters,W Dec News 06 2006,,2006,2006,English,PDF,213,,,,area09.org (legacy site),review,personal-contact,docs/archive/newsletters/wdecnews06-en.pdf,,Held 2026-10-06 by scripts/scan-documents.py (personal-contact); counts in MSCA09AA-private/documents-held-for-anonymity-review.csv.
archive-newsletters-waugnews3-en,Archive,Newsletters,W Aug News 3 2006,,2006,2006,English,PDF,261,,,,area09.org (legacy site),review,full-name,docs/archive/newsletters/waugnews3-en.pdf,,held for review: possible full names of members (1); published instead as the redacted copy docs/archive/newsletters/waugnews3-en-redacted.pdf
archive-minutes-swjunmin06-en,Archive,Minutes,Sw Jun Minutes 06,,,2006,Spanish,PDF,137,,,,area09.org (legacy site),review,full-name,docs/archive/minutes/swjunmin06-en.pdf,,language detected from text: Spanish (was English) Held 2026-10-06 by scripts/scan-documents.py (full-name); counts in MSCA09AA-private/documents-held-for-anonymity-review.csv.
archive-newsletters-octnews06w-en,Archive,Newsletters,Oct News 06 w 2006,,2006,2006,English,PDF,469,,,,area09.org (legacy site),review,personal-contact,docs/archive/newsletters/octnews06w-en.pdf,,Held 2026-10-06 by scripts/scan-documents.py (personal-contact); counts in MSCA09AA-private/documents-held-for-anonymity-review.csv.
archive-newsletters-soctnews06-en,Archive,Newsletters,Oct News 06,,,2006,Spanish,PDF,317,,,,area09.org (legacy site),review,full-name,docs/archive/newsletters/soctnews06-en.pdf,,language detected from text: Spanish (was English); held for review: possible full names of members (1); published instead as the redacted copy docs/archive/newsletters/soctnews06-en-redacted.pdf
archive-minutes-soctminasc06draft-en,Archive,Minutes,Oct Minutes ASC 06 Draft,,,2006,Spanish,PDF,63,ASC,,,area09.org (legacy site),review,personal-contact,docs/archive/minutes/soctminasc06draft-en.pdf,,language detected from text: Spanish (was English) Held 2026-10-06 by scripts/scan-documents.py (personal-contact); counts in MSCA09AA-private/documents-held-for-anonymity-review.csv.
archive-minutes-minoctasc06-en,Archive,Minutes,Minutes Oct ASC 06 2006,,2006,2006,English,PDF,92,ASC,,,area09.org (legacy site),review,personal-contact,docs/archive/minutes/minoctasc06-en.pdf,,"held for review: personal contact details (e-mails 1, phones 1); published instead as the redacted copy docs/archive/minutes/minoctasc06-en-redacted.pdf"
archive-newsletters-sjannews06-en,Archive,Newsletters,Jan News 06,,,2006,Spanish,PDF,318,,,,area09.org (legacy site),review,personal-contact,docs/archive/newsletters/sjannews06-en.pdf,,Held 2026-10-06 by scripts/scan-documents.py (personal-contact); counts in MSCA09AA-private/documents-held-for-anonymity-review.csv.
archive-minutes-sjanmin06-en,Archive,Minutes,Jan Minutes 06,,,2006,English,PDF,25,,,,area09.org (legacy site),review,unverified,docs/archive/minutes/sjanmin06-en.pdf,,held for review: no readable text (scan or protected PDF); could not be checked
archive-newsletters-sdecnews06-en,Archive,Newsletters,Dec News 06,,,2006,Spanish,PDF,243,,,,area09.org (legacy site),review,personal-contact,docs/archive/newsletters/sdecnews06-en.pdf,,language detected from text: Spanish (was English) Held 2026-10-06 by scripts/scan-documents.py (personal-contact); counts in MSCA09AA-private/documents-held-for-anonymity-review.csv.
archive-conference-sdecagenda06-en,Archive,Conference,Dec Agenda 06,,,2006,Spanish,PDF,84,,,,area09.org (legacy site),review,full-name,docs/archive/conference/sdecagenda06-en.pdf,,Held 2026-10-06 by scripts/scan-documents.py (full-name); counts in MSCA09AA-private/documents-held-for-anonymity-review.csv.
archive-newsletters-saugnews06-en,Archive,Newsletters,Aug News 06,,,2006,English,PDF,265,,,,area09.org (legacy site),review,full-name,docs/archive/newsletters/saugnews06-en.pdf,,held for review: possible full names of members (1); published instead as the redacted copy docs/archive/newsletters/saugnews06-en-redacted.pdf
archive-minutes-augmin06-en,Archive,Minutes,Aug Minutes 06 2006,,2006,2006,English,PDF,71,,,,area09.org (legacy site),review,full-name,docs/archive/minutes/augmin06-en.pdf,,held for review: possible full names of members (1); published instead as the redacted copy docs/archive/minutes/augmin06-en-redacted.pdf
archive-minutes-saugmin06-en,Archive,Minutes,Aug Minutes 06,,,2006,Spanish,PDF,59,,,,area09.org (legacy site),review,full-name,docs/archive/minutes/saugmin06-en.pdf,,language detected from text: Spanish (was English); held for review: possible full names of members (1); published instead as the redacted copy docs/archive/minutes/saugmin06-en-redacted.pdf
archive-minutes-smin2decasc05-en,Archive,Minutes,Minutes 2 Dec ASC 05,,2005-12,2005,Spanish,PDF,36,ASC,,,area09.org (legacy site),review,full-name,docs/archive/minutes/smin2decasc05-en.pdf,,language detected from text: Spanish (was English); held for review: possible full names of members (1); published instead as the redacted copy docs/archive/minutes/smin2decasc05-en-redacted.pdf
archive-newsletters-wssep05-en,Archive,Newsletters,Area Newsletter – September 2005,Boletín del Área – septiembre de 2005,2005-09,2005,English,PDF,304,,,,area09.org (legacy site),review,personal-contact,docs/archive/newsletters/wssep05-en.pdf,,"held for review: personal contact details (e-mails 1, phones 1); published instead as the redacted copy docs/archive/newsletters/wssep05-en-redacted.pdf"
archive-newsletters-wnewsaug05-en,Archive,Newsletters,Area Newsletter – August 2005,Boletín del Área – agosto de 2005,2005-08-05,2005,English,PDF,224,,,,area09.org (legacy site),review,personal-contact,docs/archive/newsletters/wnewsaug05-en.pdf,,"held for review: personal contact details (e-mails 1, phones 0); published instead as the redacted copy docs/archive/newsletters/wnewsaug05-en-redacted.pdf"
archive-districts-d15-d15minaug05-en,Archive,District,District 15 Minutes – August 2005,Actas del Distrito 15 – agosto de 2005,2005-08,2005,English,PDF,21,,d15,,area09.org (legacy site),review,full-name,docs/archive/districts/d15/d15minaug05-en.pdf,,Held 2026-10-06 by scripts/scan-documents.py (full-name); counts in MSCA09AA-private/documents-held-for-anonymity-review.csv.
archive-newsletters-wsnewsaug05-en,Archive,Newsletters,Area Newsletter – August 2005,Boletín del Área – agosto de 2005,2005-08,2005,English,PDF,224,,,,area09.org (legacy site),review,personal-contact,docs/archive/newsletters/wsnewsaug05-en.pdf,,"held for review: personal contact details (e-mails 0, phones 1); published instead as the redacted copy docs/archive/newsletters/wsnewsaug05-en-redacted.pdf"
archive-newsletters-snewsjun05-en,Archive,Newsletters,Area Newsletter – June 2005,Boletín del Área – junio de 2005,2005-06,2005,English,PDF,484,,,,area09.org (legacy site),review,personal-contact,docs/archive/newsletters/snewsjun05-en.pdf,,"held for review: personal contact details (e-mails 0, phones 2); published instead as the redacted copy docs/archive/newsletters/snewsjun05-en-redacted.pdf"
archive-newsletters-wnewsjun05r-en,Archive,Newsletters,Area Newsletter – June 2005,Boletín del Área – junio de 2005,2005-06,2005,English,PDF,473,,,,area09.org (legacy site),review,personal-contact,docs/archive/newsletters/wnewsjun05r-en.pdf,,"held for review: personal contact details (e-mails 0, phones 1); published instead as the redacted copy docs/archive/newsletters/wnewsjun05r-en-redacted.pdf"
archive-minutes-sfeb05ascmin-en,Archive,Minutes,Feb 05 as Cmin,,2005-02-13,2005,English,PDF,27,,,,area09.org (legacy site),review,full-name,docs/archive/minutes/sfeb05ascmin-en.pdf,,held for review: possible full names of members (1); published instead as the redacted copy docs/archive/minutes/sfeb05ascmin-en-redacted.pdf
archive-minutes-feb05ascmin-en,Archive,Minutes,ASC Minutes – February 2005,Actas del CSA – febrero de 2005,2005-02-13,2005,English,PDF,28,ASC,,,area09.org (legacy site),review,full-name,docs/archive/minutes/feb05ascmin-en.pdf,,held for review: possible full names of members (1); published instead as the redacted copy docs/archive/minutes/feb05ascmin-en-redacted.pdf
archive-districts-d7-feb7min05-en,Archive,District,Feb 7 Minutes 05,,2005-02,2005,English,PDF,29,,d07,,area09.org (legacy site),review,full-name,docs/archive/districts/d7/feb7min05-en.pdf,,Held 2026-10-06 by scripts/scan-documents.py (full-name); counts in MSCA09AA-private/documents-held-for-anonymity-review.csv.
archive-newsletters-wmaynews05-en,Archive,Newsletters,W May News 05 2005,,2005,2005,English,PDF,604,,,,area09.org (legacy site),review,full-name,docs/archive/newsletters/wmaynews05-en.pdf,,Held 2026-10-06 by scripts/scan-documents.py (full-name); counts in MSCA09AA-private/documents-held-for-anonymity-review.csv.
archive-newsletters-swjannews05-en,Archive,Newsletters,Sw Jan News 05,,,2005,Spanish,PDF,182,,,,area09.org (legacy site),review,personal-contact,docs/archive/newsletters/swjannews05-en.pdf,,"language detected from text: Spanish (was English); held for review: personal contact details (e-mails 0, phones 2); published instead as the redacted copy docs/archive/newsletters/swjannews05-en-redacted.pdf"
archive-minutes-min2decasc05-en,Archive,Minutes,Minutes 2 Dec ASC 05 2005,,2005,2005,English,PDF,45,ASC,,,area09.org (legacy site),review,unverified,docs/archive/minutes/min2decasc05-en.pdf,,held for review: no readable text (scan or protected PDF); could not be checked
archive-flyers-foro-flyer-05-r-en,Archive,Flyers,Foro Flyer 05 r,,,2005,English,PDF,131,,,,area09.org (legacy site),review,personal-contact,docs/archive/flyers/foro-flyer-05-r-en.pdf,,Held 2026-10-06 by scripts/scan-documents.py (personal-contact); counts in MSCA09AA-private/documents-held-for-anonymity-review.csv.
archive-minutes-ascmarmin05-en,Archive,Minutes,As Cmar Minutes 05 2005,,2005,2005,English,PDF,37,,,,area09.org (legacy site),review,personal-contact,docs/archive/minutes/ascmarmin05-en.pdf,,"held for review: personal contact details (e-mails 1, phones 0); published instead as the redacted copy docs/archive/minutes/ascmarmin05-en-redacted.pdf"
archive-reports-s-gsb-report-nov-04-en,Archive,Reports,GSB Report Nov 2004,,2004-11,2004,Spanish,PDF,102,,,,area09.org (legacy site),review,full-name,docs/archive/reports/s-gsb-report-nov-04-en.pdf,,language detected from text: Spanish (was English); held for review: possible full names of members (1); published instead as the redacted copy docs/archive/reports/s-gsb-report-nov-04-en-redacted.pdf
archive-reports-2013-2004-november-general-service-board-weekend-report-en,Archive,Reports,2004 November General Service Board Weekend Report,,2004-11,2004,English,PDF,94,,,,area09.org (legacy site),no,confidential,docs/archive/reports/2013/2004-november-general-service-board-weekend-report-en.pdf,,Never publish: General Service Board meeting minutes / board weekend report list trustees and attendees by full name (Conference-confidential background).
archive-newsletters-nwsltrsep04-en,Archive,Newsletters,Area Newsletter – September 2004,Boletín del Área – septiembre de 2004,2004-09-04,2004,English,PDF,346,,,,area09.org (legacy site),review,unverified,docs/archive/newsletters/nwsltrsep04-en.pdf,,held for review: no readable text (scan or protected PDF); could not be checked
archive-reports-wtrustees-report-aug-04-en,Archive,Reports,Wtrustees Report Aug 2004,,2004-08,2004,English,PDF,92,,,,area09.org (legacy site),review,confidential,docs/archive/reports/wtrustees-report-aug-04-en.pdf,,held: trustee report / roster: not published (Fellowship-only material)
archive-newsletters-snewsaug04-en,Archive,Newsletters,Area Newsletter – August 2004,Boletín del Área – agosto de 2004,2004-08,2004,English,PDF,133,,,,area09.org (legacy site),review,personal-contact,docs/archive/newsletters/snewsaug04-en.pdf,,"held for review: personal contact details (e-mails 3, phones 0); published instead as the redacted copy docs/archive/newsletters/snewsaug04-en-redacted.pdf"
archive-newsletters-augweb-en,Archive,Newsletters,Area Newsletter – August 2004,Boletín del Área – agosto de 2004,2004-08,2004,English,PDF,128,,,,area09.org (legacy site),review,unverified,docs/archive/newsletters/augweb-en.pdf,,held for review: no readable text (scan or protected PDF); could not be checked
archive-newsletters-noticierojunio04-en,Archive,Newsletters,Area Newsletter – June 2004,Boletín del Área – junio de 2004,2004-06,2004,English,PDF,253,,,,area09.org (legacy site),review,personal-contact,docs/archive/newsletters/noticierojunio04-en.pdf,,"held for review: personal contact details (e-mails 9, phones 0); published instead as the redacted copy docs/archive/newsletters/noticierojunio04-en-redacted.pdf"
archive-newsletters-maynoticiero04-en,Archive,Newsletters,May Noticiero 04,,2004-05,2004,English,PDF,372,,,,area09.org (legacy site),review,personal-contact,docs/archive/newsletters/maynoticiero04-en.pdf,,"held for review: personal contact details (e-mails 7, phones 2); published instead as the redacted copy docs/archive/newsletters/maynoticiero04-en-redacted.pdf"
archive-newsletters-2004-feb2004newsletter-en,Archive,Newsletters,Area Newsletter – February 2004,Boletín del Área – febrero de 2004,2004-02,2004,English,PDF,243,,,,area09.org (legacy site),review,unverified,docs/archive/newsletters/2004/feb2004newsletter-en.pdf,,held for review: no readable text (scan or protected PDF); could not be checked
archive-finances-q2contrib-en,Archive,Finances,January thru June 2004,,2004-01,2004,English,PDF,3722,,,,area09.org (legacy site),review,unverified,docs/archive/finances/q2contrib-en.pdf,,Held 2026-10-06 by scripts/scan-documents.py (unverified); counts in MSCA09AA-private/documents-held-for-anonymity-review.csv.
archive-newsletters-jan04nltr-en,Archive,Newsletters,Area Newsletter – January 2004,Boletín del Área – enero de 2004,2004-01,2004,English,PDF,348,,,,area09.org (legacy site),review,unverified,docs/archive/newsletters/jan04nltr-en.pdf,,held for review: no readable text (scan or protected PDF); could not be checked
archive-newsletters-woctnwsltr04-en,Archive,Newsletters,W Oct Nwsltr 04 2004,,2004,2004,English,PDF,472,,,,area09.org (legacy site),review,full-name,docs/archive/newsletters/woctnwsltr04-en.pdf,,held for review: possible full names of members (1); published instead as the redacted copy docs/archive/newsletters/woctnwsltr04-en-redacted.pdf
archive-newsletters-swdecnews04-en,Archive,Newsletters,Sw Dec News 04,,,2004,Spanish,PDF,219,,,,area09.org (legacy site),review,personal-contact,docs/archive/newsletters/swdecnews04-en.pdf,,Held 2026-10-06 by scripts/scan-documents.py (personal-contact); counts in MSCA09AA-private/documents-held-for-anonymity-review.csv.
archive-newsletters-ssepnwsltr04-en,Archive,Newsletters,Sep Nwsltr 04,,,2004,Spanish,PDF,339,,,,area09.org (legacy site),review,personal-contact,docs/archive/newsletters/ssepnwsltr04-en.pdf,,"language detected from text: Spanish (was English); held for review: personal contact details (e-mails 8, phones 0); published instead as the redacted copy docs/archive/newsletters/ssepnwsltr04-en-redacted.pdf"
archive-newsletters-maynwsltr04-en,Archive,Newsletters,May Nwsltr 04 2004,,2004,2004,English,PDF,465,,,,area09.org (legacy site),review,unverified,docs/archive/newsletters/maynwsltr04-en.pdf,,held for review: no readable text (scan or protected PDF); could not be checked
archive-newsletters-junnwsltr04-en,Archive,Newsletters,Junnwsltr 04 2004,,2004,2004,English,PDF,247,,,,area09.org (legacy site),review,unverified,docs/archive/newsletters/junnwsltr04-en.pdf,,held for review: no readable text (scan or protected PDF); could not be checked
archive-conference-panel54gscdelrpt-en,Archive,Conference,2004 Mid-Southern California Area Delegate’s Report,,2004,2004,English,PDF,64,,,,area09.org (legacy site),review,full-name,docs/archive/conference/panel54gscdelrpt-en.pdf,,held for review: possible full names of members (4); published instead as the redacted copy docs/archive/conference/panel54gscdelrpt-en-redacted.pdf
archive-newsletters-2003-notidiciembre2003-en,Archive,Newsletters,Area Newsletter – December 2003,Boletín del Área – diciembre de 2003,2003-12,2003,English,PDF,129,,,,area09.org (legacy site),review,personal-contact,docs/archive/newsletters/2003/notidiciembre2003-en.pdf,,"held for review: personal contact details (e-mails 9, phones 7); published instead as the redacted copy docs/archive/newsletters/2003/notidiciembre2003-en-redacted.pdf"
archive-newsletters-nov03nltr-en,Archive,Newsletters,Area Newsletter – November 2003,Boletín del Área – noviembre de 2003,2003-11,2003,English,PDF,337,,,,area09.org (legacy site),review,unverified,docs/archive/newsletters/nov03nltr-en.pdf,,held for review: no readable text (scan or protected PDF); could not be checked
archive-newsletters-sep03nltr1-en,Archive,Newsletters,Area Newsletter – September 2003,Boletín del Área – septiembre de 2003,2003-09,2003,English,PDF,346,,,,area09.org (legacy site),review,unverified,docs/archive/newsletters/sep03nltr1-en.pdf,,held for review: no readable text (scan or protected PDF); could not be checked
archive-newsletters-aug03newsletter-en,Archive,Newsletters,Area Newsletter – August 2003,Boletín del Área – agosto de 2003,2003-08,2003,English,PDF,246,,,,area09.org (legacy site),review,unverified,docs/archive/newsletters/aug03newsletter-en.pdf,,held for review: no readable text (scan or protected PDF); could not be checked
archive-newsletters-2003-noticieroagosto2003-en,Archive,Newsletters,Area Newsletter – August 2003,Boletín del Área – agosto de 2003,2003-08,2003,English,PDF,211,,,,area09.org (legacy site),review,personal-contact,docs/archive/newsletters/2003/noticieroagosto2003-en.pdf,,"held for review: personal contact details (e-mails 0, phones 1); published instead as the redacted copy docs/archive/newsletters/2003/noticieroagosto2003-en-redacted.pdf"
archive-newsletters-2003-notijunio2003-en,Archive,Newsletters,Area Newsletter – June 2003,Boletín del Área – junio de 2003,2003-06,2003,Spanish,PDF,194,,,,area09.org (legacy site),review,personal-contact,docs/archive/newsletters/2003/notijunio2003-en.pdf,,"language detected from text: Spanish (was English); held for review: personal contact details (e-mails 7, phones 1); published instead as the redacted copy docs/archive/newsletters/2003/notijunio2003-en-redacted.pdf"
archive-newsletters-decnl03-en,Archive,Newsletters,Dec NL 03 2003,,2003,2003,English,PDF,348,,,,area09.org (legacy site),review,unverified,docs/archive/newsletters/decnl03-en.pdf,,held for review: no readable text (scan or protected PDF); could not be checked
archive-misc-6gg30th1-en,Archive,Misc,2003 The Garden Grove Alano Club 30 year Anniversary,,2003,2003,English,Word,229,,,,area09.org (legacy site),review,personal-contact,docs/archive/misc/6gg30th1-en.doc,,Held 2026-10-06 by scripts/scan-documents.py (personal-contact); counts in MSCA09AA-private/documents-held-for-anonymity-review.csv.
archive-motions-2021-motions-2000-2009-en,Archive,Motions,Motions 2000 2009 2021,,2000,2000,English,PDF,1095,,,,msca09aa.org,review,personal-contact,docs/archive/motions/2021/motions-2000-2009-en.pdf,,"held for review: personal contact details (e-mails 1, phones 0); published instead as the redacted copy docs/archive/motions/2021/motions-2000-2009-en-redacted.pdf"
archive-motions-2021-motions-1990-1999-en,Archive,Motions,Motions 1990 1999 2021,,1990,1990,English,PDF,3418,,,,msca09aa.org,review,personal-contact,docs/archive/motions/2021/motions-1990-1999-en.pdf,,"held for review: personal contact details (e-mails 0, phones 1); published instead as the redacted copy docs/archive/motions/2021/motions-1990-1999-en-redacted.pdf"
archive-misc-victorville-02-09-en,Archive,Misc,Victorville 02 09,,,,English,PDF,98,,,,area09.org (legacy site),review,personal-contact,docs/archive/misc/victorville-02-09-en.pdf,,Held 2026-10-06 by scripts/scan-documents.py (personal-contact); counts in MSCA09AA-private/documents-held-for-anonymity-review.csv.
archive-districts-d15-themanypartofaa-en-pdf,Archive,District,The Many Partof AA,,,,English,PDF,150,,d15,,area09.org (legacy site),review,personal-contact,docs/archive/districts/d15/themanypartofaa-en.pdf,,"held for review: personal contact details (e-mails 0, phones 1); published instead as the redacted copy docs/archive/districts/d15/themanypartofaa-en-redacted.pdf"
archive-districts-d15-themanypartofaa-en-ppt,Archive,District,The Many Partof AA,,,,English,PowerPoint,33,,d15,,area09.org (legacy site),review,personal-contact,docs/archive/districts/d15/themanypartofaa-en.ppt,,"held for review: personal contact details (e-mails 0, phones 1)"
archive-districts-d15-sponsorship-wkshp-notes-en,Archive,District,Sponsorship Wkshp Notes,,,,English,PDF,266,,d15,,area09.org (legacy site),review,confidential,docs/archive/districts/d15/sponsorship-wkshp-notes-en.pdf,,held for review: GSC background
archive-newsletters-spanishdmarnews0309-es,Archive,Newsletters,Spanishd Mar News 0309,,,,Spanish,PDF,133,,,,area09.org (legacy site),review,personal-contact,docs/archive/newsletters/spanishdmarnews0309-es.pdf,,"held for review: personal contact details (e-mails 0, phones 1); published instead as the redacted copy docs/archive/newsletters/spanishdmarnews0309-es-redacted.pdf"
archive-newsletters-spanish-feb-newsletter-es,Archive,Newsletters,Spanish Feb Newsletter,,,,Spanish,PDF,306,,,,area09.org (legacy site),review,personal-contact,docs/archive/newsletters/spanish-feb-newsletter-es.pdf,,"held for review: personal contact details (e-mails 8, phones 8); published instead as the redacted copy docs/archive/newsletters/spanish-feb-newsletter-es-redacted.pdf"
archive-newsletters-spandecnews081-en,Archive,Newsletters,Span Decnews 081,,,,Spanish,PDF,244,,,,area09.org (legacy site),review,personal-contact,docs/archive/newsletters/spandecnews081-en.pdf,,"held for review: personal contact details (e-mails 0, phones 1); published instead as the redacted copy docs/archive/newsletters/spandecnews081-en-redacted.pdf"
archive-conference-sforoagenda2-en,Archive,Conference,S for Oagenda 2,,,,Spanish,PDF,114,,,,area09.org (legacy site),review,personal-contact,docs/archive/conference/sforoagenda2-en.pdf,,Held 2026-10-06 by scripts/scan-documents.py (personal-contact); counts in MSCA09AA-private/documents-held-for-anonymity-review.csv.
archive-misc-reopening-service-piece-en,Archive,Misc,Reopening Service Piece,,,,English,PDF,186,,,,area09.org (legacy site),review,personal-contact,docs/archive/misc/reopening-service-piece-en.pdf,,"held for review: personal contact details (e-mails 1, phones 0); published instead as the redacted copy docs/archive/misc/reopening-service-piece-en-redacted.pdf"
archive-conference-gsc68-quick-reference-en-en,Archive,Conference,Quick Reference,,,,English,PDF,144,,,,area09.org (legacy site),review,full-name,docs/archive/conference/gsc68-quick-reference-en-en.pdf,,held for review: possible full names of members (1); published instead as the redacted copy docs/archive/conference/gsc68-quick-reference-en-en-redacted.pdf
archive-reports-october-district-1-and-3-report-en,Archive,Reports,October District 1 and 3 Report,,,,English,PDF,85,,d01-03,,area09.org (legacy site),review,full-name,docs/archive/reports/october-district-1-and-3-report-en.pdf,,held for review: possible full names of members (1); published instead as the redacted copy docs/archive/reports/october-district-1-and-3-report-en-redacted.pdf
archive-newsletters-noticieromayo032-en,Archive,Newsletters,Noticieromayo 032,,,,English,PDF,207,,,,area09.org (legacy site),review,personal-contact,docs/archive/newsletters/noticieromayo032-en.pdf,,"held for review: personal contact details (e-mails 1, phones 3); published instead as the redacted copy docs/archive/newsletters/noticieromayo032-en-redacted.pdf"
archive-reports-naf-en,Archive,Reports,NAF,,,,English,PDF,182,,,,area09.org (legacy site),review,full-name,docs/archive/reports/naf-en.pdf,,held for review: possible full names of members (1)
archive-newsletters-marzonewslatter-en,Archive,Newsletters,Marzonewslatter,,,,English,PDF,378,,,,area09.org (legacy site),review,personal-contact,docs/archive/newsletters/marzonewslatter-en.pdf,,"held for review: personal contact details (e-mails 11, phones 9); published instead as the redacted copy docs/archive/newsletters/marzonewslatter-en-redacted.pdf"
guidelines-committee-unlisted-literature-guidelines-approved,Archive,Guidelines,Literature Guidelines APPROVED,,,,English,PDF,,,,,Area Drive (docs/Committee Guidelines),no,,docs/Committee Guidelines/Literature-Guidelines-APPROVED.pdf,,"Listed only so the automatic Drive listing skips it: possibly superseded or a draft. Check it against the committee's current guidelines; set publish = yes (and fill title_es) if it is the current version, or move the file to docs/Committee Guidelines/OLD."
archive-newsletters-sjunenews-en,Archive,Newsletters,June News,,,,Spanish,PDF,304,,,,area09.org (legacy site),review,personal-contact,docs/archive/newsletters/sjunenews-en.pdf,,"language detected from text: Spanish (was English); held for review: personal contact details (e-mails 0, phones 1); published instead as the redacted copy docs/archive/newsletters/sjunenews-en-redacted.pdf"
archive-newsletters-sjunnews081-en,Archive,Newsletters,Jun News 081,,,,English,PDF,108,,,,area09.org (legacy site),review,personal-contact,docs/archive/newsletters/sjunnews081-en.pdf,,"held for review: personal contact details (e-mails 0, phones 1); published instead as the redacted copy docs/archive/newsletters/sjunnews081-en-redacted.pdf"
archive-conference-important-nyig-considerations-before-reopening-physical-meetings-en,Archive,Conference,Important NYIG Considerations Before Reopening Physical Meetings,,,,English,PDF,269,,,,area09.org (legacy site),review,personal-contact,docs/archive/conference/important-nyig-considerations-before-reopening-physical-meetings-en.pdf,,"held for review: personal contact details (e-mails 1, phones 1); published instead as the redacted copy docs/archive/conference/important-nyig-considerations-before-reopening-physical-meetings-en-redacted.pdf"
committee-guidelines-guias-para-la-escuela-de-rsg-spanish,Current,Guidelines,GSR School Guidelines,Guías para la Escuela de RSG,,,Spanish,PDF,47,,,gsr-school,Area Drive (docs/),review,full-name,docs/Committee Guidelines/Guias-Para-la-Escuela-de-RSG-Spanish.pdf,,Held 2026-10-06 by scripts/scan-documents.py (full-name); counts in MSCA09AA-private/documents-held-for-anonymity-review.csv.
archive-guidelines-guias-para-la-escuela-de-rsg-spanish-es,Archive,Guidelines,GSR School Committee Guidelines,Guías del Comité de Escuela de RSG,,,Spanish,PDF,46,,,gsr-school,area09.org (legacy site),review,full-name,docs/archive/guidelines/guias-para-la-escuela-de-rsg-spanish-es.pdf,,Held 2026-10-06 by scripts/scan-documents.py (full-name); counts in MSCA09AA-private/documents-held-for-anonymity-review.csv.
archive-conference-foroagenda2-en,Archive,Conference,For Oagenda 2,,,,English,PDF,99,,,,area09.org (legacy site),review,personal-contact,docs/archive/conference/foroagenda2-en.pdf,,Held 2026-10-06 by scripts/scan-documents.py (personal-contact); counts in MSCA09AA-private/documents-held-for-anonymity-review.csv.
archive-minutes-d-6-17-june-en,Archive,Minutes,District 6 17 June,,,,English,Word,130,,d06,,area09.org (legacy site),review,full-name,docs/archive/minutes/d-6-17-june-en.docx,,Held 2026-10-06 by scripts/scan-documents.py (full-name); counts in MSCA09AA-private/documents-held-for-anonymity-review.csv.
archive-minutes-d-6-17-july-en,Archive,Minutes,District 6 17 July,,,,English,Word,138,,d06,,area09.org (legacy site),review,full-name,docs/archive/minutes/d-6-17-july-en.docx,,Held 2026-10-06 by scripts/scan-documents.py (full-name); counts in MSCA09AA-private/documents-held-for-anonymity-review.csv.
archive-districts-d15-mar-min-en,Archive,District,District 15 Minutes – March,Actas del Distrito 15 – marzo,,,English,PDF,255,,d15,,area09.org (legacy site),review,personal-contact,docs/archive/districts/d15/mar-min-en.pdf,,Held 2026-10-06 by scripts/scan-documents.py (personal-contact); counts in MSCA09AA-private/documents-held-for-anonymity-review.csv.
archive-districts-d15-feb-min-en,Archive,District,District 15 Minutes – February,Actas del Distrito 15 – febrero,,,English,PDF,184,,d15,,area09.org (legacy site),review,personal-contact,docs/archive/districts/d15/feb-min-en.pdf,,Held 2026-10-06 by scripts/scan-documents.py (personal-contact); counts in MSCA09AA-private/documents-held-for-anonymity-review.csv.
archive-reports-committee-workshop-power-point-final-en,Archive,Reports,Committee Workshop Power Point,,,,English,PDF,1689,,,,area09.org (legacy site),review,personal-contact,docs/archive/reports/committee-workshop-power-point-final-en.pdf,,"held for review: personal contact details (e-mails 0, phones 1); published instead as the redacted copy docs/archive/reports/committee-workshop-power-point-final-en-redacted.pdf"
archive-reports-committee-workshop-power-point-final-en-redacted,Archive,Reports,Committee Workshop Power Point,,,,English,PDF,1698,,,,area09.org (legacy site),review,unverified,docs/archive/reports/committee-workshop-power-point-final-en-redacted.pdf,,"Anonymity-redacted copy: full names shortened to first name + last initial, personal e-mails and phone numbers removed. Original (held for review): docs/archive/reports/committee-workshop-power-point-final-en.pdf Held 2026-10-06 by scripts/scan-documents.py (unverified); counts in MSCA09AA-private/documents-held-for-anonymity-review.csv. File moved to MSCA09AA-private/removed-from-docs-2026-10-06 (could not be cleaned automatically)."
archive-conference-asc-agenda-06-08-en,Archive,Minutes,ASC Agenda 06 08,,,,English,PDF,23,ASC,,,area09.org (legacy site),review,personal-contact,docs/archive/conference/asc-agenda-06-08-en.pdf,,"held for review: personal contact details (e-mails 0, phones 1); published instead as the redacted copy docs/archive/conference/asc-agenda-06-08-en-redacted.pdf"
archive-reports-68-csg-final-report-guide-en,Archive,Reports,A Guide to Reading the Final Conference Report,,,,English,PDF,46,,,,area09.org (legacy site),review,full-name,docs/archive/reports/68-csg-final-report-guide-en.pdf,,Held 2026-10-06 by scripts/scan-documents.py (full-name); counts in MSCA09AA-private/documents-held-for-anonymity-review.csv.
archive-conference-71st-general-service-conference-sp-es,Archive,Conference,71st General Service Conference SP,,,,Spanish,PDF,100,,,,area09.org (legacy site),review,personal-contact,docs/archive/conference/71st-general-service-conference-sp-es.pdf,,"held for review: personal contact details (e-mails 1, phones 0); published instead as the redacted copy docs/archive/conference/71st-general-service-conference-sp-es-redacted.pdf"
archive-conference-71st-general-service-conference-en,Archive,Conference,71st General Service Conference,,,,English,PDF,127,,,,area09.org (legacy site),review,personal-contact,docs/archive/conference/71st-general-service-conference-en.pdf,,"held for review: personal contact details (e-mails 1, phones 0); published instead as the redacted copy docs/archive/conference/71st-general-service-conference-en-redacted.pdf"
archive-reports-68th-gsc-final-report-spanish-es,Archive,Reports,68th G.S.C. Final Report,,,,Spanish,PDF,9829,,,,area09.org (legacy site),review,full-name; personal-contact,docs/archive/reports/68th-gsc-final-report-spanish-es.pdf,,Held 2026-10-06 by scripts/scan-documents.py (full-name; personal-contact); counts in MSCA09AA-private/documents-held-for-anonymity-review.csv.
archive-reports-67th-gsc-final-report-anonymity-protected-english-en,Archive,Reports,67th GSC Final Report,,,,English,PDF,2171,,,,area09.org (legacy site),review,full-name,docs/archive/reports/67th-gsc-final-report-anonymity-protected-english-en.pdf,,Held 2026-10-06 by scripts/scan-documents.py (full-name); counts in MSCA09AA-private/documents-held-for-anonymity-review.csv.
archive-conference-56th-conference-report-en,Archive,Conference,56th Conference Report,,,,English,PDF,23,,,,area09.org (legacy site),review,full-name,docs/archive/conference/56th-conference-report-en.pdf,,held for review: possible full names of members (1); published instead as the redacted copy docs/archive/conference/56th-conference-report-en-redacted.pdf
archive-conference-s-56th-conference-report-en,Archive,Conference,56th Conference Report,,,,Spanish,PDF,31,,,,area09.org (legacy site),review,confidential,docs/archive/conference/s-56th-conference-report-en.pdf,,language detected from text: Spanish (was English); held for review: marked not for sharing outside the Fellowship
archive-districts-d15-2samplegsrreports-en,Archive,District,2 Sample GS Rreports,,,,English,Word,30,,d15,,area09.org (legacy site),review,full-name,docs/archive/districts/d15/2samplegsrreports-en.doc,,held for review: possible full names of members (1); published instead as the redacted copy docs/archive/districts/d15/2samplegsrreports-en-redacted.pdf
archive-minutes-2009-area09januaryassembly09t-en,Archive,Minutes,Assembly (ASA) Minutes – January 2009,Actas de la Asamblea (ASA) – enero de 2009,2009-01-11,2009,English,PDF,30,ASA,,,area09.org (legacy site),review,sobriety-date,docs/archive/minutes/2009/area09januaryassembly09t-en.pdf,,"Held 2026-10-06 after the pre-launch scan (check-media.mjs + scan-documents.py rules, OCR of picture pages): sobriety-birthday list: first name + last initial + years, by month; counts in MSCA09AA-private/documents-held-for-anonymity-review.csv."
archive-districts-d6-district-6-minutes-1-6-09-en,Archive,District,"District 6 Minutes – January 6, 2009",Actas del Distrito 6 – 6 de enero de 2009,2009-01-06,2009,English,PDF,30,,d06,,area09.org (legacy site),review,sobriety-date,docs/archive/districts/d6/district-6-minutes-1-6-09-en.pdf,,"Held 2026-10-06 after the pre-launch scan (check-media.mjs + scan-documents.py rules, OCR of picture pages): members' sobriety dates (birthday list with dates); counts in MSCA09AA-private/documents-held-for-anonymity-review.csv."
archive-newsletters-sepnews09-en,Archive,Newsletters,Sep News 09 2009,Septiembre News 09 2009,2009,2009,Spanish,PDF,213,,,,area09.org (legacy site),review,personal-contact,docs/archive/newsletters/sepnews09-en.pdf,,"Held 2026-10-06 after the pre-launch scan (check-media.mjs + scan-documents.py rules, OCR of picture pages): personal phone number or e-mail address of a member; counts in MSCA09AA-private/documents-held-for-anonymity-review.csv."
archive-minutes-2008-area09-minutes-september-08-en,Archive,Minutes,Assembly (ASA) Minutes – September 2008,Actas de la Asamblea (ASA) – septiembre de 2008,2008-09-14,2008,English,PDF,41,ASA,,,area09.org (legacy site),review,full-name,docs/archive/minutes/2008/area09-minutes-september-08-en.pdf,,"Held 2026-10-06 after the pre-launch scan (check-media.mjs + scan-documents.py rules, OCR of picture pages): an officer's full name; counts in MSCA09AA-private/documents-held-for-anonymity-review.csv."
archive-districts-d6-2008-may-6-2008-minutes-district-6-meeting-en,Archive,District,"District 6 Minutes – May 6, 2008",Actas del Distrito 6 – 6 de mayo de 2008,2008-05-06,2008,English,PDF,30,,d06,,area09.org (legacy site),review,sobriety-date,docs/archive/districts/d6/2008/may-6-2008-minutes-district-6-meeting-en.pdf,,"Held 2026-10-06 after the pre-launch scan (check-media.mjs + scan-documents.py rules, OCR of picture pages): members' sobriety dates (birthday list with dates); counts in MSCA09AA-private/documents-held-for-anonymity-review.csv."
archive-motions-2021-motions-1990-1999-en-redacted,Archive,Motions,Motions 1990 1999 2021,,1990,1990,English,PDF,3453,,,,msca09aa.org,review,full-name; personal-contact,docs/archive/motions/2021/motions-1990-1999-en-redacted.pdf,,"Anonymity-redacted copy: full names shortened to first name + last initial, personal e-mails and phone numbers removed. Original (held for review): docs/archive/motions/2021/motions-1990-1999-en.pdf Re-redacted 2026-10-06: names shortened to first name + initial; personal contact details, addresses and sobriety dates removed (scripts/scan-documents.py). Held 2026-10-06 after the pre-launch scan (check-media.mjs + scan-documents.py rules, OCR of picture pages): scanned pages list members by full name (ballots, officer lists); OCR redaction not reliable; counts in MSCA09AA-private/documents-held-for-anonymity-review.csv. File moved to MSCA09AA-private/removed-from-docs-2026-10-06 (could not be cleaned reliably)."
archive-minutes-2017-09-sept-2017-asa-draft-minutes-english-en,Archive,Minutes,Assembly (ASA) Minutes – September 2017,Actas de la Asamblea (ASA) – septiembre de 2017,2017-09-10,2017,English,PDF,241,ASA,,,area09.org (legacy site),review,sobriety-date,docs/archive/minutes/2017/09-sept-2017-asa-draft-minutes-english-en.pdf,,"Held 2026-10-06 after the pre-launch scan (check-media.mjs + scan-documents.py rules, OCR of picture pages): a trusted servant's sobriety date; counts in MSCA09AA-private/documents-held-for-anonymity-review.csv."
archive-districts-d5-2017-newsletter-2017-1st-qtr-issue-4-color-en,Archive,District,District 5 Newsletter – 2017 (1st quarter),Boletín del Distrito 5 – 2017 (1st trimestre),2017,2017,English,PDF,1960,,d05,,area09.org (legacy site),review,personal-contact; sobriety-date,docs/archive/districts/d5/2017/newsletter-2017-1st-qtr-issue-4-color-en.pdf,,"Held 2026-10-06 after the pre-launch scan (check-media.mjs + scan-documents.py rules, OCR of picture pages): sobriety-birthday list and a personal phone number; counts in MSCA09AA-private/documents-held-for-anonymity-review.csv."
archive-districts-d5-2016-newsletter-2016-4th-qtr-issue-3-color-en,Archive,District,District 5 Newsletter – 2016,Boletín del Distrito 5 – 2016,2016,2016,English,PDF,1898,,d05,,area09.org (legacy site),review,sobriety-date,docs/archive/districts/d5/2016/newsletter-2016-4th-qtr-issue-3-color-en.pdf,,"Held 2026-10-06 after the pre-launch scan (check-media.mjs + scan-documents.py rules, OCR of picture pages): sobriety-birthday list: first name + last initial + years, by month; counts in MSCA09AA-private/documents-held-for-anonymity-review.csv."
archive-newsletters-2013-junnews13-en,Archive,Newsletters,Jun News 13 2013,,2013,2013,English,PDF,618,,,,area09.org (legacy site),review,personal-contact,docs/archive/newsletters/2013/junnews13-en.pdf,,"Held 2026-10-06 after the pre-launch scan (check-media.mjs + scan-documents.py rules, OCR of picture pages): personal phone number or e-mail address of a member; counts in MSCA09AA-private/documents-held-for-anonymity-review.csv."
archive-districts-d6-final-district-6-6-10-08-minutes-en,Archive,District,"District 6 Minutes – June 6, 2010",Actas del Distrito 6 – 6 de junio de 2010,2010-06-06,2010,English,PDF,40,,d06,,area09.org (legacy site),review,sobriety-date,docs/archive/districts/d6/final-district-6-6-10-08-minutes-en.pdf,,"Held 2026-10-06 after the pre-launch scan (check-media.mjs + scan-documents.py rules, OCR of picture pages): sobriety-birthday list: first name + last initial + years, by month; counts in MSCA09AA-private/documents-held-for-anonymity-review.csv."
archive-flyers-2010-open-house-flyer-2010-en,Archive,Flyers,Open House Flyer 2010,,2010,2010,English,PDF,267,,,,area09.org (legacy site),review,sobriety-date,docs/archive/flyers/2010/open-house-flyer-2010-en.pdf,,"Held 2026-10-06 after the pre-launch scan (check-media.mjs + scan-documents.py rules, OCR of picture pages): a member's sobriety date; counts in MSCA09AA-private/documents-held-for-anonymity-review.csv."
archive-flyers-2010-acypaasummet-10-2010-en,Archive,Flyers,Acypaa Summet 10 2010,,2010,2010,English,PDF,84,,,,area09.org (legacy site),review,personal-contact,docs/archive/flyers/2010/acypaasummet-10-2010-en.pdf,,"Held 2026-10-06 after the pre-launch scan (check-media.mjs + scan-documents.py rules, OCR of picture pages): personal phone number or e-mail address of a member; counts in MSCA09AA-private/documents-held-for-anonymity-review.csv."
archive-motions-2021-motions-1980-1989-en-redacted,Archive,Motions,Motions 1980 1989 2021,Mociones 1980 1989 2021,2021,2021,English,PDF,1400,,,,msca09aa.org,review,full-name; personal-contact,docs/archive/motions/2021/motions-1980-1989-en-redacted.pdf,,"Anonymity-redacted copy: full names shortened to first name + last initial, personal e-mails and phone numbers removed. Original (held for review): docs/archive/motions/2021/motions-1980-1989-en.pdf Re-redacted 2026-10-06: names shortened to first name + initial; personal contact details, addresses and sobriety dates removed (scripts/scan-documents.py). Held 2026-10-06 after the pre-launch scan (check-media.mjs + scan-documents.py rules, OCR of picture pages): scanned pages list members by full name (ballots, officer lists); OCR redaction not reliable; counts in MSCA09AA-private/documents-held-for-anonymity-review.csv. File moved to MSCA09AA-private/removed-from-docs-2026-10-06 (could not be cleaned reliably)."
archive-districts-d5-2023-district-5-newsletter-3rd-quarter-2023-issue-30-en,Archive,Newsletters,District 5 Newsletter – 3rd quarter 2023 (issue 30),Boletín del Distrito 5 – 3.er trimestre de 2023 (número 30),2023-07,2023,English,PDF,3161,,d05,,msca09aa.org (media library),review,personal-contact; sobriety-date,docs/archive/districts/d5/2023/district-5-newsletter-3rd-quarter-2023-issue-30-en.pdf,,"Held 2026-10-06 after the pre-launch scan (check-media.mjs + scan-documents.py rules, OCR of picture pages): a pasted flyer prints members' phone numbers that could not be removed from the picture; sobriety-birthday list; counts in MSCA09AA-private/documents-held-for-anonymity-review.csv. File moved to MSCA09AA-private/removed-from-docs-2026-10-06 (could not be cleaned reliably)."
archive-minutes-2009-area-09-mar-asc-2009-bh-en-redacted,Archive,Minutes,ASC Minutes – March 2009,Actas del CSA – marzo de 2009,2009-03-15,2009,English,PDF,32,ASC,,,area09.org (legacy site),review,personal-contact,docs/archive/minutes/2009/area-09-mar-asc-2009-bh-en-redacted.pdf,,"Anonymity-redacted copy: full names shortened to first name + last initial, personal e-mails and phone numbers removed. Original (held for review): docs/archive/minutes/2009/area-09-mar-asc-2009-bh-en.pdf Re-redacted 2026-10-06: names shortened to first name + initial; personal contact details, addresses and sobriety dates removed (scripts/scan-documents.py). Re-redacted 2026-10-06 after the pre-launch scan (personal phone numbers removed; checked again with both scanners and OCR). Held 2026-10-06 (pre-push re-audit): prints a member's personal e-mail; re-redact before publishing again."
archive-newsletters-2016-june-2016-english-en,Archive,Newsletters,Area Newsletter – June 2016,Boletín del Área – junio de 2016,2016-06,2016,English,PDF,369,,,,area09.org (legacy site),review,personal-contact,docs/archive/newsletters/2016/june-2016-english-en.pdf,,Held 2026-10-06 (pre-push re-audit): prints a member's personal e-mail; re-redact before publishing again.
archive-newsletters-2016-february-2016-english-en,Archive,Newsletters,Area Newsletter – February 2016,Boletín del Área – febrero de 2016,2016-02,2016,English,PDF,637,,,,area09.org (legacy site),review,personal-contact,docs/archive/newsletters/2016/february-2016-english-en.pdf,,Held 2026-10-06 (pre-push re-audit): prints a member's personal e-mail; re-redact before publishing again.
archive-flyers-2010-flyer-spanish2march2010-es,Archive,Flyers,Flyer Spanish 2 March 2010,Volante (español) 2 marzo de 2010,2010-03,2010,Spanish,PDF,32,,,,area09.org (legacy site),review,personal-contact,docs/archive/flyers/2010/flyer-spanish2march2010-es.pdf,,Held 2026-10-06 (pre-push re-audit): prints a member's personal e-mail; re-redact before publishing again.
archive-flyers-2010-flyer-english1march2010-en,Archive,Flyers,Flyer English 1 March 2010,,2010-03,2010,English,PDF,30,,,,area09.org (legacy site),review,personal-contact,docs/archive/flyers/2010/flyer-english1march2010-en.pdf,,Held 2026-10-06 (pre-push re-audit): prints a member's personal e-mail; re-redact before publishing again.
archive-gso-2021-general-service-board-quarterly-report-november-2021-f-14-en,Archive,GSO,General Service Board quarterly report – November 2021 (F-14),Informe trimestral de la Junta de Servicios Generales – noviembre de 2021 (SF-14),2021-11,2021,English,PDF,209,,,,msca09aa.org (media library),review,confidential,docs/archive/gso/2021/general-service-board-quarterly-report-november-2021-f-14-en.pdf,,Held 2026-10-06: the General Service Board quarterly report is headed 'confidential bulletin for use only within A.A.'; publish again only if the Delegate agrees.
archive-gso-2021-general-service-board-quarterly-report-november-2021-f-14-es,Archive,GSO,General Service Board quarterly report – November 2021 (F-14),Informe trimestral de la Junta de Servicios Generales – noviembre de 2021 (SF-14),2021-11,2021,Spanish,PDF,224,,,,msca09aa.org (media library),review,confidential,docs/archive/gso/2021/general-service-board-quarterly-report-november-2021-f-14-es.pdf,,Held 2026-10-06: the General Service Board quarterly report is headed 'confidential bulletin for use only within A.A.'; publish again only if the Delegate agrees.
archive-misc-2021-sf-14-qtrly-january-2021-en,Archive,Misc,SF 14 Qtrly January 2021,SF 14 Qtrly enero de 2021,2021-01,2021,Spanish,PDF,206,,,,msca09aa.org,review,confidential,docs/archive/misc/2021/sf-14-qtrly-january-2021-en.pdf,,Held 2026-10-06: the General Service Board quarterly report is headed 'confidential bulletin for use only within A.A.'; publish again only if the Delegate agrees.
archive-misc-2021-f-14-qtrly-january-2021-en,Archive,Misc,F 14 Qtrly January 2021,F 14 Qtrly enero de 2021,2021-01,2021,English,PDF,211,,,,msca09aa.org,review,confidential,docs/archive/misc/2021/f-14-qtrly-january-2021-en.pdf,,Held 2026-10-06: the General Service Board quarterly report is headed 'confidential bulletin for use only within A.A.'; publish again only if the Delegate agrees.
archive-gso-2022-general-service-board-quarterly-report-october-november-2022-f-14-en,Archive,GSO,General Service Board quarterly report – October/November 2022 (F-14),Informe trimestral de la Junta de Servicios Generales – octubre/noviembre de 2022 (SF-14),2022-11,2022,English,PDF,236,,,,msca09aa.org (media library),review,confidential,docs/archive/gso/2022/general-service-board-quarterly-report-october-november-2022-f-14-en.pdf,,Held 2026-10-06: the General Service Board quarterly report is headed 'confidential bulletin for use only within A.A.'; publish again only if the Delegate agrees.
archive-gso-2022-general-service-board-quarterly-report-october-november-2022-f-14-es,Archive,GSO,General Service Board quarterly report – October/November 2022 (F-14),Informe trimestral de la Junta de Servicios Generales – octubre/noviembre de 2022 (SF-14),2022-11,2022,Spanish,PDF,253,,,,msca09aa.org (media library),review,confidential,docs/archive/gso/2022/general-service-board-quarterly-report-october-november-2022-f-14-es.pdf,,Held 2026-10-06: the General Service Board quarterly report is headed 'confidential bulletin for use only within A.A.'; publish again only if the Delegate agrees.
archive-gso-2022-general-service-board-quarterly-report-july-september-2022-f-14-en,Archive,GSO,General Service Board quarterly report – July/September 2022 (F-14),Informe trimestral de la Junta de Servicios Generales – julio/septiembre de 2022 (SF-14),2022-09,2022,English,PDF,248,,,,msca09aa.org (media library),review,confidential,docs/archive/gso/2022/general-service-board-quarterly-report-july-september-2022-f-14-en.pdf,,Held 2026-10-06: the General Service Board quarterly report is headed 'confidential bulletin for use only within A.A.'; publish again only if the Delegate agrees.
archive-gso-2022-general-service-board-quarterly-report-july-september-2022-f-14-es,Archive,GSO,General Service Board quarterly report – July/September 2022 (F-14),Informe trimestral de la Junta de Servicios Generales – julio/septiembre de 2022 (SF-14),2022-09,2022,Spanish,PDF,257,,,,msca09aa.org (media library),review,confidential,docs/archive/gso/2022/general-service-board-quarterly-report-july-september-2022-f-14-es.pdf,,Held 2026-10-06: the General Service Board quarterly report is headed 'confidential bulletin for use only within A.A.'; publish again only if the Delegate agrees.
archive-gso-2022-general-service-board-quarterly-report-january-2022-f-14-en,Archive,GSO,General Service Board quarterly report – January 2022 (F-14),Informe trimestral de la Junta de Servicios Generales – enero de 2022 (SF-14),2022-01,2022,English,PDF,238,,,,msca09aa.org (media library),review,confidential,docs/archive/gso/2022/general-service-board-quarterly-report-january-2022-f-14-en.pdf,,Held 2026-10-06: the General Service Board quarterly report is headed 'confidential bulletin for use only within A.A.'; publish again only if the Delegate agrees.
archive-gso-2022-general-service-board-quarterly-report-january-2022-f-14-es,Archive,GSO,General Service Board quarterly report – January 2022 (F-14),Informe trimestral de la Junta de Servicios Generales – enero de 2022 (SF-14),2022-01,2022,Spanish,PDF,232,,,,msca09aa.org (media library),review,confidential,docs/archive/gso/2022/general-service-board-quarterly-report-january-2022-f-14-es.pdf,,"Re-redacted 2026-10-06: names shortened to first name + initial; personal contact details, addresses and sobriety dates removed (scripts/scan-documents.py). Held 2026-10-06: the General Service Board quarterly report is headed 'confidential bulletin for use only within A.A.'; publish again only if the Delegate agrees."
archive-gso-2023-general-service-board-quarterly-report-july-september-2023-f-14-en,Archive,GSO,General Service Board quarterly report – July/September 2023 (F-14),Informe trimestral de la Junta de Servicios Generales – julio/septiembre de 2023 (SF-14),2023-09,2023,English,PDF,186,,,,msca09aa.org (media library),review,confidential,docs/archive/gso/2023/general-service-board-quarterly-report-july-september-2023-f-14-en.pdf,,Held 2026-10-06: the General Service Board quarterly report is headed 'confidential bulletin for use only within A.A.'; publish again only if the Delegate agrees.
archive-gso-2023-general-service-board-quarterly-report-july-september-2023-f-14-es,Archive,GSO,General Service Board quarterly report – July/September 2023 (F-14),Informe trimestral de la Junta de Servicios Generales – julio/septiembre de 2023 (SF-14),2023-09,2023,Spanish,PDF,189,,,,msca09aa.org (media library),review,confidential,docs/archive/gso/2023/general-service-board-quarterly-report-july-september-2023-f-14-es.pdf,,Held 2026-10-06: the General Service Board quarterly report is headed 'confidential bulletin for use only within A.A.'; publish again only if the Delegate agrees.
archive-gso-2023-general-service-board-quarterly-report-4th-quarter-2023-f-14-es,Archive,GSO,General Service Board quarterly report – 4th quarter 2023 (F-14),Informe trimestral de la Junta de Servicios Generales – 4.º trimestre de 2023 (SF-14),2023,2023,Spanish,PDF,200,,,,msca09aa.org (media library),review,confidential,docs/archive/gso/2023/general-service-board-quarterly-report-4th-quarter-2023-f-14-es.pdf,,Held 2026-10-06: the General Service Board quarterly report is headed 'confidential bulletin for use only within A.A.'; publish again only if the Delegate agrees.
archive-gso-2023-general-service-board-quarterly-report-4th-quarter-2023-f-14-en,Archive,GSO,General Service Board quarterly report – 4th quarter 2023 (F-14),Informe trimestral de la Junta de Servicios Generales – 4.º trimestre de 2023 (SF-14),2023,2023,English,PDF,189,,,,msca09aa.org (media library),review,confidential,docs/archive/gso/2023/general-service-board-quarterly-report-4th-quarter-2023-f-14-en.pdf,,Held 2026-10-06: the General Service Board quarterly report is headed 'confidential bulletin for use only within A.A.'; publish again only if the Delegate agrees.
gso-2025-general-service-board-quarterly-report-august-2025-en-redacted,Current,GSO,General Service Board quarterly report – August 2025,Informe trimestral de la Junta de Servicios Generales – agosto de 2025,2025-08,2025,English,PDF,672,,,,msca09aa.org (media library),review,confidential,docs/gso/2025/general-service-board-quarterly-report-august-2025-en-redacted.pdf,,"Anonymity-redacted copy: full names shortened to first name + last initial, personal e-mails and phone numbers removed. Original (held for review): private copy in MSCA09AA-private Re-redacted 2026-10-06: names shortened to first name + initial; personal contact details, addresses and sobriety dates removed (scripts/scan-documents.py). Held 2026-10-06: the General Service Board quarterly report is headed 'confidential bulletin for use only within A.A.'; publish again only if the Delegate agrees."
gso-2025-general-service-board-quarterly-report-august-2025-es-redacted,Current,GSO,General Service Board quarterly report – August 2025,Informe trimestral de la Junta de Servicios Generales – agosto de 2025,2025-08,2025,Spanish,PDF,731,,,,msca09aa.org (media library),review,confidential,docs/gso/2025/general-service-board-quarterly-report-august-2025-es-redacted.pdf,,"Anonymity-redacted copy: full names shortened to first name + last initial, personal e-mails and phone numbers removed. Original (held for review): private copy in MSCA09AA-private Re-redacted 2026-10-06: names shortened to first name + initial; personal contact details, addresses and sobriety dates removed (scripts/scan-documents.py). Held 2026-10-06: the General Service Board quarterly report is headed 'confidential bulletin for use only within A.A.'; publish again only if the Delegate agrees."
gso-2025-general-service-board-quarterly-report-1st-quarter-2025-f-14-es,Current,GSO,General Service Board quarterly report – 1st quarter 2025 (F-14),Informe trimestral de la Junta de Servicios Generales – 1.er trimestre de 2025 (SF-14),2025,2025,Spanish,PDF,254,,,,msca09aa.org (media library),review,confidential,docs/gso/2025/general-service-board-quarterly-report-1st-quarter-2025-f-14-es.pdf,,Held 2026-10-06: the General Service Board quarterly report is headed 'confidential bulletin for use only within A.A.'; publish again only if the Delegate agrees.
gso-2025-general-service-board-quarterly-report-1st-quarter-2025-f-14-en,Current,GSO,General Service Board quarterly report – 1st quarter 2025 (F-14),Informe trimestral de la Junta de Servicios Generales – 1.er trimestre de 2025 (SF-14),2025,2025,English,PDF,242,,,,msca09aa.org (media library),review,confidential,docs/gso/2025/general-service-board-quarterly-report-1st-quarter-2025-f-14-en.pdf,,Held 2026-10-06: the General Service Board quarterly report is headed 'confidential bulletin for use only within A.A.'; publish again only if the Delegate agrees.
archive-gso-2024-general-service-board-quarterly-report-4th-quarter-2024-f-14-en,Current,GSO,General Service Board quarterly report – 4th quarter 2024 (F-14),Informe trimestral de la Junta de Servicios Generales – 4.º trimestre de 2024 (SF-14),2024,2024,English,PDF,153,,,,msca09aa.org (media library),review,confidential,docs/archive/gso/2024/general-service-board-quarterly-report-4th-quarter-2024-f-14-en.pdf,,Held 2026-10-06: the General Service Board quarterly report is headed 'confidential bulletin for use only within A.A.'; publish again only if the Delegate agrees.
archive-gso-2024-general-service-board-quarterly-report-4th-quarter-2024-f-14-es,Current,GSO,General Service Board quarterly report – 4th quarter 2024 (F-14),Informe trimestral de la Junta de Servicios Generales – 4.º trimestre de 2024 (SF-14),2024,2024,Spanish,PDF,164,,,,msca09aa.org (media library),review,confidential,docs/archive/gso/2024/general-service-board-quarterly-report-4th-quarter-2024-f-14-es.pdf,,Held 2026-10-06: the General Service Board quarterly report is headed 'confidential bulletin for use only within A.A.'; publish again only if the Delegate agrees.
archive-gso-2024-general-service-board-quarterly-report-3rd-quarter-2024-f-14-en,Current,GSO,General Service Board quarterly report – 3rd quarter 2024 (F-14),Informe trimestral de la Junta de Servicios Generales – 3.er trimestre de 2024 (SF-14),2024,2024,English,PDF,218,,,,msca09aa.org (media library),review,confidential,docs/archive/gso/2024/general-service-board-quarterly-report-3rd-quarter-2024-f-14-en.pdf,,"Re-redacted 2026-10-06: names shortened to first name + initial; personal contact details, addresses and sobriety dates removed (scripts/scan-documents.py). Held 2026-10-06: the General Service Board quarterly report is headed 'confidential bulletin for use only within A.A.'; publish again only if the Delegate agrees."
archive-gso-2024-general-service-board-quarterly-report-3rd-quarter-2024-f-14-es,Current,GSO,General Service Board quarterly report – 3rd quarter 2024 (F-14),Informe trimestral de la Junta de Servicios Generales – 3.er trimestre de 2024 (SF-14),2024,2024,Spanish,PDF,236,,,,msca09aa.org (media library),review,confidential,docs/archive/gso/2024/general-service-board-quarterly-report-3rd-quarter-2024-f-14-es.pdf,,"Re-redacted 2026-10-06: names shortened to first name + initial; personal contact details, addresses and sobriety dates removed (scripts/scan-documents.py). Held 2026-10-06: the General Service Board quarterly report is headed 'confidential bulletin for use only within A.A.'; publish again only if the Delegate agrees."
archive-flyers-2010-2010-2-regional-flyer-en-redacted,Archive,Flyers,2010 2 Regional Flyer,,2010,2010,English,PDF,18,,,,area09.org (legacy site),review,personal-contact,docs/archive/flyers/2010/2010-2-regional-flyer-en-redacted.pdf,,"Anonymity-redacted copy: full names shortened to first name + last initial, personal e-mails and phone numbers removed. Original (held for review): docs/archive/flyers/2010/2010-2-regional-flyer-en.pdf Re-redacted 2026-10-06 after the pre-launch scan (personal phone numbers removed; checked again with both scanners and OCR). Held 2026-10-06 (pre-push re-audit): prints a past officer's own e-mail; re-redact before publishing again."
