slug,category,sort,name_en,name_es,short_en,short_es,icon,color,summary_en,summary_es,purpose_en,purpose_es,activities_en,activities_es,involve_en,involve_es,structure_en,structure_es,history_en,history_es,email,email_es,email_other,email_other_label_en,email_other_label_es,phone,phone_label_en,phone_label_es,address,website,aa_url,aa_url_es,calendar_match,meets_at_area_meeting,meets_en,meets_es,liaison,parent,related,notice_en,notice_es,notice_url,notice_end,status,notes
"# One row per Area committee, officer, school, sub-committee, ad hoc committee or service event. slug = web address /committees/<slug>/ — never change a published slug. category: officer | standing | school | coordinate | subcommittee | ad-hoc | service-event. Officers are shown on /about/panel/ (not as committee pages).",,,,,,,,,,,,,,,,,,,,,,,,,,,,,,,,,,,,,,,,,,,,,
"# Text columns accept Markdown (- bullets, **bold**, [links](https://…)). _en = English, _es = Spanish. icon = a Lucide name (lucide.dev). color = ocean iris coral sun sage copper blush lilac sea (or a Tailwind colour).",,,,,,,,,,,,,,,,,,,,,,,,,,,,,,,,,,,,,,,,,,,,,
# calendar_match = ;-separated e-mail addresses and title words that tie Google Calendar entries to this committee. meets_at_area_meeting = yes when the committee meets in the Area-meeting break-out. meets_en/_es = fallback text when the calendar has nothing. liaison/parent = slug of the officer or committee responsible. related = ;-separated slugs. notice_* = an optional highlighted announcement that disappears after notice_end (YYYY-MM-DD).,,,,,,,,,,,,,,,,,,,,,,,,,,,,,,,,,,,,,,,,,,,,,
delegate,officer,1,Delegate,Delegado(a),,,landmark,ocean,Area 09's voice at the General Service Conference.,La voz del Área 09 en la Conferencia de Servicios Generales.,"The Delegate carries the informed group conscience of Area 09 to the annual General Service Conference in New York, then brings the Conference back to the Area. It is the Delegate's ultimate responsibility to provide the leadership needed for a sound service structure, without which communication from the groups to the Conference and back would be impossible.","El/la Delegado(a) lleva la conciencia de grupo informada del Área 09 a la Conferencia anual de Servicios Generales en Nueva York y luego trae la Conferencia de regreso al Área. Su responsabilidad última es proporcionar el liderazgo necesario para una estructura de servicio sólida, sin la cual la comunicación de los grupos a la Conferencia y de regreso sería imposible.","- Present and discuss the Conference agenda topics throughout the Area in the months before the Conference.
- Attend the General Service Conference and vote on every question as a member of the Conference, in the best interest of A.A. as a whole — not as a representative of one Area.
- Report back to the Area after the Conference in the best way possible to reach every member.
- Keep in touch all year with G.S.O. and the General Service Board on information, studies and surveys; serve on one Conference committee during the two-year term.
- Attend every Assembly and Area Service Committee meeting, visit district meetings as often as possible, and attend PRAASA.
- Notify G.S.O. and the Area Registrar of changes in Area service positions.","- Presentar y discutir los puntos de la agenda de la Conferencia en toda el Área durante los meses previos a la Conferencia.
- Asistir a la Conferencia de Servicios Generales y votar cada asunto como miembro de la Conferencia, en el mejor interés de A.A. en su totalidad, no como representante de un Área.
- Informar al Área después de la Conferencia de la mejor manera posible para llegar a todos los miembros.
- Mantener comunicación durante todo el año con la O.S.G. y la Junta de Servicios Generales; servir en un comité de la Conferencia durante los dos años de su término.
- Asistir a todas las Asambleas y reuniones del Comité de Servicio de Área, visitar los distritos tan a menudo como sea posible y asistir a PRAASA.
- Notificar a la O.S.G. y al Registrador del Área los cambios en los puestos de servicio del Área.",,,"Two years, starting January 1 of even-numbered years; elected at the October election Assembly of odd-numbered years by Third Legacy Procedure.

Suggested sobriety: 6 years (Area Guidelines).","Dos años, a partir del 1 de enero de los años pares; elegido(a) en la Asamblea de elecciones de octubre de los años impares por el Procedimiento del Tercer Legado.

Sobriedad sugerida: 6 años (Guías del Área).",,,delegate@msca09aa.org,,,,,,,,,,,,delegate@msca09aa.org; p76delegatemsca09@gmail.com; delegate shareback; delegate's report; general service conference; regional forum,no,,,,,alternate-delegate; chair; pre-conference; monthly-service-study,,,,,active,
alternate-delegate,officer,2,Alternate Delegate,Delegado(a) Alterno(a),,,users,iris,The Delegate's partner — and host of the Area's special service events.,Compañero(a) del Delegado(a) y anfitrión(a) de los eventos especiales de servicio del Área.,"The Alternate Delegate assists the Delegate and stands in whenever needed, and is responsible for the Area's special committees, workshops and special functions — Pre-Conference, FORO, Servathon and the orientation of new DCMCs. The Alternate is also the Area's liaison to Hospitals & Institutions, intergroups/central offices and the other coordinate committees.","El/la Delegado(a) Alterno(a) ayuda al Delegado(a) y lo/la sustituye cuando es necesario, y es responsable de los comités especiales, talleres y funciones especiales del Área: Pre-Conferencia, FORO, Servathon y la orientación de los nuevos CMCD. También es el enlace del Área con Hospitales e Instituciones, los intergrupos/oficinas centrales y los demás comités coordinados.","- Assist and, when appropriate, substitute for the Delegate; review Conference material in case the Delegate cannot attend.
- Lead the special committees, subcommittees and workshops of the Area: the annual Pre-Conference, FORO and Servathon.
- Run the orientation for new DCMCs (February of the panel's first year) and the committee-chair toolkits.
- Serve as liaison with Hospitals & Institutions, intergroups/central offices and other coordinate committees (YPAA, H&I, intergroups); attend Southern California H&I meetings as scheduling allows.
- Work closely with the Area Chair and assume the Chair's duties in the Chair's absence; fill in for any absent board member.
- Attend PRAASA; serve as a Director, Chief Financial Officer and Executive Committee member of the corporation.
- Co-host the Monthly Service Study & Committee Sharing Session (3rd Thursday, online).","- Ayudar al Delegado(a) y sustituirlo(a) cuando corresponda; revisar el material de la Conferencia por si el/la Delegado(a) no puede asistir.
- Dirigir los comités especiales, subcomités y talleres del Área: la Pre-Conferencia anual, el FORO y el Servathon.
- Realizar la orientación de los nuevos CMCD (febrero del primer año del panel) y los kits de herramientas de coordinadores de comité.
- Servir de enlace con Hospitales e Instituciones, intergrupos/oficinas centrales y demás comités coordinados (YPAA, H&I, intergrupos); asistir a las reuniones de H&I del Sur de California cuando sea posible.
- Trabajar de cerca con el/la Coordinador(a) del Área y asumir sus funciones en su ausencia; suplir a cualquier miembro ausente de la junta.
- Asistir a PRAASA; servir como Director(a), Director(a) Financiero(a) y miembro del Comité Ejecutivo de la corporación.
- Coanfitrión(a) del Estudio de Servicio Mensual y Sesión de Compartimiento de Comités (3.er jueves, en línea).",,,"Two years, starting January 1 of even-numbered years; elected at the October election Assembly of odd-numbered years by Third Legacy Procedure.

Suggested sobriety: 6 years (Area Guidelines).","Dos años, a partir del 1 de enero de los años pares; elegido(a) en la Asamblea de elecciones de octubre de los años impares por el Procedimiento del Tercer Legado.

Sobriedad sugerida: 6 años (Guías del Área).",,,delegatealt@msca09aa.org,,,,,,,,,,,,delegatealt@msca09aa.org; msca09.altdelegate@gmail.com; dcmc orientation,no,,,,,delegate; chair; foro; servathon; pre-conference; hospitals-institutions; monthly-service-study,,,,,active,
chair,officer,3,Area Chair,Coordinador(a) del Área,,,gavel,coral,Runs the Area meetings and looks after a healthy Area structure.,Dirige las reuniones del Área y cuida una estructura de Área saludable.,The Area Chair conducts every Area Assembly and Area Service Committee meeting and is the administrative officer of the Assembly. The Chair is responsible for a healthy Area structure and helps any district that is having difficulty get back into good working order.,El/la Coordinador(a) del Área dirige todas las Asambleas y reuniones del Comité de Servicio de Área y es el oficial administrativo de la Asamblea. Es responsable de una estructura de Área saludable y ayuda a cualquier distrito con dificultades a volver a funcionar bien.,"- Conduct all Area Assemblies and Area Service Committee meetings.
- Prepare the Assembly and ASC agendas with the Area officers and members' input, and see that they are translated and sent out at least 10 days before each meeting.
- Appoint ad hoc committees with Executive Committee approval, affirmed at the next Assembly; appoint the Audit Committee each January.
- Help host districts organize Area meetings and work with the Technology Committee on hybrid meetings.
- Know Robert's Rules of Order, the Area Guidelines and Bylaws; appoint a parliamentarian when needed.
- Select two DCMs/DCMCs for the Four-Area DCM Sharing Session planning; sign Area contracts; usually serve as President of the corporation.","- Dirigir todas las Asambleas de Área y reuniones del Comité de Servicio de Área.
- Preparar las agendas de la Asamblea y del CSA con los oficiales y los aportes de los miembros, y asegurar su traducción y envío al menos 10 días antes de cada reunión.
- Nombrar comités ad hoc con aprobación del Comité Ejecutivo, ratificados en la siguiente Asamblea; nombrar el Comité de Auditoría cada enero.
- Ayudar a los distritos anfitriones a organizar las reuniones del Área y trabajar con el Comité de Tecnología en las reuniones híbridas.
- Conocer las Reglas de Orden de Robert, las Guías y los Estatutos del Área; nombrar un parlamentario cuando sea necesario.
- Seleccionar dos MCD/CMCD para la planificación de la Sesión de Compartimiento de MCD de Cuatro Áreas; firmar los contratos del Área; normalmente es Presidente de la corporación.",,,"Two years, starting January 1 of even-numbered years; elected at the October election Assembly of odd-numbered years by Third Legacy Procedure.

Suggested sobriety: 5 years (Area Guidelines).","Dos años, a partir del 1 de enero de los años pares; elegido(a) en la Asamblea de elecciones de octubre de los años impares por el Procedimiento del Tercer Legado.

Sobriedad sugerida: 5 años (Guías del Área).",,,chair@msca09aa.org,,,,,,,,,,,,chair@msca09aa.org; msca09chair@gmail.com,no,,,,,secretary; alternate-delegate; guidelines-policies; audit; sound; hospitality,,,,,active,
secretary,officer,4,Secretary,Secretario(a),,,notebook-pen,sky,Keeps the record of the Area and gets the word out.,Lleva el registro del Área y hace llegar la información.,"The Secretary keeps the minutes and records of the Assembly, the Area Service Committee and the Executive Committee, and makes sure every member of the body receives agendas, minutes and announcements on time — in English and Spanish.","El/la Secretario(a) lleva las actas y los registros de la Asamblea, del Comité de Servicio de Área y del Comité Ejecutivo, y se asegura de que todos los miembros reciban a tiempo las agendas, las actas y los anuncios, en inglés y en español.","- Take the minutes of Assemblies, ASC meetings and Executive Committee meetings.
- Collect monthly reports from committee chairs, officers and DCMCs for the minutes — reports must reach the Secretary by the 1st of the month to be included.
- Work with the Communications Committee so reports, agendas and minutes are translated into Spanish.
- Send the e-mail campaigns: agenda 7–10 days before each meeting, a reminder the weekend before, and a recap of business actions afterwards — to GSRs, DCMCs, DCMs, officers, committee chairs, past Delegates, the Pacific Regional Trustee and G.S.O.
- Keep the Area's records — electronically and physically at the Area Archives.
- Keep the list of Members in Good Standing and, in odd years, work with the Registrar on election eligibility.","- Tomar las actas de las Asambleas, de las reuniones del CSA y del Comité Ejecutivo.
- Recibir los informes mensuales de coordinadores, oficiales y CMCD para las actas; deben llegar antes del día 1 del mes para incluirse.
- Trabajar con el Comité de Comunicaciones para que los informes, agendas y actas se traduzcan al español.
- Enviar las campañas de correo: la agenda 7 a 10 días antes de cada reunión, un recordatorio el fin de semana anterior y un resumen de acciones después, a RSG, CMCD, MCD, oficiales, coordinadores, Delegados pasados, el Custodio Regional del Pacífico y la O.S.G.
- Custodiar los registros del Área, en formato electrónico y en físico en los Archivos del Área.
- Mantener la lista de miembros en regla y, en años impares, trabajar con el Registrador en la elegibilidad para las elecciones.",,,"Two years, starting January 1 of even-numbered years; elected at the October election Assembly of odd-numbered years by Third Legacy Procedure.

Suggested sobriety: 5 years (Area Guidelines).","Dos años, a partir del 1 de enero de los años pares; elegido(a) en la Asamblea de elecciones de octubre de los años impares por el Procedimiento del Tercer Legado.

Sobriedad sugerida: 5 años (Guías del Área).",,,secretary@msca09aa.org,,,,,,,,,,,,secretary@msca09aa.org,no,,,,,chair; communications; registrar; archives,,,,,active,
treasurer-ap,officer,5,Treasurer – Accounts Payable,Tesorero(a) – Cuentas por Pagar,,,receipt,emerald,Pays the Area's approved expenses and keeps the books.,Paga los gastos aprobados del Área y lleva la contabilidad.,"The Treasurer (A/P) keeps the Area's payables: checkbook, journal and general ledger. With the A/R Treasurer, the A/P Treasurer gives the Finance Committee accurate quarterly statements and makes sure approved expenses are paid and tax filings are made.","El/la Tesorero(a) de Cuentas por Pagar lleva las cuentas por pagar del Área: chequera, diario y libro mayor. Junto con el/la Tesorero(a) de Cuentas por Cobrar, presenta estados trimestrales al Comité de Finanzas y se asegura de que se paguen los gastos aprobados y se hagan las declaraciones de impuestos.","- Keep checkbook records, journal and general ledger.
- Ensure approved Area expenses (including committee expense reports) are paid.
- Prepare quarterly statements with the A/R Treasurer for the Finance Committee.
- Serve as a voting member of the Finance Committee and help keep groups informed of the Area's finances and year-end reports.
- Ensure all required tax forms are filed; act as the financial contact for the Area's web hosting.","- Llevar la chequera, el diario y el libro mayor.
- Asegurar el pago de los gastos aprobados del Área (incluidos los reportes de gastos de los comités).
- Preparar los estados trimestrales con el/la Tesorero(a) de Cuentas por Cobrar para el Comité de Finanzas.
- Ser miembro con voto del Comité de Finanzas y ayudar a informar a los grupos sobre las finanzas del Área.
- Asegurar la presentación de los formularios de impuestos; ser el contacto financiero del alojamiento web del Área.",,,"Two years, starting January 1 of even-numbered years; elected at the October election Assembly of odd-numbered years by Third Legacy Procedure.

Suggested sobriety: 5 years (Area Guidelines).","Dos años, a partir del 1 de enero de los años pares; elegido(a) en la Asamblea de elecciones de octubre de los años impares por el Procedimiento del Tercer Legado.

Sobriedad sugerida: 5 años (Guías del Área).",,,treasurerap@msca09aa.org,,,,,,,,,,,,treasurerap@msca09aa.org,no,,,,,treasurer-ar; finance; audit,,,,,active,
treasurer-ar,officer,6,Treasurer – Accounts Receivable,Tesorero(a) – Cuentas por Cobrar,,,hand-coins,teal,Receives the Seventh Tradition contributions of groups and members.,Recibe las contribuciones de la Séptima Tradición de grupos y miembros.,"The Treasurer (A/R) keeps the records of the Area's income — the Seventh Tradition contributions of groups, districts and members — acknowledges every contribution, and with the A/P Treasurer reports cash flow to the Finance Committee each quarter.","El/la Tesorero(a) de Cuentas por Cobrar lleva el registro de los ingresos del Área —las contribuciones de la Séptima Tradición de grupos, distritos y miembros—, agradece cada contribución y, con el/la Tesorero(a) de Cuentas por Pagar, informa el flujo de efectivo al Comité de Finanzas cada trimestre.","- Keep records of all Area receivables and income.
- Acknowledge contributions to donors (groups, districts, members).
- Provide quarterly cash-flow statements with the A/P Treasurer to the Finance Committee.
- Serve as a voting member of the Finance Committee and help keep groups informed of the Area's finances.","- Llevar el registro de todos los ingresos del Área.
- Agradecer las contribuciones a los donantes (grupos, distritos, miembros).
- Presentar estados trimestrales de flujo de efectivo con el/la Tesorero(a) de Cuentas por Pagar al Comité de Finanzas.
- Ser miembro con voto del Comité de Finanzas y ayudar a informar a los grupos.",,,"Two years, starting January 1 of even-numbered years; elected at the October election Assembly of odd-numbered years by Third Legacy Procedure.

Suggested sobriety: 5 years (Area Guidelines).","Dos años, a partir del 1 de enero de los años pares; elegido(a) en la Asamblea de elecciones de octubre de los años impares por el Procedimiento del Tercer Legado.

Sobriedad sugerida: 5 años (Guías del Área).",,,treasurerar@msca09aa.org,,,,,,,,,,,,treasurerar@msca09aa.org; contributions@msca09aa.org,no,,,,,treasurer-ap; finance,,,,,active,
registrar,officer,7,Registrar,Registrador(a),,,id-card,sea,Keeps group and GSR records current with G.S.O.,Mantiene al día los registros de grupos y RSG con la O.S.G.,The Registrar keeps Area 09's group records up to date with the General Service Office — in cooperation with the Treasurer and the DCMCs and DCMs — takes attendance at Area meetings and maintains the Area Service Committee roster. The Registrar is a voting member of the Registration Committee and its link to G.S.O.,"El/la Registrador(a) mantiene al día los registros de los grupos del Área 09 con la Oficina de Servicios Generales, en cooperación con el Tesorero y los CMCD y MCD, toma la asistencia en las reuniones del Área y mantiene la lista del Comité de Servicio de Área. Es miembro con voto del Comité de Registro y su enlace con la O.S.G.","- Update group records and G.S.O. printouts; help the Delegate locate groups when G.S.O. asks.
- Register new groups and new or changed GSRs (online form; G.S.O. forms F-30, F-28, F-43).
- Take attendance at Area meetings and keep the list of Members in Good Standing for voting eligibility, notices and quorum.
- Prepare the Area Service Committee roster twice a year.
- Set the quarterly rotation of officer visits to intergroup and H&I meetings.","- Actualizar los registros de grupos e impresos de la O.S.G.; ayudar al Delegado(a) a localizar grupos cuando la O.S.G. lo pida.
- Registrar grupos nuevos y RSG nuevos o con cambios (formulario en línea; formularios F-30, F-28 y F-43 de la O.S.G.).
- Tomar asistencia en las reuniones del Área y mantener la lista de miembros en regla para el voto, avisos y quórum.
- Preparar la lista del Comité de Servicio de Área dos veces al año.
- Fijar la rotación trimestral de visitas de los oficiales a intergrupos y H&I.",,,"Two years, starting January 1 of even-numbered years; elected at the October election Assembly of odd-numbered years by Third Legacy Procedure.

Suggested sobriety: 5 years (Area Guidelines).","Dos años, a partir del 1 de enero de los años pares; elegido(a) en la Asamblea de elecciones de octubre de los años impares por el Procedimiento del Tercer Legado.

Sobriedad sugerida: 5 años (Guías del Área).",,,registrar@msca09aa.org,,,,,,,,,,,,registrar@msca09aa.org,no,,,,,registration; secretary; gsr-school,,,,,active,Name conflict in sources: Charles A. vs Charles R. (roster kept).
accessibilities,standing,10,Accessibilities,Accesibilidades,,,accessibility,sky,So that no barrier keeps an alcoholic from the A.A. message.,Para que ninguna barrera aleje a un alcohólico del mensaje de A.A.,"The Accessibilities Committee works so that every alcoholic who reaches out can receive the A.A. message and take part in our program — members who are Deaf or hard of hearing, blind or low-vision, homebound or chronically ill, living with the effects of brain injury or stroke, or facing less visible barriers. As the A.A. guidelines say, there are no special alcoholics, but many alcoholics face additional barriers to the message.","El Comité de Accesibilidades trabaja para que todo alcohólico que pida ayuda pueda recibir el mensaje de A.A. y participar en nuestro programa: miembros sordos o con dificultades auditivas, ciegos o con baja visión, confinados en casa o con enfermedades crónicas, con secuelas de lesión cerebral o derrame, o con barreras menos visibles. Como dicen las guías de A.A., no hay alcohólicos especiales, pero muchos enfrentan barreras adicionales para recibir el mensaje.","- Explore, develop and encourage ways for every member to take part in A.A., whatever their accessibility need, and keep accessibility materials available.
- Encourage certified American Sign Language (ASL) interpreters at A.A. functions; keep a list of meetings with ASL and of interpreters willing to sign at A.A. events.
- Keep a list of wheelchair-accessible meetings and send updates to the central/intergroup offices.
- Share the Accessibilities Checklist for Meetings and Groups (SMF-208) with groups and districts.
- Point members to online ASL meetings and international online meetings for Deaf alcoholics.
- Support district accessibilities representatives and keep Area committees and central offices informed of the committee's work.
- Work with Public Information, CPC and the Elder Community (CEC) committees so the public and agencies know A.A. is accessible.","- Explorar, desarrollar y fomentar maneras de que todo miembro participe en A.A., cualquiera que sea su necesidad de accesibilidad, y mantener disponibles los materiales.
- Fomentar intérpretes certificados de Lenguaje de Señas Americano (ASL) en las funciones de A.A.; mantener una lista de reuniones con ASL y de intérpretes dispuestos a interpretar en eventos de A.A.
- Mantener una lista de reuniones con acceso para sillas de ruedas y enviar las actualizaciones a las oficinas centrales/intergrupos.
- Compartir con grupos y distritos la Lista de chequeo de accesibilidad para reuniones y grupos (SMF-208).
- Orientar a los miembros hacia reuniones en línea con ASL y reuniones internacionales en línea para alcohólicos sordos.
- Apoyar a los representantes de accesibilidades de los distritos y mantener informados a los comités del Área y a las oficinas centrales.
- Trabajar con los comités de Información Pública, CCP y Cooperación con la Comunidad de Tercera Edad para que el público y las agencias sepan que A.A. es accesible.",Any interested A.A. member in Area 09 can join — district accessibilities representatives are especially welcome. The committee meets on Zoom on the 2nd Thursday of each month and reports at every Area meeting.,Cualquier miembro de A.A. del Área 09 interesado puede unirse; los representantes de accesibilidades de los distritos son especialmente bienvenidos. El comité se reúne por Zoom el 2.º jueves de cada mes e informa en cada reunión del Área.,"An English-speaking chair and a Spanish-speaking co-chair, both elected by the Area Assembly for a two-year term starting January of even years (five years of continuous sobriety suggested for standing-committee chairs). The co-chair acts when the chair cannot. Decisions that affect the whole committee need a quorum — a majority of members at the meeting.","Un(a) coordinador(a) de habla inglesa y un(a) cocoordinador(a) de habla hispana, ambos elegidos por la Asamblea del Área por dos años a partir de enero de los años pares (se sugieren cinco años de sobriedad continua para coordinadores de comités permanentes). El/la cocoordinador(a) actúa cuando el/la coordinador(a) no puede. Las decisiones que afectan a todo el comité requieren quórum: la mayoría de los miembros presentes.",Known as the Special Needs Committee when its guidelines were written (revised September 2003); renamed Accessibilities in line with the General Service Conference.,Se llamaba Comité de Necesidades Especiales cuando se escribieron sus guías (revisadas en septiembre de 2003); cambió su nombre a Accesibilidades en línea con la Conferencia de Servicios Generales.,accessibilitieschair@msca09aa.org,accessibilitieschair-es@msca09aa.org,,,,,,,,,https://www.aa.org/accessibilities-committees,https://www.aa.org/es/accessibilities-committees,accessibilitieschair@msca09aa.org; accessibilitieschair-es@msca09aa.org; accessibilities; accesibilidad; ASL; sign language; lenguaje de señas; topic:Accessibility,no,"2nd Thursday, 7:00–8:00 PM · online","2.º jueves, 7:00 a 8:00 p. m. · en línea",,,cec; remote-communities; public-information; cpc; technology,,,,,active,
archives,standing,11,Archives,Archivos Históricos,,,archive,amber,"Collecting, preserving and sharing the history of A.A. in our Area.","Recopilar, preservar y compartir la historia de A.A. en nuestra Área.","The Archives Committee carries the A.A. message through its historical perspective: it gathers, preserves and displays the history of Alcoholics Anonymous in Southern California and in Mid-Southern California Area 09 in particular, in English and Spanish. It runs the Area's archives repository in Riverside, open to every member on Saturdays.","El Comité de Archivos Históricos lleva el mensaje de A.A. a través de su perspectiva histórica: recopila, preserva y exhibe la historia de Alcohólicos Anónimos en el Sur de California y en particular en el Área 09 Medio-Sur de California, en inglés y en español. Administra el depósito de archivos del Área en Riverside, abierto a todos los miembros los sábados.","- Operate the Area 09 Archives Repository, 7111 Arlington Ave., Suite B, Riverside — open Saturdays 10 AM–1 PM; Sundays and evenings by appointment.
- Gather group histories from across the Area with the Group History form (English and Spanish, or online).
- Host the Archives Open House each March and Heritage Day each October, when longtime members share what A.A. and service were like.
- Take traveling exhibits, presentations and research help to A.A. events across Southern California.
- Catalogue the collection through the Collections Committee under a written Collections Policy (revised 2024).
- Keep the Area's physical records and an annual copy of the Area website.
- Host the 2027 National A.A. Archives Workshop in San Bernardino (September 23–26, 2027).","- Operar el depósito de Archivos del Área 09, 7111 Arlington Ave., Suite B, Riverside: abierto los sábados de 10 a. m. a 1 p. m.; domingos y noches con cita.
- Recopilar las historias de los grupos del Área con el formulario de Historia de Grupo (inglés y español, o en línea).
- Organizar la Casa Abierta de Archivos cada marzo y el Día de la Herencia cada octubre, cuando miembros veteranos comparten cómo eran A.A. y el servicio.
- Llevar exhibiciones itinerantes, presentaciones y ayuda de investigación a eventos de A.A. en el Sur de California.
- Catalogar la colección mediante el Comité de Colecciones, según una Política de Colecciones escrita (revisada en 2024).
- Guardar los registros físicos del Área y una copia anual del sitio web del Área.
- Organizar el Taller Nacional de Archivos de A.A. 2027 en San Bernardino (23 al 26 de septiembre de 2027).","Committee meetings are open to anyone: 3rd Saturday of each month, 10 AM–1 PM, at the repository and on Zoom. Membership is open to any A.A. member willing to serve, preferably with a year of sobriety — you become a voting member at your second meeting (within six months). There is no other requirement than a desire to learn and preserve A.A. history.","Las reuniones del comité están abiertas a todos: 3.er sábado de cada mes, de 10 a. m. a 1 p. m., en el depósito y por Zoom. La membresía está abierta a cualquier miembro de A.A. dispuesto a servir, preferiblemente con un año de sobriedad; se llega a ser miembro con voto en la segunda reunión (dentro de seis meses). No hay otro requisito que el deseo de aprender y preservar la historia de A.A.","Officers: Chair (subject to approval by the Area Assembly), Alternate Chair and Secretary, elected at the first committee meeting after Area elections (Third Legacy suggested) for two-year terms, renewable once. The Archivist — recommended by the Chair, approved by the committee and reviewed every four years — has custody of the collection, with an assistant. An Operating Committee (officers, Archivist, Collections chair) handles emergencies; a Collections Committee of at least three meets at least quarterly. Quorum: five members, two of them officers.","Oficiales: Coordinador(a) (sujeto a la aprobación de la Asamblea del Área), Coordinador(a) Alterno(a) y Secretario(a), elegidos en la primera reunión después de las elecciones del Área (se sugiere el Tercer Legado) por dos años, renovables una vez. El/la Archivista —recomendado(a) por el/la Coordinador(a), aprobado(a) por el comité y revisado(a) cada cuatro años— custodia la colección, con un(a) asistente. Un Comité Operativo atiende emergencias y un Comité de Colecciones de al menos tres miembros se reúne al menos trimestralmente. Quórum: cinco miembros, dos de ellos oficiales.","The Assembly created the Archives Committee in 1982; its first repository opened in 1991 (in Colton), and the committee moved to its present home on Arlington Avenue in Riverside in early 2009. Guidelines first approved 1985; current Revision G approved September 2024.","La Asamblea creó el Comité de Archivos en 1982; su primer depósito abrió en 1991 (en Colton) y el comité se mudó a su sede actual en Arlington Avenue, Riverside, a principios de 2009. Guías aprobadas por primera vez en 1985; la Revisión G vigente se aprobó en septiembre de 2024.",archiveschair@msca09aa.org,,archives@msca09aa.org,Archives (general),Archivos (general),(951) 785-0845,Archives repository,Depósito de Archivos,"7111 Arlington Ave., Suite B, Riverside, CA 92503",https://msca09aa-archives.org/,https://www.aa.org/archives-committees,https://www.aa.org/es/archives-committees,archiveschair@msca09aa.org; archivist@msca09aa.org; archives@msca09aa.org; archives; archivos; heritage day; día de la herencia; type:History,no,"3rd Saturday, 10 AM–1 PM · Riverside and Zoom","3.er sábado, 10 a. m. a 1 p. m. · Riverside y Zoom",,,secretary; literature; guidelines-policies; technology,"**2027 National A.A. Archives Workshop** — hosted by Area 09, September 23–26, 2027, at the DoubleTree by Hilton, San Bernardino. Registration opens January 19, 2027.","**Taller Nacional de Archivos de A.A. 2027**, organizado por el Área 09, del 23 al 26 de septiembre de 2027 en el DoubleTree by Hilton, San Bernardino. La inscripción abre el 19 de enero de 2027.",https://msca09aa-archives.org/naaaw2027,2027-09-26,active,Confirm the mailbox: the old contacts page linked archivechair@ (no s); the calendar uses archiveschair@.
communications,standing,12,Communications,Comunicaciones,,,newspaper,ocean,"The Area newsletter, and every Area document in English and Spanish.",El boletín del Área y cada documento del Área en inglés y español.,"The Communications Committee facilitates written communication within Area 09 and with the Fellowship at large. Its two primary jobs are producing the Area newsletter and translating Area material between English and Spanish, so that Spanish- and English-speaking members receive the same information at the same time.","El Comité de Comunicaciones facilita la comunicación escrita dentro del Área 09 y con la Comunidad en general. Sus dos tareas principales son producir el boletín del Área y traducir el material del Área entre inglés y español, para que los miembros de habla hispana e inglesa reciban la misma información al mismo tiempo.","- Produce the Area 09 Newsletter / Boletín each month in English and Spanish: a draft by mid-month, final versions to the Area Secretary near month-end for e-mail distribution and the website.
- Translate Area agendas, draft and final minutes of Assemblies, ASCs and board meetings, and flyers for Area events such as FORO and the Pre-Conference Boot Camp.
- Translate material submitted by Area officers and committee chairs, and older English-only Area documents on request, to ensure equity for the Hispanic community.
- Publish members' news, sharing on recovery, unity and service, Area actions and finances, and service announcements (no events planned only as fundraisers).
- Since 2022 the website and online tools belong to the Technology Committee; Communications focuses on the written word.","- Producir cada mes el Boletín del Área 09 en inglés y español: un borrador a mediados de mes y las versiones finales al Secretario(a) del Área a fin de mes para su envío por correo y el sitio web.
- Traducir las agendas del Área, las actas preliminares y finales de Asambleas, CSA y reuniones de la junta, y los volantes de eventos del Área como el FORO y el Bootcamp de Pre-Conferencia.
- Traducir el material enviado por los oficiales y coordinadores de comités, y documentos antiguos del Área solo en inglés cuando se solicite, para asegurar equidad para la comunidad hispana.
- Publicar noticias de los miembros, experiencias de recuperación, unidad y servicio, acciones y finanzas del Área y anuncios de servicio (sin eventos planeados solo para recaudar fondos).
- Desde 2022 el sitio web y las herramientas en línea pertenecen al Comité de Tecnología; Comunicaciones se enfoca en la palabra escrita.","All Area 09 members are welcome to serve, formally or informally. The committee meets at every ASC and Assembly (not at the Election Assembly, FORO or Servathon unless asked) and at other announced times. Bilingual members, translators and writers are especially welcome.","Todos los miembros del Área 09 pueden servir, formal o informalmente. El comité se reúne en cada CSA y Asamblea (no en la Asamblea de Elecciones, el FORO ni el Servathon, salvo que se le pida) y en otras fechas anunciadas. Miembros bilingües, traductores y escritores son especialmente bienvenidos.","The Chair is elected by the Assembly in January of even years by Third Legacy Procedure for one two-year term (must be proficient in English; may be bilingual). The Alternate Chair, Secretary and Newsletter Editor are elected within the committee by simple majority; the Lead Translator is appointed. Historically the immediate past Delegate is invited to be Newsletter Editor. Quorum is the voting members present.","El/la Coordinador(a) es elegido(a) por la Asamblea en enero de los años pares por el Procedimiento del Tercer Legado para un término de dos años (debe dominar el inglés; puede ser bilingüe). El/la Coordinador(a) Alterno(a), el/la Secretario(a) y el/la Editor(a) del Boletín se eligen dentro del comité por mayoría simple; el/la Traductor(a) Principal es nombrado(a). Tradicionalmente se invita al Delegado(a) saliente a ser Editor(a). El quórum son los miembros con voto presentes.","Formed in January 2008 from the former Newsletter Committee, with four subcommittees; the May 2023 guidelines removed those subcommittees after the Technology Committee was created in 2022.","Se formó en enero de 2008 a partir del antiguo Comité del Boletín, con cuatro subcomités; las guías de mayo de 2023 eliminaron esos subcomités tras la creación del Comité de Tecnología en 2022.",communicationschair@msca09aa.org,communicationschair-es@msca09aa.org,editor@msca09aa.org,Newsletter Editor,Editor(a) del Boletín,,,,,,,,communicationschair@msca09aa.org; communicationschair-es@msca09aa.org; editor@msca09aa.org; communications committee; comité de comunicaciones; area newsletter; boletín del área,yes,At the Area meeting break-out (2nd Sunday),En la sesión de comités de la reunión del Área (2.º domingo),,,technology; secretary; literature,,,,,active,Older alias CommCommChair@ seen on the old site — not published; confirm.
convention-liaison,standing,13,Convention Liaison,Enlace de Convenciones,,,presentation,fuchsia,"Brings General Service to conventions, round-ups and workshops.","Lleva los Servicios Generales a convenciones, encuentros y talleres.","The Convention Liaison Standing Committee (CLSC) brings General Service to the places A.A. members gather. Its interactive display of literature and audiovisual material explains the General Service Office, A.A. World Services, Grapevine and La Viña, the Conference and its committees, the Area structure, and the services Area committees offer to districts, groups and members.","El Comité Permanente de Enlace de Convenciones lleva los Servicios Generales a los lugares donde se reúnen los miembros de A.A. Su exhibición interactiva de literatura y material audiovisual explica la Oficina de Servicios Generales, A.A. World Services, Grapevine y La Viña, la Conferencia y sus comités, la estructura del Área y los servicios que los comités del Área ofrecen a distritos, grupos y miembros.","- Set up and staff the Area 09 General Service display at conventions, conferences, workshops and round-ups in the Area that follow G.S.O.'s guidelines (e.g., the Southern California, Inland Empire, Orange County, High Desert and Mountain conventions).
- Stock the display with G.S.O., AAWS, Grapevine/La Viña and Area 09 sample literature: catalogs, directories, committee guidelines, pamphlets, Conference Reports and Service Manuals.
- Answer questions about the General Service structure, the Area, districts and home groups, and encourage GSR participation.
- Coordinate display placement and hours with the host event's chair, and represent the Area at the event's business meeting.
- Bring the display to Area functions, district meetings and special events on request.","- Instalar y atender la exhibición de Servicios Generales del Área 09 en convenciones, conferencias, talleres y encuentros del Área que siguen las guías de la O.S.G. (por ejemplo, las convenciones del Sur de California, Inland Empire, Orange County, High Desert y la Montaña).
- Surtir la exhibición con literatura de la O.S.G., AAWS, Grapevine/La Viña y del Área 09: catálogos, directorios, guías de comités, folletos, Informes de la Conferencia y Manuales de Servicio.
- Responder preguntas sobre la estructura de Servicios Generales, el Área, los distritos y los grupos base, y fomentar la participación de los RSG.
- Coordinar la ubicación y el horario de la exhibición con el/la coordinador(a) del evento y representar al Área en su reunión de negocios.
- Llevar la exhibición a funciones del Área, reuniones de distrito y eventos especiales que lo soliciten.","Members include the English and Spanish co-chairs, past committee chairs and any Area 09 member interested in the work. The committee meets six times a year on Area Service Committee days. Volunteers are always needed to staff the display — a great first service commitment for anyone who enjoys talking about general service.","Son miembros los cocoordinadores de inglés y español, los coordinadores pasados y cualquier miembro del Área 09 interesado. El comité se reúne seis veces al año en los días del Comité de Servicio de Área. Siempre se necesitan voluntarios para atender la exhibición: un buen primer compromiso de servicio para quien disfruta hablar de servicios generales.","A Spanish co-chair, an English co-chair and a Recording Secretary, elected for two years in January of even years; vacancies are filled at the next Assembly. Knowledge of the General Service Conference structure and availability on event weekends are suggested. The budget covers registration, up to two nights' lodging and mileage for one co-chair or designated member per hosting event.","Un(a) cocoordinador(a) de habla hispana, uno(a) de habla inglesa y un(a) Secretario(a) de Actas, elegidos por dos años en enero de los años pares; las vacantes se llenan en la siguiente Asamblea. Se sugiere conocer la estructura de la Conferencia y tener disponibilidad los fines de semana de eventos. El presupuesto cubre la inscripción, hasta dos noches de hotel y el kilometraje de un cocoordinador o miembro designado por evento.",,,conventionliaison@msca09aa.org,conventionliaison-es@msca09aa.org,,,,,,,,,,,conventionliaison@msca09aa.org; conventionliaison-es@msca09aa.org; convention liaison; enlace de convenciones; type:Convention,yes,At the Area meeting break-out (2nd Sunday),En la sesión de comités de la reunión del Área (2.º domingo),,,literature; grapevine-la-vina; public-information,,,,,active,Older Spanish alias ConventionLiaisonSpan@ not published.
cec,standing,14,Cooperation with the Elder Community,Cooperación con la Comunidad de la Tercera Edad,CEC,CEC,hand-heart,teal,Carrying the message to the older alcoholic.,Llevar el mensaje al alcohólico de edad avanzada.,"The CEC Committee carries the message to the older alcoholic — A.A. members and those who may still be suffering. Elders are a growing part of our membership, and the committee helps Area 09 groups and districts lower the physical and technological barriers that lead to isolation. Area 09 added this standing committee in 2005.","El Comité de C.E.C. lleva el mensaje al alcohólico de edad avanzada, tanto a los miembros de A.A. como a quienes todavía sufren. Las personas mayores son una parte creciente de nuestra membresía, y el comité ayuda a los grupos y distritos del Área 09 a reducir las barreras físicas y tecnológicas que llevan al aislamiento. El Área 09 añadió este comité permanente en 2005.","- Make presentations to physicians, geriatric professionals, residential-facility staff and health-care providers, and at non-A.A. events.
- Place A.A. literature (print and digital) where elders gather — senior centers, retirement communities, AARP events, geriatric conferences and doctors' waiting rooms.
- Help elders get online: clear instructions for joining virtual meetings by computer or landline, and encourage closed-captioned meetings.
- Work with intergroups to label ""Accessible/Senior Friendly"" meetings in meeting directories.
- Encourage volunteer programs that keep in touch with homebound elders and help them get to meetings; promote Grapevine/La Viña subscriptions for isolated elders.
- Hold workshops in English and Spanish with the Literature, Accessibilities, Grapevine/La Viña, Technology, PI and CPC committees.","- Hacer presentaciones a médicos, profesionales de geriatría, personal de residencias y proveedores de salud, y en eventos que no son de A.A.
- Colocar literatura de A.A. (impresa y digital) donde se reúnen las personas mayores: centros para mayores, comunidades de retiro, eventos de AARP, conferencias de geriatría y salas de espera.
- Ayudar a los mayores a conectarse: instrucciones claras para entrar a reuniones virtuales por computadora o teléfono fijo, y fomentar reuniones con subtítulos.
- Trabajar con los intergrupos para marcar las reuniones ""Accesibles/Amigables para Mayores"" en los directorios.
- Fomentar programas de voluntarios que se mantengan en contacto con los mayores confinados en casa y los ayuden a llegar a las reuniones; promover suscripciones de Grapevine/La Viña para mayores aislados.
- Realizar talleres en inglés y español con los comités de Literatura, Accesibilidades, Grapevine/La Viña, Tecnología, IP y CCP.","The goal is a representative from every Area 09 district (two years of sobriety suggested), and every interested member is welcome. The committee meets on Zoom on the 4th Thursday of each month, 10:15–11:45 AM, and at Area meetings (except the May Assembly).","La meta es tener un representante de cada distrito del Área 09 (se sugieren dos años de sobriedad), y todo miembro interesado es bienvenido. El comité se reúne por Zoom el 4.º jueves de cada mes, de 10:15 a 11:45 a. m., y en las reuniones del Área (excepto la Asamblea de mayo).",Chairperson elected by the Area Assembly for one two-year term starting January 1 of even years (may also finish an unexpired term); an Alternate Chair appointed by the committee; a Secretary elected by the committee. The chair submits a historical report at the end of the term and a budget to the Finance Committee each September.,"Coordinador(a) elegido(a) por la Asamblea del Área para un término de dos años a partir del 1 de enero de los años pares (puede además completar un término vacante); Coordinador(a) Alterno(a) nombrado(a) por el comité; Secretario(a) elegido(a) por el comité. Al final del término el/la coordinador(a) presenta un informe histórico, y cada septiembre un presupuesto al Comité de Finanzas.",,,cecchair@msca09aa.org,,,,,,,,,,,,cecchair@msca09aa.org; CEC; elder community; older alcoholic; tercera edad,no,"4th Thursday, 10:15–11:45 AM · online","4.º jueves, 10:15 a 11:45 a. m. · en línea",,,accessibilities; cpc; technology; grapevine-la-vina; literature,,,,,active,Old flyer said 10:30 AM and Zoom 851-7562-5112; the calendar says 10:15 AM and 851 7562 5116 (kept). Ask the CEC chair to fix the flyer. Older alias msca09cecchair@gmail.com not published.
cpc,standing,15,Cooperation with the Professional Community,Cooperación con la Comunidad Profesional,CPC,CCP,stethoscope,iris,Telling professionals what A.A. is — and what it is not.,Decirles a los profesionales qué es A.A. y qué no es.,"The CPC Committee gives information about A.A. to people who meet alcoholics through their work — doctors, nurses, clergy, judges and probation officers, educators, employers, social workers and others: what A.A. is, what it does and does not do, and how to find it. A.A. cooperates but never affiliates; we are not in competition with professionals, and the alcoholic is the winner when we work well together.","El Comité de CCP da información sobre A.A. a quienes encuentran alcohólicos en su trabajo —médicos, enfermeras, clérigos, jueces y oficiales de libertad condicional, educadores, empleadores, trabajadores sociales y otros—: qué es A.A., qué hace y qué no hace, y cómo encontrarlo. A.A. coopera pero nunca se afilia; no competimos con los profesionales, y el alcohólico gana cuando trabajamos bien juntos.","- Hold informational meetings for non-A.A. professionals twice a year — one by the English CPC (usually in October) and one by the Hispanic CPC — in conjunction with Public Information.
- Provide Conference-approved literature for professionals and for the people they serve.
- Offer presentations to professional schools, courts and probation, military and VA facilities, clinics, hospitals and employers; exhibit at professional conferences.
- Help districts form their own CPC committees and send representatives to the Area committee.
- Coordinate with PI, Corrections, Treatment and other committees so efforts are not duplicated and overlapping responsibilities are settled simply.
- Chair the CPC roundtable at the Pre-Conference Workshop.","- Realizar dos veces al año reuniones informativas para profesionales que no son de A.A.: una del CCP en inglés (por lo general en octubre) y otra del CCP hispano, junto con Información Pública.
- Proporcionar literatura aprobada por la Conferencia para los profesionales y para las personas que atienden.
- Ofrecer presentaciones en escuelas profesionales, cortes y libertad condicional, instalaciones militares y de veteranos, clínicas, hospitales y empleadores; exhibir en conferencias profesionales.
- Ayudar a los distritos a formar sus propios comités de CCP y enviar representantes al comité del Área.
- Coordinar con IP, Correccionales, Tratamiento y otros comités para no duplicar esfuerzos y resolver con sencillez las responsabilidades compartidas.
- Coordinar la mesa de CCP en el Taller de Pre-Conferencia.","Any interested A.A. member can be a member of the Area CPC Committee, and districts are encouraged to form CPC committees and send representatives. The committee meets at each ASC and Area Assembly.","Cualquier miembro de A.A. interesado puede pertenecer al Comité de CCP del Área, y se anima a los distritos a formar comités de CCP y enviar representantes. El comité se reúne en cada CSA y Asamblea del Área.","A Chairperson and a Hispanic Co-chairperson, both approved by the Area Assembly; the Co-chair organizes the Hispanic CPC informational meeting each year. An Alternate Chair (who stands for Chair after two years) and a Secretary are elected by the committee. Two-year terms; responsible to the Assembly and the Area board.","Un(a) Coordinador(a) y un(a) Cocoordinador(a) hispano(a), ambos aprobados por la Asamblea del Área; el/la cocoordinador(a) organiza cada año la reunión informativa del CCP hispano. El comité elige un(a) Coordinador(a) Alterno(a) (que se postula a coordinador(a) después de dos años) y un(a) Secretario(a). Términos de dos años; responde a la Asamblea y a la junta del Área.",The General Service Board formed its CPC committee in 1970 as a spin-off of Public Information; Area 09 established its CPC standing committee in 1984 and revised its guidelines in 2003.,La Junta de Servicios Generales formó su comité de CCP en 1970 a partir de Información Pública; el Área 09 estableció su comité permanente de CCP en 1984 y revisó sus guías en 2003.,cpcchair@msca09aa.org,cpcchair-es@msca09aa.org,,,,,,,,,https://www.aa.org/Cooperation-with-the-Professional-Community,https://www.aa.org/es/Cooperation-with-the-Professional-Community,cpcchair@msca09aa.org; cpcchair-es@msca09aa.org; CPC; CCP; professional community; comunidad profesional,yes,At the Area meeting break-out (2nd Sunday),En la sesión de comités de la reunión del Área (2.º domingo),,,public-information; corrections; treatment; cec,,,,,active,Older Spanish alias CPCChairSpanish@ not published.
corrections,standing,16,Corrections,Instituciones Correccionales,,,door-open,indigo,Carrying the message behind the walls — and meeting people at the gate.,Llevar el mensaje detrás de los muros y recibir a las personas a la salida.,"The Corrections Committee carries the A.A. message to alcoholics in custody and helps them find A.A. when they are released. In Area 09 it links inmates in Southern California jails and California state prisons, the local Hospitals & Institutions (H&I) committees, the districts, the Corrections desk at the General Service Office, A.A. members, and professionals and families of inmates.","El Comité de Correccionales lleva el mensaje de A.A. a los alcohólicos privados de libertad y les ayuda a encontrar A.A. al salir. En el Área 09 enlaza a los internos de cárceles del Sur de California y prisiones estatales de California, los comités locales de Hospitales e Instituciones (H&I), los distritos, el escritorio de Correccionales de la Oficina de Servicios Generales, los miembros de A.A., y los profesionales y familiares de los internos.","- Corrections Correspondence Service (CCS): keep a list of A.A. members who write to inmates, send new volunteers to G.S.O., and keep an Area post office box so writers' home addresses stay private.
- Pre-Release Contacts: be G.S.O.'s contact for inmates being released into Area 09 and pass their information to the local H&I committee.
- Answer inmates' requests, or forward them to the committee that can help.
- Stay in touch with the Corrections desk at G.S.O. and explain to non-A.A. professionals what A.A. does and does not do.
- Bring corrections-related Conference agenda items to the Area and chair the Corrections table at the Pre-Conference Workshop.
- Attend the Southern California H&I Intergroup meeting each month and Area events when asked.","- Servicio de Correspondencia de Correccionales (CCS): mantener una lista de miembros de A.A. que escriben a internos, enviar los nuevos voluntarios a la O.S.G. y mantener un apartado postal del Área para proteger la dirección de quienes escriben.
- Contactos antes de la liberación: ser el contacto de la O.S.G. para los internos que salen al Área 09 y pasar su información al comité local de H&I.
- Responder las solicitudes de los internos o enviarlas al comité que pueda ayudar.
- Mantener contacto con el escritorio de Correccionales de la O.S.G. y explicar a los profesionales qué hace y qué no hace A.A.
- Llevar al Área los puntos de agenda de la Conferencia sobre correccionales y coordinar la mesa de Correccionales en el Taller de Pre-Conferencia.
- Asistir cada mes a la reunión del Intergrupo de H&I del Sur de California y a los eventos del Área cuando se le pida.","When possible the committee includes district representatives, local H&I and intergroup representatives and any A.A. member — each district, H&I committee and intergroup has one vote, and a simple majority of members present decides. It meets on Zoom on the 1st Monday of each month (7:00–8:30 PM) and in person during the Area meeting on the 2nd Sunday. You don't need prison experience — sobriety in A.A. is what counts.","Cuando es posible, el comité incluye representantes de distritos, de H&I e intergrupos locales y cualquier miembro de A.A.; cada distrito, comité de H&I e intergrupo tiene un voto y decide la mayoría simple de los presentes. Se reúne por Zoom el 1.er lunes de cada mes (7:00 a 8:30 p. m.) y en persona durante la reunión del Área el 2.º domingo. No se necesita experiencia en prisión: lo que cuenta es la sobriedad en A.A.","The Chair is elected for two years at the January Assembly of even years; experience in corrections work is suggested for the Chair or Co-chair. Other positions (Secretary, representatives) are volunteers approved by the committee. The committee submits its budget to the Finance Committee each September.","El/la Coordinador(a) se elige por dos años en la Asamblea de enero de los años pares; se sugiere experiencia en trabajo de correccionales para el/la coordinador(a) o cocoordinador(a). Los demás puestos (secretario, representantes) son voluntarios aprobados por el comité. El comité presenta su presupuesto al Comité de Finanzas cada septiembre.","Area 09 had a single Hospitals & Institutions Committee until 2003, when the Assembly divided it into Treatment Facilities and Correctional Facilities committees; following the 2005 Conference, the committee was renamed Corrections.","El Área 09 tuvo un solo Comité de Hospitales e Instituciones hasta 2003, cuando la Asamblea lo dividió en los comités de Centros de Tratamiento e Instituciones Correccionales; tras la Conferencia de 2005, el comité pasó a llamarse Correccionales.",correctionschair@msca09aa.org,,,,,,,,,,https://www.aa.org/corrections-committees,https://www.aa.org/es/corrections-committees,correctionschair@msca09aa.org; corrections; correccional; behind the walls,yes,"1st Monday, 7:00–8:30 PM · online, and at Area meetings","1.er lunes, 7:00 a 8:30 p. m. · en línea, y en las reuniones del Área",,,hospitals-institutions; treatment; cpc,,,,,active,The committee flyer uses a Gmail role mailbox (Area9corrections.chair@…); this site uses correctionschair@msca09aa.org — confirm which is live.
dcm-school,school,17,DCM School,Escuela de MCD,DCM,MCD,school,lilac,Training and shared experience for DCMs and DCMCs.,Capacitación y experiencia compartida para MCD y CMCD.,"DCM School trains District Committee Members (DCMs), District Committee Member Chairs (DCMCs) and anyone interested in those jobs — positions that come with little written guidance. It gathers the experience of past and current DCMs and DCMCs so districts stay healthy and the informed group conscience of each district reaches the Delegate and the Area.","La Escuela de MCD capacita a los Miembros del Comité de Distrito (MCD), a los Coordinadores de los MCD (CMCD) y a quien se interese en esos puestos, que vienen con poca orientación escrita. Reúne la experiencia de MCD y CMCD pasados y actuales para que los distritos estén saludables y la conciencia de grupo informada de cada distrito llegue al Delegado(a) y al Área.","- Hold DCM School classes during Area Assemblies and ASC meetings (committee break-out, 10:15–11:30 AM), plus optional online ""outside"" meetings.
- Develop and maintain a training course based on DCM-related A.A. literature and service material: the A.A. Service Manual, ""Your D.C.M."" (F-12), the DCM Kit, Advisory Actions and the Area's own DCM pamphlets.
- Give experienced members a forum to share — visiting home groups, the DCM's relationship to the district and the Area, and the Conference process.
- Help with the yearly Four-Area DCM Sharing Session with Areas 05, 08 and 93.
- Maintain the DCMC Workbook and the DCM School app.","- Dar clases de la Escuela de MCD durante las Asambleas y reuniones del CSA (sesión de comités, 10:15 a 11:30 a. m.), además de reuniones opcionales en línea.
- Desarrollar y mantener un curso basado en la literatura y el material de servicio de A.A. sobre el MCD: el Manual de Servicio de A.A., ""Su M.C.D."" (SF-12), el paquete del MCD, las Acciones Recomendables y los folletos del Área sobre el MCD.
- Dar un espacio para que miembros con experiencia compartan: visitas a los grupos base, la relación del MCD con el distrito y el Área, y el proceso de la Conferencia.
- Ayudar con la Sesión de Compartimiento de MCD de Cuatro Áreas con las Áreas 05, 08 y 93.
- Mantener el Cuaderno de Trabajo del CMCD y la aplicación de la Escuela de MCD.","Every DCM, DCMC, alternate and interested member is invited — bring your problems and solutions. To vote in the committee, attend at least one DCM School meeting during the current panel.","Están invitados todos los MCD, CMCD, alternos y miembros interesados; trae tus problemas y soluciones. Para votar en el comité, asiste al menos a una reunión de la Escuela de MCD durante el panel actual.",The Chair is elected by the DCM School Committee and approved by the January Area Assembly of even years; the Alternate Chair and Secretary are elected by the committee at its next meeting. Suggested: five years of continuous sobriety and two years' experience as a DCM for the Chair. The Chair (or the Alternate in the Chair's absence) votes at Assemblies and ASCs. Quorum: 50% of voting members.,El/la Coordinador(a) es elegido(a) por el Comité de la Escuela de MCD y aprobado(a) por la Asamblea de enero de los años pares; el comité elige al Coordinador(a) Alterno(a) y al Secretario(a) en su siguiente reunión. Se sugieren cinco años de sobriedad continua y dos años de experiencia como MCD para el/la coordinador(a). El/la coordinador(a) (o el alterno en su ausencia) vota en las Asambleas y CSA. Quórum: 50 % de los miembros con voto.,,,dcmschoolchair@msca09aa.org,dcmschoolchair-es@msca09aa.org,,,,,,,,,,,dcmschoolchair@msca09aa.org; dcmschoolchair-es@msca09aa.org; DCM school; escuela de MCD,yes,At the Area meeting break-out (2nd Sunday),En la sesión de comités de la reunión del Área (2.º domingo),,,gsr-school; alternate-delegate; four-area-dcm-sharing; registration,,,,,active,Aliases dcmschool@ / dcmschool-es@ appear in the Panel 76 Chair Tool Kit — confirm which form is live.
finance,standing,18,Finance,Finanzas,,,piggy-bank,emerald,"The Area budget, quarterly reports and our Seventh Tradition.","El presupuesto del Área, los informes trimestrales y nuestra Séptima Tradición.","The Finance Committee is the financial advisory body to the Area 09 Executive Committee. With the Area treasurers it drafts the annual budget, reports the Area's finances every quarter and evaluates requests for new spending. As Bill W. wrote, every A.A. service is designed to make more and better Twelfth Step work possible — and under our Tradition of self-support, we all foot the bill.","El Comité de Finanzas es el órgano asesor financiero del Comité Ejecutivo del Área 09. Con los tesoreros del Área prepara el presupuesto anual, informa trimestralmente sobre las finanzas del Área y evalúa las solicitudes de nuevos gastos. Como escribió Bill W., cada servicio de A.A. está diseñado para hacer posible más y mejor trabajo de Paso Doce, y según nuestra Tradición de automantenimiento, todos pagamos la cuenta.","- Draft the annual budget with the treasurers: send budget request forms (digital and paper) to every budgeted committee and service position; requests are due in September and the Assembly votes the budget in January.
- Prepare quarterly financial reports for the Area meetings, the newsletter and the website.
- Evaluate unbudgeted requests (requesters present to the committee about a month in advance) and report the financial impact; make written recommendations to the Executive Committee.
- Arrange the annual audit through an Audit Committee appointed each January, reporting in May.
- Keep the capital-equipment inventory, help plan replacements, and see that contribution envelopes reach the groups.
- Serve as finance liaisons, helping each committee and service position prepare its budget request.","- Preparar el presupuesto anual con los tesoreros: enviar formularios de solicitud de presupuesto (digitales e impresos) a cada comité y puesto de servicio con presupuesto; las solicitudes vencen en septiembre y la Asamblea vota el presupuesto en enero.
- Preparar informes financieros trimestrales para las reuniones del Área, el boletín y el sitio web.
- Evaluar solicitudes no presupuestadas (se presentan al comité con un mes de anticipación) e informar su impacto financiero; hacer recomendaciones por escrito al Comité Ejecutivo.
- Organizar la auditoría anual mediante un Comité de Auditoría nombrado cada enero, que informa en mayo.
- Mantener el inventario de equipo, ayudar a planificar reemplazos y asegurar que los sobres de contribución lleguen a los grupos.
- Servir de enlace financiero para ayudar a cada comité y puesto de servicio a preparar su solicitud de presupuesto.","The committee has five to ten voting members; members who have attended three consecutive meetings may be voted in, and the committee also invites members for their skills and willingness. Current treasurers, the immediate past treasurers and the immediate past Delegate are suggested members; the Delegate and Area Chair are ex-officio. It meets monthly.","El comité tiene de cinco a diez miembros con voto; quien haya asistido a tres reuniones consecutivas puede ser votado como miembro, y el comité también invita a miembros por sus habilidades y disposición. Se sugiere que participen los tesoreros actuales, los tesoreros salientes y el Delegado(a) saliente; el Delegado(a) y el/la Coordinador(a) del Área son miembros ex officio. Se reúne mensualmente.","A Chair, Co-chair and Secretary elected within the committee for two-year terms (rotation encouraged; the incoming Chair is ideally in a second panel on the committee). The Chair reports at ASCs and Assemblies and provides all documents in English and Spanish. The committee makes no direct recommendations to the body — it reports to the Executive Committee.","Un(a) Coordinador(a), un(a) Cocoordinador(a) y un(a) Secretario(a) elegidos dentro del comité por dos años (se fomenta la rotación; idealmente el/la nuevo(a) coordinador(a) está en su segundo panel en el comité). El/la coordinador(a) informa en los CSA y Asambleas y presenta todos los documentos en inglés y español. El comité no hace recomendaciones directas al cuerpo: informa al Comité Ejecutivo.",,,financechair@msca09aa.org,,,,,,,,,,,,financechair@msca09aa.org; finance committee; comité de finanzas; budget; presupuesto,no,"Monthly, as the committee sets it; budget work each September","Mensualmente, según lo fije el comité; presupuesto cada septiembre",,,treasurer-ap; treasurer-ar; audit,,,,,active,
grapevine-la-vina,standing,19,Grapevine / La Viña,Grapevine / La Viña,,,book-open-text,orange,Our meetings in print — in English and in Spanish.,"Nuestras reuniones impresas, en inglés y en español.","Grapevine and La Viña are the international journals of Alcoholics Anonymous: Grapevine, our 'meeting in print' since 1944, and La Viña, its Spanish-language sister since 1996. Area 09's Grapevine and La Viña chairs make the magazines known across the Area, encourage members to read, write for and subscribe to them, and use them in Twelfth Step work.","Grapevine y La Viña son las revistas internacionales de Alcohólicos Anónimos: Grapevine, nuestra ""reunión impresa"" desde 1944, y La Viña, su hermana en español desde 1996. Los coordinadores de Grapevine y La Viña del Área 09 dan a conocer las revistas en toda el Área y animan a los miembros a leerlas, escribir para ellas, suscribirse y usarlas en el trabajo de Paso Doce.","- Increase awareness of Grapevine and La Viña in the districts and across the Area.
- Encourage members to write stories and letters, share photos and record their stories for the audio project.
- Grow Area 09's Grapevine and La Viña subscriptions, including the Carry the Message gift-subscription project.
- Set up the Area's Grapevine and La Viña displays at Assemblies, ASCs, Servathon, FORO, conventions and round-ups.
- Support Grapevine Representatives (GvRs) and La Viña Representatives (RLVs) in groups and districts, and host writing workshops.
- Celebrate La Viña's anniversary with the Hispanic community each summer.","- Dar a conocer Grapevine y La Viña en los distritos y en toda el Área.
- Animar a los miembros a escribir historias y cartas, compartir fotos y grabar su historia para el proyecto de audio.
- Aumentar las suscripciones a Grapevine y La Viña en el Área 09, incluido el proyecto de suscripciones de regalo ""Lleva el mensaje"".
- Instalar las exhibiciones de Grapevine y La Viña del Área en Asambleas, CSA, Servathon, FORO, convenciones y encuentros.
- Apoyar a los Representantes de Grapevine (RGV) y de La Viña (RLV) en grupos y distritos, y realizar talleres de escritura.
- Celebrar el aniversario de La Viña con la comunidad hispana cada verano.","There is no formal committee roster: everyone present at an Assembly or ASC is the committee for that day, and anyone with a desire to serve may help. Groups elect GvRs and RLVs, who are always welcome. The chairs also visit groups, districts, conventions, PRAASA and regional forums on invitation.","No hay una lista formal de miembros: todos los presentes en una Asamblea o CSA son el comité de ese día, y cualquiera con deseo de servir puede ayudar. Los grupos eligen RGV y RLV, que siempre son bienvenidos. Los coordinadores también visitan grupos, distritos, convenciones, PRAASA y foros regionales cuando se les invita.","An Area Grapevine Chair and an Area La Viña Chair, elected at the October ASC of odd-numbered years for two-year terms starting in January (two years of sobriety suggested; the La Viña Chair should speak and read Spanish). Chairs are encouraged to register with AA Grapevine, Inc.; outgoing chairs serve as service sponsors for the incoming ones. Separate budgets for Grapevine and La Viña are proposed in August and approved in January.","Un(a) Coordinador(a) de Grapevine y un(a) Coordinador(a) de La Viña del Área, elegidos en el CSA de octubre de los años impares por dos años a partir de enero (se sugieren dos años de sobriedad; quien coordine La Viña debe hablar y leer español). Se anima a registrarse con AA Grapevine, Inc.; los coordinadores salientes sirven de padrinos de servicio de los entrantes. Los presupuestos de Grapevine y La Viña se proponen en agosto y se aprueban en enero.",,,grapevinechair@msca09aa.org,lavinachair@msca09aa.org,,,,,,,,,https://www.aa.org/aa-grapevine-la-vina,https://www.aa.org/es/aa-grapevine-la-vina,grapevinechair@msca09aa.org; lavinachair@msca09aa.org; grapevine; la viña; la vina; writer's workshop; writing workshop; taller de escritura; topic:Grapevine & La Viña,yes,At the Area meeting break-out (2nd Sunday),En la sesión de comités de la reunión del Área (2.º domingo),,,literature; convention-liaison; cec,,,,,active,
gsr-school,school,20,GSR School,Escuela de RSG,GSR,RSG,graduation-cap,sun,Where a new General Service Representative learns the job.,Donde un nuevo Representante de Servicios Generales aprende su trabajo.,"GSR School introduces new General Service Representatives, alternates and any interested member to the structure of A.A. general service and the duties of a GSR — the link between the home group and A.A. as a whole. It's a friendly place to learn how the Area conducts its business and where new opportunities to serve can be found.","La Escuela de RSG presenta a los nuevos Representantes de Servicios Generales, a sus alternos y a cualquier miembro interesado la estructura de los servicios generales de A.A. y las tareas del RSG, el enlace entre el grupo base y A.A. en su totalidad. Es un lugar amigable para aprender cómo el Área realiza sus asuntos y dónde hay nuevas oportunidades de servir.","- Hold GSR School before each Assembly and Area Service Committee meeting, with English- and Spanish-speaking chairs.
- Weekly online Service Manual study for GSRs on Wednesdays, 7–8 PM, presented with Districts 1 & 3.
- Help districts with GSR workshops (for example, District 9 and District 7 workshops).
- Encourage GSRs to join Area standing committees and the Delegate's monthly sharing session.
- Point GSRs to the GSR Kit, the GSR Preamble and the GSR Tool Kit app (English and Spanish).
- Report on the school at every Area meeting; often a new GSR gives the report.","- Realizar la Escuela de RSG antes de cada Asamblea y reunión del Comité de Servicio de Área, con coordinadores de habla inglesa e hispana.
- Estudio semanal en línea del Manual de Servicio para RSG los miércoles de 7 a 8 p. m., con los Distritos 1 y 3.
- Ayudar a los distritos con talleres para RSG (por ejemplo, los del Distrito 9 y del Distrito 7).
- Animar a los RSG a participar en los comités permanentes del Área y en la sesión mensual de compartimiento del Delegado(a).
- Orientar a los RSG hacia el paquete del RSG, el Preámbulo del RSG y la aplicación del kit de herramientas del RSG (inglés y español).
- Informar sobre la escuela en cada reunión del Área; a menudo un nuevo RSG da el informe.","Open to all GSRs, alternate GSRs and any A.A. member wanting the basics of general service — no sign-up needed. Just come to the next Area meeting or join the Wednesday Zoom.","Abierta a todos los RSG, RSG alternos y cualquier miembro de A.A. que quiera aprender lo básico de los servicios generales; no hace falta inscribirse. Ven a la próxima reunión del Área o únete al Zoom de los miércoles.","An English-speaking Chair and a Spanish-speaking Chair, both voting members of the ASC and the Assembly. Suggested qualifications: a completed two-year term as GSR (or other general service) and working knowledge of the General Service structure, the Service Manual, the Twelve Traditions and the Twelve Concepts. The committee reviews its guidelines and submits a budget each year.","Un(a) Coordinador(a) de habla inglesa y uno(a) de habla hispana, ambos miembros con voto del CSA y la Asamblea. Se sugiere haber completado un término de dos años como RSG (u otro servicio general) y conocer la estructura de Servicios Generales, el Manual de Servicio, las Doce Tradiciones y los Doce Conceptos. El comité revisa sus guías y presenta un presupuesto cada año.",,,gsrschoolchair@msca09aa.org,gsrschoolchair-es@msca09aa.org,,,,,,,,,,,gsrschoolchair@msca09aa.org; gsrschoolchair-es@msca09aa.org; GSR school; escuela de RSG; GSR workshop; taller de RSG,yes,"Every Wednesday, 7:00–8:00 PM · online, and at Area meetings","Cada miércoles, 7:00 a 8:00 p. m. · en línea, y en las reuniones del Área",,,dcm-school; registrar; literature,,,,,active,Current 2022 guidelines exist only in the old-site copy; they will be linked once copied to the public docs folder.
guidelines-policies,standing,21,Guidelines & Policies,Guías y Políticas,GAP,GAP,scale,violet,Helping the Area reach substantial unanimity — one motion at a time.,"Ayudar al Área a lograr la unanimidad sustancial, una moción a la vez.","The Guidelines and Policy (GAP) Committee helps the Area achieve substantial unanimity in its important decisions by reducing conflict and providing clarity as the Area reaches an informed group conscience. It helps members and committees shape motions, checks them against the Area Guidelines and Bylaws, and keeps the record of what the Assembly decides.","El Comité de Guías y Políticas (GAP) ayuda al Área a lograr la unanimidad sustancial en sus decisiones importantes, reduciendo conflictos y aportando claridad mientras el Área forma una conciencia de grupo informada. Ayuda a miembros y comités a redactar mociones, las revisa frente a las Guías y los Estatutos del Área y lleva el registro de lo que decide la Asamblea.","- Help committees and members formulate motions for the Area, with background and any impact on the Guidelines and Bylaws — processing every motion without censorship or veto.
- Help the Area Secretary keep complete records of all motions and prepare updated copies of the Area Guidelines and Bylaws.
- Review each standing committee's proposed guidelines before they go to the Assembly.
- Assist the Assembly with district-boundary questions, after the district has done its due diligence.
- Have at least one voting member at every ASC and Assembly; give minutes to the Web Servant; work with Archives to keep current Guidelines and Bylaws on file.","- Ayudar a comités y miembros a formular mociones para el Área, con antecedentes y su impacto en las Guías y Estatutos, procesando cada moción sin censura ni veto.
- Ayudar al Secretario(a) del Área a llevar el registro completo de las mociones y a preparar copias actualizadas de las Guías y Estatutos del Área.
- Revisar las guías propuestas por cada comité permanente antes de presentarlas a la Asamblea.
- Ayudar a la Asamblea en asuntos de límites de distritos, después de que el distrito haya hecho su trabajo previo.
- Tener al menos un miembro con voto en cada CSA y Asamblea; entregar sus actas al Servidor Web; trabajar con Archivos para mantener las Guías y Estatutos vigentes.","Five to seven voting members are ideal. Past Delegates, past Area Chairs, past trustees and directors, former G.S.O. staff, or anyone with the background and understanding are invited to serve, for up to two consecutive panels. Any member or committee can ask GAP for help with a motion. Meets during the committee break-out at ASCs and Assemblies and as needed.","Lo ideal son de cinco a siete miembros con voto. Se invita a servir a Delegados pasados, Coordinadores de Área pasados, custodios y directores pasados, exempleados de la O.S.G. o a cualquiera con la experiencia necesaria, hasta por dos paneles consecutivos. Cualquier miembro o comité puede pedir ayuda a GAP con una moción. Se reúne durante la sesión de comités en los CSA y Asambleas y cuando sea necesario.","A Chair and a Secretary elected within the committee by simple majority for two-year terms (officers serve one panel in office). Quorum: 50% of voting members. Three consecutive absences without good cause are considered a resignation. The Chair reports at ASCs and Assemblies and sends written recommendations to the Executive Committee.

**How a motion moves:** introduced at a first ASC (questions only) → discussed and voted by the ASC at the next meeting → if it passes and affects the whole Area, voted at the Assembly.

**Third Legacy Procedure:** two-thirds of the vote elects; after the 2nd ballot candidates under one-fifth withdraw, after the 3rd those under one-third; a 5th ballot needs a simple-majority motion; otherwise the choice goes “to the hat”.","Un(a) Coordinador(a) y un(a) Secretario(a) elegidos dentro del comité por mayoría simple por dos años (los oficiales sirven un panel en el cargo). Quórum: 50 % de los miembros con voto. Tres ausencias consecutivas sin causa justificada se consideran renuncia. El/la coordinador(a) informa en los CSA y Asambleas y envía recomendaciones por escrito al Comité Ejecutivo.

**Cómo avanza una moción:** se presenta en un primer CSA (solo preguntas) → el CSA la discute y vota en la siguiente reunión → si se aprueba y afecta a toda el Área, se vota en la Asamblea.

**Procedimiento del Tercer Legado:** se elige con dos tercios del voto; tras la 2.ª votación se retiran quienes tengan menos de un quinto, tras la 3.ª quienes tengan menos de un tercio; una 5.ª votación requiere una moción por mayoría simple; si no, se decide «por sorteo».",,,gapchair@msca09aa.org,,,,,,,,,,,,gapchair@msca09aa.org; GAP committee; guidelines & policies; third legacy; tercer legado,yes,At the Area meeting break-out (2nd Sunday),En la sesión de comités de la reunión del Área (2.º domingo),,,chair; secretary; archives; literature,,,,,active,The Panel 76 roster calls this seat 'Guidelines & Procedures'. Alias gap@ (tool kit) not published.
literature,standing,22,Literature,Literatura,,,library,copper,"Let literature carry the message, too.",Que la literatura también lleve el mensaje.,"Since the Big Book was published in 1939, literature has carried the A.A. message alongside one alcoholic talking to another. The Literature Committee makes Conference-approved literature known and available across Area 09, encourages members to read it, and develops, translates and publishes the Area's own literature in English and Spanish.","Desde la publicación del Libro Grande en 1939, la literatura ha llevado el mensaje de A.A. junto a un alcohólico hablando con otro. El Comité de Literatura da a conocer y pone a disposición la literatura aprobada por la Conferencia en toda el Área 09, anima a los miembros a leerla, y desarrolla, traduce y publica la literatura propia del Área en inglés y español.","- Bring the Area literature display to every in-person Area meeting and keep it current with Conference-approved books, pamphlets and audiovisual material.
- Encourage members to read and buy Conference-approved literature through central offices and the A.A. online store (the Area does not sell literature, so it never competes with central offices).
- Consider proposed additions and changes to Conference-approved literature and service material.
- Publish the Area's own literature in English and Spanish: the MSCA Workbook, the ""What's It All About?"" pamphlet and the Third Legacy Procedure pamphlet.
- Update the Area Guidelines for Structure and Procedure after the Assembly changes them.
- Review and edit other committees' literature when asked.","- Llevar la exhibición de literatura del Área a cada reunión presencial y mantenerla al día con libros, folletos y material audiovisual aprobados por la Conferencia.
- Animar a los miembros a leer y comprar literatura aprobada por la Conferencia en las oficinas centrales y la tienda en línea de A.A. (el Área no vende literatura, para no competir con las oficinas centrales).
- Considerar propuestas de adiciones y cambios a la literatura aprobada por la Conferencia y al material de servicio.
- Publicar en inglés y español la literatura propia del Área: el Cuaderno de Trabajo de MSCA, el folleto ""¿De qué se trata?"" y el folleto del Procedimiento del Tercer Legado.
- Actualizar las Guías para la Estructura y el Procedimiento del Área cuando la Asamblea las modifica.
- Revisar y editar la literatura de otros comités cuando se solicite.","The committee officers and any MSCA member interested in literature. It meets before Area Assemblies and ASC meetings, or as the chairs arrange.","Los oficiales del comité y cualquier miembro de MSCA interesado en la literatura. Se reúne antes de las Asambleas y reuniones del CSA, o como lo acuerden los coordinadores.","An English-speaking Chair and a Spanish-speaking Chair with equal responsibilities, elected in January of even years at the first Assembly of the panel (five years of sobriety suggested); each oversees the election of a Secretary. Both chairs are voting members of the Assembly and ASC. A Spanish translation subcommittee coordinator handles MSCA translations.","Un(a) Coordinador(a) de habla inglesa y uno(a) de habla hispana con iguales responsabilidades, elegidos en enero de los años pares en la primera Asamblea del panel (se sugieren cinco años de sobriedad); cada uno supervisa la elección de un(a) Secretario(a). Ambos coordinadores son miembros con voto de la Asamblea y del CSA. Un(a) coordinador(a) del subcomité de traducción al español se encarga de las traducciones de MSCA.",,,literaturechair@msca09aa.org,literaturechair-es@msca09aa.org,,,,,,,,,https://www.aa.org/literature-committees,https://www.aa.org/es/literature-committees,literaturechair@msca09aa.org; literaturechair-es@msca09aa.org; literature committee; comité de literatura,yes,At the Area meeting break-out (2nd Sunday),En la sesión de comités de la reunión del Área (2.º domingo),,,grapevine-la-vina; communications; guidelines-policies; archives,,,,,active,
public-information,standing,23,Public Information,Información Pública,PI,IP,megaphone,blue,Accurate information about A.A. for the public — with anonymity protected.,"Información precisa sobre A.A. para el público, protegiendo el anonimato.","Like all of A.A., Public Information's primary purpose is to carry the message to the alcoholic who still suffers. P.I. committees make accurate information about A.A. available to the general public and the media — by speaking, with Conference-approved literature, through video and digital media, and by working with the press — while protecting the anonymity of our members. P.I. also helps keep the Fellowship itself well informed.","Como todo A.A., el propósito principal de Información Pública es llevar el mensaje al alcohólico que aún sufre. Los comités de IP ponen información precisa sobre A.A. al alcance del público y de los medios —hablando, con literatura aprobada por la Conferencia, con video y medios digitales y trabajando con la prensa— protegiendo el anonimato de nuestros miembros. IP también ayuda a mantener bien informada a la propia Comunidad.","- Speak about A.A. at schools, community organizations and other non-A.A. meetings.
- Make sure every public library has Conference-approved books, and place literature racks and meeting schedules in schools, police stations, hospitals and hotels.
- Work with local media: public-service announcements, holiday notices of open meetings and anonymity-protected interviews.
- Help members understand anonymity at the public level and A.A.'s public-information policy.
- Support district P.I. representatives and share their experience; coordinate with CPC, Corrections and Treatment so projects are not duplicated.
- Hold P.I. workshops with CPC and take part in regional events such as the Pacific Region P.I. Forum.","- Hablar sobre A.A. en escuelas, organizaciones comunitarias y otras reuniones que no son de A.A.
- Asegurar que cada biblioteca pública tenga libros aprobados por la Conferencia, y colocar exhibidores de literatura y listas de reuniones en escuelas, estaciones de policía, hospitales y hoteles.
- Trabajar con los medios locales: anuncios de servicio público, avisos de reuniones abiertas en las fiestas y entrevistas que protejan el anonimato.
- Ayudar a los miembros a entender el anonimato a nivel público y la política de información pública de A.A.
- Apoyar a los representantes de IP de los distritos y compartir su experiencia; coordinar con CCP, Correccionales y Tratamiento para no duplicar proyectos.
- Realizar talleres de IP con CCP y participar en eventos regionales como el Foro de IP de la Región del Pacífico.","Area P.I. officers, district P.I. representatives and any interested member with sound sobriety and a good knowledge of the A.A. program — public-relations experience isn't needed. Meetings are monthly or as needed, often before ASCs and Assemblies, and are announced in the newsletter.","Los oficiales de IP del Área, los representantes de IP de los distritos y cualquier miembro interesado con sobriedad sólida y buen conocimiento del programa de A.A.; no se necesita experiencia en relaciones públicas. Se reúne mensualmente o según sea necesario, a menudo antes de los CSA y Asambleas, y se anuncia en el boletín.",Co-chairpersons — one from the Hispanic community — nominated and elected by the Area Assembly; an Alternate Chair; and a Secretary (or Secretary-Treasurer) elected by the committee. Two-year terms beginning in January of even years. Responsible to the Assembly and the Area officers.,Cocoordinadores —uno(a) de la comunidad hispana— nominados y elegidos por la Asamblea del Área; un(a) Coordinador(a) Alterno(a); y un(a) Secretario(a) (o Secretario-Tesorero) elegido(a) por el comité. Términos de dos años a partir de enero de los años pares. Responde a la Asamblea y a los oficiales del Área.,,,pichair@msca09aa.org,pichair-es@msca09aa.org,,,,,,,,,https://www.aa.org/public-information-committees,https://www.aa.org/es/public-information-committees,pichair@msca09aa.org; pichair-es@msca09aa.org; public information; información pública; PI forum,yes,At the Area meeting break-out (2nd Sunday),En la sesión de comités de la reunión del Área (2.º domingo),,,cpc; accessibilities; cec; technology,,,,,active,Older aliases PublicInfo@ / PublicInfoSpan@ not published.
registration,standing,24,Registration,Registro,,,clipboard-check,sea,Keeping group and GSR records current across every district.,Mantener al día los registros de grupos y RSG en todos los distritos.,"The Registration Committee coordinates registration activity with every district of Area 09 so that records of groups and their GSRs stay current and accurate. It signs in the body at Area meetings and works with the Area Registrar, who is a voting member of the committee and its link to the General Service Office.","El Comité de Registro coordina las actividades de registro con todos los distritos del Área 09 para que los registros de los grupos y sus RSG estén al día y sean precisos. Registra la asistencia en las reuniones del Área y trabaja con el/la Registrador(a) del Área, miembro con voto del comité y su enlace con la Oficina de Servicios Generales.","- Develop and maintain records of all groups in the Area: group name, meeting place and time, and GSR or group contact.
- Help district registrars keep their group and trusted-servant records current.
- Sign in members at ASC meetings and Assemblies and keep the contact list from the sign-in sheets.
- Help groups register a new group or a new GSR (Area online form; G.S.O. forms F-30 and F-28).
- Take minutes for roundtables at the Pre-Conference Workshop or Servathon when asked.","- Crear y mantener los registros de todos los grupos del Área: nombre del grupo, lugar y hora de reunión, y RSG o contacto del grupo.
- Ayudar a los registradores de los distritos a mantener al día sus registros de grupos y servidores.
- Registrar la asistencia en los CSA y Asambleas y mantener la lista de contactos de las hojas de registro.
- Ayudar a los grupos a registrar un grupo nuevo o un nuevo RSG (formulario en línea del Área; formularios F-30 y F-28 de la O.S.G.).
- Tomar actas de las mesas redondas en el Taller de Pre-Conferencia o el Servathon cuando se le pida.",Any interested A.A. member can join; district registrars are strongly encouraged to take part. The committee meets before Area Service Committee meetings and Assemblies.,Cualquier miembro de A.A. interesado puede unirse; se anima mucho a participar a los registradores de los distritos. El comité se reúne antes de las reuniones del CSA y de las Asambleas.,"Chair approved by the Area Assembly (five years of sobriety suggested); Alternate Chair (three years) and Secretary (two years) elected by the committee; terms run with the Area officers' two-year terms. The Chair, or the Alternate in the Chair's absence, votes at the ASC and Assembly. Missing three Area meetings without a substitute vacates a position.","Coordinador(a) aprobado(a) por la Asamblea (se sugieren cinco años de sobriedad); Coordinador(a) Alterno(a) (tres años) y Secretario(a) (dos años) elegidos por el comité; los términos coinciden con los de los oficiales del Área. El/la coordinador(a), o el alterno en su ausencia, vota en el CSA y la Asamblea. Faltar a tres reuniones del Área sin sustituto deja vacante el puesto.",,,registrationchair@msca09aa.org,,registrar@msca09aa.org,Area Registrar,Registrador(a) del Área,,,,,,,,registrationchair@msca09aa.org; registration committee; comité de registro,yes,At the Area meeting break-out (2nd Sunday),En la sesión de comités de la reunión del Área (2.º domingo),,,registrar; gsr-school; dcm-school,,,,,active,
remote-communities,standing,25,Remote Communities,Comunidades Remotas,,,mountain-snow,sage,"Reaching alcoholics isolated by geography, language or culture.","Alcanzar a los alcohólicos aislados por la geografía, el idioma o la cultura.","> “Our mission is to carry the message of Alcoholics Anonymous to communities where barriers may exist because of language, culture, geography, technology, socio-economics, and/or gender.”

Remote Communities works so that A.A. is available to alcoholics in underserved or remote communities — the desert and mountain towns of our Area, tribal lands, language and cultural communities, and anywhere a meeting is hard to reach. It focuses on overcoming barriers of geography, language and culture. It began as an Area ad hoc committee in 2020 and is now a standing committee of the Assembly.","> «Nuestra misión es llevar el mensaje de Alcohólicos Anónimos a las comunidades donde puedan existir barreras de idioma, cultura, geografía, tecnología, situación socioeconómica y/o género».

Comunidades Remotas trabaja para que A.A. esté al alcance de los alcohólicos en comunidades remotas o desatendidas: los pueblos del desierto y la montaña de nuestra Área, las tierras tribales, las comunidades de otros idiomas y culturas, y cualquier lugar donde sea difícil llegar a una reunión. Se enfoca en superar barreras de geografía, idioma y cultura. Comenzó como comité ad hoc del Área en 2020 y ahora es un comité permanente de la Asamblea.","- Identify underserved and remote communities in the Area and help start or support meetings there — in person, by phone or online.
- Reach leaders in ethnic and cultural communities with literature, PSAs and presentations.
- Provide service reports and information in accessible formats so remote groups stay connected to the Area.
- Hold Remote Communities workshops at group, district and Area level, and at conventions and service events.
- Share the Loners-Internationalists Meeting (LIM) correspondence service with members who cannot get to meetings.","- Identificar comunidades remotas y desatendidas en el Área y ayudar a iniciar o apoyar reuniones allí, en persona, por teléfono o en línea.
- Llegar a líderes de comunidades étnicas y culturales con literatura, anuncios de servicio público y presentaciones.
- Ofrecer informes de servicio e información en formatos accesibles para que los grupos remotos sigan conectados con el Área.
- Realizar talleres de Comunidades Remotas a nivel de grupo, distrito y Área, y en convenciones y eventos de servicio.
- Dar a conocer el servicio de correspondencia Loners-Internationalists (LIM) a miembros que no pueden asistir a reuniones.","Any A.A. member who lives in, or cares about, an isolated community is welcome. Write to the English or Spanish chair for the current meeting schedule. The committee reports at every ASC and Assembly.","Cualquier miembro de A.A. que viva en una comunidad aislada, o que se interese por ella, es bienvenido. Escribe al coordinador(a) de inglés o de español para conocer el horario actual. El comité informa en cada CSA y Asamblea.",English- and Spanish-language chairs elected by the Assembly with the other standing-committee chairs (five years of sobriety suggested). The committee has no written Area guidelines on file yet.,Coordinadores de habla inglesa e hispana elegidos por la Asamblea junto con los demás coordinadores de comités permanentes (se sugieren cinco años de sobriedad). El comité todavía no tiene guías escritas del Área archivadas.,,,remotecommunitieschair@msca09aa.org,remotecommunitieschair-es@msca09aa.org,,,,,,,,,https://www.aa.org/remote-communities-committees,https://www.aa.org/es/remote-communities-committees,remotecommunitieschair@msca09aa.org; remotecommunitieschair-es@msca09aa.org; remote communities; comunidades remotas,yes,At the Area meeting break-out (2nd Sunday),En la sesión de comités de la reunión del Área (2.º domingo),,,accessibilities; cec; technology; public-information,,,,,active,"No Area guidelines yet. Spanish mission statement is a draft translation for the Spanish chair to review. Meeting time unknown (2023: last Monday, 6 PM, Zoom)."
technology,standing,26,Technology,Tecnología,,,laptop,purple,"The website, online meetings and the tools that let service happen.","El sitio web, las reuniones en línea y las herramientas del servicio.","The Technology Committee uses electronic media — the Area website, online-meeting tools and e-mail — to inform members and others about the activities, history and structure of Area 09. It carries the Area's group conscience about the internet and digital media, protects anonymity online, and makes hybrid Area meetings possible.","El Comité de Tecnología usa los medios electrónicos —el sitio web del Área, las herramientas de reuniones en línea y el correo— para informar a los miembros y a otros sobre las actividades, la historia y la estructura del Área 09. Lleva la conciencia de grupo del Área sobre internet y los medios digitales, protege el anonimato en línea y hace posibles las reuniones híbridas del Área.","- Maintain msca09aa.org through the Web Servant, posting only approved, anonymity-safe material in English and Spanish, viewable on as many devices as possible.
- Host and support hybrid Area meetings, committee Zoom rooms and telecommunication sessions for districts and committees.
- Check electronic and printed material for anonymity breaks: no full names, photos of members, or personal e-mail addresses.
- Hold weekly office hours (Fridays 11 AM) to help committees and districts get their information and events on the website and calendar.
- Send a yearly archive copy of the website to the Archives Committee.
- Link only to aa.org, aagrapevine.org and approved service sites (central offices, PRAASA) — never to commercial, religious or advocacy sites.","- Mantener msca09aa.org mediante el/la Servidor(a) Web, publicando solo material aprobado y que respete el anonimato, en inglés y español, visible en la mayor cantidad posible de dispositivos.
- Organizar y apoyar las reuniones híbridas del Área, las salas de Zoom de los comités y las sesiones de telecomunicación para distritos y comités.
- Revisar el material electrónico e impreso para evitar rupturas de anonimato: sin nombres completos, fotos de miembros ni correos personales.
- Horario de oficina semanal (viernes 11 a. m.) para ayudar a comités y distritos a publicar su información y eventos en el sitio y el calendario.
- Enviar cada año una copia de archivo del sitio web al Comité de Archivos.
- Enlazar solo a aa.org, aagrapevine.org y sitios de servicio aprobados (oficinas centrales, PRAASA), nunca a sitios comerciales, religiosos o de causas externas.","Any A.A. member can join — technical skills help but aren't required. The committee meets every Friday, 11 AM–12 PM, on Zoom, and at every ASC and Assembly except the Election Assembly. Quorum is the voting members present.","Cualquier miembro de A.A. puede unirse; las habilidades técnicas ayudan pero no son necesarias. El comité se reúne todos los viernes de 11 a. m. a 12 p. m. por Zoom, y en cada CSA y Asamblea excepto la de Elecciones. El quórum son los miembros con voto presentes.","Officers: Chair (two-year term), Web Servant (an independent contractor with a stipend, identified by the committee and confirmed by the Assembly each panel; may serve unlimited terms; removable for cause by two-thirds of the committee) and Secretary/Treasurer, plus an Online Meeting Coordinator. The Assembly keeps final authority over website content. Formed in 2022, taking over the Communications Committee's former electronic-media work.","Oficiales: Coordinador(a) (dos años), Servidor(a) Web (contratista independiente con estipendio, identificado por el comité y confirmado por la Asamblea en cada panel; puede servir términos ilimitados; removible con causa por dos tercios del comité) y Secretario(a)/Tesorero(a), además de un(a) Coordinador(a) de Reuniones en Línea. La Asamblea conserva la autoridad final sobre el contenido del sitio. Se formó en 2022 y asumió el trabajo de medios electrónicos que tenía Comunicaciones.",,,technologychair@msca09aa.org,,webmaster@msca09aa.org,Web Servant (website posting),Servidor(a) web (publicaciones del sitio),,,,,,,,technologychair@msca09aa.org; webmaster@msca09aa.org; technology committee; comité de tecnología; tech office hours,no,"Every Friday, 11 AM–12 PM · online office hours","Cada viernes, 11 a. m. a 12 p. m. · horas de oficina en línea",,,communications; accessibilities; archives; ad-hoc-website,,,,,active,Alias technology@ seen on the old site — not published.
treatment,standing,27,Treatment Facilities,Centros de Tratamiento,,,heart-pulse,rose,Carrying the message into treatment — and Bridging the Gap to A.A.,Llevar el mensaje a los centros de tratamiento y tender el Puente hacia A.A.,"The Treatment Facilities Committee coordinates the A.A. members and groups who carry our message to alcoholics in hospitals and treatment facilities, and runs the Area's Bridging the Gap program so that a person leaving treatment meets A.A. in their home community. It also explains, within our Traditions, what A.A. can and cannot do to help alcoholics in treatment.","El Comité de Centros de Tratamiento coordina a los miembros y grupos de A.A. que llevan nuestro mensaje a los alcohólicos en hospitales y centros de tratamiento, y dirige el programa Puente hacia A.A. del Área para que quien sale de tratamiento encuentre A.A. en su comunidad. También explica, dentro de nuestras Tradiciones, lo que A.A. puede y no puede hacer por los alcohólicos en tratamiento.","- Support A.A. meetings in treatment facilities across the Area and help new ones form.
- Run Bridging the Gap (BTG): match each newcomer leaving a facility with a Temporary Contact who takes them to a few meetings, introduces them to members and shares about sponsorship and a home group (area9btg.org).
- Recruit and orient Temporary Contact volunteers — a short-term, basic Twelfth Step commitment.
- Arrange literature for facility meetings and informational presentations for facility staff about what A.A. is and is not.
- Keep a current list of local treatment facilities and of the committees that take panels into them; cooperate with H&I committees, intergroups and groups.
- Provide the BTG District Kit (forms, guidelines and literature) to districts.","- Apoyar las reuniones de A.A. en los centros de tratamiento del Área y ayudar a formar nuevas.
- Dirigir Puente hacia A.A. (BTG): asignar a cada recién llegado que sale de un centro un Contacto Temporal que lo lleve a algunas reuniones, le presente miembros y le hable del apadrinamiento y el grupo base (area9btg.org).
- Reclutar y orientar voluntarios de Contacto Temporal: un compromiso corto de trabajo básico de Paso Doce.
- Conseguir literatura para las reuniones en los centros y ofrecer presentaciones informativas al personal sobre lo que A.A. es y no es.
- Mantener una lista actual de centros de tratamiento y de los comités que llevan paneles a ellos; cooperar con los comités de H&I, intergrupos y grupos.
- Proporcionar a los distritos el kit de distrito de BTG (formularios, guías y literatura).",Any interested A.A. member — especially GSRs with knowledge of treatment issues — is welcome. The committee meets on Zoom on the 4th Thursday of each month at 7 PM (e-mail the chair for the invitation) and during Area meetings. Volunteer as a Temporary Contact at area9btg.org.,"Cualquier miembro de A.A. interesado, especialmente RSG que conozcan el tema del tratamiento, es bienvenido. El comité se reúne por Zoom el 4.º jueves de cada mes a las 7 p. m. (pide la invitación al coordinador(a)) y durante las reuniones del Área. Ofrécete como Contacto Temporal en area9btg.org.",Chair elected by the Area Assembly; Co-chair elected by the committee and confirmed by the Area (acts as chair if needed until the Area officers decide); Secretary (volunteer) keeps minutes and facility records. The committee holds a periodic inventory and prepares a budget each September.,Coordinador(a) elegido(a) por la Asamblea; Cocoordinador(a) elegido(a) por el comité y confirmado(a) por el Área (actúa como coordinador(a) si es necesario hasta que decidan los oficiales del Área); Secretario(a) (voluntario) lleva las actas y los registros de los centros. El comité hace un inventario periódico y prepara un presupuesto cada septiembre.,"Treatment and corrections service were combined in the Area's H&I Committee until 2003, when the Assembly created separate Treatment Facilities and Correctional Facilities committees (the Conference did the same in 1977).","El servicio en tratamiento y correccionales estuvo unido en el Comité de H&I del Área hasta 2003, cuando la Asamblea creó comités separados de Centros de Tratamiento e Instituciones Correccionales (la Conferencia hizo lo mismo en 1977).",treatmentchair@msca09aa.org,,treatment@area9btg.org,Bridging the Gap,Puente hacia A.A. (BTG),(949) 334-7994,Bridging the Gap voicemail,Buzón de voz de Puente hacia A.A.,,https://area9btg.org/,https://www.aa.org/treatment-committees,https://www.aa.org/es/treatment-committees,treatmentchair@msca09aa.org; treatment@area9btg.org; treatment committee; bridging the gap; puente hacia A.A.,yes,"4th Thursday, 7:00–8:00 PM · online, and at Area meetings","4.º jueves, 7:00 a 8:00 p. m. · en línea, y en las reuniones del Área",,,hospitals-institutions; corrections; cpc,,,,,active,Alias treatmentfacilitieschair@ (tool kit) and role Gmail area9treatment@… not published.
ypaa,standing,28,Young People in A.A.,Jóvenes en A.A.,YPAA,YPAA,flame,coral,A.A. works at any age — and young people do service too.,"A.A. funciona a cualquier edad, y los jóvenes también hacen servicio.","The Young People in A.A. (YPAA) Standing Committee connects the YPAA committees within Area 09 with each other and with the Conference structure through the Area Service Committee. It teaches people about YPAA and general-service opportunities, brings YPAA into the general-service 'scene' of the Area, and shows the young alcoholic that A.A. works at any age.","El Comité Permanente de Jóvenes en A.A. (YPAA) conecta a los comités YPAA del Área 09 entre sí y con la estructura de la Conferencia a través del Comité de Servicio de Área. Enseña sobre YPAA y las oportunidades de servicios generales, integra a YPAA en la vida de servicios generales del Área y muestra al alcohólico joven que A.A. funciona a cualquier edad.","- Teach the history of YPAA and explain what YPAA committees are and how they work.
- Spread knowledge of YPAA-related literature (""Young People in A.A."", ""Too Young?"", ""Young and Sober in A.A."").
- Hold Q&A sessions, roundtables and workshops on common misconceptions, problems in YPAA committees and how to help a committee thrive.
- Encourage young people to take part in Area general service through outreach, workshops and a monthly committee meeting.
- Connect the Area with ACYPAA, ICYPAA and local YPAA committees and events (for example, ACYPAA LIV in Ontario, April 15–18, 2027).","- Enseñar la historia de YPAA y explicar qué son los comités YPAA y cómo funcionan.
- Dar a conocer la literatura relacionada con los jóvenes (""Los jóvenes en A.A."", ""¿Demasiado joven?"", ""Joven y sobrio en A.A."").
- Realizar sesiones de preguntas, mesas redondas y talleres sobre ideas equivocadas, problemas en los comités YPAA y cómo ayudar a un comité a prosperar.
- Animar a los jóvenes a participar en los servicios generales del Área mediante alcance, talleres y una reunión mensual del comité.
- Conectar al Área con ACYPAA, ICYPAA y los comités y eventos YPAA locales (por ejemplo, ACYPAA LIV en Ontario, del 15 al 18 de abril de 2027).",Members of YPAA committees in Area 09 and any member interested in the committee's work are welcome; anyone who has attended one previous meeting is a full voting member. Meets at the committee time at ASCs and Assemblies and as needed.,Son bienvenidos los miembros de comités YPAA del Área 09 y cualquier miembro interesado; quien haya asistido a una reunión anterior es miembro con voto pleno. Se reúne en el horario de comités de los CSA y Asambleas y cuando sea necesario.,"English-speaking Chair, Spanish-speaking Chair, and English- and Spanish-speaking Alternate Chairs (Area guidelines, version 1.0, January 2019). In Panel 76 the committee also lists several committee members.","Coordinador(a) de habla inglesa, Coordinador(a) de habla hispana y Coordinadores Alternos de habla inglesa e hispana (guías del Área, versión 1.0, enero de 2019). En el Panel 76 el comité también tiene varios miembros.",,,ypchair@msca09aa.org,,,,,,,,,,,,ypchair@msca09aa.org; YPAA; young people; jóvenes en A.A.; type:YPAA,yes,At the Area meeting break-out (2nd Sunday),En la sesión de comités de la reunión del Área (2.º domingo),,,public-information; alternate-delegate,,,,,active,"Roster: Marissa S.; another source: Marissa M. Spanish chair Tony C. comes from the old YPAA page (Oct 2026), not the Panel 76 roster — verify."
hospitals-institutions,coordinate,40,Hospitals & Institutions,Hospitales e Instituciones (H&I),H&I,H&I,hospital,blush,Taking A.A. meetings to people who cannot get to one.,Llevar reuniones de A.A. a quienes no pueden llegar a una.,"The purpose of every Hospitals & Institutions committee is the same throughout A.A.: to carry the message to alcoholics confined in a hospital or institution who cannot attend regular meetings — mostly by bringing 'panels' of A.A. members inside. In Southern California, H&I committees are coordinate committees: completely autonomous, but part of the Area structure. Their chairs are voting members of the Assembly, the Alternate Delegate is the Area's liaison, and Area officers visit H&I meetings on a quarterly rotation.","El propósito de todo comité de Hospitales e Instituciones es el mismo en todo A.A.: llevar el mensaje a los alcohólicos internados en un hospital o institución que no pueden asistir a reuniones regulares, sobre todo llevando ""paneles"" de miembros de A.A. al interior. En el Sur de California, los comités de H&I son comités coordinados: totalmente autónomos, pero parte de la estructura del Área. Sus coordinadores son miembros con voto de la Asamblea, el/la Delegado(a) Alterno(a) es el enlace del Área y los oficiales del Área visitan las reuniones de H&I en rotación trimestral.","- Take A.A. panels into jails, prisons, hospitals and treatment facilities across the Area.
- Run orientations for new panel members at each local H&I committee's monthly business meeting.
- Coordinate across Southern California through the So-Cal H&I Intergroup (handisocal.org), which meets the 4th Sunday of each month.
- Hold the annual Southern California H&I Conference and the So-Cal H&I Intergroup dinner.","- Llevar paneles de A.A. a cárceles, prisiones, hospitales y centros de tratamiento en toda el Área.
- Ofrecer orientaciones para nuevos panelistas en la reunión mensual de cada comité local de H&I.
- Coordinar en todo el Sur de California mediante el Intergrupo de H&I del Sur de California (handisocal.org), que se reúne el 4.º domingo de cada mes.
- Realizar la Conferencia anual de H&I del Sur de California y la cena del Intergrupo de H&I.",Go to the orientation at your local H&I committee's business meeting (see the list below). Most facilities ask for some continuous sobriety before you can go inside.,Asiste a la orientación en la reunión de negocios de tu comité local de H&I (consulta la lista). La mayoría de las instituciones piden cierto tiempo de sobriedad continua antes de poder entrar.,"Each H&I committee is autonomous with its own guidelines. Area 09 has had an ""H&I Liaison"" seat on the Area committee (vacant in Panel 74); the Alternate Delegate serves as liaison under the Area Guidelines.","Cada comité de H&I es autónomo con sus propias guías. El Área 09 ha tenido un puesto de ""Enlace de H&I"" en el comité del Área (vacante en el Panel 74); el/la Delegado(a) Alterno(a) sirve como enlace según las Guías del Área.","Until 2003 the Area itself had an H&I Committee; the Assembly then created separate Treatment Facilities and Correctional Facilities (now Corrections) committees, which work with the autonomous local H&I committees.","Hasta 2003 el Área tuvo su propio Comité de H&I; la Asamblea creó entonces los comités separados de Centros de Tratamiento e Instituciones Correccionales (hoy Correccionales), que trabajan con los comités locales autónomos de H&I.",delegatealt@msca09aa.org,,,,,,,,,https://handisocal.org/,,,H&I; hospitals & institutions; hospitals and institutions; hospitales e instituciones; type:H&I,no,Ten local H&I committees meet monthly,Diez comités locales de H&I se reúnen cada mes,alternate-delegate,,corrections; treatment; alternate-delegate,,,,,active,Local H&I committee meetings come from the Area calendar.
intergroups,coordinate,41,Intergroups & Central Offices,Intergrupos y Oficinas Centrales,,,building,cyan,"Local service offices: meeting lists, phones and literature.","Oficinas de servicio locales: listas de reuniones, teléfonos y literatura.","Intergroups and central offices are local A.A. service centers that answer phones, keep meeting directories, sell literature and coordinate Twelfth Step work. They are coordinate committees of the Area — autonomous, but part of the Area structure; their chairs or directors are voting members of the Assembly, and Area officers visit their meetings on a quarterly rotation. Central offices and general service are complementary, not competitive.","Los intergrupos y oficinas centrales son centros de servicio locales de A.A. que atienden teléfonos, mantienen directorios de reuniones, venden literatura y coordinan el trabajo de Paso Doce. Son comités coordinados del Área: autónomos, pero parte de su estructura; sus coordinadores o directores son miembros con voto de la Asamblea y los oficiales del Área visitan sus reuniones en rotación trimestral. Las oficinas centrales y los servicios generales se complementan, no compiten.","- Answer the phones — many offices 24 hours a day — and connect callers with A.A. members for Twelfth Step calls.
- Publish local meeting directories and keep online meeting finders up to date.
- Sell Conference-approved literature and support local A.A. events.
- Hold a monthly intergroup meeting of group representatives (see the list on this page).","- Contestar los teléfonos —muchas oficinas las 24 horas— y poner a quien llama en contacto con miembros de A.A. para hacer el Paso Doce.
- Publicar los directorios de reuniones locales y mantener al día los buscadores de reuniones en línea.
- Vender literatura aprobada por la Conferencia y apoyar los eventos locales de A.A.
- Celebrar una reunión mensual del intergrupo con los representantes de los grupos (la lista está en esta página).",Ask your group about becoming its intergroup representative. Meeting places and Zoom details are on each intergroup's website.,Pregunta en tu grupo cómo ser su representante ante el intergrupo. Los lugares y datos de Zoom están en el sitio web de cada intergrupo.,Each intergroup is autonomous. The Alternate Delegate is the Area's liaison.,Cada intergrupo es autónomo. El/la Delegado(a) Alterno(a) es el enlace del Área.,,,delegatealt@msca09aa.org,,,,,,,,,,,,intergroup; intergrupo; central office; oficina central; central service; type:Intergroup,no,Seven intergroups meet monthly,Siete intergrupos se reúnen cada mes,alternate-delegate,,alternate-delegate; hospitals-institutions,,,,,active,
sound,subcommittee,50,Area Sound,Sonido del Área,,,mic,indigo,So that everyone can hear — and hear in their own language.,"Para que todos puedan escuchar, y en su propio idioma.","The Area Sound servant and assistants make sure every member can hear all presentations and discussions at Area meetings. They run the Area's broadcast, recording and interpretation equipment, working with the Area's interpreters.","El/la servidor(a) de Sonido del Área y sus asistentes se aseguran de que cada miembro pueda escuchar todas las presentaciones y discusiones en las reuniones del Área. Manejan el equipo de transmisión, grabación e interpretación del Área, en coordinación con los intérpretes.","- Transport, set up, monitor and tear down the sound and interpretation equipment at every Assembly, ASC, Servathon, Heritage Day and FORO.
- Record Area meetings for the Secretary and the Archives.
- Keep the inventory (headsets, batteries, tools) and track loaned equipment.
- Handle requests from districts and other entities to borrow the equipment (written request three months ahead; the Assembly approves).","- Transportar, instalar, operar y recoger el equipo de sonido e interpretación en cada Asamblea, CSA, Servathon, Día de la Herencia y FORO.
- Grabar las reuniones del Área para el/la Secretario(a) y los Archivos.
- Llevar el inventario (audífonos, baterías, herramientas) y el control del equipo prestado.
- Atender las solicitudes de distritos y otras entidades para usar el equipo (por escrito con tres meses de anticipación; la Asamblea aprueba).",Helpers are always welcome at Area meetings — talk to the Sound servant or the Area Chair.,Siempre se necesitan ayudantes en las reuniones del Área; habla con el/la servidor(a) de Sonido o con el/la Coordinador(a) del Área.,"The Area elects or appoints a Sound person and assistants (Area Sound Guidelines, passed January 2014).","El Área elige o nombra a una persona de Sonido y asistentes (Guías de Sonido del Área, aprobadas en enero de 2014).",,,chair@msca09aa.org,,,,,,,,,,,,,no,At every Area meeting,En cada reunión del Área,,chair,chair; communications,,,,,active,
hospitality,subcommittee,51,Hospitality / Coffee,Hospitalidad / Café,,,coffee,copper,Coffee and a welcome at every Area meeting.,Café y bienvenida en cada reunión del Área.,"The hospitality servants (one English-speaking and one Spanish-speaking in Panel 76) make the coffee and welcome members at Area meetings, working with the host district.","Los servidores de hospitalidad (uno de habla inglesa y uno de habla hispana en el Panel 76) preparan el café y dan la bienvenida en las reuniones del Área, en coordinación con el distrito anfitrión.","- Make and serve the coffee at Area Assemblies and ASC meetings.
- Welcome members as they arrive, together with the host district.","- Preparar y servir el café en las Asambleas y reuniones del CSA.
- Dar la bienvenida a los miembros al llegar, junto con el distrito anfitrión.",Ask the Area Chair or the host district how to help at the next Area meeting.,Pregunta al Coordinador(a) del Área o al distrito anfitrión cómo ayudar en la próxima reunión.,Support positions appointed for the panel.,Puestos de apoyo nombrados para el panel.,,,chair@msca09aa.org,,,,,,,,,,,,,no,At every Area meeting,En cada reunión del Área,,chair,chair,,,,,active,
hispanic-womens,subcommittee,52,Hispanic Women's Committee,Comité de Mujeres Hispanas,,,flower-2,pink,Hosts the annual Hispanic Women's Workshop.,Organiza el Taller anual de Mujeres Hispanas.,The Hispanic Women's Committee carries the message to Spanish-speaking women alcoholics and encourages their participation in service. It organizes the Area's annual Hispanic Women's Workshop (Taller de Mujeres Hispanas).,El Comité de Mujeres Hispanas lleva el mensaje a las mujeres alcohólicas de habla hispana y fomenta su participación en el servicio. Organiza el Taller anual de Mujeres Hispanas del Área.,"- Organize the annual Hispanic Women's Workshop (Taller de Mujeres Hispanas).
- Share the pamphlet ""Hispanic Women in A.A."" (P-90 / SP-90).","- Organizar el Taller anual de Mujeres Hispanas.
- Dar a conocer el folleto ""Mujeres hispanas en A.A."" (SP-90).","Contact the committee through the Area Chair, or come to the next workshop.",Comunícate con el comité a través del Coordinador(a) del Área o ven al próximo taller.,Area sub-committee with a chair appointed for the panel.,Subcomité del Área con un(a) coordinador(a) nombrado(a) para el panel.,,,chair@msca09aa.org,,,,,,,,,,,,hispanic women; hispanic woman; mujeres hispanas; mujer hispana,no,Annual Hispanic Women's Workshop,Taller anual de Mujeres Hispanas,,chair,inter-district-hispanic,,,,,active,
inter-district-hispanic,subcommittee,53,Inter-District Hispanic Chair,Coordinación Interdistrital Hispana,,,languages,orange,Connecting the Spanish-speaking districts of Area 09.,Conectar a los distritos de habla hispana del Área 09.,"The Inter-District Hispanic Chair brings together the Spanish-speaking districts of Area 09 (Distritos 20–25) for inter-district meetings and the Spanish Inter-District Pre-Conference, so the Hispanic community shares fully in the Area's group conscience.","El/la Coordinador(a) Interdistrital Hispano(a) reúne a los distritos de habla hispana del Área 09 (Distritos 20 al 25) en reuniones interdistritales y en la Pre-Conferencia Interdistrital en español, para que la comunidad hispana participe plenamente en la conciencia de grupo del Área.","- Coordinate the Spanish-language inter-district meetings held during the year.
- Support the Spanish Inter-District Pre-Conference each spring.
- Encourage the Spanish-speaking districts to take part in Area service events such as FORO and the Servathon.","- Coordinar las reuniones interdistritales en español que se celebran durante el año.
- Apoyar la Pre-Conferencia Interdistrital en español cada primavera.
- Animar a los distritos de habla hispana a participar en los eventos de servicio del Área, como el FORO y el Servathon.",Contact through the Area Chair.,Comunícate a través del Coordinador(a) del Área.,Support position appointed for the panel.,Puesto de apoyo nombrado para el panel.,,,chair@msca09aa.org,,,,,,,,,,,,interdistrict; inter-district; interdistrital,no,Spanish inter-district meetings during the year,Reuniones interdistritales en español durante el año,,chair,hispanic-womens; communications,,,,,active,
audit,ad-hoc,60,Audit Committee,Comité de Auditoría,,,calculator,emerald,An independent check of the Area's books each year.,Una revisión independiente de las cuentas del Área cada año.,"At each January Assembly the Area Chair appoints, with the Assembly's approval, an Audit Committee of three members and two alternates — none of them officers of the corporation. It audits the Treasurer A/P and A/R accounts for the past calendar year and presents its report at the May Assembly; once the report is accepted, the committee disbands.","En cada Asamblea de enero el/la Coordinador(a) del Área nombra, con aprobación de la Asamblea, un Comité de Auditoría de tres miembros y dos suplentes, ninguno oficial de la corporación. Audita las cuentas de los Tesoreros de Cuentas por Pagar y por Cobrar del año anterior y presenta su informe en la Asamblea de mayo; al aceptarse el informe, el comité se disuelve.",,,Volunteer to the Area Chair before the January Assembly. Past treasurers may serve; current treasurers may not.,Ofrécete al Coordinador(a) del Área antes de la Asamblea de enero. Los tesoreros pasados pueden servir; los actuales no.,"Three members and two alternates, appointed each January; report due at the May Assembly.","Tres miembros y dos suplentes, nombrados cada enero; informe en la Asamblea de mayo.",,,chair@msca09aa.org,,,,,,,,,,,,audit committee; comité de auditoría,no,Appointed each January; reports in May,Se nombra cada enero; informa en mayo,,chair,finance; treasurer-ap; treasurer-ar; chair,,,,,active,
ad-hoc-website,ad-hoc,61,Ad Hoc Website Committee (2026),Comité Ad Hoc del Sitio Web (2026),,,globe,sky,Reviewed the Area website and recommended this rebuild.,Revisó el sitio web del Área y recomendó esta renovación.,"Appointed by the Panel 76 Area Chair on March 26, 2026 to review the Area's web presence (msca09aa.org and area09.org) and recommend improvements; advisory only. It met six times (April–June 2026) and delivered its final report in June 2026.",Nombrado por el/la Coordinador(a) del Área del Panel 76 el 26 de marzo de 2026 para revisar la presencia web del Área (msca09aa.org y area09.org) y recomendar mejoras; solo asesor. Se reunió seis veces (abril a junio de 2026) y entregó su informe final en junio de 2026.,"- Top recommendations: post minutes, motions, agendas and events on time; remove personal e-mails, phones and addresses; fix broken links, forms and QR codes; simplify navigation and move key information from PDFs into web pages; set clear responsibilities for updates.
- Longer term: consistent committee pages, better calendar, English/Spanish site, more than one person able to update the site.","- Recomendaciones principales: publicar a tiempo actas, mociones, agendas y eventos; quitar correos, teléfonos y direcciones personales; arreglar enlaces, formularios y códigos QR; simplificar la navegación y pasar la información clave de PDF a páginas web; definir responsabilidades claras para las actualizaciones.
- A largo plazo: páginas de comités consistentes, mejor calendario, sitio en inglés y español, y más de una persona que pueda actualizar el sitio.",Completed. Feedback on the new website goes to the Technology Committee.,Concluido. Los comentarios sobre el nuevo sitio van al Comité de Tecnología.,Five members appointed by the Area Chair; Mitchell B. served as chair.,Cinco miembros nombrados por el/la Coordinador(a) del Área; Mitchell B. fue el coordinador.,,,technologychair@msca09aa.org,,,,,,,,,,,,,no,Completed — final report June 2026,Concluido: informe final en junio de 2026,,chair,technology; chair,,,,,completed,
monthly-service-study,service-event,70,Monthly Service Study & Committee Sharing Session,Estudio de Servicio Mensual y Sesión de Compartimiento de Comités,,,book-open-check,indigo,"Online every 3rd Thursday: a short service study, then committees and districts share.",En línea cada 3.er jueves: un breve estudio de servicio y después comparten comités y distritos.,"Online every 3rd Thursday: a 30-minute service study (6:00 PM) followed by a committee and DCM sharing session (6:30–7:30 PM), hosted by the Delegate and Alternate Delegate. Spanish interpretation has been offered.","En línea cada 3.er jueves: estudio de servicio de 30 minutos (6:00 p. m.) seguido de una sesión de compartimiento de comités y MCD (6:30 a 7:30 p. m.), organizada por el/la Delegado(a) y el/la Delegado(a) Alterno(a). Se ha ofrecido interpretación al español.","- 6:00 PM — a 30-minute study of a service topic, such as a chapter of *The A.A. Service Manual* or one of the Twelve Concepts.
- 6:30 PM — committee chairs, DCMCs, DCMs and anyone interested share what their committee or district is doing and ask for experience.
- The same Zoom room is used for both parts; Spanish interpretation has been offered.","- 6:00 p. m.: estudio de 30 minutos sobre un tema de servicio, como un capítulo de *El Manual de Servicio de A.A.* o uno de los Doce Conceptos.
- 6:30 p. m.: coordinadores de comité, CMCD, MCD y cualquier interesado comparten lo que hace su comité o distrito y piden experiencia.
- Las dos partes usan la misma sala de Zoom; se ha ofrecido interpretación al español.","Anyone interested in service is welcome — GSRs, DCMs, committee members and people just curious about general service. Join on Zoom; there is nothing to sign up for.","Toda persona interesada en el servicio es bienvenida: RSG, MCD, miembros de comités y quienes sientan curiosidad por los servicios generales. Conéctate por Zoom; no hace falta inscribirse.",Hosted by the Delegate and the Alternate Delegate.,Organizado por el/la Delegado(a) y el/la Delegado(a) Alterno(a).,,,delegatealt@msca09aa.org,,,,,,,,,,,,service study; sharing session; committee sharing; estudio de servicio,no,"3rd Thursday, 6:00–7:30 PM · online","3.er jueves, 6:00 a 7:30 p. m. · en línea",,alternate-delegate,delegate; alternate-delegate; dcm-school; gsr-school,,,,,active,"Times differ across sources (home page, flyer, calendar); the calendar is used. Confirm with the Alternate Delegate."
pre-conference,service-event,71,Pre-Conference Workshop & Mock Conference,Taller de Pre-Conferencia y Conferencia Simulada,,,vote,ocean,"Each spring, the groups of Area 09 tell the Delegate what they think about the Conference agenda.","Cada primavera, los grupos del Área 09 le dicen al Delegado(a) lo que piensan de la agenda de la Conferencia.","Each spring (typically March–April) GSRs and DCMs bring their groups' conscience on the Conference agenda items to the Delegate — through district boot camps, the Spanish Inter-District Pre-Conference, online sharing sessions and the Area Mock Conference.","Cada primavera (por lo general marzo y abril) los RSG y MCD llevan al Delegado(a) la conciencia de sus grupos sobre los puntos de la agenda de la Conferencia, en los bootcamps de distrito, la Pre-Conferencia Interdistrital en español, sesiones en línea y la Conferencia Simulada del Área.","- Districts hold Pre-Conference “boot camps” to study the agenda items with their GSRs.
- The Spanish-speaking districts hold an Inter-District Pre-Conference.
- At the April Area meeting (Pre-Conference / Mock Conference), work groups discuss the items of each Conference committee and report their sense to the Delegate.
- Work-group packets and agenda summaries are prepared in English and Spanish.","- Los distritos realizan “bootcamps” de Pre-Conferencia para estudiar los puntos de la agenda con sus RSG.
- Los distritos de habla hispana realizan una Pre-Conferencia Interdistrital.
- En la reunión del Área de abril (Pre-Conferencia / Conferencia Simulada), grupos de trabajo discuten los puntos de cada comité de la Conferencia y comunican su sentir al Delegado(a).
- Los paquetes de los grupos de trabajo y los resúmenes de la agenda se preparan en inglés y en español.","GSRs: take the agenda items to your group, find its informed conscience, and bring it to your district and to the April Area meeting. Everyone is welcome to listen and learn.","RSG: lleva los puntos de la agenda a tu grupo, obtén su conciencia informada y llévala a tu distrito y a la reunión del Área de abril. Todos son bienvenidos a escuchar y aprender.",Organized by the Alternate Delegate with the Delegate.,Organizado por el/la Delegado(a) Alterno(a) junto con el/la Delegado(a).,,,delegatealt@msca09aa.org,,,,,,,,,,https://www.aa.org/proposed-agenda-item-information,https://www.aa.org/es/proposed-agenda-item-information,pre-conference; preconference; pre conference; mock conference; bootcamp; pre-conferencia; type:Conference,yes,Each spring (March–April),Cada primavera (marzo y abril),,alternate-delegate,delegate; alternate-delegate; gsr-school; inter-district-hispanic,,,,,active,
foro,service-event,72,FORO,FORO,,,messages-square,orange,"A bilingual summer forum on General Service topics, hosted by a different district each year.","Un foro bilingüe de verano sobre Servicios Generales, organizado cada año por un distrito distinto.","FORO is the Area's bilingual summer forum (usually in July) focused on General Service topics. It is hosted by a district on the Area rotation, and its roundtable summaries are published in English and Spanish. The Spanish-speaking districts started FORO in 1992.",El FORO es el foro bilingüe de verano del Área (normalmente en julio) sobre temas de Servicios Generales. Lo organiza un distrito según la rotación del Área y los resúmenes de sus mesas redondas se publican en inglés y en español. Los distritos de habla hispana iniciaron el FORO en 1992.,"- Roundtables and presentations on General Service topics, in English and Spanish.
- Written summaries of each roundtable, shared afterwards in both languages.
- A chance for members of the English- and Spanish-speaking districts to serve together.","- Mesas redondas y presentaciones sobre temas de Servicios Generales, en inglés y en español.
- Resúmenes escritos de cada mesa redonda, que se comparten después en los dos idiomas.
- Una oportunidad para que los miembros de los distritos de habla inglesa e hispana sirvan juntos.","Every A.A. member is welcome. Ask the host district how to help, or come and take part in a roundtable.","Todo miembro de A.A. es bienvenido. Pregunta al distrito anfitrión cómo ayudar, o ven a participar en una mesa redonda.",Organized by the Alternate Delegate with the host district (Area rotation).,Organizado por el/la Delegado(a) Alterno(a) con el distrito anfitrión (rotación del Área).,,,delegatealt@msca09aa.org,,,,,,,,,,,,foro; type:Foro,no,Each July,Cada julio,,alternate-delegate,alternate-delegate; inter-district-hispanic; servathon,,,,,active,
servathon,service-event,73,Servathon,Servathon,,,hand-helping,blush,A fall day of service on the Twelve Traditions and every part of A.A. service.,Un día de servicio en otoño sobre las Doce Tradiciones y todos los aspectos del servicio de A.A.,"The Servathon is the Area's autumn service event (usually in November), focused on one or more of the Twelve Traditions and on all aspects of A.A. service work. It is hosted by a district on the Area rotation.","El Servathon es el evento de servicio de otoño del Área (normalmente en noviembre), enfocado en una o más de las Doce Tradiciones y en todos los aspectos del trabajo de servicio de A.A. Lo organiza un distrito según la rotación del Área.","- Presentations and sharing on one or more of the Twelve Traditions.
- Workshops on service at every level: the group, the district, the committees and the Area.
- Displays from Area committees such as Grapevine / La Viña and Archives.","- Presentaciones y compartimiento sobre una o más de las Doce Tradiciones.
- Talleres sobre el servicio en todos los niveles: el grupo, el distrito, los comités y el Área.
- Exhibiciones de comités del Área, como Grapevine / La Viña y Archivos Históricos.","Open to every A.A. member. Watch the calendar for this year's flyer, or ask the host district how to help.",Abierto a todo miembro de A.A. Busca el volante de este año en el calendario o pregunta al distrito anfitrión cómo ayudar.,Organized by the Alternate Delegate with the host district (Area rotation).,Organizado por el/la Delegado(a) Alterno(a) con el distrito anfitrión (rotación del Área).,,,delegatealt@msca09aa.org,,,,,,,,,,,,servathon; servatón; type:Servathon,no,Each November,Cada noviembre,,alternate-delegate,alternate-delegate; foro; sound,,,,,active,
four-area-dcm-sharing,service-event,74,Four-Area DCM Sharing Session,Sesión de Compartimiento de MCD de Cuatro Áreas,,,handshake,violet,A yearly sharing day for DCMs and DCMCs of four neighboring areas.,Un día anual de compartimiento para MCD y CMCD de cuatro áreas vecinas.,"A yearly sharing session for the DCMs and DCMCs of Areas 05, 08, 09 and 93, held for more than 40 years. District servants share experience, strength and hope about district service.","Una sesión anual de compartimiento para los MCD y CMCD de las Áreas 05, 08, 09 y 93, que se realiza desde hace más de 40 años. Los servidores de distrito comparten su experiencia, fortaleza y esperanza sobre el servicio en el distrito.","- Sharing on the work of DCMs and DCMCs: supporting GSRs, district meetings, communication with the Area.
- The Area Chair selects two Area 09 DCMs or DCMCs to help plan the day.","- Compartimiento sobre el trabajo de los MCD y CMCD: apoyar a los RSG, las reuniones de distrito y la comunicación con el Área.
- El/la Coordinador(a) del Área elige a dos MCD o CMCD del Área 09 para ayudar a planear el día.","DCMs, DCMCs and their alternates are welcome. Ask your DCMC or the DCM School for this year's details.","MCD, CMCD y sus alternos son bienvenidos. Pregunta a tu CMCD o a la Escuela de MCD los detalles de este año.",Planned together by the four areas; Area 09's planners are chosen by the Area Chair.,Lo planean juntas las cuatro áreas; las personas del Área 09 las elige el/la Coordinador(a) del Área.,,,dcmschoolchair@msca09aa.org,dcmschoolchair-es@msca09aa.org,,,,,,,,,,,4 areas dcm; 4 area dcm; four area; four-area,no,"Once a year, in summer","Una vez al año, en verano",,dcm-school,dcm-school; chair,,,,,active,
