committee,kind,title_en,title_es,code,code_es,language,url,url_es,pdf,pdf_es,approved,status,sort,body_en,body_es,notes
# Documents and links shown on each committee page. committee = slug from committees.csv.,,,,,,,,,,,,,,,,
"# kind: guideline (Area committee guidelines) | pending (a document not yet in the public docs/ folder — leave url empty) | aa-guideline | aa-workbook | aa-kit | aa-material | aa-page | pamphlet | form | report | link | video | faq (title = question, body = answer).",,,,,,,,,,,,,,,,
"# Only public links: aa.org, aagrapevine.org/aalavina.org, and Google Drive files inside the public MSCA09AA/docs folder. status: current | superseded | draft | reference.",,,,,,,,,,,,,,,,
delegate,aa-material,A.A. Service Manual/Twelve Concepts for World Services,El Manual de Servicio de AA y Doce Conceptos para el servicio mundial,BM-31,,en; es,https://www.aa.org/aa-service-manualtwelve-concepts-world-services,https://www.aa.org/es/el-manual-de-servicio-de-aa-y-doce-conceptos-para-el-servicio-mundial,https://aaws.widen.net/content/wbktsxdemg/pdf/bm-31_aa_service_manual_online.pdf,https://aaws.widen.net/content/zy5cybqdua/pdf/sbm-31_aa_service_manual_online.pdf,,,100,,,aa.org
delegate,aa-material,M-39 Advisory Actions,SM-39 Acciones recomendables,M-39,SM-39,en; es,https://www.aa.org/m-39-advisory-actions,https://www.aa.org/es/sm-39-acciones-recomendables,https://aaws.widen.net/content/u6qlpluvn1/pdf/m-39_advisory_actions_online.pdf,https://aaws.widen.net/content/rmzvavsm8m/pdf/sm-39_advisory_actions_online.pdf,,,101,,,aa.org
delegate,aa-page,2026 General Service Conference Final Report,Informe Final de la Conferencia de Servicios Generales 2026,,,en; es,https://www.aa.org/2026-general-service-conference-final-report,https://www.aa.org/es/informe-final-de-la-conferencia-de-servicios-generales-2026,,,,,102,,,aa.org
delegate,aa-material,Quarterly Report from GSO,Informe Trimestral de la OSG,F-14,SF-14,en; es,https://www.aa.org/quarterly-reports-from-gso,https://www.aa.org/es/quarterly-reports-from-gso,https://www.aa.org/sites/default/files/newsletters/F-14_Quarterly_Report_2026_First_Quarter.pdf,https://www.aa.org/sites/default/files/newsletters/SF-14_Quarterly_Report_2026_First_Quarter.pdf,,,103,,,aa.org
delegate,aa-page,AAWS Highlights - Business of the Board,Puntos sobresalientes de AAWS — Asuntos de la junta,,,en; es,https://www.aa.org/aaws-highlights,https://www.aa.org/es/puntos-sobresalientes-de-aaws,,,,,104,,,aa.org
delegate,aa-page,Proposed Agenda Item Information,Información sobre los puntos de agenda propuestos (PAI),,,en; es,https://www.aa.org/proposed-agenda-item-information,https://www.aa.org/es/proposed-agenda-item-information,,,,,105,,,aa.org
delegate,aa-page,"Regional, Local and Special Forums","Foros regionales, locales y especiales",,,en; es,https://www.aa.org/regional-local-and-special-forums,https://www.aa.org/es/regional-local-and-special-forums,,,,,106,,,aa.org
delegate,aa-material,The General Service Conference Structure (U.S. and Canada),Estructura de la Conferencia de Servicios Generales (EE. UU. y Canadá),SMF-116,,en; es,https://www.aa.org/general-service-conference-structure-us-and-canada,https://www.aa.org/es/estructura-de-la-conferencia-de-servicios-generales-ee-uu-y-canada,https://aaws.widen.net/content/kwldh7qtsh/pdf/smf-116_the_general_service_conference_structure.pdf,https://aaws.widen.net/content/p0jwic23a6/pdf/smfs-116_the_general_service_conference_structure.pdf,,,107,,,aa.org
delegate,faq,How does my group get its voice to the Conference?,¿Cómo llega la voz de mi grupo a la Conferencia?,,,,,,,,,,900,Your GSR brings the group's conscience on the agenda items to the district and to the Area's Pre-Conference sharing sessions and Mock Conference each spring. The Delegate listens to all of it before voting.,Tu RSG lleva la conciencia del grupo sobre los puntos de la agenda al distrito y a las sesiones de compartimiento de Pre-Conferencia y a la Conferencia simulada del Área cada primavera. El/la Delegado(a) escucha todo antes de votar.,
delegate,faq,Who can be elected Delegate?,¿Quién puede ser elegido(a) Delegado(a)?,,,,,,,,,,901,"Present and past DCMCs, DCMs and district officers, Area officers, standing-committee chairs and coordinate-committee chairs who regularly attended Area meetings the year before the election. Six years of sobriety are suggested; the current and past Delegates are not eligible. The Delegate is elected by Third Legacy Procedure at the October election Assembly of odd-numbered years.","Los CMCD, MCD y oficiales de distrito actuales y pasados, los oficiales del Área y los coordinadores de comités permanentes y coordinados que asistieron regularmente a las reuniones del Área el año anterior. Se sugieren seis años de sobriedad; el/la Delegado(a) actual y los pasados no son elegibles. Se elige por el Procedimiento del Tercer Legado en la Asamblea de elecciones de octubre de los años impares.",
alternate-delegate,aa-material,How To Conduct a Sharing Session,Cómo efectuar una sesión de compartimiento,SMF-111,,en; es,https://www.aa.org/how-conduct-sharing-session,https://www.aa.org/es/como-efectuar-una-sesion-de-compartimiento,https://aaws.widen.net/content/hjunwtcgib/pdf/smf-111_how_to_conduct_a_sharing_session.pdf,https://aaws.widen.net/content/0cyycnvlzu/pdf/smfs-111_how_to_conduct_a_sharing_session.pdf,,,100,,,aa.org
alternate-delegate,form,Suggested Workshop Format,Formato sugerido para las mesas de trabajo,SMF-112,,en; es,https://www.aa.org/suggested-workshop-format,https://www.aa.org/es/formato-sugerido-para-las-mesas-de-trabajo,https://aaws.widen.net/content/ieja3kxhxj/pdf/smf-112_suggested_workshop_format.pdf,https://aaws.widen.net/content/xcsnvw60sl/pdf/smfs-112_suggested_workshop_format.pdf,,,101,,,aa.org
alternate-delegate,aa-page,"Regional, Local and Special Forums","Foros regionales, locales y especiales",,,en; es,https://www.aa.org/regional-local-and-special-forums,https://www.aa.org/es/regional-local-and-special-forums,,,,,102,,,aa.org
alternate-delegate,aa-page,Information for New Trusted Servants,Información para nuevos servidores de confianza,,,en; es,https://www.aa.org/information-for-new-trusted-servants,https://www.aa.org/es/information-for-new-trusted-servants,,,,,103,,,aa.org
alternate-delegate,aa-guideline,A.A. Guidelines on Central or Intergroup Offices,Guías de AA: Intergrupos u oficinas centrales,MG-02,SMG-2,en; es,https://www.aa.org/aa-guidelines-central-or-intergroup-offices,https://www.aa.org/es/guias-de-aa-intergrupos-u-oficinas-centrales,https://aaws.widen.net/content/djpbqgriaq/pdf/mg-2_intergroup_or_central_offices_online.pdf,https://aaws.widen.net/content/a0039rapgs/pdf/smg-2_intergroup_or_central_offices_online.pdf,,,104,,,aa.org
alternate-delegate,faq,What is the Monthly Service Study & Committee Sharing Session?,¿Qué es el Estudio de Servicio Mensual y Sesión de Compartimiento?,,,,,,,,,,900,"A free online gathering on the 3rd Thursday of every month, hosted by the Delegate and Alternate Delegate: a short service-study presentation at 6:00 PM, then committee chairs, DCMs and anyone interested share at 6:30 PM. Same Zoom room for both.","Una reunión en línea el 3.er jueves de cada mes, organizada por el/la Delegado(a) y el/la Delegado(a) Alterno(a): una breve presentación de estudio de servicio a las 6:00 p. m. y, a las 6:30 p. m., comparten los coordinadores de comité, los MCD y cualquier interesado. Es la misma sala de Zoom.",
chair,aa-material,A.A. Service Manual/Twelve Concepts for World Services,El Manual de Servicio de AA y Doce Conceptos para el servicio mundial,BM-31,,en; es,https://www.aa.org/aa-service-manualtwelve-concepts-world-services,https://www.aa.org/es/el-manual-de-servicio-de-aa-y-doce-conceptos-para-el-servicio-mundial,https://aaws.widen.net/content/wbktsxdemg/pdf/bm-31_aa_service_manual_online.pdf,https://aaws.widen.net/content/zy5cybqdua/pdf/sbm-31_aa_service_manual_online.pdf,,,100,,,aa.org
chair,aa-guideline,A.A. Guidelines on Safety and A.A. Groups,Guías de AA: La seguridad y los grupos de AA,MG-25,SMG-25,en; es,https://www.aa.org/aa-guidelines-safety-and-aa-groups,https://www.aa.org/es/guias-de-aa-la-seguridad-y-los-grupos-de-aa,https://aaws.widen.net/content/uqwwqmncqc/pdf/mg-25_safety_and_aa_groups_online.pdf,https://aaws.widen.net/content/gb3lrlq3mk/pdf/smg-25_safety_and_aa_groups_online.pdf,,,101,,,aa.org
chair,aa-material,How To Conduct a Sharing Session,Cómo efectuar una sesión de compartimiento,SMF-111,,en; es,https://www.aa.org/how-conduct-sharing-session,https://www.aa.org/es/como-efectuar-una-sesion-de-compartimiento,https://aaws.widen.net/content/hjunwtcgib/pdf/smf-111_how_to_conduct_a_sharing_session.pdf,https://aaws.widen.net/content/0cyycnvlzu/pdf/smfs-111_how_to_conduct_a_sharing_session.pdf,,,102,,,aa.org
chair,form,Suggested Workshop Format,Formato sugerido para las mesas de trabajo,SMF-112,,en; es,https://www.aa.org/suggested-workshop-format,https://www.aa.org/es/formato-sugerido-para-las-mesas-de-trabajo,https://aaws.widen.net/content/ieja3kxhxj/pdf/smf-112_suggested_workshop_format.pdf,https://aaws.widen.net/content/xcsnvw60sl/pdf/smfs-112_suggested_workshop_format.pdf,,,103,,,aa.org
secretary,faq,How do I get my committee or district report into the minutes?,¿Cómo incluyo el informe de mi comité o distrito en las actas?,,,,,,,,,,900,Hand it to the Secretary at the meeting or e-mail it to secretary@msca09aa.org by the 1st of the month. Minutes are approved at the next corresponding meeting.,Entrégalo al Secretario(a) en la reunión o envíalo a secretary@msca09aa.org antes del día 1 del mes. Las actas se aprueban en la siguiente reunión correspondiente.,
treasurer-ap,aa-guideline,A.A. Guidelines on Finance,Guías de AA: Finanzas,MG-15,SMG-15,en; es,https://www.aa.org/aa-guidelines-finance,https://www.aa.org/es/guias-de-aa-finanzas,https://aaws.widen.net/content/uhcnssi2zv/pdf/mg-15_finance_online.pdf,https://aaws.widen.net/content/gzgpjtvbed/pdf/smg-15_finance_online.pdf,,,100,,,aa.org
treasurer-ap,aa-material,Self-Support: Where Money and Spirituality Mix,El automantenimiento: donde la espiritualidad y el dinero se relacionan,F-3,SF-3,en; es,https://www.aa.org/self-support-where-money-and-spirituality-mix,https://www.aa.org/es/el-automantenimiento-donde-la-espiritualidad-y-el-dinero-se-relacionan,https://aaws.widen.net/content/peqdbcrwer/pdf/f-3_self_support_online.pdf,https://aaws.widen.net/content/4rxstiqy74/pdf/sf-3_self_support_online.pdf,,,101,,,aa.org
treasurer-ap,aa-kit,Resource List for Information on Self-Support and Finance,Lista de recursos con información sobre automantenimiento y finanzas,SMF-241,SF-241,en; es,https://www.aa.org/resource-list-information-self-support-and-finance,https://www.aa.org/es/lista-de-recursos-con-informacion-sobre-automantenimiento-y-finanzas,https://aaws.widen.net/content/2qkajtczlu/pdf/smf-241_resource_information_self_support__finance.pdf,https://aaws.widen.net/content/a73iw8yrvu/pdf/smfs-241_resource_information_self_support__finance.pdf,,,102,,,aa.org
treasurer-ar,aa-page,Contributions and Self-Support,Contribuciones y automantenimiento,,,en; es,https://www.aa.org/aa-contributions-self-support,https://www.aa.org/es/aa-contributions-self-support,,,,,100,,,aa.org
treasurer-ar,aa-material,Seventh Tradition Fact Sheet - Your Seventh Tradition Contributions,Hoja informativa de la Séptima Tradición –– Sus contribuciones de la Séptima Tradición,F-203,SF-203,en; es,https://www.aa.org/seventh-tradition-fact-sheet-your-seventh-tradition-contributions,https://www.aa.org/es/hoja-informativa-de-la-septima-tradicion-sus-contribuciones-de-la-septima-tradicion,https://aaws.widen.net/content/z9besrd4vr/pdf/f-203_7th_tradition_fact_sheet_online.pdf,https://aaws.widen.net/content/fubq3i4z4h/pdf/sf-203_7th_tradition_fact_sheet_online.pdf,,,101,,,aa.org
treasurer-ar,aa-material,Self-Support Card,Tarjeta de automantenimiento,F-42,SF-42,en; es,https://www.aa.org/self-support-card,https://www.aa.org/es/tarjeta-de-automantenimiento,https://aaws.widen.net/content/ksvdklqccd/pdf/f-42_self_support_card_online.pdf,https://aaws.widen.net/content/moiv5e8fte/pdf/sf-42_self_support_card_online.pdf,,,102,,,aa.org
treasurer-ar,aa-material,FAQ on Practicing the Seventh Tradition at Virtual Meetings,Preguntas frecuentes acerca de poner en práctica la Séptima Tradición en las reuniones virtuales,SMF-223,,en; es,https://www.aa.org/faq-practicing-seventh-tradition-virtual-meetings,https://www.aa.org/es/preguntas-frecuentes-acerca-de-poner-en-practica-la-septima-tradicion-en-las-reuniones-virtuales,https://aaws.widen.net/content/bft4qsejau/pdf/smf-223_faq_7th_tradition_virtual_meetings_online.pdf,https://aaws.widen.net/content/ontujuh1ov/pdf/smfs-223_faq_7th_tradition_virtual_meetings_online.pdf,,,103,,,aa.org
treasurer-ar,faq,How can my group contribute to the Area?,¿Cómo puede mi grupo contribuir al Área?,,,,,,,,,,900,"See the Contribute page for the mailing address (MSCA, P.O. Box 51446, Irvine CA 92619-1446) and online options. Only A.A. groups and members may contribute (Seventh Tradition). Every contribution is acknowledged by the A/R Treasurer.","Consulta en la página de Contribuciones la dirección postal (MSCA, P.O. Box 51446, Irvine CA 92619-1446) y las opciones en línea. Solo los grupos y miembros de A.A. pueden contribuir (Séptima Tradición). El/la Tesorero(a) de Cuentas por Cobrar agradece cada contribución.",
registrar,form,Register a group or a new GSR (Area 09 online form),Registrar un grupo o un nuevo RSG (formulario en línea del Área 09),,,,https://forms.gle/HWNEyhw44JvMKk4f8,,,,,,50,,,
registrar,form,GSO New Group Listing Guidelines/Form,Guías y formulario para registrar nuevos grupos,F-30,SF-30,en; es,https://www.aa.org/gso-new-group-listing-guidelinesform,https://www.aa.org/es/guias-y-formulario-para-registrar-nuevos-grupos,https://aaws.widen.net/content/517i2qd5xr/pdf/f-30_new_group_form.pdf,https://aaws.widen.net/content/42dtvneju3/pdf/sf-30_new_group_form.pdf,,,100,,,aa.org
registrar,form,GSO Group Information Change Form,Formulario de Cambio de Información de Grupo OSG de EE. UU. y Canadá,F-28,SF-28,en; es,https://www.aa.org/gso-group-information-change-form,https://www.aa.org/es/formulario-de-cambio-de-informacion-de-grupo-osg-de-ee-uu-y-canada,https://aaws.widen.net/content/qgs1ffnvwa/pdf/f-28_group_info_change_form.pdf,https://aaws.widen.net/content/tcwagus3gv/pdf/sf-28_group_info_change_form.pdf,,,101,,,aa.org
registrar,form,GSO DCM & DCMC Information Change Form,Formulario de cambio de información de MCD y CMCD (EE. UU. y Canadá),F-43,SF-43,en; es,https://www.aa.org/gso-dcm-dcmc-information-change-form,https://www.aa.org/es/eeuu-y-canada-formulario-de-cambio-de-miembro-del-comite-de-distrito-y-coordinador-del-comite-del-d,https://aaws.widen.net/content/dqkve1pidg/pdf/f-43_dcm_change_form.pdf,https://aaws.widen.net/content/wsjx3ytu2p/pdf/sf-43_dcm_change_form.pdf,,,102,,,aa.org
registrar,aa-kit,Contents of General Service Representative (G.S.R.) Kit List,Contenido del paquete de representante de servicios generales (RSG),,,en; es,https://www.aa.org/contents-general-service-representative-gsr-kit-list,https://www.aa.org/es/contenido-del-paquete-de-representante-de-servicios-generales-rsg,https://aaws.widen.net/content/qiuj4jhgqo/pdf/gsr_kit_digital_en_online.pdf,https://aaws.widen.net/content/mquntdlro4/pdf/gsr_kit_digital_sp_online.pdf,,,103,,,aa.org
registrar,aa-material,Contents Of Group Handbook List,Contenido del manual de grupo,F-119W,SF-119W,en; es,https://www.aa.org/contents-group-handbook-list,https://www.aa.org/es/contenido-del-manual-de-grupo,https://aaws.widen.net/content/gp8cwollny/pdf/f-119_group_handbook_literature_kit_online.pdf,https://aaws.widen.net/content/znzdv8ewuo/pdf/sf-119_group_handbook_literature_kit_online.pdf,,,104,,,aa.org
registrar,faq,How do I register a new group or a new GSR?,¿Cómo registro un grupo nuevo o un nuevo RSG?,,,,,,,,,,900,"Use the Area 09 online registration form or e-mail registrar@msca09aa.org. The Registrar forwards the change to G.S.O., which then mails the GSR kit.","Usa el formulario de registro en línea del Área 09 o escribe a registrar@msca09aa.org. El/la Registrador(a) envía el cambio a la O.S.G., que luego envía el paquete de RSG.",
accessibilities,guideline,Accessibilities (Special Needs) Committee Guidelines,Guías del Comité de Accesibilidades (Necesidades Especiales),,,en,https://drive.google.com/file/d/1ObsLVqhg0gvdcEPp-uDZfL7ZHiIlPzMR/view,,,,2003-09,current,10,,,
accessibilities,guideline,Accessibilities Committee Guidelines (Spanish),Guías del Comité de Necesidades Especiales,,,es,https://drive.google.com/file/d/1F8wrnhAsC-6RZ8haVdSoKtYyncx-D4Y9/view,,,,2003-09,current,11,,,
accessibilities,guideline,Special Needs Guidelines (2000),Guías de Necesidades Especiales (2000),,,en,https://drive.google.com/file/d/1_bz-c_RRo_QioMStIb2QK2y9P_BBAVsE/view,,,,2000,superseded,12,,,
accessibilities,link,Online A.A. meetings with ASL (Online Intergroup),Reuniones de A.A. en línea con ASL (Intergrupo en línea),,,,https://aa-intergroup.org/meetings/?types=ASL,,,,,,50,,,
accessibilities,link,International online meetings for Deaf alcoholics (list),Reuniones internacionales en línea para alcohólicos sordos (lista),,,,https://docs.google.com/spreadsheets/d/1Dr_b3biyXZb6wV8GYM-y79C4yqlpeOtfexde1LR1HAo/htmlview,,,,,,51,,,
accessibilities,aa-page,Accessibilities Committees,Comités de Accesibilidad,,,en; es,https://www.aa.org/accessibilities-committees,https://www.aa.org/es/accessibilities-committees,,,,,100,,,aa.org
accessibilities,aa-workbook,Accessibilities Workbook,Libro de trabajo de Accesibilidad,M-48I,SM-48I,en; es,https://www.aa.org/accessibilities-workbook,https://www.aa.org/es/libro-de-trabajo-de-accesibilidad,https://aaws.widen.net/content/kjwtcdmpqy/pdf/m-48i_accessibilities_workbook_online.pdf,https://aaws.widen.net/content/wypdf2abkd/pdf/sm-48i_accessibilities_workbook_online.pdf,,,101,,,aa.org
accessibilities,aa-guideline,A.A. Guidelines on Accessibility,Guías de AA sobre accesibilidad para todos los alcohólicos,MG-16,SMG-16,en; es,https://www.aa.org/aa-guidelines-accessibility,https://www.aa.org/es/guias-de-aa-sobre-accesibilidad-para-todos-los-alcoholicos,https://aaws.widen.net/content/ikbgyuaxb5/pdf/mg-16_accessibility_for_all_alcoholics_online.pdf,https://aaws.widen.net/content/bb5mnqasz7/pdf/smg-16_accessibility_for_all_alcoholics_online.pdf,,,102,,,aa.org
accessibilities,aa-guideline,A.A. Guidelines on Sharing the A.A. Message with the Alcoholic Who Is Deaf,Guías de AA – Compartiendo el mensaje de AA con el alcohólico sordo,MG-13,SMG-13,en; es,https://www.aa.org/aa-guidelines-sharing-aa-message-alcoholic-who-deaf,https://www.aa.org/es/guias-de-aa-compartiendo-el-mensaje-de-aa-con-el-alcoholico-sordo,https://aaws.widen.net/content/hghzf91m9e/pdf/mg-13_sharing_the_message_with_deaf_alcoholics_online.pdf,https://aaws.widen.net/content/ayb5g07t5p/pdf/smg-13_sharing_the_message_with_deaf_alcoholics_online.pdf,,,103,,,aa.org
accessibilities,aa-kit,Contents of Accessibilities Kit List,Contenido del paquete de Accesibilidad,F-182W,SF-182W,en; es,https://www.aa.org/contents-accessibilities-kit-list,https://www.aa.org/es/contenido-del-paquete-de-accesibilidad,https://aaws.widen.net/content/f7uqexhkux/pdf/f-182_accessibility_kit_online.pdf,https://aaws.widen.net/content/i2e3t96uk7/pdf/sf-182_accessibility_kit_digital_online.pdf,,,104,,,aa.org
accessibilities,aa-material,Accessibilities Checklist for Meetings and Groups,Lista de chequeo de accesibilidad para reuniones y grupos,SMF-208,,en; es,https://www.aa.org/accessibilities-checklist-meetings-and-groups,https://www.aa.org/es/lista-de-chequeo-de-accesibilidad-para-reuniones-y-grupos,https://aaws.widen.net/content/w15atxarpi/pdf/smf-208_accessibilities_checklist.pdf,https://aaws.widen.net/content/qejewbcio9/pdf/smfs-208_accessibilities_checklist.pdf,,,105,,,aa.org
accessibilities,aa-material,Accessibility Resources,Recursos de Accesibilidad,F-240,SF-240,en; es,https://www.aa.org/accessibility-resources,https://www.aa.org/es/recursos-de-accesibilidad,https://aaws.widen.net/content/auhjpmcsws/pdf/f-240_accessibility-resources_flyer_online.pdf,https://aaws.widen.net/content/tv0zaguudi/pdf/sf-240_accessibility-resources_flyer_online.pdf,,,106,,,aa.org
accessibilities,pamphlet,Access to A.A.: Members share on Overcoming Barriers,Accesibilidad en AA: los miembros hablan sobre superar las barreras,P-83,SP-83,en; es,https://www.aa.org/access-aa-members-share-overcoming-barriers,https://www.aa.org/es/accesibilidad-en-aa-los-miembros-hablan-sobre-superar-las-barreras,https://aaws.widen.net/content/7lgwk9eoqu/pdf/p-83_access_to_aa_online.pdf,https://aaws.widen.net/content/2c0rxn8ygp/pdf/sp-83_access_to_aa_online.pdf,,,200,,,aa.org
accessibilities,aa-material,Making the A.A. Message Accessible,Hacer accesible el mensaje de AA,F-107,SF-107,en; es,https://www.aa.org/making-aa-message-accessible,https://www.aa.org/es/hacer-accesible-el-mensaje-de-aa,https://aaws.widen.net/content/xkhfjltxc3/pdf/f-107_making_the_aa_message_accessible_online.pdf,https://aaws.widen.net/content/dkgli5wwdm/pdf/sf-107_making_the_aa_message_accessible_online.pdf,,,201,,,aa.org
accessibilities,pamphlet,A.A. for Alcoholics with Mental Health Issues – and their sponsors,AA para los alcohólicos que padecen trastornos mentales... y sus padrinos,P-87,SP-87,en; es,https://www.aa.org/aa-alcoholics-mental-health-issues-and-their-sponsors,https://www.aa.org/es/aa-para-los-alcoholicos-que-padecen-trastornos-mentales-y-sus-padrinos,https://aaws.widen.net/content/mkhniveafs/pdf/p-87_aa_alcoholics_w_mental_health_issues_online.pdf,https://aaws.widen.net/content/ciyrqrfopk/pdf/sp-87_aa_alcoholics_w_mental_health_online.pdf,,,202,,,aa.org
accessibilities,pamphlet,A.A. for the Older Alcoholic,AA para el alcohólico de edad avanzada,B-28,SB-28,en; es,https://www.aa.org/aa-older-alcoholic,https://www.aa.org/es/aa-para-el-alcoholico-de-edad-avanzada-traduccion-pendiente-en-espanol,https://aaws.widen.net/content/igxtocutug/pdf/b-28_aa_older_alcoholic_large_online.pdf,https://aaws.widen.net/content/1q02wpbupr/pdf/sb-28_aa_older_alcoholic_large_online.pdf,,,203,,,aa.org
accessibilities,faq,Does my group need special equipment to be accessible?,¿Mi grupo necesita equipo especial para ser accesible?,,,,,,,,,,900,"Usually not. Start with the Accessibilities Checklist for Meetings and Groups (SMF-208): parking, entrance, route inside, restrooms, seating, lighting and someone to welcome and orient newcomers. Small changes make a big difference.","Por lo general no. Empieza con la Lista de chequeo de accesibilidad para reuniones y grupos (SMF-208): estacionamiento, entrada, recorrido interior, baños, asientos, iluminación y alguien que dé la bienvenida y oriente a los recién llegados. Pequeños cambios hacen una gran diferencia.",
accessibilities,faq,How can I find a meeting with an ASL interpreter?,¿Cómo encuentro una reunión con intérprete de ASL?,,,,,,,,,,901,"Online meetings with ASL are listed by the Online Intergroup (filter ""ASL""). For local options, write to the committee — keeping a list of ASL meetings and interpreters is one of its duties.","Las reuniones en línea con ASL aparecen en el Intergrupo en línea (filtro ""ASL""). Para opciones locales escribe al comité: mantener una lista de reuniones e intérpretes de ASL es una de sus tareas.",
archives,guideline,"Archives Committee Guidelines, Revision G","Guías del Comité de Archivos, Revisión G (inglés)",,,en,https://drive.google.com/file/d/11HLCAK83iRTPXUps13-7SbxfHQUGtsiJ/view,,,,2024-09-08,current,10,,,
archives,guideline,"Archives Committee Guidelines, Revision G (Spanish)","Guías para los Archivos, Revisión G",,,es,https://drive.google.com/file/d/1nDwvcpvjnq8WaR4CGgxWCjuJr4P9ekxi/view,,,,2024-09-08,current,11,,,
archives,guideline,"Archives Committee Guidelines, Revision F","Guías del Comité de Archivos, Revisión F",,,en,https://drive.google.com/file/d/1Ahs63o_Q4Zy68WCQ77ovR5JLI-KR8c4B/view,,,,2015-01-11,superseded,12,,,
archives,guideline,"Archives Guidelines Revision G (Spanish, Jan 2015)",Guías de Archivos Revisión G (enero 2015),,,es,https://drive.google.com/file/d/1WQib7r_k1OEFu7UM54VRmRIsE9tg_qWw/view,,,,2015-01,superseded,13,,,
archives,form,Group History form (English),Formulario de Historia de Grupo (inglés),,,,https://drive.google.com/file/d/1HQDCSfSx088icngYRcId0UrGzGpIiCsv/view,,,,,,50,,,
archives,form,Group History form (Spanish),Formulario de Historia de Grupo (español),,,,https://drive.google.com/file/d/1DZUbZPsRB2EAXExPHv-pbJJIZOfEn6-3/view,,,,,,51,,,
archives,link,Submit your group history online,Envíe la historia de su grupo en línea,,,,https://docs.google.com/forms/d/e/1FAIpQLSdQrCKsVR1JLehqRf6A9iV96lHfJClG7ldKHqWjz--23Rj4WQ/viewform,,,,,,52,,,
archives,link,2027 National A.A. Archives Workshop,Taller Nacional de Archivos de A.A. 2027,,,,https://msca09aa-archives.org/naaaw2027,,,,,,53,,,
archives,link,The Archives' collections in the Area's document library,Las colecciones de los Archivos en la biblioteca de documentos del Área,,,,/documents/archive/#arch-coll-h,,,,,,54,,,
archives,link,Heritage Day recordings (oral histories),Grabaciones del Día de la Herencia (historias orales),,,en; es,https://msca09aa-archives.org/heritage-day-recordings-1,,,,,,55,"Longtime members from across Southern California share what A.A. and service were like: Heritage Day recordings from 2020 to 2025, in English and Spanish.","Miembros veteranos de todo el Sur de California comparten cómo eran A.A. y el servicio: grabaciones del Día de la Herencia de 2020 a 2025, en inglés y en español.",Source: msca09aa-archives.org/heritage-day-recordings-1
archives,link,Open House 2025: “Friends of A.A.” (presentations),Casa Abierta 2025: «Amigos de A.A.» (presentaciones),,,en; es,https://msca09aa-archives.org/open-house-2025,,,,,,56,"Videos, slides, transcripts and Spanish translations on four early friends of A.A.: Dr. William Silkworth (author of “The Doctor’s Opinion”), Rev. Sam Shoemaker, Dr. Harry Tiebout (Class A trustee, 1957–1966) and Sister Ignatia, “the Angel of A.A.”","Videos, diapositivas, transcripciones y traducciones al español sobre cuatro amigos de los primeros tiempos de A.A.: el Dr. William Silkworth (autor de «La opinión del médico»), el reverendo Sam Shoemaker, el Dr. Harry Tiebout (custodio Clase A de 1957 a 1966) y la hermana Ignacia, «el ángel de A.A.».",Source: msca09aa-archives.org/open-house-2025
archives,link,Materials Use and Access Policies (research at the Archives),"Políticas de uso y acceso a los materiales (investigación en los Archivos, en inglés)",,,en,https://msca09aa-archives.org/terms-of-use,,,,,,57,,,Proposed by the Archives Committee 2019-05-26; English only
archives,aa-page,Archives Committees,Comités de Archivos Históricos,,,en; es,https://www.aa.org/archives-committees,https://www.aa.org/es/archives-committees,,,,,100,,,aa.org
archives,aa-workbook,Archives Workbook,Libro de trabajo de Archivos Históricos,M-44I,SM-44I,en; es,https://www.aa.org/archives-workbook,https://www.aa.org/es/libro-de-trabajo-de-archivos-historicos,https://aaws.widen.net/content/etroc5kruz/pdf/m-44i_archives_workbook_online.pdf,https://aaws.widen.net/content/kuvuonfcsv/pdf/sm-44i_archives_workbook_online.pdf,,,101,,,aa.org
archives,aa-guideline,A.A. Guidelines on Archives,Guías de A.A. acerca de Archivos Históricos,MG-17,SMG-17,en; es,https://www.aa.org/aa-guidelines-archives,https://www.aa.org/es/guias-de-aa-acerca-de-archivos-historicos,https://aaws.widen.net/content/foxclublno/pdf/mg-17_archives_online.pdf,https://aaws.widen.net/content/uoafx0jq2q/pdf/smg-17_archives_online.pdf,,,102,,,aa.org
archives,aa-material,The A.A. Archives,Los Archivos Históricos de AA,F-47,SF-47,en; es,https://www.aa.org/aa-archives,https://www.aa.org/es/los-archivos-historicos-de-aa,https://aaws.widen.net/content/qmljyerau6/pdf/f-47_aa_archive_service_piece_online.pdf,https://aaws.widen.net/content/m9amkgva83/pdf/sf-47_aa_archive_service_piece_online.pdf,,,103,,,aa.org
archives,aa-material,Archives Checklist,Lista de chequeo de Archivos Históricos,F-221,SF-221,en; es,https://www.aa.org/archives-checklist,https://www.aa.org/es/lista-de-chequeo-de-archivos-historicos,https://aaws.widen.net/content/fmjtpernjr/pdf/f-221_archives_services_checklist_online.pdf,https://aaws.widen.net/content/bxlajppzxk/pdf/sf-221_archives_services_checklist_online.pdf,,,104,,,aa.org
archives,aa-material,Researching A.A. Group History,Cómo Investigar la Historia de los Grupos A.A.,SMF-169,,en; es,https://www.aa.org/researching-aa-group-history,https://www.aa.org/es/como-investigar-la-historia-de-los-grupos-aa,https://aaws.widen.net/content/fydcvh43nf/pdf/smf-169_researching_aa_group_history.pdf,https://aaws.widen.net/content/4hvxzvqazc/pdf/smfs-169_researching_aa_group_history.pdf,,,105,,,aa.org
archives,aa-material,Archives Preservation Guidelines,Directrices para la preservación de los archivos,,,en; es,https://www.aa.org/archives-preservation-guidelines,https://www.aa.org/es/directrices-para-la-preservacion-de-los-archivos,https://aaws.widen.net/content/1ric4hmchx/pdf/archives_preservation_guidelines_en_online.pdf,https://aaws.widen.net/content/hfixb7cwsr/pdf/archives_preservation_guidelines_sp_online.pdf,,,106,,,aa.org
archives,aa-material,Digitizing Archival Materials Guidelines,Guías para la digitalización de los materiales de archivos,,,en; es,https://www.aa.org/digitizing-archival-materials-guidelines,https://www.aa.org/es/guias-para-la-digitalizacion-de-los-materiales-de-archivos,https://aaws.widen.net/content/w5zo8xkaku/pdf/archives_digitization_guidelines_en_online.pdf,https://aaws.widen.net/content/rzs1c2zlfy/pdf/archives_digitization_guidelines_sp_online.pdf,,,107,,,aa.org
archives,aa-material,Guidelines For Conducting Oral Histories,Guía Para la Recopilación de Historias Orales,,,en; es,https://www.aa.org/guidelines-conducting-oral-histories,https://www.aa.org/es/guia-para-la-recopilacion-de-historias-orales,https://aaws.widen.net/content/ypbvmxhfg0/pdf/archives_guidelines_conducting_oral_histories_en_online.pdf,https://aaws.widen.net/content/pweql8ujgg/pdf/archives_guidelines_conducting_oral_histories_sp_online.pdf,,,108,,,aa.org
archives,pamphlet,A.A. Tradition—How It Developed,La tradición de AA — Cómo se desarrolló,P-17,SP-17,en; es,https://www.aa.org/aa-tradition-how-it-developed,https://www.aa.org/es/la-tradicion-de-aa-como-se-desarrollo,https://aaws.widen.net/content/zypyan1fnw/pdf/p-17_aa_traditions_online.pdf,https://aaws.widen.net/content/s8dn56zekd/pdf/sp-17_aa_traditions_online.pdf,,,200,,,aa.org
archives,pamphlet,A.A.’s Legacy of Service,El Legado de Servicio de A.A.,P-44,SP-44,en; es,https://www.aa.org/aas-legacy-service,https://www.aa.org/es/el-legado-de-servicio-de-aa,https://aaws.widen.net/content/krwi6ptv9a/pdf/p-44_aa_legacy_of_service_online.pdf,https://aaws.widen.net/content/ytiv9emgwz/pdf/sp-44_aa_legacy_of_service_online.pdf,,,201,,,aa.org
archives,faq,Can I visit the Archives?,¿Puedo visitar los Archivos?,,,,,,,,,,900,"Yes. The repository at 7111 Arlington Ave., Suite B, Riverside, is open every Saturday 10 AM–1 PM, and at other times by appointment: call (951) 785-0845 or write to archives@msca09aa.org. Members and friends of the Fellowship are welcome. The Open House each spring is a great first visit, and Heritage Day each fall is often held there too.","Sí. El depósito en 7111 Arlington Ave., Suite B, Riverside, abre todos los sábados de 10 a. m. a 1 p. m., y en otros horarios con cita: llama al (951) 785-0845 o escribe a archives@msca09aa.org. Los miembros y amigos de la Comunidad son bienvenidos. La Casa Abierta de cada primavera es una buena primera visita, y el Día de la Herencia de cada otoño muchas veces también se celebra allí.",
archives,faq,How do I record my group's history?,¿Cómo registro la historia de mi grupo?,,,,,,,,,,901,"Fill out the Group History form (English or Spanish) or the online form and send it to the committee. Founding dates, meeting places, early members (first names only) and anniversaries all help.","Llena el formulario de Historia de Grupo (inglés o español) o el formulario en línea y envíalo al comité. Fechas de fundación, lugares de reunión, primeros miembros (solo nombre de pila) y aniversarios ayudan mucho.",
archives,faq,Can I donate old A.A. material?,¿Puedo donar material antiguo de A.A.?,,,,,,,,,,902,"Yes — contact the Archives first (archives@msca09aa.org or (951) 785-0845). Each gift gets a numbered receipt and a Deed of Gift (English or Spanish form); the Archivist reviews it and the committee decides, under its Collections Policy, what joins the collection. The committee does not buy A.A. memorabilia.","Sí; comunícate primero con los Archivos (archives@msca09aa.org o (951) 785-0845). Cada donación recibe un recibo numerado y una escritura de donación (formulario en inglés o en español); el/la Archivista la revisa y el comité decide, según su Política de Colecciones, qué se incorpora a la colección. El comité no compra objetos de colección de A.A.",
archives,faq,Can the Archives answer a question about A.A. history?,¿Pueden los Archivos responder una pregunta sobre la historia de A.A.?,,,,,,,,,,903,"Yes. Write to archives@msca09aa.org or call (951) 785-0845 with your question — about a group's or the Area's history, old newsletters and pamphlets, the growth of the service structure, General Service Conference actions or anything else in A.A.'s past. The Archives research it and reply by mail or e-mail.","Sí. Escribe a archives@msca09aa.org o llama al (951) 785-0845 con tu pregunta: sobre la historia de un grupo o del Área, boletines y folletos antiguos, el crecimiento de la estructura de servicio, las acciones de la Conferencia de Servicios Generales o cualquier otro tema del pasado de A.A. Los Archivos la investigan y te responden por correo postal o electrónico.",
archives,faq,Can I do research at the Archives?,¿Puedo investigar en los Archivos?,,,,,,,,,,904,"Yes. Published material — books, pamphlets, newsletters, magazines and reports, some from A.A.'s earliest days — can be read at the repository; let the committee know ahead of time so it can be pulled for you. Unpublished material (correspondence, minutes, financial records, manuscripts) needs a written request approved by the Archives Committee. Every researcher must protect anonymity: cite members by first name and last initial only. Pencils, laptops, cameras and scanners are welcome; pens, food and drink are not. See the [Materials Use and Access Policies](https://msca09aa-archives.org/terms-of-use).","Sí. El material publicado —libros, folletos, boletines, revistas e informes, algunos de los primeros días de A.A.— se puede consultar en el depósito; avisa al comité con anticipación para que lo tenga listo. El material no publicado (correspondencia, actas, información financiera, manuscritos) requiere una solicitud por escrito aprobada por el Comité de Archivos. Toda persona que investigue debe proteger el anonimato: cita a los miembros solo con su nombre y la inicial del apellido. Se permiten lápices, computadoras portátiles, cámaras y escáneres; no se permiten bolígrafos, comida ni bebidas. Consulta las [Políticas de uso y acceso a los materiales](https://msca09aa-archives.org/terms-of-use).",
archives,faq,What happens at the Archives Open House?,¿Qué pasa en la Casa Abierta de los Archivos?,,,,,,,,,,905,"Open House is held every spring at the Riverside repository to mark the anniversary of the move into the first Archives repository, in Colton. A.A. members and non-members alike are welcome: the day begins with group tours, followed by an afternoon of presentations on the current year's A.A. theme, with light snacks or lunch.","La Casa Abierta se celebra cada primavera en el depósito de Riverside para conmemorar el aniversario de la mudanza al primer depósito de los Archivos, en Colton. Son bienvenidos tanto los miembros de A.A. como quienes no lo son: el día empieza con recorridos en grupo y sigue con una tarde de presentaciones sobre el lema de A.A. del año, con refrigerios ligeros o almuerzo.",
archives,faq,What is Heritage Day?,¿Qué es el Día de la Herencia?,,,,,,,,,,906,Each fall an Area 09 district hosts Heritage Day with the Archives Committee: a panel of long-time members shares what it was like when they got sober and how service helped keep them sober. Recordings of past Heritage Days are on the [Archives website](https://msca09aa-archives.org/heritage-day-recordings-1).,Cada otoño un distrito del Área 09 organiza el Día de la Herencia con el Comité de Archivos: un panel de miembros veteranos comparte cómo era cuando lograron la sobriedad y cómo el servicio les ayudó a mantenerse sobrios. Las grabaciones de Días de la Herencia anteriores están en el [sitio de los Archivos](https://msca09aa-archives.org/heritage-day-recordings-1).,
archives,faq,What should my group or district send to the Archives?,¿Qué debe enviar mi grupo o distrito a los Archivos?,,,,,,,,,,907,"Anything that tells the story of A.A. in our Area: group histories (use the Group History form), district and committee minutes, newsletters, meeting lists and directories, flyers and event programs, photos, audio and video recordings, and correspondence. Digital files are welcome too — on a CD or DVD, a flash drive, or a shared Google Drive, Dropbox or Box folder. Write to archives@msca09aa.org first.","Todo lo que cuente la historia de A.A. en nuestra Área: historias de grupo (con el formulario de Historia de Grupo), actas de distritos y comités, boletines, listas y directorios de reuniones, volantes y programas de eventos, fotos, grabaciones de audio y video, y correspondencia. También se aceptan archivos digitales: en CD o DVD, memoria USB, o en una carpeta compartida de Google Drive, Dropbox o Box. Escribe primero a archives@msca09aa.org.",
communications,guideline,Communications Committee Guidelines,Guías del Comité de Comunicaciones (inglés),,,en,https://drive.google.com/file/d/1btZH6DAqWChYbWWcCW8FDUH8ebfJHUm2/view,,,,2023-05-21,current,10,,,
communications,guideline,Communications Committee Guidelines (Spanish),Guías del Comité de Comunicaciones,,,es,https://drive.google.com/file/d/1VvdB1-5bEFPM0Nc-xwSn4FPS0JxlqF9z/view,,,,2023-05-21,current,11,,,
communications,pending,Communications Committee Revised Guidelines (Oct 2022 draft),Guías revisadas (borrador oct. 2022),,,en,,,,,2022-10-31,superseded,12,,,Old-site copy only (Communications-Committee-Revised-Guidelines.English.10-31-2022.pdf). Paste the public docs/ link in url and set kind = guideline when it is copied.
communications,guideline,Area Communications Committee Guidelines (2009),Guías del Comité de Comunicaciones del Área (2009),,,en,https://drive.google.com/file/d/1L5M-4SI7fMiCJ_gypZaPjyiheX2JVfRz/view,,,,2009-01-11,superseded,13,,,
communications,guideline,"Area Communications Committee Guidelines (2009, Spanish)",Guías del Comité de Comunicaciones del Área (2009),,,es,https://drive.google.com/file/d/1eIHzJjM4nF0T4QvJngunm65mS9LcSTrS/view,,,,2009-01,superseded,14,,,
communications,guideline,Newsletter Committee Guidelines,Guías del Comité del Boletín,,,en,https://drive.google.com/file/d/1N3TQNLPJlVocyASp6nZ2ZbdE_EdwlYIM/view,,,,2007,superseded,15,,,
communications,link,Box 4-5-9 and other G.S.O. newsletters,Box 4-5-9 y otros boletines de la O.S.G.,,,,https://www.aa.org/newsletters,,,,,,50,,,
communications,aa-material,Anonymity Online and Digital Media,El anonimato en línea y los medios digitales,SMF-197,,en; es,https://www.aa.org/anonymity-online-and-digital-media,https://www.aa.org/es/el-anonimato-en-linea-y-los-medios-digitales,https://aaws.widen.net/content/fwcyld3zm7/pdf/smf-197_anonymity_online_and_digital_media.pdf,https://aaws.widen.net/content/nxyrzq8kjz/pdf/smfs-197_anonymity_online_and_digital_media.pdf,,,100,,,aa.org
communications,pamphlet,Anonymity — Our Spiritual Foundation,Comprendiendo el anonimato,P-47,SP-47,en; es,https://www.aa.org/anonymity-our-spiritual-foundation,https://www.aa.org/es/comprendiendo-el-anonimato,https://aaws.widen.net/content/y60sj8tn4r/pdf/p-47_anonymity_our_spiritual_foundation_online.pdf,https://aaws.widen.net/content/hqb6sedqnu/pdf/sp-47_anonymity_our_spiritual_foundation_online.pdf,,,101,,,aa.org
communications,aa-material,Anonymity in the Digital Age,El anonimato en la era digital,M-77,SM-77,en; es,https://www.aa.org/anonymity-digital-age,https://www.aa.org/es/el-anonimato-en-la-era-digital,https://aaws.widen.net/content/uifiz5qfa4/pdf/m-77_anonymity_fragile_11x17_online.pdf,https://aaws.widen.net/content/gtqj13ykum/pdf/sm-77_anonymity_fragile_11x17_online.pdf,,,102,,,aa.org
communications,faq,How do I get something into the newsletter?,¿Cómo publico algo en el boletín?,,,,,,,,,,900,"Send it to editor@msca09aa.org before the middle of the month before publication. Articles about service, recovery and unity from Area members are preferred; check for anonymity (first names and last initials only).","Envíalo a editor@msca09aa.org antes de mediados del mes anterior a la publicación. Se prefieren artículos de miembros del Área sobre servicio, recuperación y unidad; cuida el anonimato (solo nombre e inicial del apellido).",
communications,faq,How do I get a document translated?,¿Cómo solicito la traducción de un documento?,,,,,,,,,,901,Area officers and committee chairs send it to the Communications chair. Written Spanish translations for the Area are approved through the Area board and completed by this committee.,Los oficiales y coordinadores de comités lo envían al Coordinador(a) de Comunicaciones. Las traducciones escritas al español del Área se aprueban por la junta del Área y las realiza este comité.,
convention-liaison,guideline,Convention Liaison Standing Committee Guidelines,Guías del Comité de Enlace de Convenciones,,,en,https://drive.google.com/file/d/13DtoCH7a5U4BorihYGmIYZ1bHIWdBEqA/view,,,,2005-01-09,current,10,,,
convention-liaison,link,A.A. International Convention,Convención Internacional de A.A.,,,,https://www.aa.org/international-convention,,,,,,50,,,
convention-liaison,aa-guideline,"A.A. Guidelines on Conferences, Conventions and Roundups","Guías de A.A. acerca de Conferencias, Convenciones y Encuentros",MG-04,SMG-04,en; es,https://www.aa.org/aa-guidelines-conferences-conventions-and-roundups,https://www.aa.org/es/guias-de-aa-acerca-de-conferencias-convenciones-y-encuentros,https://aaws.widen.net/content/n7q0oy3ast/pdf/mg-4_conference_conventions__roundups_online.pdf,https://aaws.widen.net/content/wact1w0bjp/pdf/smg-4_conference_conventions__roundups_online.pdf,,,100,,,aa.org
convention-liaison,aa-material,For the Chairperson Staffing an A.A. Exhibit,Para el coordinador o la coordinadora que atiende una exposición de AA,SMF-200,SF-200,en; es,https://www.aa.org/chairperson-staffing-aa-exhibit,https://www.aa.org/es/para-el-coordinador-o-la-coordinadora-queatiende-una-exposicion-de-aa,https://aaws.widen.net/content/q2jruvqcjl/pdf/smf-200_for_the_chairperson_staffing_an_exhibit.pdf,https://aaws.widen.net/content/muyd57urbm/pdf/smfs-200_for_the_chairperson_staffing_an_exhibit.pdf,,,101,,,aa.org
convention-liaison,aa-material,For Volunteers Staffing an A.A. Exhibit,Para los Voluntarios Cómo Atender un Puesto de Exhibición de A.A.,SMF-201,SMF-201,en; es,https://www.aa.org/volunteers-staffing-aa-exhibit,https://www.aa.org/es/para-los-voluntarios-como-atender-un-puesto-de-exhibicion-de-aa,https://aaws.widen.net/content/pavgo8rw9x/pdf/smf-201_for_volunteers_staffing_an_aa_exhibit.pdf,https://aaws.widen.net/content/gnvrjimtaj/pdf/smfs-201_for_volunteers_staffing_an_aa_exhibit.pdf,,,102,,,aa.org
convention-liaison,form,Information Sheet: A.A. International Conventions,Hoja informativa: Convenciones Internacionales de AA,,,en; es,https://www.aa.org/information-sheet-aa-international-conventions,https://www.aa.org/es/hoja-informativa-convenciones-lnternacionales-de-aa,https://aaws.widen.net/content/mjmgnx9758/pdf/aa_international_conventions_info_sheet_en_online.pdf,https://aaws.widen.net/content/6uysjkepyx/pdf/aa_international_conventions_info_sheet_sp_online.pdf,,,103,,,aa.org
convention-liaison,aa-material,A.A. Literature Catalog,Catálogo de Literatura de AA,F-10,F-10,en; es,https://www.aa.org/aa-literature-catalog,https://www.aa.org/es/catalogo-de-literatura-de-aa,https://aaws.widen.net/content/kurwimn3rc/pdf/f-10_2026_literature_sales_catalog_online.pdf,https://aaws.widen.net/content/kurwimn3rc/pdf/f-10_2026_literature_sales_catalog_online.pdf,,,104,,,aa.org
convention-liaison,pamphlet,Inside A.A. - Understanding the Fellowship and its Services,Dentro de AA: Comprendiendo la Comunidad y sus servicios,P-18,SP-18,en; es,https://www.aa.org/inside-aa-understanding-fellowship-and-its-services,https://www.aa.org/es/dentro-de-aa-comprendiendo-la-comunidad-y-sus-servicios,https://aaws.widen.net/content/pi33ouwayt/pdf/p-18_inside_aa_online.pdf,https://aaws.widen.net/content/slpfuenrgo/pdf/sp-18_inside_aa_online.pdf,,,200,,,aa.org
convention-liaison,pamphlet,Circles of Love and Service,Círculos de amor y servicio,P-45,SP-45,en; es,https://www.aa.org/circles-love-and-service,https://www.aa.org/es/circulos-de-amor-y-servicio,https://aaws.widen.net/content/snt9nvrves/pdf/p-45_circles_of_love_and_service_online.pdf,https://aaws.widen.net/content/j1mpj766sh/pdf/sp-45_circles_of_love_and_service_online.pdf,,,201,,,aa.org
convention-liaison,pamphlet,AA Grapevine and La Viña: Our Meetings in Print,El Grapevine y La Viña: nuestras reuniones impresas y en otros medios,P-52,SP-52,en; es,https://www.aa.org/aa-grapevine-and-la-vina-our-meetings-print,https://www.aa.org/es/el-grapevine-y-la-vina-nuestras-reuniones-impresas-y-en-otros-medios,https://aaws.widen.net/content/qq2sk0k7ob/pdf/p-52_aa_grapevine_meeting_in_print_online.pdf,https://aaws.widen.net/content/a0j47fylxz/pdf/sp-52_aa_grapevine_meeting_in_print_online.pdf,,,202,,,aa.org
convention-liaison,faq,Can the General Service display come to our event?,¿Puede la exhibición de Servicios Generales venir a nuestro evento?,,,,,,,,,,900,Yes — write to conventionliaison@msca09aa.org with the event dates and place. Requests are coordinated with the event's chair or program chair.,Sí; escribe a conventionliaison-es@msca09aa.org con las fechas y el lugar. Se coordina con el/la coordinador(a) o el/la coordinador(a) del programa del evento.,
cec,guideline,Cooperation with the Elder Community Committee Guidelines,Guías de Cooperación con la Comunidad de la Tercera Edad,,,en,https://drive.google.com/file/d/133htjajE-ss6KtSLxXqjiFzGRgbyW9o4/view,,,,2021-09-12,current,10,,,
cec,guideline,CEC Committee Guidelines (2005),Guías del Comité CEC (2005),,,en,https://drive.google.com/file/d/1ky8AfwVcjOiI-E7Q1ZEtaYtnZ1gfehJn/view,,,,2005,superseded,11,,,
cec,link,"Introducing the CEC Committee (article, 2004)","Presentación del Comité CEC (artículo, 2004)",,,,https://drive.google.com/file/d/1a0MWQWyDVggeXapscKe0Ws0-vyA09n3P/view,,,,,,50,,,
cec,link,History of the CEC Committee (2006),Historia del Comité CEC (2006),,,,https://drive.google.com/file/d/1UgshqF3NCnXIWioMmaFRk4ejkpP-QeUA/view,,,,,,51,,,
cec,aa-kit,Contents of Cooperation with the Elder Community Resource List,Lista de recursos para la cooperación con la comunidad de personas mayores,F-234,SF-234,en; es,https://www.aa.org/contents-cooperation-elder-community-resource-list,https://www.aa.org/es/lista-de-recursos-para-la-cooperacion-con-la-comunidad-de-personas-mayores,https://aaws.widen.net/content/6x7jmrg0vo/pdf/f-234_elder_community_resource_list_online.pdf,https://aaws.widen.net/content/jt6b20qzzj/pdf/sf-234_elder_community_resource_list_digital_online.pdf,,,100,,,aa.org
cec,aa-guideline,A.A. Guidelines on Accessibility,Guías de AA sobre accesibilidad para todos los alcohólicos,MG-16,SMG-16,en; es,https://www.aa.org/aa-guidelines-accessibility,https://www.aa.org/es/guias-de-aa-sobre-accesibilidad-para-todos-los-alcoholicos,https://aaws.widen.net/content/ikbgyuaxb5/pdf/mg-16_accessibility_for_all_alcoholics_online.pdf,https://aaws.widen.net/content/bb5mnqasz7/pdf/smg-16_accessibility_for_all_alcoholics_online.pdf,,,101,,,aa.org
cec,aa-material,Accessibilities Checklist for Meetings and Groups,Lista de chequeo de accesibilidad para reuniones y grupos,SMF-208,,en; es,https://www.aa.org/accessibilities-checklist-meetings-and-groups,https://www.aa.org/es/lista-de-chequeo-de-accesibilidad-para-reuniones-y-grupos,https://aaws.widen.net/content/w15atxarpi/pdf/smf-208_accessibilities_checklist.pdf,https://aaws.widen.net/content/qejewbcio9/pdf/smfs-208_accessibilities_checklist.pdf,,,102,,,aa.org
cec,aa-guideline,A.A. Guidelines on Central or Intergroup Offices,Guías de AA: Intergrupos u oficinas centrales,MG-02,SMG-2,en; es,https://www.aa.org/aa-guidelines-central-or-intergroup-offices,https://www.aa.org/es/guias-de-aa-intergrupos-u-oficinas-centrales,https://aaws.widen.net/content/djpbqgriaq/pdf/mg-2_intergroup_or_central_offices_online.pdf,https://aaws.widen.net/content/a0039rapgs/pdf/smg-2_intergroup_or_central_offices_online.pdf,,,103,,,aa.org
cec,aa-guideline,A.A. Guidelines on Sharing the A.A. Message with the Alcoholic Who Is Deaf,Guías de AA – Compartiendo el mensaje de AA con el alcohólico sordo,MG-13,SMG-13,en; es,https://www.aa.org/aa-guidelines-sharing-aa-message-alcoholic-who-deaf,https://www.aa.org/es/guias-de-aa-compartiendo-el-mensaje-de-aa-con-el-alcoholico-sordo,https://aaws.widen.net/content/hghzf91m9e/pdf/mg-13_sharing_the_message_with_deaf_alcoholics_online.pdf,https://aaws.widen.net/content/ayb5g07t5p/pdf/smg-13_sharing_the_message_with_deaf_alcoholics_online.pdf,,,104,,,aa.org
cec,aa-page,A.A. can support professionals,AA puede apoyar a los profesionales,,,en; es,https://www.aa.org/aa-for-professionals,https://www.aa.org/es/aa-for-professionals,,,,,105,,,aa.org
cec,pamphlet,A.A. for the Older Alcoholic,AA para el alcohólico de edad avanzada,B-28,SB-28,en; es,https://www.aa.org/aa-older-alcoholic,https://www.aa.org/es/aa-para-el-alcoholico-de-edad-avanzada-traduccion-pendiente-en-espanol,https://aaws.widen.net/content/igxtocutug/pdf/b-28_aa_older_alcoholic_large_online.pdf,https://aaws.widen.net/content/1q02wpbupr/pdf/sb-28_aa_older_alcoholic_large_online.pdf,,,200,,,aa.org
cec,aa-material,Making the A.A. Message Accessible,Hacer accesible el mensaje de AA,F-107,SF-107,en; es,https://www.aa.org/making-aa-message-accessible,https://www.aa.org/es/hacer-accesible-el-mensaje-de-aa,https://aaws.widen.net/content/xkhfjltxc3/pdf/f-107_making_the_aa_message_accessible_online.pdf,https://aaws.widen.net/content/dkgli5wwdm/pdf/sf-107_making_the_aa_message_accessible_online.pdf,,,201,,,aa.org
cec,pamphlet,Access to A.A.: Members share on Overcoming Barriers,Accesibilidad en AA: los miembros hablan sobre superar las barreras,P-83,SP-83,en; es,https://www.aa.org/access-aa-members-share-overcoming-barriers,https://www.aa.org/es/accesibilidad-en-aa-los-miembros-hablan-sobre-superar-las-barreras,https://aaws.widen.net/content/7lgwk9eoqu/pdf/p-83_access_to_aa_online.pdf,https://aaws.widen.net/content/2c0rxn8ygp/pdf/sp-83_access_to_aa_online.pdf,,,202,,,aa.org
cec,faq,"What makes a meeting ""Senior Friendly""?","¿Qué hace que una reunión sea ""Amigable para Mayores""?",,,,,,,,,,900,"An accessible room (per the SMF-208 checklist), a volunteer who keeps in touch with elders and helps with rides or getting online, a suggestion box, and — for virtual meetings — clear joining instructions, phone access and closed captions. Most important: the meeting is clearly marked in the directory.","Un salón accesible (según la lista SMF-208), un voluntario que mantenga contacto con los mayores y ayude con transporte o conexión, un buzón de sugerencias y, en reuniones virtuales, instrucciones claras, acceso telefónico y subtítulos. Lo más importante: que la reunión esté claramente marcada en el directorio.",
cec,faq,How is CEC different from Accessibilities?,¿En qué se diferencia CEC de Accesibilidades?,,,,,,,,,,901,They work side by side. Accessibilities serves every alcoholic facing a barrier; CEC focuses on older alcoholics and on cooperating with the professionals and facilities that serve them.,Trabajan juntos. Accesibilidades sirve a todo alcohólico que enfrenta una barrera; CEC se enfoca en los alcohólicos mayores y en cooperar con los profesionales e instituciones que los atienden.,
cpc,guideline,CPC Committee Guidelines for Structure and Procedure,Guías del Comité de Cooperación con la Comunidad Profesional,,,en,https://drive.google.com/file/d/1XeK6HwV1zGHftAtE37hB9o12Pp_Su5Iv/view,,,,2003-05,current,10,,,
cpc,aa-page,Cooperation with the Professional Community (CPC),Cooperación con la Comunidad Profesional (CCP),,,en; es,https://www.aa.org/Cooperation-with-the-Professional-Community,https://www.aa.org/es/Cooperation-with-the-Professional-Community,,,,,100,,,aa.org
cpc,aa-workbook,Cooperation with the Professional Community (CPC) Workbook,Libro de Trabajo de Cooperación con la Comunidad Profesional,M-41I,SM-41I,en; es,https://www.aa.org/cooperation-professional-community-cpc-workbook,https://www.aa.org/es/libro-de-trabajo-de-cooperacion-con-la-comunidad-profesional,https://aaws.widen.net/content/bar0sewvix/pdf/m-41i_cpc_workbook_online.pdf,https://aaws.widen.net/content/0lzacjlmug/pdf/sm-41i_cpc_workbook_online.pdf,,,101,,,aa.org
cpc,aa-guideline,A.A. Guidelines on Cooperation With the Professional Community,Guías de A.A. acerca de Cooperación con la Comunidad Profesional,MG-11,SMG-11,en; es,https://www.aa.org/aa-guidelines-cooperation-professional-community,https://www.aa.org/es/guias-de-aa-acerca-de-cooperacion-con-la-comunidad-profesional,https://aaws.widen.net/content/k2rbbtna6d/pdf/mg-11_cpc_online.pdf,https://aaws.widen.net/content/dqo3vbvvz2/pdf/smg-11_cpc_online.pdf,,,102,,,aa.org
cpc,aa-kit,Contents of CPC Kit List,Contenido del Paquete de C.C.P.,F-66W,SF-66W,en; es,https://www.aa.org/contents-cpc-kit-list,https://www.aa.org/es/contenido-del-paquete-de-ccp,https://aaws.widen.net/content/dm0p1pmau2/pdf/f-66_cpc_kit_online.pdf,https://aaws.widen.net/content/ga3pnoxvtv/pdf/sf-66_cpc_kit_online.pdf,,,103,,,aa.org
cpc,aa-guideline,"A.A. Guidelines on Cooperating with Court, D.W.I. and Similar Programs",Guías de A.A. acerca de Cooperación con las Cortes D.W.I. y Programas Similares,MG-05,MG-05,en; es,https://www.aa.org/aa-guidelines-cooperating-court-dwi-and-similar-programs,https://www.aa.org/es/guias-de-aa-acerca-de-cooperacion-con-las-cortes-dwi-y-programas-similares,https://aaws.widen.net/content/6u2lb3rft2/pdf/mg-5_cooperation_with_courts_online.pdf,https://aaws.widen.net/content/hibhwefwp7/pdf/smg-5_cooperation_with_courts_online.pdf,,,104,,,aa.org
cpc,aa-guideline,A.A. Guidelines for A.A. Members Employed in the Alcoholism Field,Guías para miembros de AA empleados en el campo del alcoholismo,MG-10,SMG-10,en; es,https://www.aa.org/aa-guidelines-aa-members-employed-alcoholism-field,https://www.aa.org/es/guias-para-miembros-de-aa-empleados-en-el-campo-del-alcoholismo,https://aaws.widen.net/content/dq5ug988cz/pdf/mg-10_for_aa_members_online.pdf,https://aaws.widen.net/content/jxbzaea5mw/pdf/smg-10_for_aa_members_online.pdf,,,105,,,aa.org
cpc,aa-page,CPC Service Cards,Tarjetas de servicio de CCP,,,en; es,https://www.aa.org/cpc-service-cards,https://www.aa.org/es/tarjetas-de-servicio-de-ccp,,,,,106,,,aa.org
cpc,aa-page,A.A. can support professionals,AA puede apoyar a los profesionales,,,en; es,https://www.aa.org/aa-for-professionals,https://www.aa.org/es/aa-for-professionals,,,,,107,,,aa.org
cpc,pamphlet,If You Are a Professional...,Si usted es un profesional...,P-46,SP-46,en; es,https://www.aa.org/if-you-are-professional,https://www.aa.org/es/si-usted-es-un-profesional,https://aaws.widen.net/content/pqc2qra6zn/pdf/p-46_if_you_are_a_professional_online.pdf,https://aaws.widen.net/content/8he1ebr10c/pdf/sp-46_if_you_are_a_professional_online.pdf,,,200,,,aa.org
cpc,pamphlet,A.A. as a Resource for the Health Care Professional,AA como recurso para los profesionales de la salud,P-23,SP-23,en; es,https://www.aa.org/aa-resource-health-care-professional,https://www.aa.org/es/aa-como-recurso-para-los-profesionales-de-la-salud,https://aaws.widen.net/content/tsrr4le7e4/pdf/p-23_aa_resource_hcp_online.pdf,https://aaws.widen.net/content/fdd55rlfv1/pdf/sp-23_aa_resource_hcp_online.pdf,,,201,,,aa.org
cpc,pamphlet,Faith Leaders Ask About A.A.,Los líderes religiosos preguntan acerca de A.A.,P-25,SP-25,en; es,https://www.aa.org/faith-leaders-ask-about-aa,https://www.aa.org/es/los-lideres-religiosos-preguntan-acerca-de-aa,https://aaws.widen.net/content/91bxsrta5j/pdf/p-25_faith_leaders_ask_about_aa_online.pdf,https://aaws.widen.net/content/0z7los6lro/pdf/sp-25_faith_leaders_ask_about_aa_online.pdf,,,202,,,aa.org
cpc,pamphlet,Is there a Problem Drinker in the Workplace?,¿Hay un bebedor problema en el lugar de trabajo?,P-54,SP-54,en; es,https://www.aa.org/there-problem-drinker-workplace,https://www.aa.org/es/hay-un-bebedor-problema-en-el-lugar-de-trabajo,https://aaws.widen.net/content/m00yaozcgl/pdf/p-54_is_there_a_problem_drinker_in_the_workplace_online.pdf,https://aaws.widen.net/content/lrwucak6jt/pdf/sp-54_is_there_a_problem_drinker_in_the_workplace_online.pdf,,,203,,,aa.org
cpc,pamphlet,Let’s Be Friendly With Our Friends,Seamos Amistosos con Nuestros Amigos,P-34,SP-34,en; es,https://www.aa.org/lets-be-friendly-our-friends,https://www.aa.org/es/seamos-amistosos-con-nuestros-amigos,https://aaws.widen.net/content/zzuf0zgtuo/pdf/p-34_be_friendly_with_your_friends_online.pdf,https://aaws.widen.net/content/hlzuczfal4/pdf/sp-34_be_friendly_with_your_friends_online.pdf,,,204,,,aa.org
cpc,pamphlet,How A.A. Members Cooperate With Professionals,Cómo cooperan los miembros de AA con los profesionales,P-29,SP-29,en; es,https://www.aa.org/how-aa-members-cooperate-professionals,https://www.aa.org/es/como-cooperan-los-miembros-de-aa-con-los-profesionales,https://aaws.widen.net/content/rr7wz1sifw/pdf/p-29_how_aa_members_cooperate_w_professionals_online.pdf,https://aaws.widen.net/content/i43b2djh4v/pdf/sp-29_how_aa_members_cooperate_w_professionals_online.pdf,,,205,,,aa.org
cpc,aa-material,A.A. as a Resource For Drug & Alcohol Court Professionals,A.A. como recurso para profesionales judiciales relacionados con las Drogas y el Alcohol,SMF-177,,en; es,https://www.aa.org/aa-resource-drug-alcohol-court-professionals,https://www.aa.org/es/aa-como-recurso-para-profesionales-judiciales-relacionados-con-las-drogas-y-el-alcohol,https://aaws.widen.net/content/hoicclr08f/pdf/smf-177_aa_resource_court_professionals_online.pdf,https://aaws.widen.net/content/4kg5ohszvn/pdf/smfs-177_aa_resource_court_professionals_online.pdf,,,206,,,aa.org
cpc,pamphlet,Problems Other Than Alcohol,Problemas diferentes del alcohol,P-35,SP-35,en; es,https://www.aa.org/problems-other-alcohol,https://www.aa.org/es/problemas-diferentes-del-alcohol,https://aaws.widen.net/content/zwh6urzpne/pdf/p-35_problems_other_than_alcohol_online.pdf,https://aaws.widen.net/content/fpcj9wviea/pdf/sp-35_problems_other_than_alcohol_online.pdf,,,207,,,aa.org
cpc,pamphlet,Anonymity — Our Spiritual Foundation,Comprendiendo el anonimato,P-47,SP-47,en; es,https://www.aa.org/anonymity-our-spiritual-foundation,https://www.aa.org/es/comprendiendo-el-anonimato,https://aaws.widen.net/content/y60sj8tn4r/pdf/p-47_anonymity_our_spiritual_foundation_online.pdf,https://aaws.widen.net/content/hqb6sedqnu/pdf/sp-47_anonymity_our_spiritual_foundation_online.pdf,,,208,,,aa.org
cpc,aa-material,A.A. at a Glance,A.A. de un Vistazo,F-1,SF-1,en; es,https://www.aa.org/aa-glance,https://www.aa.org/es/aa-de-un-vistazo,https://aaws.widen.net/content/uufoysuuvn/pdf/f-1_aa_at_a_glance_online.pdf,https://aaws.widen.net/content/v9cvi20jme/pdf/sf-1_aa_at_a_glance_online.pdf,,,209,,,aa.org
cpc,pamphlet,Alcoholics Anonymous 2022 Membership Survey,Alcohólicos Anónimos: Encuesta de los miembros de 2022,P-48,SP-48,en; es,https://www.aa.org/alcoholics-anonymous-2022-membership-survey,https://www.aa.org/es/alcoholicos-anonimos-2022-encuesta-de-los-miembros,https://aaws.widen.net/content/avygm2q56g/pdf/p-48_2022_membership_survey_online.pdf,https://aaws.widen.net/content/ycenty1brn/pdf/sp-48_2022_membership_survey_online.pdf,,,210,,,aa.org
cpc,pamphlet,A Message to Corrections Professionals...,Un mensaje a quienes trabajan en instituciones correccionales,P-20,SP-20,en; es,https://www.aa.org/message-corrections-professionals,https://www.aa.org/es/un-mensaje-quienes-trabajan-en-instituciones-correccionales,https://aaws.widen.net/content/vpwdxfhvkl/pdf/p-20_a_message_correction_professionals_online.pdf,https://aaws.widen.net/content/gsmmianju8/pdf/sp-20_a_message_correction_professionals_online.pdf,,,211,,,aa.org
cpc,faq,Can A.A. members sign court attendance slips?,¿Pueden los miembros de A.A. firmar hojas de asistencia de la corte?,,,,,,,,,,900,"Proof of attendance is a matter for each group's conscience; many groups sign as a courtesy. A.A. does not keep records or report on anyone. See A.A. Guidelines on Cooperating with Court, D.W.I. and Similar Programs (MG-05).","La constancia de asistencia depende de la conciencia de cada grupo; muchos grupos firman como cortesía. A.A. no lleva registros ni informa sobre nadie. Consulta las Guías de A.A. sobre cooperación con las cortes, D.W.I. y programas similares (MG-05).",
cpc,faq,May I tell a professional that I am in A.A.?,¿Puedo decirle a un profesional que soy miembro de A.A.?,,,,,,,,,,901,"Yes, in a personal conversation. At the level of press, radio, film, TV and online media, members keep their personal anonymity (Tradition Eleven). CPC work is done as an A.A. member sharing information, never as a spokesperson.","Sí, en una conversación personal. Ante la prensa, la radio, el cine, la televisión y los medios en línea, los miembros mantienen su anonimato personal (Undécima Tradición). El trabajo de CCP se hace como miembro de A.A. que comparte información, nunca como portavoz.",
corrections,guideline,Corrections Committee Guidelines,Guías del Comité de Correccionales (inglés),,,en,https://drive.google.com/file/d/1-SNKwS7hBIrQE9HSlq04M8bBsT80sc-X/view,,,,2007-09-09,current,10,,,
corrections,guideline,Corrections Committee Guidelines (Spanish),Guías del Comité de Instituciones Correccionales,,,es,https://drive.google.com/file/d/1NeeegoBjr9689rbEKZ0Vf1d4NtGzwcOY/view,,,,2007,current,11,,,
corrections,guideline,Corrections Committee Guidelines (2007 final draft),Guías de Correccionales (borrador final 2007),,,en,https://drive.google.com/file/d/1WCnRUX6UGGpz-No8Pogn_YSnIw2i0Q6l/view,,,,2007,superseded,12,,,
corrections,guideline,Area 9 H&I committees and meetings,Comités de H&I del Área 9,,,en,https://drive.google.com/file/d/1HAk6XxnVufed4392tjDonGoSMgdE16VL/view,,,,2026,reference,13,,,
corrections,link,Southern California H&I Intergroup,Intergrupo de H&I del Sur de California,,,,https://handisocal.org/,,,,,,50,,,
corrections,aa-page,Corrections Committees,Comités de Correccionales,,,en; es,https://www.aa.org/corrections-committees,https://www.aa.org/es/corrections-committees,,,,,100,,,aa.org
corrections,aa-workbook,Corrections Workbook,Libro de Trabajo de Correccionales,M-45I,SM-45I,en; es,https://www.aa.org/corrections-workbook,https://www.aa.org/es/libro-de-trabajo-de-correccionales,https://aaws.widen.net/content/wac1oxgi48/pdf/m-45i_corrections_workbook_online.pdf,https://aaws.widen.net/content/jwyjpejlyz/pdf/sm-45i_corrections_workbook_online.pdf,,,101,,,aa.org
corrections,aa-guideline,A.A. Guidelines on Corrections Committees,Guías de A.A. acerca de Comités de Correccionales,MG-06,SMG-06,en; es,https://www.aa.org/aa-guidelines-corrections-committees,https://www.aa.org/es/guias-de-aa-acerca-de-comites-de-correccionales,https://aaws.widen.net/content/9lk1ph8aqv/pdf/mg-6_corrections_online.pdf,https://aaws.widen.net/content/qs3cvdlw19/pdf/smg-6_corrections_online.pdf,,,102,,,aa.org
corrections,aa-kit,Contents of Corrections Committee Kit List,Contenido del Paquete de Correccionales,F-68W,SF-68W,en; es,https://www.aa.org/contents-corrections-committee-kit-list,https://www.aa.org/es/contenido-del-paquete-de-correccionales,https://aaws.widen.net/content/uhxx9rtu7v/pdf/f-68_corrections_kit_online.pdf,https://aaws.widen.net/content/ndhsudey9n/pdf/sf-68_corrections_kit_online.pdf,,,103,,,aa.org
corrections,aa-material,Corrections Correspondence — a special kind of A.A. Service,Correspondencia de Correccionales: una clase especial de servicio de AA,F-26,SF-26,en; es,https://www.aa.org/corrections-correspondence-special-kind-aa-service,https://www.aa.org/es/correspondencia-de-correccionales-una-clase-especial-de-servicio-de-aa,https://aaws.widen.net/content/ypmeikl1c9/pdf/f-26_corrections_correspondence_online.pdf,https://aaws.widen.net/content/z0bk55jizy/pdf/sf-26_corrections_correspondence_online.pdf,,,104,,,aa.org
corrections,aa-material,Sharing from Behind the Walls,Compartiendo desde detrás de los Muros,F-97,SF-97,en; es,https://www.aa.org/sharing-from-behind-the-walls,https://www.aa.org/es/sharing-from-behind-the-walls,https://www.aa.org/sites/default/files/newsletters/F-97_Summer2026.pdf,https://www.aa.org/sites/default/files/newsletters/SF-97_summer2026.pdf,,,105,,,aa.org
corrections,aa-guideline,"A.A. Guidelines on Cooperating with Court, D.W.I. and Similar Programs",Guías de A.A. acerca de Cooperación con las Cortes D.W.I. y Programas Similares,MG-05,MG-05,en; es,https://www.aa.org/aa-guidelines-cooperating-court-dwi-and-similar-programs,https://www.aa.org/es/guias-de-aa-acerca-de-cooperacion-con-las-cortes-dwi-y-programas-similares,https://aaws.widen.net/content/6u2lb3rft2/pdf/mg-5_cooperation_with_courts_online.pdf,https://aaws.widen.net/content/hibhwefwp7/pdf/smg-5_cooperation_with_courts_online.pdf,,,106,,,aa.org
corrections,pamphlet,It Sure Beats Sitting in a Cell,Es mejor que estar sentado en una celda,P-33,SP-33,en; es,https://www.aa.org/it-sure-beats-sitting-cell,https://www.aa.org/es/es-mejor-que-estar-sentado-en-una-celda,https://aaws.widen.net/content/j7x4gmadkp/pdf/p-33_it_sure_beats_sitting_in_a_cell_online.pdf,https://aaws.widen.net/content/2jjblbmp5y/pdf/sp-33_it_sure_beats_sitting_in_a_cell_online.pdf,,,200,,,aa.org
corrections,pamphlet,A Message to Corrections Professionals...,Un mensaje a quienes trabajan en instituciones correccionales,P-20,SP-20,en; es,https://www.aa.org/message-corrections-professionals,https://www.aa.org/es/un-mensaje-quienes-trabajan-en-instituciones-correccionales,https://aaws.widen.net/content/vpwdxfhvkl/pdf/p-20_a_message_correction_professionals_online.pdf,https://aaws.widen.net/content/gsmmianju8/pdf/sp-20_a_message_correction_professionals_online.pdf,,,201,,,aa.org
corrections,pamphlet,A.A. in Correctional Facilities,AA en las instituciones correccionales,P-26,SP-26,en; es,https://www.aa.org/aa-correctional-facilities,https://www.aa.org/es/aa-en-las-instituciones-correccionales,https://aaws.widen.net/content/2ibku8tcy9/pdf/p-26_aa_in_correctionals_facilities_online.pdf,https://aaws.widen.net/content/iqb9aopew2/pdf/sp-26_aa_in_correctionals_facilities_online.pdf,,,202,,,aa.org
corrections,pamphlet,Behind the Walls: A Message of Hope,Detrás de los muros: un mensaje de esperanza,P-9,SP-9,en; es,https://www.aa.org/behind-walls-message-hope,https://www.aa.org/es/detras-de-los-muros-un-mensaje-de-esperanza,https://aaws.widen.net/content/cslrsdhgw1/pdf/p-9_behind_the_walls_a_message_of_hope_online.pdf,https://aaws.widen.net/content/aljajmhlgb/pdf/sp-9_behind_the_walls_a_message_of_hope_online.pdf,,,203,,,aa.org
corrections,aa-material,Carrying the Message Behind These Walls,Llevando el mensaje detrás de estos muros,F-108,SF-108,en; es,https://www.aa.org/carrying-message-behind-these-walls,https://www.aa.org/es/llevando-el-mensaje-detras-de-estos-muros-0,https://aaws.widen.net/content/sshboqwoxu/pdf/f-108_carrying_the_message_behind_these_walls_online.pdf,https://aaws.widen.net/content/oyf8vjx23b/pdf/sf-108_carrying_the_message_behind_these_walls_online.pdf,,,204,,,aa.org
corrections,pamphlet,Bridging the Gap,Programa Puente hacia AA,P-49,SP-49,en; es,https://www.aa.org/bridging-gap,https://www.aa.org/es/programa-puente-hacia-aa,https://aaws.widen.net/content/rbykxdzd0p/pdf/p-49_bridging_the_gap_online.pdf,https://aaws.widen.net/content/zwbu5ya9hx/pdf/sp-49_bridging_the_gap_online.pdf,,,205,,,aa.org
corrections,faq,Do I need prison experience to do corrections service?,¿Necesito haber estado en prisión para servir en correccionales?,,,,,,,,,,900,No. What people in custody want to hear is how we got and stayed sober through the Twelve Steps. Sobriety in A.A. — not time served — is the qualification.,"No. Lo que quieren escuchar las personas privadas de libertad es cómo logramos y mantenemos la sobriedad con los Doce Pasos. El requisito es la sobriedad en A.A., no haber estado preso.",
corrections,faq,How do I become a pen pal to an inmate (CCS)?,¿Cómo me hago corresponsal de un interno (CCS)?,,,,,,,,,,901,"Sign up with the committee or fill out the C.C.S. outside volunteer form. Letters are routed through a post office box, so your home address is never shared; you will usually write to someone in another state.","Inscríbete con el comité o llena el formulario de voluntario externo de C.C.S. Las cartas pasan por un apartado postal, así que tu dirección nunca se comparte; normalmente le escribirás a alguien de otro estado.",
dcm-school,guideline,DCM School Committee Guidelines,Guías de la Escuela de MCD (inglés),,,en,https://drive.google.com/file/d/1PuA4ntPgVTWbiK_4LQUn-T26uACipAIV/view,,,,2024-01-14,current,10,,,
dcm-school,pending,"DCM School Committee Guidelines (Spanish, 2021)",Guías del Comité de la Escuela de MCD (2021),,,es,,,,,2021-05-16,current,11,,,Old-site copy only (Guidelines-DCM-School-Committee-Spanish-2021.05.16.pdf). Paste the public docs/ link in url and set kind = guideline when it is copied.
dcm-school,guideline,DCM School Committee Guidelines (2021),Guías de la Escuela de MCD (2021),,,en,https://drive.google.com/file/d/1BF-cpxDn0EecttaVs_WiowDuPaA2b3lZ/view,,,,2021,superseded,12,,,
dcm-school,guideline,DCM School Committee Guidelines (2007),Guías de la Escuela de MCD (2007),,,en,https://drive.google.com/file/d/1n2sTWGMpKT1ZjdHj28cecbMip5ptF3aP/view,,,,2007,superseded,13,,,
dcm-school,guideline,DCM/DCMC Information & Quick References (Aug 2018),Información y referencias rápidas para MCD/CMCD (2018),,,en,https://drive.google.com/file/d/1COKwRDTUW15P5iaBDE6PRjpOV0Nu6_M5/view,,,,2018-08,reference,14,,,
dcm-school,guideline,GSR and the Conference Structure (DCM Conference Process),El RSG y la estructura de la Conferencia,,,en,https://drive.google.com/file/d/10VAwDe3R_UJ2ycNgLlbwDAy8FdsfWiXJ/view,,,,,reference,15,,,
dcm-school,pending,DCMC Workbook (Nov 2023),Cuaderno de trabajo del CMCD (nov. 2023),,,,,,,,,,50,,,Old-site copy only (DCMC-Workbook_20231108.pdf).
dcm-school,pending,Panel 76 DCMC Tool Kit (English),Kit de herramientas del CMCD Panel 76 (inglés),,,,,,,,,,51,,,Old-site copy only (Panel-76-DCMC-Tool-Kit-English.pdf).
dcm-school,pending,Panel 76 DCMC Tool Kit (Spanish),Kit de herramientas del CMCD Panel 76 (español),,,,,,,,,,52,,,Old-site copy only (dcmc-tool-kit.pdf).
dcm-school,aa-material,Your D.C.M. - District Committee Member,Su MCD: Miembro del comité de distrito,F-12,SF-12,en; es,https://www.aa.org/your-dcm-district-committee-member,https://www.aa.org/es/su-mcd-miembro-del-comite-de-distrito,https://aaws.widen.net/content/s47sn3xlam/pdf/f-12_dcm_flyer_online.pdf,https://aaws.widen.net/content/pz4jhh8ca9/pdf/sf-12_dcm_flyer_online.pdf,,,100,,,aa.org
dcm-school,aa-kit,District Committee Member (D.C.M.) Kit List,Contenido del Paquete de Miembro del Comité de Distrito (M.C.D.),F-153,SF-153W,en; es,https://www.aa.org/district-committee-member-dcm-kit-list,https://www.aa.org/es/contenido-del-paquete-de-miembro-del-comite-de-distrito-mcd,https://aaws.widen.net/content/00zubabmvj/pdf/f-153_dcm_kit_online.pdf,https://aaws.widen.net/content/q7rpz9kgey/pdf/sf-153_dcm_kit_digital_online.pdf,,,101,,,aa.org
dcm-school,aa-material,Sharing From D.C.M.s to a New D.C.M.,Compartimiento de M.C.D. a un Nuevo M.C.D.,SMF-174,,en; es,https://www.aa.org/sharing-dcms-new-dcm,https://www.aa.org/es/compartimiento-de-mcd-un-nuevo-mcd,https://aaws.widen.net/content/8jhrsn4gw5/pdf/smf-174_sharing_from_dcms_to_a_new_dcm.pdf,https://aaws.widen.net/content/oomjcedmwt/pdf/smfs-174_sharing_from_dcms_to_a_new_dcm.pdf,,,102,,,aa.org
dcm-school,form,GSO DCM & DCMC Information Change Form,Formulario de cambio de información de MCD y CMCD (EE. UU. y Canadá),F-43,SF-43,en; es,https://www.aa.org/gso-dcm-dcmc-information-change-form,https://www.aa.org/es/eeuu-y-canada-formulario-de-cambio-de-miembro-del-comite-de-distrito-y-coordinador-del-comite-del-d,https://aaws.widen.net/content/dqkve1pidg/pdf/f-43_dcm_change_form.pdf,https://aaws.widen.net/content/wsjx3ytu2p/pdf/sf-43_dcm_change_form.pdf,,,103,,,aa.org
dcm-school,aa-material,A.A. Service Manual/Twelve Concepts for World Services,El Manual de Servicio de AA y Doce Conceptos para el servicio mundial,BM-31,,en; es,https://www.aa.org/aa-service-manualtwelve-concepts-world-services,https://www.aa.org/es/el-manual-de-servicio-de-aa-y-doce-conceptos-para-el-servicio-mundial,https://aaws.widen.net/content/wbktsxdemg/pdf/bm-31_aa_service_manual_online.pdf,https://aaws.widen.net/content/zy5cybqdua/pdf/sbm-31_aa_service_manual_online.pdf,,,104,,,aa.org
dcm-school,aa-material,M-39 Advisory Actions,SM-39 Acciones recomendables,M-39,SM-39,en; es,https://www.aa.org/m-39-advisory-actions,https://www.aa.org/es/sm-39-acciones-recomendables,https://aaws.widen.net/content/u6qlpluvn1/pdf/m-39_advisory_actions_online.pdf,https://aaws.widen.net/content/rmzvavsm8m/pdf/sm-39_advisory_actions_online.pdf,,,105,,,aa.org
dcm-school,aa-material,Your A.A. General Service Office,Su Oficina de Servicios Generales de AA,F-6,SF-6,en; es,https://www.aa.org/your-aa-general-service-office,https://www.aa.org/es/su-oficina-de-servicios-generales-de-aa,https://aaws.widen.net/content/kjxj0crmot/pdf/f-6_your_aa_gso_online.pdf,https://aaws.widen.net/content/kjmgtfku2b/pdf/sf-6_your_aa_gso_online.pdf,,,106,,,aa.org
dcm-school,pamphlet,A.A.’s Legacy of Service,El Legado de Servicio de A.A.,P-44,SP-44,en; es,https://www.aa.org/aas-legacy-service,https://www.aa.org/es/el-legado-de-servicio-de-aa,https://aaws.widen.net/content/krwi6ptv9a/pdf/p-44_aa_legacy_of_service_online.pdf,https://aaws.widen.net/content/ytiv9emgwz/pdf/sp-44_aa_legacy_of_service_online.pdf,,,200,,,aa.org
dcm-school,pamphlet,A.A. Tradition—How It Developed,La tradición de AA — Cómo se desarrolló,P-17,SP-17,en; es,https://www.aa.org/aa-tradition-how-it-developed,https://www.aa.org/es/la-tradicion-de-aa-como-se-desarrollo,https://aaws.widen.net/content/zypyan1fnw/pdf/p-17_aa_traditions_online.pdf,https://aaws.widen.net/content/s8dn56zekd/pdf/sp-17_aa_traditions_online.pdf,,,201,,,aa.org
dcm-school,pamphlet,Circles of Love and Service,Círculos de amor y servicio,P-45,SP-45,en; es,https://www.aa.org/circles-love-and-service,https://www.aa.org/es/circulos-de-amor-y-servicio,https://aaws.widen.net/content/snt9nvrves/pdf/p-45_circles_of_love_and_service_online.pdf,https://aaws.widen.net/content/j1mpj766sh/pdf/sp-45_circles_of_love_and_service_online.pdf,,,202,,,aa.org
dcm-school,pamphlet,Inside A.A. - Understanding the Fellowship and its Services,Dentro de AA: Comprendiendo la Comunidad y sus servicios,P-18,SP-18,en; es,https://www.aa.org/inside-aa-understanding-fellowship-and-its-services,https://www.aa.org/es/dentro-de-aa-comprendiendo-la-comunidad-y-sus-servicios,https://aaws.widen.net/content/pi33ouwayt/pdf/p-18_inside_aa_online.pdf,https://aaws.widen.net/content/slpfuenrgo/pdf/sp-18_inside_aa_online.pdf,,,203,,,aa.org
dcm-school,aa-material,Self-Support: Where Money and Spirituality Mix,El automantenimiento: donde la espiritualidad y el dinero se relacionan,F-3,SF-3,en; es,https://www.aa.org/self-support-where-money-and-spirituality-mix,https://www.aa.org/es/el-automantenimiento-donde-la-espiritualidad-y-el-dinero-se-relacionan,https://aaws.widen.net/content/peqdbcrwer/pdf/f-3_self_support_online.pdf,https://aaws.widen.net/content/4rxstiqy74/pdf/sf-3_self_support_online.pdf,,,204,,,aa.org
dcm-school,pamphlet,The A.A. Group...Where It All Begins,El grupo de AA... donde todo empieza,P-16,SP-16,en; es,https://www.aa.org/aa-groupwhere-it-all-begins,https://www.aa.org/es/el-grupo-de-aa-donde-todo-empieza,https://aaws.widen.net/content/l8p6vmffru/pdf/p-16_the_aa_group_online.pdf,https://aaws.widen.net/content/o3q3ebznbu/pdf/sp-16_the_aa_group_online.pdf,,,205,,,aa.org
dcm-school,pamphlet,The Twelve Concepts for World Service Illustrated,Los Doce Conceptos para el servicio mundial ilustrados,P-8,SP-8,en; es,https://www.aa.org/twelve-concepts-world-service-illustrated,https://www.aa.org/es/los-doce-conceptos-para-el-servicio-mundial-ilustrados,https://aaws.widen.net/content/f7g3peqmwu/pdf/p-8_twelve_concepts_illustrated_online.pdf,https://aaws.widen.net/content/v5vhas8cz1/pdf/sp-8_twelve_concepts_illustrated_online.pdf,,,206,,,aa.org
dcm-school,pamphlet,The Twelve Traditions Illustrated,Las Doce Tradiciones ilustradas,P-43,SP-43,en; es,https://www.aa.org/twelve-traditions-illustrated,https://www.aa.org/es/las-doce-tradiciones-ilustradas,https://aaws.widen.net/content/fkzmhdgxkh/pdf/p-43_traditions_illustrated_online.pdf,https://aaws.widen.net/content/mk4h6dfbie/pdf/sp-43_traditions_illustrated_online.pdf,,,207,,,aa.org
dcm-school,pamphlet,G.S.R. General Service Representative,RSG: Representante de Servicios Generales,P-19,SP-19,en; es,https://www.aa.org/gsr-general-service-representative,https://www.aa.org/es/rsg-representante-de-servicios-generales,https://aaws.widen.net/content/s4mowz4oh4/pdf/p-19_gsr_online.pdf,https://aaws.widen.net/content/qxygtljb1a/pdf/sp-19_gsr_online.pdf,,,208,,,aa.org
dcm-school,pamphlet,AA Grapevine and La Viña: Our Meetings in Print,El Grapevine y La Viña: nuestras reuniones impresas y en otros medios,P-52,SP-52,en; es,https://www.aa.org/aa-grapevine-and-la-vina-our-meetings-print,https://www.aa.org/es/el-grapevine-y-la-vina-nuestras-reuniones-impresas-y-en-otros-medios,https://aaws.widen.net/content/qq2sk0k7ob/pdf/p-52_aa_grapevine_meeting_in_print_online.pdf,https://aaws.widen.net/content/a0j47fylxz/pdf/sp-52_aa_grapevine_meeting_in_print_online.pdf,,,209,,,aa.org
dcm-school,faq,I was just elected DCM. Where do I start?,Me acaban de elegir MCD. ¿Por dónde empiezo?,,,,,,,,,,900,"Come to DCM School at the next Area meeting (10:15 AM break-out), read ""Your D.C.M."" (F-12) and the DCM chapter of the A.A. Service Manual, and ask an experienced DCM to be your service sponsor.","Ven a la Escuela de MCD en la próxima reunión del Área (sesión de las 10:15 a. m.), lee ""Su M.C.D."" (SF-12) y el capítulo del MCD del Manual de Servicio, y pide a un MCD con experiencia que sea tu padrino o madrina de servicio.",
finance,guideline,Finance Committee Guidelines (draft),"Guías del Comité de Finanzas (borrador, inglés)",,,en,https://drive.google.com/file/d/1dawzHa_B4_35s8MYqReT64LptfTkorwq/view,,,,2019-03-10,draft,10,,,
finance,guideline,Finance Committee Guidelines (Spanish draft),Guías del Comité de Finanzas (borrador),,,es,https://drive.google.com/file/d/10ir_n2MxoZqn8cmMMLfT9CNaMbn6fngY/view,,,,2019-02-13,draft,11,,,
finance,guideline,Finance Committee Guidelines (1999),Guías del Comité de Finanzas (1999),,,en,https://drive.google.com/file/d/1w9c-XjgD98eZ3YEctZpR4BIK8PV9kv_Z/view,,,,1999,superseded,12,,,
finance,aa-guideline,A.A. Guidelines on Finance,Guías de AA: Finanzas,MG-15,SMG-15,en; es,https://www.aa.org/aa-guidelines-finance,https://www.aa.org/es/guias-de-aa-finanzas,https://aaws.widen.net/content/uhcnssi2zv/pdf/mg-15_finance_online.pdf,https://aaws.widen.net/content/gzgpjtvbed/pdf/smg-15_finance_online.pdf,,,100,,,aa.org
finance,aa-page,Contributions and Self-Support,Contribuciones y automantenimiento,,,en; es,https://www.aa.org/aa-contributions-self-support,https://www.aa.org/es/aa-contributions-self-support,,,,,101,,,aa.org
finance,aa-kit,Resource List for Information on Self-Support and Finance,Lista de recursos con información sobre automantenimiento y finanzas,SMF-241,SF-241,en; es,https://www.aa.org/resource-list-information-self-support-and-finance,https://www.aa.org/es/lista-de-recursos-con-informacion-sobre-automantenimiento-y-finanzas,https://aaws.widen.net/content/2qkajtczlu/pdf/smf-241_resource_information_self_support__finance.pdf,https://aaws.widen.net/content/a73iw8yrvu/pdf/smfs-241_resource_information_self_support__finance.pdf,,,102,,,aa.org
finance,aa-material,Seventh Tradition Fact Sheet - Your Seventh Tradition Contributions,Hoja informativa de la Séptima Tradición –– Sus contribuciones de la Séptima Tradición,F-203,SF-203,en; es,https://www.aa.org/seventh-tradition-fact-sheet-your-seventh-tradition-contributions,https://www.aa.org/es/hoja-informativa-de-la-septima-tradicion-sus-contribuciones-de-la-septima-tradicion,https://aaws.widen.net/content/z9besrd4vr/pdf/f-203_7th_tradition_fact_sheet_online.pdf,https://aaws.widen.net/content/fubq3i4z4h/pdf/sf-203_7th_tradition_fact_sheet_online.pdf,,,103,,,aa.org
finance,aa-material,FAQ on Practicing the Seventh Tradition at Virtual Meetings,Preguntas frecuentes acerca de poner en práctica la Séptima Tradición en las reuniones virtuales,SMF-223,,en; es,https://www.aa.org/faq-practicing-seventh-tradition-virtual-meetings,https://www.aa.org/es/preguntas-frecuentes-acerca-de-poner-en-practica-la-septima-tradicion-en-las-reuniones-virtuales,https://aaws.widen.net/content/bft4qsejau/pdf/smf-223_faq_7th_tradition_virtual_meetings_online.pdf,https://aaws.widen.net/content/ontujuh1ov/pdf/smfs-223_faq_7th_tradition_virtual_meetings_online.pdf,,,104,,,aa.org
finance,aa-material,Self-Support: Where Money and Spirituality Mix,El automantenimiento: donde la espiritualidad y el dinero se relacionan,F-3,SF-3,en; es,https://www.aa.org/self-support-where-money-and-spirituality-mix,https://www.aa.org/es/el-automantenimiento-donde-la-espiritualidad-y-el-dinero-se-relacionan,https://aaws.widen.net/content/peqdbcrwer/pdf/f-3_self_support_online.pdf,https://aaws.widen.net/content/4rxstiqy74/pdf/sf-3_self_support_online.pdf,,,200,,,aa.org
finance,aa-material,But we do have expenses,Pero tenemos gastos…,F-19B,SF-19B,en; es,https://www.aa.org/we-do-have-expenses,https://www.aa.org/es/pero-tenemos-gastos,,,,,201,,,aa.org
finance,aa-material,The A.A. Group Treasurer,El tesorero de un grupo de AA,F-96,SF-96,en; es,https://www.aa.org/aa-group-treasurer,https://www.aa.org/es/el-tesorero-de-un-grupo-de-aa,https://aaws.widen.net/content/lankccv8fa/pdf/f-96_the_aa_group_treasurer_online.pdf,https://aaws.widen.net/content/5ryymksrwt/pdf/sf-96_the_aa_group_treasurer_online.pdf,,,202,,,aa.org
finance,aa-material,Self-Support Card,Tarjeta de automantenimiento,F-42,SF-42,en; es,https://www.aa.org/self-support-card,https://www.aa.org/es/tarjeta-de-automantenimiento,https://aaws.widen.net/content/ksvdklqccd/pdf/f-42_self_support_card_online.pdf,https://aaws.widen.net/content/moiv5e8fte/pdf/sf-42_self_support_card_online.pdf,,,203,,,aa.org
finance,faq,Our committee needs money that isn't in the budget. What do we do?,Nuestro comité necesita dinero que no está en el presupuesto. ¿Qué hacemos?,,,,,,,,,,900,"Bring the request to the Finance Committee about a month before you want to present it to the Area. The committee reviews it, reports the financial impact and makes a written recommendation to the Executive Committee.","Presenten la solicitud al Comité de Finanzas aproximadamente un mes antes de presentarla al Área. El comité la revisa, informa el impacto financiero y hace una recomendación por escrito al Comité Ejecutivo.",
grapevine-la-vina,guideline,Grapevine/La Viña Standing Committee Guidelines,Guías del Comité de Grapevine/La Viña (inglés),,,en,https://drive.google.com/file/d/1_mnKrvQrC0igjJ897zCNOPd5kbO3AtG5/view,,,,2016-01-10,current,10,,,
grapevine-la-vina,guideline,Grapevine/La Viña Standing Committee Guidelines (Spanish),Guías del Comité de Grapevine/La Viña,,,es,https://drive.google.com/file/d/1RJL48uDHyVsoEFyzYNrABK3P9Cin1IdV/view,,,,2016-01-10,current,11,,,
grapevine-la-vina,link,A Guide to AA Grapevine (workbook),Guía de AA Grapevine (cuaderno de trabajo),,,,https://www.aagrapevine.org/sites/default/files/2020-01/GV-Workbook-6-11-18.pdf,,,,,,50,,,
grapevine-la-vina,link,Get involved — Grapevine,Participa — Grapevine,,,,https://www.aagrapevine.org/get-involved,,,,,,51,,,
grapevine-la-vina,link,Servicio — La Viña,Servicio — La Viña,,,,https://www.aalavina.org/servicio,,,,,,52,,,
grapevine-la-vina,link,Carry the Message project,Proyecto Lleva el mensaje,,,,https://www.aagrapevine.org/carry-the-message,,,,,,53,,,
grapevine-la-vina,link,Lleva el mensaje (La Viña),Lleva el mensaje (La Viña),,,,https://www.aalavina.org/lleva-el-mensaje,,,,,,54,,,
grapevine-la-vina,link,Grapevine & La Viña store,Tienda de Grapevine y La Viña,,,,https://www.aagrapevine.org/store,,,,,,55,,,
grapevine-la-vina,link,Grapevine podcasts,Podcasts de Grapevine,,,,https://www.aagrapevine.org/podcasts,,,,,,56,,,
grapevine-la-vina,link,Record your story (audio portal),Graba tu historia (portal de audio),,,,https://www.aagrapevine.org/audio-portal,,,,,,57,,,
grapevine-la-vina,video,Grapevine on YouTube,Grapevine en YouTube,,,,https://www.youtube.com/@AAGrapevine,,,,,,58,,,
grapevine-la-vina,pending,Grapevine and La Viña apps — FAQ,Aplicaciones de Grapevine y La Viña — preguntas frecuentes,,,,,,,,,,59,,,Old-site copy only (The-Apps-FAQs-English-version.pdf).
grapevine-la-vina,aa-page,A.A. Grapevine and La Viña,AA Grapevine y La Viña,,,en; es,https://www.aa.org/aa-grapevine-la-vina,https://www.aa.org/es/aa-grapevine-la-vina,,,,,100,,,aa.org
grapevine-la-vina,aa-material,Suggestions for Using Grapevine and La Viña,Sugerencias para el uso de A.A. Grapevine y La Viña,F-190,SF-190,en; es,https://www.aa.org/suggestions-using-grapevine-and-la-vina,https://www.aa.org/es/sugerencias-para-el-uso-de-aa-grapevine-y-la-vina,https://aaws.widen.net/content/rbfxi1mesd/pdf/f-190_suggestions_using_gv_and_lv_online.pdf,https://aaws.widen.net/content/bher6ptzui/pdf/sf-190_suggestions_using_gv_and_lv_online.pdf,,,101,,,aa.org
grapevine-la-vina,pamphlet,AA Grapevine and La Viña: Our Meetings in Print,El Grapevine y La Viña: nuestras reuniones impresas y en otros medios,P-52,SP-52,en; es,https://www.aa.org/aa-grapevine-and-la-vina-our-meetings-print,https://www.aa.org/es/el-grapevine-y-la-vina-nuestras-reuniones-impresas-y-en-otros-medios,https://aaws.widen.net/content/qq2sk0k7ob/pdf/p-52_aa_grapevine_meeting_in_print_online.pdf,https://aaws.widen.net/content/a0j47fylxz/pdf/sp-52_aa_grapevine_meeting_in_print_online.pdf,,,200,,,aa.org
grapevine-la-vina,faq,Can our group send a contribution to Grapevine?,¿Puede nuestro grupo enviar una contribución a Grapevine?,,,,,,,,,,900,"No. Grapevine does not accept contributions; it is supported by subscriptions and sales. Groups support it by subscribing, buying books and using the magazines in Twelfth Step work.","No. Grapevine no acepta contribuciones; se sostiene con suscripciones y ventas. Los grupos lo apoyan suscribiéndose, comprando libros y usando las revistas en el trabajo de Paso Doce.",
grapevine-la-vina,faq,What does a GvR or RLV do?,¿Qué hace un RGV o RLV?,,,,,,,,,,901,"A Grapevine or La Viña representative makes the magazine available to the home group and encourages members to read it, subscribe, write for it and use it in Twelfth Step work.","Un representante de Grapevine o de La Viña pone la revista a disposición del grupo base y anima a los miembros a leerla, suscribirse, escribir para ella y usarla en el trabajo de Paso Doce.",
gsr-school,pending,GSR School Guidelines,Guías de la Escuela de RSG (inglés),,,en,,,,,2022-01-09,current,10,,,Old-site copy only (Guidelines-MSCA-GSR-School-English-2022.01.09.pdf). Paste the public docs/ link in url and set kind = guideline when it is copied.
gsr-school,pending,GSR School Guidelines (Spanish),Guías para la Escuela de RSG,,,es,,,,,2022-01-09,current,11,,,Old-site copy only (Guidelines-MSCA-GSR-School-Spanish-2022.01.09.pdf). Paste the public docs/ link in url and set kind = guideline when it is copied.
gsr-school,guideline,"Guidelines for GSR School (earlier, undated)","Guías para la Escuela de RSG (anterior, sin fecha)",,,en,https://drive.google.com/file/d/1aZy8qiQpq8WwQx--viWv3prpSJFdQaYY/view,,,,,superseded,12,,,
gsr-school,guideline,Guías para la Escuela de RSG (anterior),Guías para la Escuela de RSG (anterior),,,es,https://drive.google.com/file/d/16R_ZPUviClMuwejBOns8aowgWelEv_yA/view,,,,,superseded,13,,,
gsr-school,guideline,GSR School Guidelines (2014),Guías de la Escuela de RSG (2014),,,en,https://drive.google.com/file/d/14Qdv4c8ol1E_uozMm1rt8A_heaZvDRR8/view,,,,2014,superseded,14,,,
gsr-school,pending,2025–26 GSR School flyer,Volante de la Escuela de RSG 2025–26,,,,,,,,,,50,,,Old-site copy only (Area09-GSR-School.jpg).
gsr-school,aa-kit,Contents of General Service Representative (G.S.R.) Kit List,Contenido del paquete de representante de servicios generales (RSG),,,en; es,https://www.aa.org/contents-general-service-representative-gsr-kit-list,https://www.aa.org/es/contenido-del-paquete-de-representante-de-servicios-generales-rsg,https://aaws.widen.net/content/qiuj4jhgqo/pdf/gsr_kit_digital_en_online.pdf,https://aaws.widen.net/content/mquntdlro4/pdf/gsr_kit_digital_sp_online.pdf,,,100,,,aa.org
gsr-school,aa-material,Contents Of Group Handbook List,Contenido del manual de grupo,F-119W,SF-119W,en; es,https://www.aa.org/contents-group-handbook-list,https://www.aa.org/es/contenido-del-manual-de-grupo,https://aaws.widen.net/content/gp8cwollny/pdf/f-119_group_handbook_literature_kit_online.pdf,https://aaws.widen.net/content/znzdv8ewuo/pdf/sf-119_group_handbook_literature_kit_online.pdf,,,101,,,aa.org
gsr-school,aa-material,Is Your Group Linked to A.A. as a Whole?,¿Está tu Grupo Vinculado con la Totalidad de A.A.?,SMF-104,,en; es,https://www.aa.org/your-group-linked-aa-whole,https://www.aa.org/es/esta-tu-grupo-vinculado-con-la-totalidad-de-aa,https://aaws.widen.net/content/uco2szothi/pdf/smf-104_is_your_group_linked_to_aa_as_a_whole.pdf,https://aaws.widen.net/content/9yy11bd7jt/pdf/smfs-104_is_your_group_linked_to_aa_as_a_whole.pdf,,,102,,,aa.org
gsr-school,aa-material,A.A. Service Manual/Twelve Concepts for World Services,El Manual de Servicio de AA y Doce Conceptos para el servicio mundial,BM-31,,en; es,https://www.aa.org/aa-service-manualtwelve-concepts-world-services,https://www.aa.org/es/el-manual-de-servicio-de-aa-y-doce-conceptos-para-el-servicio-mundial,https://aaws.widen.net/content/wbktsxdemg/pdf/bm-31_aa_service_manual_online.pdf,https://aaws.widen.net/content/zy5cybqdua/pdf/sbm-31_aa_service_manual_online.pdf,,,103,,,aa.org
gsr-school,form,GSO Group Information Change Form,Formulario de Cambio de Información de Grupo OSG de EE. UU. y Canadá,F-28,SF-28,en; es,https://www.aa.org/gso-group-information-change-form,https://www.aa.org/es/formulario-de-cambio-de-informacion-de-grupo-osg-de-ee-uu-y-canada,https://aaws.widen.net/content/qgs1ffnvwa/pdf/f-28_group_info_change_form.pdf,https://aaws.widen.net/content/tcwagus3gv/pdf/sf-28_group_info_change_form.pdf,,,104,,,aa.org
gsr-school,pamphlet,G.S.R. General Service Representative,RSG: Representante de Servicios Generales,P-19,SP-19,en; es,https://www.aa.org/gsr-general-service-representative,https://www.aa.org/es/rsg-representante-de-servicios-generales,https://aaws.widen.net/content/s4mowz4oh4/pdf/p-19_gsr_online.pdf,https://aaws.widen.net/content/qxygtljb1a/pdf/sp-19_gsr_online.pdf,,,200,,,aa.org
gsr-school,pamphlet,The A.A. Group...Where It All Begins,El grupo de AA... donde todo empieza,P-16,SP-16,en; es,https://www.aa.org/aa-groupwhere-it-all-begins,https://www.aa.org/es/el-grupo-de-aa-donde-todo-empieza,https://aaws.widen.net/content/l8p6vmffru/pdf/p-16_the_aa_group_online.pdf,https://aaws.widen.net/content/o3q3ebznbu/pdf/sp-16_the_aa_group_online.pdf,,,201,,,aa.org
gsr-school,pamphlet,Circles of Love and Service,Círculos de amor y servicio,P-45,SP-45,en; es,https://www.aa.org/circles-love-and-service,https://www.aa.org/es/circulos-de-amor-y-servicio,https://aaws.widen.net/content/snt9nvrves/pdf/p-45_circles_of_love_and_service_online.pdf,https://aaws.widen.net/content/j1mpj766sh/pdf/sp-45_circles_of_love_and_service_online.pdf,,,202,,,aa.org
gsr-school,pamphlet,Inside A.A. - Understanding the Fellowship and its Services,Dentro de AA: Comprendiendo la Comunidad y sus servicios,P-18,SP-18,en; es,https://www.aa.org/inside-aa-understanding-fellowship-and-its-services,https://www.aa.org/es/dentro-de-aa-comprendiendo-la-comunidad-y-sus-servicios,https://aaws.widen.net/content/pi33ouwayt/pdf/p-18_inside_aa_online.pdf,https://aaws.widen.net/content/slpfuenrgo/pdf/sp-18_inside_aa_online.pdf,,,203,,,aa.org
gsr-school,pamphlet,The Twelve Traditions Illustrated,Las Doce Tradiciones ilustradas,P-43,SP-43,en; es,https://www.aa.org/twelve-traditions-illustrated,https://www.aa.org/es/las-doce-tradiciones-ilustradas,https://aaws.widen.net/content/fkzmhdgxkh/pdf/p-43_traditions_illustrated_online.pdf,https://aaws.widen.net/content/mk4h6dfbie/pdf/sp-43_traditions_illustrated_online.pdf,,,204,,,aa.org
gsr-school,pamphlet,The Twelve Concepts for World Service Illustrated,Los Doce Conceptos para el servicio mundial ilustrados,P-8,SP-8,en; es,https://www.aa.org/twelve-concepts-world-service-illustrated,https://www.aa.org/es/los-doce-conceptos-para-el-servicio-mundial-ilustrados,https://aaws.widen.net/content/f7g3peqmwu/pdf/p-8_twelve_concepts_illustrated_online.pdf,https://aaws.widen.net/content/v5vhas8cz1/pdf/sp-8_twelve_concepts_illustrated_online.pdf,,,205,,,aa.org
gsr-school,aa-material,Self-Support: Where Money and Spirituality Mix,El automantenimiento: donde la espiritualidad y el dinero se relacionan,F-3,SF-3,en; es,https://www.aa.org/self-support-where-money-and-spirituality-mix,https://www.aa.org/es/el-automantenimiento-donde-la-espiritualidad-y-el-dinero-se-relacionan,https://aaws.widen.net/content/peqdbcrwer/pdf/f-3_self_support_online.pdf,https://aaws.widen.net/content/4rxstiqy74/pdf/sf-3_self_support_online.pdf,,,206,,,aa.org
gsr-school,pamphlet,Questions and Answers on Sponsorship,Preguntas y respuestas sobre el apadrinamiento,P-15,SP-15,en; es,https://www.aa.org/questions-and-answers-sponsorship,https://www.aa.org/es/preguntas-y-respuestas-sobre-el-apadrinamiento,https://aaws.widen.net/content/zz7rsf3sie/pdf/p-15_qa_on_sponsorship_online.pdf,https://aaws.widen.net/content/3zexdhflzu/pdf/sp-15_qa_on_sponsorship_online.pdf,,,207,,,aa.org
gsr-school,faq,Do I have to be a GSR to attend?,¿Tengo que ser RSG para asistir?,,,,,,,,,,900,"No. GSR School is open to GSRs, alternates and any A.A. member who wants to learn how general service works.","No. La Escuela de RSG está abierta a RSG, alternos y cualquier miembro de A.A. que quiera aprender cómo funcionan los servicios generales.",
gsr-school,faq,What should a new GSR read first?,¿Qué debe leer primero un nuevo RSG?,,,,,,,,,,901,"""G.S.R. — General Service Representative"" (P-19), the GSR Kit, ""The A.A. Group"" (P-16) and the GSR chapter of the A.A. Service Manual.","""RSG: Representante de Servicios Generales"" (SP-19), el paquete del RSG, ""El grupo de A.A."" (SP-16) y el capítulo del RSG del Manual de Servicio de A.A.",
guidelines-policies,pending,GAP Committee Guidelines,Guías del Comité de Guías y Políticas (inglés),,,en,,,,,2022-01-09,current,10,,,Old-site copy only (Guidelines-MSCA-09-GAP-Committee-English-2022.01.09.pdf). Paste the public docs/ link in url and set kind = guideline when it is copied.
guidelines-policies,pending,GAP Committee Guidelines (Spanish),Guías del Comité de Guías y Políticas (GAP),,,es,,,,,2022-01-09,current,11,,,Old-site copy only (Guidelines-MSCA-09-GAP-Committee-Spanish-2022.01.09.pdf). Paste the public docs/ link in url and set kind = guideline when it is copied.
guidelines-policies,guideline,GAP Committee Guidelines (2017),Guías del Comité GAP (2017),,,en,https://drive.google.com/file/d/1y0PYPxx0uWLVX07bB2bbQD28_1asxMjp/view,,,,2017-05-22,superseded,12,,,
guidelines-policies,guideline,Making a motion with the GAP Committee,Cómo presentar una moción con el Comité GAP,,,en,https://drive.google.com/file/d/11zQTj8NML4xD4c9NmmQ142lSUA8_fmy1/view,,,,,reference,13,,,
guidelines-policies,aa-material,A.A. Service Manual/Twelve Concepts for World Services,El Manual de Servicio de AA y Doce Conceptos para el servicio mundial,BM-31,,en; es,https://www.aa.org/aa-service-manualtwelve-concepts-world-services,https://www.aa.org/es/el-manual-de-servicio-de-aa-y-doce-conceptos-para-el-servicio-mundial,https://aaws.widen.net/content/wbktsxdemg/pdf/bm-31_aa_service_manual_online.pdf,https://aaws.widen.net/content/zy5cybqdua/pdf/sbm-31_aa_service_manual_online.pdf,,,100,,,aa.org
guidelines-policies,aa-material,M-39 Advisory Actions,SM-39 Acciones recomendables,M-39,SM-39,en; es,https://www.aa.org/m-39-advisory-actions,https://www.aa.org/es/sm-39-acciones-recomendables,https://aaws.widen.net/content/u6qlpluvn1/pdf/m-39_advisory_actions_online.pdf,https://aaws.widen.net/content/rmzvavsm8m/pdf/sm-39_advisory_actions_online.pdf,,,101,,,aa.org
guidelines-policies,aa-material,Concepts Checklist,Lista de chequeo de los conceptos,SMF-91,SMF-91,en; es,https://www.aa.org/concepts-checklist,https://www.aa.org/es/lista-de-chequeo-de-los-conceptos,https://aaws.widen.net/content/fm3quzllse/pdf/smf-91_concepts_checklist.pdf,https://aaws.widen.net/content/rfdxjzcpe6/pdf/smfs-91_concepts_checklist.pdf,,,102,,,aa.org
guidelines-policies,aa-material,Traditions Checklist from the A.A. Grapevine,Un chequeo de las tradiciones de la revista AA Grapevine,SMF-131,,en; es,https://www.aa.org/traditions-checklist-aa-grapevine,https://www.aa.org/es/un-chequeo-de-las-tradiciones-de-la-revista-aa-grapevine,https://aaws.widen.net/content/7w4movk5ut/pdf/smf-131_traditions_checklist.pdf,https://aaws.widen.net/content/xmavzgbkmr/pdf/smfs-131_traditions_checklist.pdf,,,103,,,aa.org
guidelines-policies,pamphlet,The Twelve Concepts for World Service Illustrated,Los Doce Conceptos para el servicio mundial ilustrados,P-8,SP-8,en; es,https://www.aa.org/twelve-concepts-world-service-illustrated,https://www.aa.org/es/los-doce-conceptos-para-el-servicio-mundial-ilustrados,https://aaws.widen.net/content/f7g3peqmwu/pdf/p-8_twelve_concepts_illustrated_online.pdf,https://aaws.widen.net/content/v5vhas8cz1/pdf/sp-8_twelve_concepts_illustrated_online.pdf,,,200,,,aa.org
guidelines-policies,pamphlet,The Twelve Traditions Illustrated,Las Doce Tradiciones ilustradas,P-43,SP-43,en; es,https://www.aa.org/twelve-traditions-illustrated,https://www.aa.org/es/las-doce-tradiciones-ilustradas,https://aaws.widen.net/content/fkzmhdgxkh/pdf/p-43_traditions_illustrated_online.pdf,https://aaws.widen.net/content/mk4h6dfbie/pdf/sp-43_traditions_illustrated_online.pdf,,,201,,,aa.org
guidelines-policies,pamphlet,A.A. Tradition—How It Developed,La tradición de AA — Cómo se desarrolló,P-17,SP-17,en; es,https://www.aa.org/aa-tradition-how-it-developed,https://www.aa.org/es/la-tradicion-de-aa-como-se-desarrollo,https://aaws.widen.net/content/zypyan1fnw/pdf/p-17_aa_traditions_online.pdf,https://aaws.widen.net/content/s8dn56zekd/pdf/sp-17_aa_traditions_online.pdf,,,202,,,aa.org
guidelines-policies,faq,I have an idea for the Area. How do I make a motion?,Tengo una idea para el Área. ¿Cómo presento una moción?,,,,,,,,,,900,"Write it down and contact the GAP chair — GAP helps you word it, checks it against the Guidelines and Bylaws, and adds background. You introduce it at an ASC; it is discussed and voted at the next ASC, and if needed goes on to the Assembly.","Escríbela y contacta al coordinador(a) de GAP: GAP te ayuda a redactarla, la revisa frente a las Guías y Estatutos y agrega los antecedentes. Tú la presentas en un CSA; se discute y vota en el siguiente CSA y, si es necesario, pasa a la Asamblea.",
guidelines-policies,faq,Can GAP refuse a motion?,¿Puede GAP rechazar una moción?,,,,,,,,,,901,No. GAP processes all motions without censorship or veto; it only adds clarity and background.,No. GAP procesa todas las mociones sin censura ni veto; solo aporta claridad y antecedentes.,
literature,guideline,"Literature Committee Guidelines, Revision D","Guías del Comité de Literatura, Revisión D (inglés)",,,en,https://drive.google.com/file/d/1LEXcrnlb3oltso6vIedSnNhgICVdaH9i/view,,,,2021-03-15,current,10,,,
literature,guideline,"Literature Committee Guidelines (Spanish, 2013)",Guías del Comité de Literatura (2013),,,es,https://drive.google.com/file/d/1UtxbHIIQR6cZwUDKrfCKezYcMxEJjLO6/view,,,,2013,current,11,,,
literature,guideline,Literature Committee Guidelines (2004),Guías del Comité de Literatura (2004),,,en,https://drive.google.com/file/d/1ZUEhSwLyzVLhNAr_H69qGWKQKA-tlA2Z/view,,,,2004,superseded,12,,,
literature,link,A.A. online literature store,Tienda de literatura de A.A. en línea,,,,https://onlineliterature.aa.org/,,,,,,50,,,
literature,link,Subscribe to A.A. newsletters,Suscríbase a los boletines de A.A.,,,,https://www.aa.org/newsletters,,,,,,51,,,
literature,aa-page,Literature Committees,Comités de Literatura,,,en; es,https://www.aa.org/literature-committees,https://www.aa.org/es/literature-committees,,,,,100,,,aa.org
literature,aa-workbook,Literature Workbook,Libro de trabajo de Literatura,M-52I,SM-52I,en; es,https://www.aa.org/literature-workbook,https://www.aa.org/es/libro-de-trabajo-de-literatura,https://aaws.widen.net/content/iwb0i2p92u/pdf/m-52i_literature_workbook_online.pdf,https://aaws.widen.net/content/psp2mznsgp/pdf/sm-52i_literature_workbook_online.pdf,,,101,,,aa.org
literature,aa-guideline,A.A. Guidelines on Literature Committees,Guías de AA: Comités de Literatura,MG-09,SMG-09,en; es,https://www.aa.org/aa-guidelines-literature-committees,https://www.aa.org/es/guias-de-aa-comites-de-literatura,https://aaws.widen.net/content/u19jo2glks/pdf/mg-9_literature_online.pdf,https://aaws.widen.net/content/foq89yzye7/pdf/smg-9_literature_online.pdf,,,102,,,aa.org
literature,aa-material,Conference-Approved Literature,Literatura aprobada por la conferencia,SMF-29,,en; es,https://www.aa.org/conference-approved-literature,https://www.aa.org/es/literatura-aprobada-por-la-conferencia,https://aaws.widen.net/content/hfzsojoohs/pdf/smf-29_conference_approved_literature.pdf,https://aaws.widen.net/content/eojpoe9mww/pdf/smfs-29_conference_approved_literature.pdf,,,103,,,aa.org
literature,aa-material,A.A. Literature Catalog,Catálogo de Literatura de AA,F-10,F-10,en; es,https://www.aa.org/aa-literature-catalog,https://www.aa.org/es/catalogo-de-literatura-de-aa,https://aaws.widen.net/content/kurwimn3rc/pdf/f-10_2026_literature_sales_catalog_online.pdf,https://aaws.widen.net/content/kurwimn3rc/pdf/f-10_2026_literature_sales_catalog_online.pdf,,,104,,,aa.org
literature,faq,Can I buy literature at Area meetings?,¿Puedo comprar literatura en las reuniones del Área?,,,,,,,,,,900,No. The Area does not sell literature — that would compete with our central offices and the Area does no fundraising. The display shows what is available; buy through your central office or the A.A. online store.,No. El Área no vende literatura: competiría con nuestras oficinas centrales y el Área no recauda fondos. La exhibición muestra lo disponible; cómprala en tu oficina central o en la tienda en línea de A.A.,
public-information,guideline,Public Information Committee Guidelines,Guías del Comité de Información Pública (inglés),,,en,https://drive.google.com/file/d/16DnDFBTXWaOWQP6nWPlo9Tg_4zg6m0bR/view,,,,2004-09-12,current,10,,,
public-information,guideline,Public Information Committee Guidelines (Spanish),Guías del Comité de Información Pública,,,es,https://drive.google.com/file/d/1DPYOa-edDOtVUGhrgEjBMpJIxJWtukXf/view,,,,2004-09-12,current,11,,,
public-information,aa-page,Public Information Committees,Comités de Información Pública,,,en; es,https://www.aa.org/public-information-committees,https://www.aa.org/es/public-information-committees,,,,,100,,,aa.org
public-information,aa-workbook,Public Information Workbook,Libro de Trabajo de Información Pública,M-27I,SM-27I,en; es,https://www.aa.org/public-information-workbook,https://www.aa.org/es/libro-de-trabajo-de-informacion-publica,https://aaws.widen.net/content/5r7bskkrpv/pdf/m-27i_public_information_workbook_online.pdf,https://aaws.widen.net/content/wfibsdfvwp/pdf/sm-27i_public_information_workbook_online.pdf,,,101,,,aa.org
public-information,aa-guideline,A.A. Guidelines on Public Information,Guías de AA: Información Pública,MG-07,SMG-07,en; es,https://www.aa.org/aa-guidelines-public-information,https://www.aa.org/es/guias-de-aa-informacion-publica,https://aaws.widen.net/content/6gx5ad8ug7/pdf/mg-7_public_information_online.pdf,https://aaws.widen.net/content/ba97o6vbxl/pdf/smg-7_public_information_online.pdf,,,102,,,aa.org
public-information,aa-kit,Contents of Public Information Kit List,Contenido del paquete de Información Pública,F-65W,SF-65,en; es,https://www.aa.org/contents-public-information-kit-list,https://www.aa.org/es/contenido-del-paquete-de-informacion-publica,https://aaws.widen.net/content/akjatmvhq8/pdf/f-65-public_information_kit_online.pdf,https://aaws.widen.net/content/tbahgeoepu/pdf/sf-65_public_information_kit_online.pdf,,,103,,,aa.org
public-information,form,Public Information Suggestions for Local P.I. Activity,Sugerencias para la actividad local de Información Pública,SMF-32,,en; es,https://www.aa.org/public-information-suggestions-local-pi-activity,https://www.aa.org/es/sugerencias-para-actividad-local-de-informacion-publica,https://aaws.widen.net/content/yovjelua6f/pdf/smf-32_public_information.pdf,https://aaws.widen.net/content/lvpsn1gb8z/pdf/smfs-32_public_information.pdf,,,104,,,aa.org
public-information,aa-page,PI Service Cards,Tarjetas de servicio de IP,,,en; es,https://www.aa.org/pi-service-cards,https://www.aa.org/es/tarjetas-de-servicio-de-ip,,,,,105,,,aa.org
public-information,aa-page,Anonymity Letter to Media,Carta de Anonimato a los Medios de Comunicación,,,en; es,https://www.aa.org/anonymity-letter-to-media,https://www.aa.org/es/anonymity-letter-to-media,,,,,106,,,aa.org
public-information,aa-material,A.A. Fact Sheet,Hoja informativa de AA,SMF-94,,en; es,https://www.aa.org/aa-fact-sheet,https://www.aa.org/es/hoja-informativa-de-aa,https://aaws.widen.net/content/tggopjhcfz/pdf/smf-94_aa_fact_sheet.pdf,https://aaws.widen.net/content/iiitos9ehg/pdf/smfs-94_aa_fact_sheet.pdf,,,107,,,aa.org
public-information,aa-material,Anonymity in the Digital Age,El anonimato en la era digital,M-77,SM-77,en; es,https://www.aa.org/anonymity-digital-age,https://www.aa.org/es/el-anonimato-en-la-era-digital,https://aaws.widen.net/content/uifiz5qfa4/pdf/m-77_anonymity_fragile_11x17_online.pdf,https://aaws.widen.net/content/gtqj13ykum/pdf/sm-77_anonymity_fragile_11x17_online.pdf,,,108,,,aa.org
public-information,pamphlet,Speaking at Meetings Outside of A.A.,Cómo hablar en reuniones fuera de AA,P-40,SP-40,en; es,https://www.aa.org/speaking-meetings-outside-aa,https://www.aa.org/es/como-hablar-en-reuniones-fuera-de-aa,https://aaws.widen.net/content/c1ezbsvzrw/pdf/p-40_speaking_at_meetings_outside_of_aa_online.pdf,https://aaws.widen.net/content/k5m3vhovkn/pdf/sp-40_speaking_at_meetings_outside_of_aa_online.pdf,,,200,,,aa.org
public-information,pamphlet,Anonymity — Our Spiritual Foundation,Comprendiendo el anonimato,P-47,SP-47,en; es,https://www.aa.org/anonymity-our-spiritual-foundation,https://www.aa.org/es/comprendiendo-el-anonimato,https://aaws.widen.net/content/y60sj8tn4r/pdf/p-47_anonymity_our_spiritual_foundation_online.pdf,https://aaws.widen.net/content/hqb6sedqnu/pdf/sp-47_anonymity_our_spiritual_foundation_online.pdf,,,201,,,aa.org
public-information,aa-material,A.A. at a Glance,A.A. de un Vistazo,F-1,SF-1,en; es,https://www.aa.org/aa-glance,https://www.aa.org/es/aa-de-un-vistazo,https://aaws.widen.net/content/uufoysuuvn/pdf/f-1_aa_at_a_glance_online.pdf,https://aaws.widen.net/content/v9cvi20jme/pdf/sf-1_aa_at_a_glance_online.pdf,,,202,,,aa.org
public-information,form,Information on Alcoholics Anonymous,Información sobre Alcohólicos Anónimos,F-2,SF-2,en; es,https://www.aa.org/information-alcoholics-anonymous,https://www.aa.org/es/informacion-sobre-alcoholicos-anonimos,https://aaws.widen.net/content/qzskfh8hik/pdf/f-2_information_on_aa_online.pdf,https://aaws.widen.net/content/2g0tdsnecd/pdf/sf-2_information_on_aa_online.pdf,,,203,,,aa.org
public-information,pamphlet,Alcoholics Anonymous 2022 Membership Survey,Alcohólicos Anónimos: Encuesta de los miembros de 2022,P-48,SP-48,en; es,https://www.aa.org/alcoholics-anonymous-2022-membership-survey,https://www.aa.org/es/alcoholicos-anonimos-2022-encuesta-de-los-miembros,https://aaws.widen.net/content/avygm2q56g/pdf/p-48_2022_membership_survey_online.pdf,https://aaws.widen.net/content/ycenty1brn/pdf/sp-48_2022_membership_survey_online.pdf,,,204,,,aa.org
public-information,pamphlet,A.A. in Your Community,Alcohólicos Anónimos en su comunidad,P-31,SP-31,en; es,https://www.aa.org/aa-your-community,https://www.aa.org/es/alcoholicos-anonimos-en-su-comunidad,https://aaws.widen.net/content/juf92tp5e5/pdf/p-31_aa_in_your_community_online.pdf,https://aaws.widen.net/content/rzhygtnoja/pdf/sp-31_aa_in_your_community_online.pdf,,,205,,,aa.org
public-information,pamphlet,A Brief Guide to A.A.,Una breve guía a AA,P-42,SP-42,en; es,https://www.aa.org/brief-guide-aa,https://www.aa.org/es/una-breve-guia-aa,https://aaws.widen.net/content/a0umdnzw3f/pdf/p-42_a_brief_guide_to_aa_online.pdf,https://aaws.widen.net/content/bebcmptuaq/pdf/sp-42_a_brief_guide_to_aa_online.pdf,,,206,,,aa.org
public-information,pamphlet,Problems Other Than Alcohol,Problemas diferentes del alcohol,P-35,SP-35,en; es,https://www.aa.org/problems-other-alcohol,https://www.aa.org/es/problemas-diferentes-del-alcohol,https://aaws.widen.net/content/zwh6urzpne/pdf/p-35_problems_other_than_alcohol_online.pdf,https://aaws.widen.net/content/fpcj9wviea/pdf/sp-35_problems_other_than_alcohol_online.pdf,,,207,,,aa.org
public-information,pamphlet,Young People in A.A.,Los jóvenes en AA,P-4,SP-4,en; es,https://www.aa.org/young-people-aa,https://www.aa.org/es/los-jovenes-en-aa,https://aaws.widen.net/content/wwolmtrzl6/pdf/p-4_young_people_in_aa_online.pdf,https://aaws.widen.net/content/otzfhcezvf/pdf/sp-4_young_people_in_aa_online.pdf,,,208,,,aa.org
public-information,pamphlet,Too Young?,¿Demasiado joven?,P-37,SP-37,en; es,https://www.aa.org/too-young,https://www.aa.org/es/demasiado-joven,https://aaws.widen.net/content/c1ysds9vsx/pdf/p-37_too_young_online.pdf,https://aaws.widen.net/content/9lgk3yrcmm/pdf/sp-37_too_young_online.pdf,,,209,,,aa.org
public-information,faq,A reporter wants to interview me about A.A. What do I do?,Un periodista quiere entrevistarme sobre A.A. ¿Qué hago?,,,,,,,,,,900,"Contact the P.I. committee first. If you speak, do it as an A.A. member at the level of press, radio, TV and online media without full name or face (Tradition Eleven), and speak only for yourself, never for A.A.","Contacta primero al comité de IP. Si hablas, hazlo como miembro de A.A., sin nombre completo ni rostro ante la prensa, la radio, la televisión y los medios en línea (Undécima Tradición), y habla solo por ti, nunca por A.A.",
public-information,faq,What does a district P.I. committee do?,¿Qué hace un comité de IP de distrito?,,,,,,,,,,901,"Experience shared on the old P.I. page includes: Big Books in every public library, literature racks in schools and hospitals, letters offering presentations to high schools and senior centers, and listing open meetings in local media at the holidays.","Entre las experiencias compartidas: Libros Grandes en cada biblioteca pública, exhibidores de literatura en escuelas y hospitales, cartas ofreciendo presentaciones a preparatorias y centros para mayores, y anunciar reuniones abiertas en los medios locales en las fiestas.",
registration,guideline,Registration Committee Guidelines for Structure and Procedure,Guías del Comité de Registro,,,en,https://drive.google.com/file/d/1oFbECb2qJBasgIErAlQBnEH7Y9ryYTBg/view,,,,2004-05-16,current,10,,,
registration,form,Register a group or a new GSR (Area 09 online form),Registrar un grupo o un nuevo RSG (formulario en línea),,,,https://forms.gle/HWNEyhw44JvMKk4f8,,,,,,50,,,
registration,form,GSO New Group Listing Guidelines/Form,Guías y formulario para registrar nuevos grupos,F-30,SF-30,en; es,https://www.aa.org/gso-new-group-listing-guidelinesform,https://www.aa.org/es/guias-y-formulario-para-registrar-nuevos-grupos,https://aaws.widen.net/content/517i2qd5xr/pdf/f-30_new_group_form.pdf,https://aaws.widen.net/content/42dtvneju3/pdf/sf-30_new_group_form.pdf,,,100,,,aa.org
registration,form,GSO Group Information Change Form,Formulario de Cambio de Información de Grupo OSG de EE. UU. y Canadá,F-28,SF-28,en; es,https://www.aa.org/gso-group-information-change-form,https://www.aa.org/es/formulario-de-cambio-de-informacion-de-grupo-osg-de-ee-uu-y-canada,https://aaws.widen.net/content/qgs1ffnvwa/pdf/f-28_group_info_change_form.pdf,https://aaws.widen.net/content/tcwagus3gv/pdf/sf-28_group_info_change_form.pdf,,,101,,,aa.org
registration,form,GSO DCM & DCMC Information Change Form,Formulario de cambio de información de MCD y CMCD (EE. UU. y Canadá),F-43,SF-43,en; es,https://www.aa.org/gso-dcm-dcmc-information-change-form,https://www.aa.org/es/eeuu-y-canada-formulario-de-cambio-de-miembro-del-comite-de-distrito-y-coordinador-del-comite-del-d,https://aaws.widen.net/content/dqkve1pidg/pdf/f-43_dcm_change_form.pdf,https://aaws.widen.net/content/wsjx3ytu2p/pdf/sf-43_dcm_change_form.pdf,,,102,,,aa.org
registration,aa-kit,Contents of General Service Representative (G.S.R.) Kit List,Contenido del paquete de representante de servicios generales (RSG),,,en; es,https://www.aa.org/contents-general-service-representative-gsr-kit-list,https://www.aa.org/es/contenido-del-paquete-de-representante-de-servicios-generales-rsg,https://aaws.widen.net/content/qiuj4jhgqo/pdf/gsr_kit_digital_en_online.pdf,https://aaws.widen.net/content/mquntdlro4/pdf/gsr_kit_digital_sp_online.pdf,,,103,,,aa.org
registration,pamphlet,The A.A. Group...Where It All Begins,El grupo de AA... donde todo empieza,P-16,SP-16,en; es,https://www.aa.org/aa-groupwhere-it-all-begins,https://www.aa.org/es/el-grupo-de-aa-donde-todo-empieza,https://aaws.widen.net/content/l8p6vmffru/pdf/p-16_the_aa_group_online.pdf,https://aaws.widen.net/content/o3q3ebznbu/pdf/sp-16_the_aa_group_online.pdf,,,200,,,aa.org
registration,pamphlet,G.S.R. General Service Representative,RSG: Representante de Servicios Generales,P-19,SP-19,en; es,https://www.aa.org/gsr-general-service-representative,https://www.aa.org/es/rsg-representante-de-servicios-generales,https://aaws.widen.net/content/s4mowz4oh4/pdf/p-19_gsr_online.pdf,https://aaws.widen.net/content/qxygtljb1a/pdf/sp-19_gsr_online.pdf,,,201,,,aa.org
registration,faq,Our group changed its meeting time. Who do we tell?,Nuestro grupo cambió su horario. ¿A quién avisamos?,,,,,,,,,,900,"Tell your DCM or district registrar, and the Area Registrar (registrar@msca09aa.org) so G.S.O. records match. Also tell your central office so the meeting directory is updated.","Avisen a su MCD o al registrador del distrito, y al Registrador(a) del Área (registrar@msca09aa.org) para que los registros de la O.S.G. coincidan. Avisen también a su oficina central para actualizar el directorio.",
remote-communities,link,North–South Connections Forum: A.A. in Remote Communities,Foro Conexiones Norte–Sur: A.A. en comunidades remotas,,,,https://www.aa.org/North-South-Connections-Forum-AA-in-Remote-Communities,,,,,,50,,,
remote-communities,aa-page,Remote Communities Committees,Comités de Comunidades Remotas,,,en; es,https://www.aa.org/remote-communities-committees,https://www.aa.org/es/remote-communities-committees,,,,,100,,,aa.org
remote-communities,aa-guideline,A.A. Guidelines for Remote Communities,Guías de AA: Comunidades remotas,MG-19,SMG-19,en; es,https://www.aa.org/aa-guidelines-remote-communities,https://www.aa.org/es/guias-de-aa-comunidades-remotas,https://aaws.widen.net/content/8xa6v08bum/pdf/mg-19_remote_comunities_online.pdf,https://aaws.widen.net/content/l8evypicox/pdf/smg-19_remote_communities_online.pdf,,,101,,,aa.org
remote-communities,aa-workbook,Accessibilities Workbook,Libro de trabajo de Accesibilidad,M-48I,SM-48I,en; es,https://www.aa.org/accessibilities-workbook,https://www.aa.org/es/libro-de-trabajo-de-accesibilidad,https://aaws.widen.net/content/kjwtcdmpqy/pdf/m-48i_accessibilities_workbook_online.pdf,https://aaws.widen.net/content/wypdf2abkd/pdf/sm-48i_accessibilities_workbook_online.pdf,,,102,,,aa.org
remote-communities,aa-kit,Remote Communities Kit List,Contenido del paquete de Comunidades Remotas,F-227,SF-227,en; es,https://www.aa.org/remote-communities-kit-list,https://www.aa.org/es/contenido-del-paquete-de-comunidades-remotas,https://aaws.widen.net/content/jmr9apapqs/pdf/f-227-remote_communities_resource_list_online.pdf,https://aaws.widen.net/content/69s6sp654a/pdf/sf-227_remote_communities_resource_list_online.pdf,,,103,,,aa.org
remote-communities,aa-material,Loners Internationalists Correspondence Service,Loners-Internationalists Correspondence Service (en inglés),SMF-123,SMF-123,en; es,https://www.aa.org/loners-internationalists-correspondence-service,https://www.aa.org/es/loners-internationalists-correspondence-service-en-ingles,https://aaws.widen.net/content/ay0dqazwcj/pdf/smf-123_loners_international_correspondence_service.pdf,https://aaws.widen.net/content/ay0dqazwcj/pdf/smf-123_loners_international_correspondence_service.pdf,,,104,,,aa.org
remote-communities,pamphlet,Indigenous People in A.A.,Miembros de AA indígenas,P-21,SP-21,en; es,https://www.aa.org/indigenous-people-aa,https://www.aa.org/es/miembros-de-aa-indigenas,https://aaws.widen.net/content/e0c1dzwfey/pdf/p-21_indigenous_people_in_aa_online.pdf,https://aaws.widen.net/content/iceaa7cwqo/pdf/sp-21_indigenous_people_in_aa_online.pdf,,,200,,,aa.org
remote-communities,pamphlet,Access to A.A.: Members share on Overcoming Barriers,Accesibilidad en AA: los miembros hablan sobre superar las barreras,P-83,SP-83,en; es,https://www.aa.org/access-aa-members-share-overcoming-barriers,https://www.aa.org/es/accesibilidad-en-aa-los-miembros-hablan-sobre-superar-las-barreras,https://aaws.widen.net/content/7lgwk9eoqu/pdf/p-83_access_to_aa_online.pdf,https://aaws.widen.net/content/2c0rxn8ygp/pdf/sp-83_access_to_aa_online.pdf,,,201,,,aa.org
remote-communities,aa-material,Making the A.A. Message Accessible,Hacer accesible el mensaje de AA,F-107,SF-107,en; es,https://www.aa.org/making-aa-message-accessible,https://www.aa.org/es/hacer-accesible-el-mensaje-de-aa,https://aaws.widen.net/content/xkhfjltxc3/pdf/f-107_making_the_aa_message_accessible_online.pdf,https://aaws.widen.net/content/dkgli5wwdm/pdf/sf-107_making_the_aa_message_accessible_online.pdf,,,202,,,aa.org
technology,guideline,Technology Committee Guidelines,Guías del Comité de Tecnología (inglés),,,en,https://drive.google.com/file/d/1q0-5Q8zwq6JeONMaLNFhg1CLgrWjJooH/view,,,,2022-01-09,current,10,,,
technology,guideline,Technology Committee Guidelines (Spanish),Guías del Comité de Tecnología,,,es,https://drive.google.com/file/d/1ef88zLyS6c1VEK_vkZJXGD312L6pewca/view,,,,2022-01-09,current,11,,,
technology,guideline,G.S.O. Internet Guidelines (2008),Guías de Internet de la O.S.G. (2008),,,en,https://drive.google.com/file/d/1_ed1UfJ4BpGIsZxJcUWKRt8vSV3xlvNx/view,,,,2008,superseded,12,,,
technology,aa-guideline,A.A. Guidelines on Internet,Guías de AA: Internet,MG-18,SMG-18,en; es,https://www.aa.org/aa-guidelines-internet,https://www.aa.org/es/guias-de-aa-internet,https://aaws.widen.net/content/2lc7w7xylc/pdf/mg-18_internet_online.pdf,https://aaws.widen.net/content/f5t8c8radi/pdf/smg-18_internet_online.pdf,,,100,,,aa.org
technology,aa-guideline,A.A. Guidelines - Participation of Online Groups,Guías de AA - Participación de los grupos en línea,MG-26,SMG-26,en; es,https://www.aa.org/aa-guidelines-participation-online-groups,https://www.aa.org/es/guias-de-aa-participacion-de-los-grupos-en-linea,https://aaws.widen.net/content/5opivhiejg/pdf/MG-26_Participation_of_Online_Groups_ONLINE.pdf,https://aaws.widen.net/content/1ohn3cokqq/pdf/smg-26_participation_of_online_groups_online.pdf,,,101,,,aa.org
technology,aa-material,Frequently Asked Questions About A.A. Websites,Preguntas frecuentes acerca de los sitios web de A.A.,SMF-101,,en; es,https://www.aa.org/frequently-asked-questions-about-aa-websites,https://www.aa.org/es/preguntas-que-se-hacen-frequentemente-acerca-de-los-websites-de-aa,https://aaws.widen.net/content/shioesezjk/pdf/smf-101_frequently_ask_questions_about_aa_websites.pdf,https://aaws.widen.net/content/hlifr1dzvp/pdf/smfs-101_frequently_ask_questions_about_aa_websites.pdf,,,102,,,aa.org
technology,aa-material,Anonymity Online and Digital Media,El anonimato en línea y los medios digitales,SMF-197,,en; es,https://www.aa.org/anonymity-online-and-digital-media,https://www.aa.org/es/el-anonimato-en-linea-y-los-medios-digitales,https://aaws.widen.net/content/fwcyld3zm7/pdf/smf-197_anonymity_online_and_digital_media.pdf,https://aaws.widen.net/content/nxyrzq8kjz/pdf/smfs-197_anonymity_online_and_digital_media.pdf,,,103,,,aa.org
technology,aa-page,Meeting Guide,Meeting Guide (aplicación de reuniones),,,en; es,https://www.aa.org/meeting-guide-app,https://www.aa.org/es/meeting-guide-app,,,,,104,,,aa.org
technology,pamphlet,Anonymity — Our Spiritual Foundation,Comprendiendo el anonimato,P-47,SP-47,en; es,https://www.aa.org/anonymity-our-spiritual-foundation,https://www.aa.org/es/comprendiendo-el-anonimato,https://aaws.widen.net/content/y60sj8tn4r/pdf/p-47_anonymity_our_spiritual_foundation_online.pdf,https://aaws.widen.net/content/hqb6sedqnu/pdf/sp-47_anonymity_our_spiritual_foundation_online.pdf,,,200,,,aa.org
technology,faq,How do I get our event or document on the website?,¿Cómo publico nuestro evento o documento en el sitio web?,,,,,,,,,,900,"E-mail it to webmaster@msca09aa.org (or come to Friday office hours). Double-check dates and times, remove anonymity breaks (no full names, personal phones or personal e-mails), send Word or PDF, and include both English and Spanish if you can — otherwise translation will be arranged, which takes longer.","Envíalo a webmaster@msca09aa.org (o ven al horario de oficina de los viernes). Revisa fechas y horas, quita las rupturas de anonimato (sin nombres completos, teléfonos ni correos personales), envía Word o PDF e incluye inglés y español si puedes; si no, se gestionará la traducción, lo que tarda más.",
treatment,guideline,Treatment Facilities Committee Guidelines,Guías del Comité de Centros de Tratamiento (inglés),,,en,https://drive.google.com/file/d/1slaEx2mt3_o-NMz7KknSzNaWoDnf28Ut/view,,,,2004-09-12,current,10,,,
treatment,guideline,Treatment Facilities Committee Guidelines (Spanish),Guías del Comité de Tratamiento,,,es,https://drive.google.com/file/d/1lWDJ86hyTKonuhtpn3F4ekVWebUE54sg/view,,,,2004,current,11,,,
treatment,guideline,"G.S.O. Treatment Facilities Guidelines (2008, A.A. service material)",Guías de Centros de Tratamiento de la O.S.G. (2008),,,en,https://drive.google.com/file/d/13T-WxTEiqFG4Jo7QJsZ0ekvqKS-0ux8G/view,,,,2008,superseded,12,,,
treatment,guideline,Area 9 H&I committees and meetings,Comités de H&I del Área 9,,,en,https://drive.google.com/file/d/1HAk6XxnVufed4392tjDonGoSMgdE16VL/view,,,,2026,reference,13,,,
treatment,link,Request a Temporary Contact / volunteer (Area 9 BTG),Solicitar un Contacto Temporal / ser voluntario (BTG Área 9),,,,https://area9btg.org/,,,,,,50,,,
treatment,link,BTG District Kit and resources,Kit de distrito y recursos de BTG,,,,https://area9btg.org/districts/,,,,,,51,,,
treatment,aa-page,Treatment Committees,Comités de Tratamiento,,,en; es,https://www.aa.org/treatment-committees,https://www.aa.org/es/treatment-committees,,,,,100,,,aa.org
treatment,aa-workbook,Treatment Committee Workbook,Libro de Trabajo de Comités de Tratamiento,M-40I,SM-40I,en; es,https://www.aa.org/treatment-committee-workbook,https://www.aa.org/es/libro-de-trabajo-de-comites-de-tratamiento,https://aaws.widen.net/content/rxwlpebi8b/pdf/m-40i_treatment_workbook_online.pdf,https://aaws.widen.net/content/ktjbueay9m/pdf/sm-40i_treatment_workbook_online.pdf,,,101,,,aa.org
treatment,aa-guideline,A.A. Guidelines on Treatment Committees,Guías de AA acerca de comités de Tratamiento,MG-14,SMG-14,en; es,https://www.aa.org/aa-guidelines-treatment-committees,https://www.aa.org/es/guias-de-aa-acerca-de-comites-de-tratamiento,https://aaws.widen.net/content/uxzeaso6eu/pdf/mg-14_treatment_online.pdf,https://aaws.widen.net/content/a9ijkvep7j/pdf/smg-14_treatment_online.pdf,,,102,,,aa.org
treatment,aa-guideline,A.A. Guidelines - Bridging the Gap,Guías de AA - Puente hacia AA,MG-21,SMG-21,en; es,https://www.aa.org/aa-guidelines-bridging-gap,https://www.aa.org/es/guias-de-aa-puente-hacia-aa,https://aaws.widen.net/content/zzvnu0toie/pdf/mg-21_bridging_the_gap_online.pdf,https://aaws.widen.net/content/bntpbrivhv/pdf/smg-21_bridging_the_gap_online.pdf,,,103,,,aa.org
treatment,aa-kit,Contents of Treatment Committee Kit List,Contenido del paquete de comités de Tratamiento,F-167W,SF-167W,en; es,https://www.aa.org/contents-treatment-committee-kit-list,https://www.aa.org/es/contenido-del-paquete-de-comites-de-tratamiento,https://aaws.widen.net/content/px0bqwjej4/pdf/f-167_treatment_kit_online.pdf,https://aaws.widen.net/content/lwund0nshb/pdf/sf-167_treatment-kit-digital_online.pdf,,,104,,,aa.org
treatment,aa-material,Temporary Contact Volunteers - Bridging the Gap,Voluntarios de contacto temporal: Puente hacia AA,F-222,SF-222,en; es,https://www.aa.org/temporary-contact-volunteers-bridging-gap,https://www.aa.org/es/voluntarios-de-prepuesta-en-libertad-unir-las-orillas,https://aaws.widen.net/content/emyn5jlkwa/pdf/f-222_btg_temporary_contact_volunteers_online.pdf,https://aaws.widen.net/content/3ue8ngwpkd/pdf/sf-222_btg_temporary_contact_volunteers_online.pdf,,,105,,,aa.org
treatment,form,A.A. Temporary Contact/Bridging the Gap Request - Inside,Solicitud para participar en el Programa Puente hacia AA –– personas en tratamiento,F-183,SF-183,en; es,https://www.aa.org/aa-temporary-contactbridging-gap-request-inside,https://www.aa.org/es/solicitud-para-participar-en-el-programa-puente-hacia-aa-personas-en-tratamiento,https://aaws.widen.net/content/wv6d2b9sym/pdf/f-183_aa_bridging_the_gap_request_online.pdf,https://aaws.widen.net/content/138to8uzny/pdf/sf-183_aa_bridging_the_gap_request_online.pdf,,,106,,,aa.org
treatment,form,A.A. Temporary Contact/Bridging the Gap Volunteer - Outside,Programa Puente hacia AA – contacto temporal,F-184,SF-184,en; es,https://www.aa.org/aa-temporary-contactbridging-gap-volunteer-outside,https://www.aa.org/es/programa-puente-hacia-aa-contacto-temporal,https://aaws.widen.net/content/13theotaav/pdf/f-184_aa_bridging_the_gap_online.pdf,https://aaws.widen.net/content/xstrp7ztqv/pdf/sf-184_aa_bridging_the_gap_online.pdf,,,107,,,aa.org
treatment,pamphlet,Bridging the Gap,Programa Puente hacia AA,P-49,SP-49,en; es,https://www.aa.org/bridging-gap,https://www.aa.org/es/programa-puente-hacia-aa,https://aaws.widen.net/content/rbykxdzd0p/pdf/p-49_bridging_the_gap_online.pdf,https://aaws.widen.net/content/zwbu5ya9hx/pdf/sp-49_bridging_the_gap_online.pdf,,,200,,,aa.org
treatment,pamphlet,A.A. in Treatment Settings,AA en los entornos de tratamiento,P-27,SP-27,en; es,https://www.aa.org/aa-treatment-settings,https://www.aa.org/es/aa-en-los-entornos-de-tratamiento,https://aaws.widen.net/content/kxctx5sxx7/pdf/p-27_aa_in_treatment_settings_online.pdf,https://aaws.widen.net/content/rf1piurk9i/pdf/sp-27_aa_treatment_settings_online.pdf,,,201,,,aa.org
treatment,pamphlet,A.A. as a Resource for the Health Care Professional,AA como recurso para los profesionales de la salud,P-23,SP-23,en; es,https://www.aa.org/aa-resource-health-care-professional,https://www.aa.org/es/aa-como-recurso-para-los-profesionales-de-la-salud,https://aaws.widen.net/content/tsrr4le7e4/pdf/p-23_aa_resource_hcp_online.pdf,https://aaws.widen.net/content/fdd55rlfv1/pdf/sp-23_aa_resource_hcp_online.pdf,,,202,,,aa.org
treatment,pamphlet,A.A. for Alcoholics with Mental Health Issues – and their sponsors,AA para los alcohólicos que padecen trastornos mentales... y sus padrinos,P-87,SP-87,en; es,https://www.aa.org/aa-alcoholics-mental-health-issues-and-their-sponsors,https://www.aa.org/es/aa-para-los-alcoholicos-que-padecen-trastornos-mentales-y-sus-padrinos,https://aaws.widen.net/content/mkhniveafs/pdf/p-87_aa_alcoholics_w_mental_health_issues_online.pdf,https://aaws.widen.net/content/ciyrqrfopk/pdf/sp-87_aa_alcoholics_w_mental_health_online.pdf,,,203,,,aa.org
treatment,faq,What does a Temporary Contact actually do?,¿Qué hace en realidad un Contacto Temporal?,,,,,,,,,,900,"For a short time you meet the newcomer after they leave the facility, take them to a few different meetings, introduce them to other members, make sure they have phone numbers, and share your experience with sponsorship and a home group. That's it — basic Twelfth Step work.","Por poco tiempo, se reúne con el recién llegado cuando sale del centro, lo lleva a algunas reuniones distintas, le presenta a otros miembros, se asegura de que tenga números de teléfono y comparte su experiencia con el apadrinamiento y el grupo base. Eso es todo: trabajo básico de Paso Doce.",
treatment,faq,Is Treatment the same as H&I?,¿Tratamiento es lo mismo que H&I?,,,,,,,,,,901,"No. H&I committees are autonomous coordinate committees that take panels (meetings) into facilities. The Area Treatment Committee coordinates with them, runs Bridging the Gap and works with facility staff.","No. Los comités de H&I son comités coordinados autónomos que llevan paneles (reuniones) a los centros. El Comité de Tratamiento del Área coordina con ellos, dirige Puente hacia A.A. y trabaja con el personal de los centros.",
ypaa,guideline,Young Person's Standing Committee Guidelines,Guías del Comité de Jóvenes en A.A. (inglés),,,en,https://drive.google.com/file/d/1a6zf3attsQd19SbBI5zRFFknWj9QnZuD/view,,,,2019-01-15,current,10,,,
ypaa,guideline,Young Person's Standing Committee Guidelines (Spanish),Guías del Comité de Jóvenes en A.A.,,,es,https://drive.google.com/file/d/1bdDtxflyWf8KuYOJbeU9TjvTZU5gVeP4/view,,,,2019-01-15,current,11,,,
ypaa,link,ACYPAA — All California Young People in A.A.,ACYPAA — Todos los Jóvenes de California en A.A.,,,,https://www.acypaa.org/,,,,,,50,,,
ypaa,link,ICYPAA — International Conference of Young People in A.A.,ICYPAA — Conferencia Internacional de Jóvenes en A.A.,,,,https://www.icypaa.org/,,,,,,51,,,
ypaa,video,Young people's animation video (aa.org),Video animado para jóvenes (aa.org),,,,https://www.aa.org/young-people%27s-animation-video,,,,,,52,,,
ypaa,aa-page,Young and Sober in A.A.,Joven y sobrio en AA,,,en; es,https://www.aa.org/young-and-sober-in-aa,https://www.aa.org/es/joven-y-sobrio-en-aa,,,,,100,,,aa.org
ypaa,pamphlet,Young People in A.A.,Los jóvenes en AA,P-4,SP-4,en; es,https://www.aa.org/young-people-aa,https://www.aa.org/es/los-jovenes-en-aa,https://aaws.widen.net/content/wwolmtrzl6/pdf/p-4_young_people_in_aa_online.pdf,https://aaws.widen.net/content/otzfhcezvf/pdf/sp-4_young_people_in_aa_online.pdf,,,200,,,aa.org
ypaa,pamphlet,Too Young?,¿Demasiado joven?,P-37,SP-37,en; es,https://www.aa.org/too-young,https://www.aa.org/es/demasiado-joven,https://aaws.widen.net/content/c1ysds9vsx/pdf/p-37_too_young_online.pdf,https://aaws.widen.net/content/9lgk3yrcmm/pdf/sp-37_too_young_online.pdf,,,201,,,aa.org
ypaa,faq,"Do I have to be ""young"" to come?","¿Tengo que ser ""joven"" para asistir?",,,,,,,,,,900,No. Anyone interested in YPAA and in carrying the message to young alcoholics is welcome at the committee.,No. Cualquier persona interesada en YPAA y en llevar el mensaje a los alcohólicos jóvenes es bienvenida en el comité.,
hospitals-institutions,guideline,Area 9 H&I committees and meetings,Comités de H&I del Área 9,,,en,https://drive.google.com/file/d/1HAk6XxnVufed4392tjDonGoSMgdE16VL/view,,,,2026,reference,10,,,
hospitals-institutions,aa-guideline,A.A. Guidelines on Corrections Committees,Guías de A.A. acerca de Comités de Correccionales,MG-06,SMG-06,en; es,https://www.aa.org/aa-guidelines-corrections-committees,https://www.aa.org/es/guias-de-aa-acerca-de-comites-de-correccionales,https://aaws.widen.net/content/9lk1ph8aqv/pdf/mg-6_corrections_online.pdf,https://aaws.widen.net/content/qs3cvdlw19/pdf/smg-6_corrections_online.pdf,,,100,,,aa.org
hospitals-institutions,aa-guideline,A.A. Guidelines on Treatment Committees,Guías de AA acerca de comités de Tratamiento,MG-14,SMG-14,en; es,https://www.aa.org/aa-guidelines-treatment-committees,https://www.aa.org/es/guias-de-aa-acerca-de-comites-de-tratamiento,https://aaws.widen.net/content/uxzeaso6eu/pdf/mg-14_treatment_online.pdf,https://aaws.widen.net/content/a9ijkvep7j/pdf/smg-14_treatment_online.pdf,,,101,,,aa.org
hospitals-institutions,pamphlet,A.A. in Correctional Facilities,AA en las instituciones correccionales,P-26,SP-26,en; es,https://www.aa.org/aa-correctional-facilities,https://www.aa.org/es/aa-en-las-instituciones-correccionales,https://aaws.widen.net/content/2ibku8tcy9/pdf/p-26_aa_in_correctionals_facilities_online.pdf,https://aaws.widen.net/content/iqb9aopew2/pdf/sp-26_aa_in_correctionals_facilities_online.pdf,,,200,,,aa.org
hospitals-institutions,pamphlet,A.A. in Treatment Settings,AA en los entornos de tratamiento,P-27,SP-27,en; es,https://www.aa.org/aa-treatment-settings,https://www.aa.org/es/aa-en-los-entornos-de-tratamiento,https://aaws.widen.net/content/kxctx5sxx7/pdf/p-27_aa_in_treatment_settings_online.pdf,https://aaws.widen.net/content/rf1piurk9i/pdf/sp-27_aa_treatment_settings_online.pdf,,,201,,,aa.org
hospitals-institutions,pamphlet,It Sure Beats Sitting in a Cell,Es mejor que estar sentado en una celda,P-33,SP-33,en; es,https://www.aa.org/it-sure-beats-sitting-cell,https://www.aa.org/es/es-mejor-que-estar-sentado-en-una-celda,https://aaws.widen.net/content/j7x4gmadkp/pdf/p-33_it_sure_beats_sitting_in_a_cell_online.pdf,https://aaws.widen.net/content/2jjblbmp5y/pdf/sp-33_it_sure_beats_sitting_in_a_cell_online.pdf,,,202,,,aa.org
intergroups,aa-guideline,A.A. Guidelines on Central or Intergroup Offices,Guías de AA: Intergrupos u oficinas centrales,MG-02,SMG-2,en; es,https://www.aa.org/aa-guidelines-central-or-intergroup-offices,https://www.aa.org/es/guias-de-aa-intergrupos-u-oficinas-centrales,https://aaws.widen.net/content/djpbqgriaq/pdf/mg-2_intergroup_or_central_offices_online.pdf,https://aaws.widen.net/content/a0039rapgs/pdf/smg-2_intergroup_or_central_offices_online.pdf,,,100,,,aa.org
sound,guideline,Area Sound Guidelines,Guías de Sonido del Área,,,en,https://drive.google.com/file/d/1exOOBFs8DysNxl4GtSGGhCoqvB92-rxm/view,,,,2014-01,current,10,,,
hospitality,guideline,Guidelines for Hosting an MSCA Event (2012),Guías para organizar un evento de MSCA (2012),,,en,https://drive.google.com/file/d/1ji2VKze1y5OVRJm7JAGwh3HGaSGoKQtX/view,,,,2012,reference,10,,,
hispanic-womens,pamphlet,Hispanic Women in A.A.,Mujeres hispanas en AA,P-90,SP-90,en; es,https://www.aa.org/hispanic-women-aa,https://www.aa.org/es/mujeres-hispanas-en-aa,https://aaws.widen.net/content/7jmwjclixx/pdf/p-90_hispanic_women_in_aa_online.pdf,https://aaws.widen.net/content/asgrhynlsx/pdf/sp-90_hispanic_women_in_aa_online.pdf,,,200,,,aa.org
hispanic-womens,pamphlet,Women in A.A.,Las mujeres en AA,P-5,SP-5,en; es,https://www.aa.org/women-aa,https://www.aa.org/es/las-mujeres-en-aa,https://aaws.widen.net/content/0cdf36r7zu/pdf/p-5_women_in_aa_online.pdf,https://aaws.widen.net/content/y0aowdqutj/pdf/sp-5_women_in_aa_online.pdf,,,201,,,aa.org
audit,aa-guideline,A.A. Guidelines on Finance,Guías de AA: Finanzas,MG-15,SMG-15,en; es,https://www.aa.org/aa-guidelines-finance,https://www.aa.org/es/guias-de-aa-finanzas,https://aaws.widen.net/content/uhcnssi2zv/pdf/mg-15_finance_online.pdf,https://aaws.widen.net/content/gzgpjtvbed/pdf/smg-15_finance_online.pdf,,,100,,,aa.org
ad-hoc-website,aa-guideline,A.A. Guidelines on Internet,Guías de AA: Internet,MG-18,SMG-18,en; es,https://www.aa.org/aa-guidelines-internet,https://www.aa.org/es/guias-de-aa-internet,https://aaws.widen.net/content/2lc7w7xylc/pdf/mg-18_internet_online.pdf,https://aaws.widen.net/content/f5t8c8radi/pdf/smg-18_internet_online.pdf,,,100,,,aa.org
ad-hoc-website,aa-material,Frequently Asked Questions About A.A. Websites,Preguntas frecuentes acerca de los sitios web de A.A.,SMF-101,,en; es,https://www.aa.org/frequently-asked-questions-about-aa-websites,https://www.aa.org/es/preguntas-que-se-hacen-frequentemente-acerca-de-los-websites-de-aa,https://aaws.widen.net/content/shioesezjk/pdf/smf-101_frequently_ask_questions_about_aa_websites.pdf,https://aaws.widen.net/content/hlifr1dzvp/pdf/smfs-101_frequently_ask_questions_about_aa_websites.pdf,,,101,,,aa.org
monthly-service-study,faq,Do I need to be in a service position?,¿Necesito tener un puesto de servicio?,,,,,,,,,,900,No. It is open to any A.A. member who wants to learn about service.,No. Está abierto a cualquier miembro de A.A. que quiera aprender sobre el servicio.,
pre-conference,faq,Do I have to be a GSR to take part?,¿Tengo que ser RSG para participar?,,,,,,,,,,900,No. Anyone can attend and listen. GSRs and DCMs carry their group's and district's conscience; ask your DCM how your district is preparing.,No. Cualquiera puede asistir y escuchar. Los RSG y MCD llevan la conciencia de su grupo y distrito; pregunta a tu MCD cómo se está preparando tu distrito.,
foro,faq,Do I need to speak Spanish?,¿Necesito hablar español o inglés?,,,,,,,,,,900,No. FORO is bilingual — English and Spanish.,No. El FORO es bilingüe: en inglés y en español.,
foro,report,"FORO, July 2020 — recap notes (English)","FORO, julio de 2020: notas de resumen (inglés)",,,en,https://drive.google.com/file/d/1AOkmTeYDBVsUiJFZ9qEqJfm0BBx7fd6u/view,,,,2020-07,,300,,,
foro,report,"FORO, July 2020 — recap notes (Spanish)","FORO, julio de 2020: notas de resumen (español)",,,es,https://drive.google.com/file/d/1-twi8UfqcsZ2xOeLODYArJvX84rX-D9I/view,,,,2020-07,,301,,,
foro,report,"FORO, July 2010 (English)","FORO, julio de 2010 (inglés)",,,en,https://drive.google.com/file/d/15jxwvjGOklcEJ5EMxZCLIGEYKpgpRCXE/view,,,,2010-07,,302,,,
foro,report,"FORO, July 2010 (Spanish)","FORO, julio de 2010 (español)",,,es,https://drive.google.com/file/d/17vPuoZgVOztGVmvV_RHl1W4JnSNtToSd/view,,,,2010-07,,303,,,
foro,pending,FORO roundtable summaries 2020–2022 (English and Spanish),Resúmenes de las mesas redondas del FORO 2020–2022 (inglés y español),,,,,,,,,report,299,,,Old-site copies only (FORO-Roundtable-Summary-*-2020/2021/2022). Link here once copied to docs/.
