drive_id,checked_on,result,notes
"# Drive files (flyers and PDFs) whose printed words were already checked for personal phone numbers, e-mail addresses and sobriety dates (scripts/check-media.mjs, run weekly by .github/workflows/media-check.yml). Written automatically; a file listed here is not read again.",,,
# result = clean | hold: … (the file is also in flyer-holds.csv and the site leaves it out) | cleared (a person looked: false alarm) | error: … (tried again after 30 days). Delete a row to have that file read again. Never write the personal details themselves.,,,
1-7aSXQJn78FcHhnT49bZO7VlYoaXHrAX,2026-10-06,clean,calendar flyer · read in the site review (Windows OCR)
1-cg5p6XAfp8YkprpxwNM7BU_a6U8FJI0,2026-10-06,clean,calendar flyer · read in the site review (Windows OCR); no printed words found
1-p91GIaoRpJQqne8kpHiPacYMk83PNZG,2026-10-06,clean,calendar flyer · read in the site review (Windows OCR)
1-R28xn0BnTtAof8IfCL52Uwxk4z4x6Ws,2026-10-06,clean,calendar flyer · read in the site review (Windows OCR)
1-WhqjXWiCiA2BrfJFQEzFCKV2GdOh9Iy,2026-10-06,clean,calendar flyer · read in the site review (Windows OCR)
1-Y2ATkY2EMcTYMErjJukcxEz7fHpovcK,2026-10-06,hold: personal phone number,calendar flyer · read in the site review (Windows OCR)
10B89H_Sh8VCAuPMgS6qkh9COOHk492Gy,2026-10-06,clean,calendar flyer · read in the site review (Windows OCR)
10dnkEvIO4ZLEKAnxwd48zoBoOoT7cYsG,2026-10-06,clean,calendar flyer · read in the site review (Windows OCR)
10G6ZZ11Cs290gLVoera13Rk9fdOU9TC8,2026-10-06,clean,calendar flyer · read in the site review (Windows OCR)
10GODFfdWY-uOCkSMWW0CjXSGjFZtFQr1,2026-10-06,clean,calendar flyer · read in the site review (Windows OCR)
10nviQWyWrmnXns7TF_qN4Fcm4_RnfN6f,2026-10-06,clean,calendar flyer · read in the site review (Windows OCR)
11-Muqx1lMy6yILI-lOppwe5uIpeQf7cT,2026-10-06,hold: personal phone number,calendar flyer · read in the site review (Windows OCR)
110Di2e58yYaZ-ozkEd9UDbBjbCdUhIiF,2026-10-06,clean,calendar flyer · read in the site review (Windows OCR)
11bxzAJV9ciRNu9IG24uQ5-M1Zf05vixZ,2026-10-06,clean,calendar flyer · read in the site review (Windows OCR)
11cE1xz7SnroFQr0s7djS29nFxUTCbPiV,2026-10-06,clean,calendar flyer · read in the site review (Windows OCR)
11i4xMhF6PwOpdaUA40utTibViAn0FAGH,2026-10-06,clean,calendar flyer · read in the site review (Windows OCR)
11jmpCx_85Fei_YeOHA1EcLkogv--zO-0,2026-10-06,clean,calendar flyer · read in the site review (Windows OCR)
11qp-Srnio9LXW8HD_fcg3YD7GMNM7pps,2026-10-06,clean,calendar flyer · read in the site review (Windows OCR)
124fojR1ASiWt9iU-GGEzQtL_e49A5dqw,2026-10-06,clean,calendar flyer · read in the site review (Windows OCR)
126_VIj58pZ7NUihJTJ4ZtuxKmwplfz7K,2026-10-06,clean,calendar flyer · read in the site review (Windows OCR)
12h6-LzvMlXQzGXk2I-cufcNRGYy2N-iX,2026-10-06,clean,calendar flyer · read in the site review (Windows OCR)
12L9S5beTXXobQIPU2Od1j-s2_tJkn4Al,2026-10-06,hold: personal phone number + free-mail contact address,calendar flyer · read in the site review (Windows OCR)
12Y88vFpNuzNCWBn0T5kZ8Lm694ssgjEc,2026-10-06,hold: personal phone number,calendar flyer · read in the site review (Windows OCR)
133LHk15tM1aTIfpBLG-AGlWS2_BNAfY-,2026-10-06,clean,calendar flyer · read in the site review (Windows OCR)
13FbbAdqHxkjaxeXiob3BZcz6Jr93_TCz,2026-10-06,clean,calendar flyer · read in the site review (Windows OCR)
13FleP_ooQgVwPbtTWeBaiBpnqKatf5YN,2026-10-06,clean,calendar flyer · read in the site review (Windows OCR)
13G2fwOWMzWm4q9pdi5L8KT9kcO1lNf8w,2026-10-06,clean,calendar flyer · read in the site review (Windows OCR)
13v-p-GFHkXVrcVFCm5Am-aAI5w9Ue9jI,2026-10-06,clean,calendar flyer · read in the site review (Windows OCR)
14hF2J1i3jsR5Wdd7Z9wKtm7WFb2zx6OL,2026-10-06,clean,calendar flyer · read in the site review (Windows OCR)
14i6N8f0TUUnqdUn2I0qnrjrtb8ElDNJs,2026-10-06,clean,calendar flyer · read in the site review (Windows OCR)
14K1isVV7vT7TY1Bgcb2iBBhCXKofTSDa,2026-10-06,clean,calendar flyer · read in the site review (Windows OCR)
14zPfYaBQLY-N7yIEGb1hbxGBSMtFCJ-Y,2026-10-06,clean,calendar flyer · read in the site review (Windows OCR)
15B-YD9sLfzGkxB9sYESTiWfiONcZn97E,2026-10-06,clean,calendar flyer · read in the site review (Windows OCR)
15dO60qBEy4uFMNgC_X7e-duGR2TeDiiQ,2026-10-06,clean,calendar flyer · read in the site review (Windows OCR)
15E5A1ahSfvs_fxcf4LS3eGli6UeCqTRr,2026-10-06,clean,calendar flyer · read in the site review (Windows OCR)
15i08xNjL4AVzK5HGa63ND8_1m-bgWX0G,2026-10-06,hold: personal phone number,calendar flyer · read in the site review (Windows OCR)
15NGmIO37nM0Qf4cPLcnaYy3zqeYvP1Rc,2026-10-06,clean,calendar flyer · read in the site review (Windows OCR)
15V2MqT9unrol82ka2R8ru37nB8-H35PX,2026-10-06,clean,calendar flyer · read in the site review (Windows OCR)
15w1Pl-HhAAEOO-8Rh-GIOHYDYJbjC8-2,2026-10-06,clean,calendar flyer · read in the site review (Windows OCR)
15ZycRtzgKu5esJKLLm3KIJAM1V1I3T0Q,2026-10-06,clean,calendar flyer · read in the site review (Windows OCR)
166P9lLiZIex3NBGPWJ82gxPVLeec5n9K,2026-10-06,hold: personal phone number,calendar flyer · read in the site review (Windows OCR)
16dCSje1ogDxYhswapFkY4XWKMIqDMr6x,2026-10-06,clean,calendar flyer · read in the site review (Windows OCR)
16FQa4ziVoQhrBDpfPZ5H3t1QH3CA6dwB,2026-10-06,clean,calendar flyer · read in the site review (Windows OCR)
16gOHWSbIQhI5FI9xI0tJgmxO3oy7hX0S,2026-10-06,clean,calendar flyer · read in the site review (Windows OCR)
16GQTdytXlKrzkooMIlRzB5Gg9rGGX0Rs,2026-10-06,clean,calendar flyer · read in the site review (Windows OCR)
16GUBJr3vFA1r942xcHXnX6_ZlAgvI9YF,2026-10-06,clean,calendar flyer · read in the site review (Windows OCR)
16IK5YWwKMZZWK83OqdXKB9ngUApY9EdN,2026-10-06,clean,calendar flyer · read in the site review (Windows OCR)
16jLo0_BeknBsVSDvS2K6l_T2aL1imH-_,2026-10-06,clean,calendar flyer · read in the site review (Windows OCR)
16moLwkX4D8lUBgvVlbxeepksYhRhVrKB,2026-10-06,clean,calendar flyer · read in the site review (Windows OCR)
16ph6Y7LpL-yOcKAwCxeKzuIgF0_aI1Jj,2026-10-06,clean,calendar flyer · read in the site review (Windows OCR)
16Pt5WlQR0Hcec6Uqn7fDPGcgNZk1fLCJ,2026-10-06,clean,calendar flyer · read in the site review (Windows OCR)
16x2CRHJvMljir1jRl0aTMjHRnXUjHr99,2026-10-06,clean,calendar flyer · read in the site review (Windows OCR)
16YvgRk_ITGbeIgeLSlkg9cuNzeWtp3-Q,2026-10-06,hold: personal phone number + free-mail contact address,calendar flyer · read in the site review (Windows OCR)
16_lm_hgqk0zRFLKKuNB9VXGmisTLSvIO,2026-10-06,clean,calendar flyer · read in the site review (Windows OCR)
17Dl1Gn7WiPrsUuPWbjX4ln6VaJlI03nx,2026-10-06,hold: personal phone number,calendar flyer · read in the site review (Windows OCR)
17ioSjLhpnsmQuq_zdvfOFU6ifoGKVFaZ,2026-10-06,clean,calendar flyer · read in the site review (Windows OCR)
17je0lrG5UpJy_fG042-H3zW-NC0-UQJu,2026-10-06,clean,calendar flyer · read in the site review (Windows OCR)
17kV81Y8zQMa2KPtoDRCfSINYYm4DkEDH,2026-10-06,clean,calendar flyer · read in the site review (Windows OCR)
17puoGZWbtm1oc186PeE09W8O6T6N7dV5,2026-10-06,clean,calendar flyer · read in the site review (Windows OCR)
17tNFp-3e5_i5ZLZ0d38T9JgcAbyrJIXr,2026-10-06,clean,calendar flyer · read in the site review (Windows OCR)
17UhdJaxMDkbREPvZRnIfzZOIrCEKzsUu,2026-10-06,clean,calendar flyer · read in the site review (Windows OCR)
18D70iPs-kUGNJzNyo8BQJL4gSpOJ1ERn,2026-10-06,clean,calendar flyer · read in the site review (Windows OCR)
18F8spEHIysLzudN9oqoTbWFkNbnBkqE_,2026-10-06,clean,calendar flyer · read in the site review (Windows OCR)
18z0vnzaDbiQFPDHjTYMvMQX8i-_cFaJb,2026-10-06,clean,calendar flyer · read in the site review (Windows OCR)
18ZUAPvIRxjJ8kO1A2Xbx98ErWdGMV4xb,2026-10-06,clean,calendar flyer · read in the site review (Windows OCR); no printed words found
190FxizSdUKhAhlJ64XShrdPqz99B4jjj,2026-10-06,hold: personal phone number,calendar flyer · read in the site review (Windows OCR)
19F3GWLwpeRclsIhPb-XNis3vLhMRaQH8,2026-10-06,clean,calendar flyer · read in the site review (Windows OCR)
19shW1RyXCaISjW5xaLbiP0WRq-tkMGGg,2026-10-06,clean,calendar flyer · read in the site review (Windows OCR)
1aaC6zSEukR7B6fFxXRPzX-y-sf15VMNT,2026-10-06,hold: personal phone number,calendar flyer · read in the site review (Windows OCR)
1AEfK7LcyQ334-kuIJ-q3ICeMEIH2K2tY,2026-10-06,hold: personal phone number,calendar flyer · read in the site review (Windows OCR)
1AhGCh5roLXOLA3NjZP0pHCKkmLLDfuK8,2026-10-06,clean,calendar flyer · read in the site review (Windows OCR)
1AljVTavubJrSxKbqO3gvFY3dZOd9ZdNg,2026-10-06,clean,calendar flyer · read in the site review (Windows OCR)
1aM80bOWKtptkadbiKKAJfQ-hCVugmRiO,2026-10-06,clean,calendar flyer · read in the site review (Windows OCR)
1anoFqXOR9YCgbq3G3lxcqUAA120-KNx4,2026-10-06,clean,calendar flyer · read in the site review (Windows OCR)
1ARYJYI9-sdiUfOccqaPbqsS35xXJzqeY,2026-10-06,clean,calendar flyer · read in the site review (Windows OCR)
1AtGHy0D3bRRZx83LHuzQyGzSiYlhCYLC,2026-10-06,clean,calendar flyer · read in the site review (Windows OCR)
1Au9gXS7zDtt3vLsnD9JFIS0QEm_7rTt0,2026-10-06,clean,calendar flyer · read in the site review (Windows OCR)
1Avqhp4Y6JYtJ1u0Ajx0D0S7yuuY3Wa5o,2026-10-06,clean,calendar flyer · read in the site review (Windows OCR)
1B30RKbHRIT52Ud5IGjj7ANPIy6f2cI_a,2026-10-06,hold: personal e-mail,calendar flyer · read in the site review (Windows OCR)
1bC74P6F3Bo6TpsAHofMr3Rb2iEP_Qygm,2026-10-06,clean,calendar flyer · read in the site review (Windows OCR)
1bC8xcouVXz-QRU5LUrGCssjqhiVHsb_s,2026-10-06,clean,calendar flyer · read in the site review (Windows OCR)
1BccM1ri3OSnZu8PsO1nnOAyzrTocaxG5,2026-10-06,hold: personal phone number,calendar flyer · read in the site review (Windows OCR)
1bdLXjXVxifAWyq2qJLa5gu6wZvLlp72u,2026-10-06,clean,calendar flyer · read in the site review (Windows OCR)
1BhtBoyIYkgNAUEZ2AnxjB0ev2HAZL8U1,2026-10-06,clean,calendar flyer · read in the site review (Windows OCR)
1BybdXV8CH6c0ayN6E0bTN6DKsZZq3JCs,2026-10-06,clean,calendar flyer · read in the site review (Windows OCR)
1cB6UnHo7VDYG_QbmXWOM6FkNZV4U8R0j,2026-10-06,clean,calendar flyer · read in the site review (Windows OCR)
1cB9RGE8LprHpQsOYa_BqaVPqnhd96n3-,2026-10-06,hold: personal phone number,calendar flyer · read in the site review (Windows OCR)
1cJ9gKR02BnRE2a93K9CD1Q3YD47lh3DI,2026-10-06,clean,calendar flyer · read in the site review (Windows OCR)
1cjSs01hhRfGJeYxG0_qXXg7k0qdvF0yo,2026-10-06,clean,calendar flyer · read in the site review (Windows OCR)
1CJZJme5SZVsnqMDzMp8uJCIGUJz_olJO,2026-10-06,clean,calendar flyer · read in the site review (Windows OCR)
1CQFLXDbjPoHQE2yW0GSVSdwRsYHepr66,2026-10-06,clean,calendar flyer · read in the site review (Windows OCR)
1cr5Y1AXQ0KIVzcmwaAGvoP3RhfXnWxmf,2026-10-06,clean,calendar flyer · read in the site review (Windows OCR)
1Ctn9gat_0PedhE4CTPC2ragBEa-ItkzE,2026-10-06,clean,calendar flyer · read in the site review (Windows OCR)
1cuHZwjSM2cXdxasxBJOcBZMDmA9WB--s,2026-10-06,clean,calendar flyer · read in the site review (Windows OCR)
1cUsWuYRCzw0DE4NJl-aWLTmc3GHQKHcz,2026-10-06,clean,calendar flyer · read in the site review (Windows OCR)
1DadHtWxEmjncW5dvQjFwz9_dgci1fQ29,2026-10-06,clean,calendar flyer · read in the site review (Windows OCR)
1DDg-vy7g2PKFKvEQMHy2aS-a3umHtnSK,2026-10-06,clean,calendar flyer · read in the site review (Windows OCR)
1ddKcS89GTcjvQ5gxcfL9boqleQ9TA-x7,2026-10-06,clean,calendar flyer · read in the site review (Windows OCR)
1DFp3clLep6Mx2OS-pgbXcJHsMEUKpOJD,2026-10-06,clean,calendar flyer · read in the site review (Windows OCR)
1DFsn6AHZUw9NMgsYxOLuj5nnH4XGPO-M,2026-10-06,hold: personal phone number,calendar flyer · read in the site review (Windows OCR)
1DFSUaqiER8efycAY90_6W53df7u-OSbh,2026-10-06,clean,calendar flyer · read in the site review (Windows OCR)
1DGIJTY8wSoWCdh_KBIYDBSHFxm2oKCgu,2026-10-06,clean,calendar flyer · read in the site review (Windows OCR)
1DGJHRpBFCyBUO1UlIgfU8DGDVq97Xv5e,2026-10-06,clean,calendar flyer · read in the site review (Windows OCR)
1dHaSIoCJvs7QOqrmfAAjZNens82gaWek,2026-10-06,clean,calendar flyer · read in the site review (Windows OCR)
1DhBZM7csibLS9yn-efZMc0HJ1Kg4L9cg,2026-10-06,clean,calendar flyer · read in the site review (Windows OCR)
1dKeVTdwIdATMLgif-T-bmZzr8LAlx7qL,2026-10-06,hold: personal phone number,calendar flyer · read in the site review (Windows OCR)
1dmhxRYby8DxVv9b1OyVck2zt_oDJTYDr,2026-10-06,clean,calendar flyer · read in the site review (Windows OCR)
1doLDnCs_WlUzNOCk9WQsnMKciLvPMA1z,2026-10-06,clean,calendar flyer · read in the site review (Windows OCR)
1Dph6764eyWdLMB5p6aiot5usus0HAgbV,2026-10-06,clean,calendar flyer · read in the site review (Windows OCR)
1dpNL6bOb4wCNUlouVcP1kKc53AE-Q7Qv,2026-10-06,clean,calendar flyer · read in the site review (Windows OCR)
1DTgag7TwvtT4hNCsBhKXvwm1unMs7t5u,2026-10-06,clean,calendar flyer · read in the site review (Windows OCR)
1dTmooJTwjh1KQm-vG9tm-qYU058TQ6PI,2026-10-06,clean,calendar flyer · read in the site review (Windows OCR)
1dwvX3Awxwdtnv71hfgvJGzupSGrnQG-I,2026-10-06,clean,calendar flyer · read in the site review (Windows OCR)
1DX8ATbkiIVpn4MTdaVWMZ7kW6Vd5uTml,2026-10-06,clean,calendar flyer · read in the site review (Windows OCR)
1DxSC-mP4PikncuFwpuv5jL9GRThoLEK7,2026-10-06,clean,calendar flyer · read in the site review (Windows OCR)
1DXsUN8C3kyTLpaaRT6SrtxmjeKwJBWqv,2026-10-06,hold: personal phone number,calendar flyer · read in the site review (Windows OCR)
1dYkPPYAyZByC18lDTM0vVksgDQWorvZX,2026-10-06,clean,calendar flyer · read in the site review (Windows OCR)
1DymdTkTf33m2lE9J4OZ043gVh_GZDwLM,2026-10-06,clean,calendar flyer · read in the site review (Windows OCR)
1e0nEtBvfqGe3lVrGw9Qm11ZY5Snm4wTt,2026-10-06,clean,calendar flyer · read in the site review (Windows OCR)
1e8nC5vvaSSec4kgzC4ovcuO4d7zEn-Y8,2026-10-06,clean,calendar flyer · read in the site review (Windows OCR)
1eAIX4f0igFxnPNfBp9FleXPjfGD71YMY,2026-10-06,clean,calendar flyer · read in the site review (Windows OCR); no printed words found
1eAWYtyGNrQGdzmVfCtplpplKclpDqNm9,2026-10-06,clean,calendar flyer · read in the site review (Windows OCR)
1EesPcb1NfYRuh4El-GCkndb7-HRE6r7K,2026-10-06,clean,calendar flyer · read in the site review (Windows OCR); no printed words found
1ehrxffqNqecmfDmwSaidhxev7omeOmZi,2026-10-06,clean,calendar flyer · read in the site review (Windows OCR); no printed words found
1elWOl_1nXOsDDF1zyHGzcbv_E7re0nsU,2026-10-06,clean,calendar flyer · read in the site review (Windows OCR)
1EM42zagCpe-PpsBvhEkcZBndKH3xefWi,2026-10-06,clean,calendar flyer · read in the site review (Windows OCR)
1enJd9y34KjlidE3fgNUMTYBPx9jhFKhW,2026-10-06,clean,calendar flyer · read in the site review (Windows OCR)
1eOx4JikYzoq6NnymnMt9OmrtAltkW8Pp,2026-10-06,clean,calendar flyer · read in the site review (Windows OCR)
1ezZKp3yShk5E1n7sEih8cSl49Lceip5Q,2026-10-06,clean,calendar flyer · read in the site review (Windows OCR)
1F-fiB_y4ovAu_Vd9aMv8lwfP4wALXUwY,2026-10-06,clean,calendar flyer · read in the site review (Windows OCR)
1f2H0dtqeRyp2qJHSyyaxpwL7AbWM5u3i,2026-10-06,clean,calendar flyer · read in the site review (Windows OCR)
1F72M0YRFhGePeBy7WOurd7l3WztlUNIx,2026-10-06,hold: personal phone number,calendar flyer · read in the site review (Windows OCR)
1FAaM0pvf8-Aoa6WvrxhjzAsPyvjguK0a,2026-10-06,clean,calendar flyer · read in the site review (Windows OCR)
1fAsPplBj10mSrOMc1NURQpdtAaa-2GFt,2026-10-06,clean,calendar flyer · read in the site review (Windows OCR)
1FehnFdoBNnzco6D5rV8fIb-annamybHb,2026-10-06,clean,calendar flyer · read in the site review (Windows OCR)
1FEmxATMzwn1h5MTSFfWcT1g_CoisCuuY,2026-10-06,clean,calendar flyer · read in the site review (Windows OCR)
1FFRzMeXjjxQydT8-cfF8IounG_8FscWd,2026-10-06,clean,calendar flyer · read in the site review (Windows OCR)
1FgFMqDJfXoOi35NiHqBr3u3TG5Px455e,2026-10-07,hold: old-site page password,calendar flyer · re-read 2026-10-07: prints the old recordings page and its page password (also in data/flyer-holds.csv)
1fgh6Lga78oTXvQd1N_TmtONNugwTsuQT,2026-10-06,clean,calendar flyer · read in the site review (Windows OCR)
1fH2MxILlZa5i8RAy1c5OfPuubDNZ0rR7,2026-10-06,clean,calendar flyer · read in the site review (Windows OCR)
1fm6x-cQVSYO-jVCq9g9hu59uS2egqRT4,2026-10-06,clean,calendar flyer · read in the site review (Windows OCR)
1fQooLEq6SBy0g0-uVnuLTJ55AhyT28AE,2026-10-06,clean,calendar flyer · read in the site review (Windows OCR)
1FuPzEkUOPP4wHyfO7ZKkUmc9uoUoYWp_,2026-10-06,clean,calendar flyer · read in the site review (Windows OCR)
1FvAjVqss7It6eL5u5o60Aw86mCSoDdk3,2026-10-06,clean,calendar flyer · read in the site review (Windows OCR)
1FYx9WP6ZSYoMgJNxQX8gkMXBpM0wbGtC,2026-10-06,hold: personal phone number,calendar flyer · read in the site review (Windows OCR)
1Fzopc0iLI1l_F09HUm1KRhDpYCdChhhs,2026-10-06,clean,calendar flyer · read in the site review (Windows OCR)
1g2_FhbnHelfkC3SJVtgqPpYnu5iFYJB7,2026-10-06,clean,calendar flyer · read in the site review (Windows OCR)
1g7Z5cmzrKrY3p8r9VtftcaMO0rXyQXGF,2026-10-06,clean,calendar flyer · read in the site review (Windows OCR)
1G9JjpF6fFONLI0k_h1Wf3ZDsEQPeiaz0,2026-10-06,clean,calendar flyer · read in the site review (Windows OCR)
1gakE4Bo3PQelAYoaYM-ZbEE94oQrIHCf,2026-10-06,clean,calendar flyer · read in the site review (Windows OCR)
1gaW96KNaCPWt1aWTt5Wngzo8Z0Bg72Ql,2026-10-06,clean,calendar flyer · read in the site review (Windows OCR)
1GBGlIktCBB0N0ZPj0h2K-9cYm_uSfjik,2026-10-06,clean,calendar flyer · read in the site review (Windows OCR)
1GCrhij0iNZ1cYr3Dk2Ypaa4Xr9MCUFi0,2026-10-06,hold: personal phone number,calendar flyer · read in the site review (Windows OCR)
1GJKoJ3mp-pMOkKgnzdmNwlmJaLO_5fyt,2026-10-06,clean,calendar flyer · read in the site review (Windows OCR)
1GKYPz4WX0eHlIY5_xqelLoJcrauGfNiU,2026-10-06,clean,calendar flyer · read in the site review (Windows OCR)
1GneN6Zgxi4HJbPp4IF2S3eCNEwDnPoAy,2026-10-06,clean,calendar flyer · read in the site review (Windows OCR)
1gnwKOr2FPznE4sfa1tBOwFSyM18gG3fZ,2026-10-06,clean,calendar flyer · read in the site review (Windows OCR)
1GQnygzi4xwY497BR2tpC2hlpg7jNYRdh,2026-10-06,clean,calendar flyer · read in the site review (Windows OCR)
1gr6wGEnBCWu9rt0Hwrc4hZv-h6paNqv8,2026-10-06,clean,calendar flyer · read in the site review (Windows OCR)
1GuR1KUC8GOzxjBdcbqvpUUosGLj4FbKt,2026-10-06,clean,calendar flyer · read in the site review (Windows OCR)
1gUvYa2aThYayYnHqwKAFhu4PKPFojEOC,2026-10-06,clean,calendar flyer · read in the site review (Windows OCR)
1Gv0IfK55Gab6O97pdCFnFcmBcwa9m9Zy,2026-10-06,hold: personal phone number,calendar flyer · read in the site review (Windows OCR)
1gX_aLlRulsdpBLs25k_S3Iq78TCQPYuK,2026-10-06,clean,calendar flyer · read in the site review (Windows OCR)
1Hg6XcrQ42LWHmdCZ0dDt7kNg36kdwRvf,2026-10-06,clean,calendar flyer · read in the site review (Windows OCR)
1hI4YODQQ_ZvMsh2pDEw90Pl5aOBlqgS5,2026-10-06,clean,calendar flyer · read in the site review (Windows OCR)
1HjZ8daQ4-tj4TyxhcG7cynStJIHEKCCU,2026-10-06,clean,calendar flyer · read in the site review (Windows OCR)
1Hk0upLXuTtzhdXcHRp4BGUdc96sJ5Ke0,2026-10-06,clean,calendar flyer · read in the site review (Windows OCR)
1HKGtaOMnt2GEi4QdBM-H_RqAwkvEvQcs,2026-10-06,clean,calendar flyer · read in the site review (Windows OCR)
1HLNRdDWYXOZkJDCskRRd1r4dJlWIKYEq,2026-10-06,clean,calendar flyer · read in the site review (Windows OCR)
1HncLO41h_qcFY0noqvp0NmJeUsLepRgh,2026-10-06,clean,calendar flyer · read in the site review (Windows OCR)
1hnGaCD9WwLQelP26RQh0PtAXo6iNOa7b,2026-10-06,clean,calendar flyer · read in the site review (Windows OCR)
1HNxQRNefgZC4DwOBtqjkEWDLb2I-5nrX,2026-10-06,clean,calendar flyer · read in the site review (Windows OCR)
1HOallAHnQPZfFFT7BRYd48Se8RgGBvkb,2026-10-06,clean,calendar flyer · read in the site review (Windows OCR)
1HOBGM1oDjSBE8weWYC2MqV8HJCmd6L0X,2026-10-06,clean,calendar flyer · read in the site review (Windows OCR); no printed words found
1HRd0b8GHwllEZD5LZ9uy3w2OpEV1yyq1,2026-10-06,clean,calendar flyer · read in the site review (Windows OCR)
1hx3FDcV8dWmbMLwyP-QgfFVhbwg6LH7Y,2026-10-06,hold: personal phone number,calendar flyer · read in the site review (Windows OCR)
1HXwTKkx28pRDLpgtMPtYneOcrYeykh_4,2026-10-06,clean,calendar flyer · read in the site review (Windows OCR)
1hZe9KqpORx5rR4CgO-vfQcqHXDGHpIIw,2026-10-06,clean,calendar flyer · read in the site review (Windows OCR)
1HzhE3VaiyvcKOgCzpTzWf1VskY6AOx2E,2026-10-06,clean,calendar flyer · read in the site review (Windows OCR)
1iH9hpyd3gz09ta8MajvUGTBmcyt2TCFp,2026-10-06,clean,calendar flyer · read in the site review (Windows OCR)
1iiSMwNyNWPWSoNtYciDNv0CoB0maShE3,2026-10-06,hold: personal phone number,calendar flyer · read in the site review (Windows OCR)
1IISZO2e7p2zUzNPSrG2cEsJ2puZ00pWR,2026-10-06,clean,calendar flyer · read in the site review (Windows OCR)
1IKdMHhgIO_PMe9ewYO_aJ_HDBIU6r6SH,2026-10-06,clean,calendar flyer · read in the site review (Windows OCR); no printed words found
1ILIan7LnUgKu8c9By-Y0dGEjbmkUpo8e,2026-10-06,clean,calendar flyer · read in the site review (Windows OCR)
1iP9uqwfGp_9pgAB-az2j-w34rnFIBPMB,2026-10-06,clean,calendar flyer · read in the site review (Windows OCR)
1ir1d6ZnltLJjiqptjz7EBInRLpHViUo1,2026-10-06,hold: personal phone number,calendar flyer · read in the site review (Windows OCR)
1IZ4UQD_rBHiNzsaCVgQccfxuLOzsJsbF,2026-10-06,clean,calendar flyer · read in the site review (Windows OCR)
1J2K-hf7bt2-TpMbf2qZmIAlOrYkxXliv,2026-10-06,clean,calendar flyer · read in the site review (Windows OCR)
1jChpNIQN0NED8FanrEjM1ZC26FsNo8t7,2026-10-06,hold: personal phone number,calendar flyer · read in the site review (Windows OCR)
1Jdra84nn4avrfha3Ywud1mz2nYTtBuLH,2026-10-06,clean,calendar flyer · read in the site review (Windows OCR)
1jg-arCRzGYxs9PNcDyj7uzllbRDtaeYq,2026-10-06,hold: personal phone number,calendar flyer · read in the site review (Windows OCR)
1JjlKrSYUqtxvs1ghHTqYP2YwNBZnOmHn,2026-10-06,clean,calendar flyer · read in the site review (Windows OCR)
1JkUwKp-BDvarxRTdoJzGqPdRXjk9gydz,2026-10-06,clean,calendar flyer · read in the site review (Windows OCR)
1jmzDHV5pxrPrEKzVmLqyup6jH7KywBSU,2026-10-06,clean,calendar flyer · read in the site review (Windows OCR)
1joRpXjFPiWqbyfMfSKZzuxsLX57ln_GE,2026-10-06,clean,calendar flyer · read in the site review (Windows OCR)
1JPyNi1g1J6mvVCx1_9SH7n73SnTWA_Gj,2026-10-06,clean,calendar flyer · read in the site review (Windows OCR)
1JQqkN0MxRnTUIgZO8oAMrxrOrm3cFrCl,2026-10-06,clean,calendar flyer · read in the site review (Windows OCR)
1jsdALEYlKEiW7O-xpmazjGHemKNQxP1u,2026-10-06,hold: personal phone number,calendar flyer · read in the site review (Windows OCR)
1jxYA0GiKRVRLY2plSkiZiATFaB65IhvQ,2026-10-06,clean,calendar flyer · read in the site review (Windows OCR)
1JYYaUUan0eYw7fbanQoAnLSShRq9E0te,2026-10-06,clean,calendar flyer · read in the site review (Windows OCR)
1K1WfgAq_oU-SQ4flP6jhig5J_K5aOwtA,2026-10-06,clean,calendar flyer · read in the site review (Windows OCR)
1kCNwberpk5RzxFYVrWqVZXjwCE3xyRf9,2026-10-06,hold: personal phone number,calendar flyer · read in the site review (Windows OCR)
1kfLQ3nVCvefkLp7mCpkki1r0lwaKLddK,2026-10-06,clean,calendar flyer · read in the site review (Windows OCR)
1KgKfoD2cpLqydqYcSbwdBwcVDOY-tg01,2026-10-06,clean,calendar flyer · read in the site review (Windows OCR)
1kL2fc4EjJYo6sJ8c-HPsPg5YSedCD8di,2026-10-06,clean,calendar flyer · read in the site review (Windows OCR)
1KtIbQWFs78mb4EuGwcKc-Quo6g-oFZF4,2026-10-06,clean,calendar flyer · read in the site review (Windows OCR)
1KWanigLyuD4954IdgfTE2B-UqAsZl1_h,2026-10-06,clean,calendar flyer · read in the site review (Windows OCR)
1kY2yUr7Uw64Bb5JQTIaWin89euTgs6xB,2026-10-06,clean,calendar flyer · read in the site review (Windows OCR)
1Kz0lyGkMhqWbANsAl6GACmac-LLFIupZ,2026-10-06,clean,calendar flyer · read in the site review (Windows OCR)
1L4_NWz6lMyKHtCoUceo4iXMUs9PphACb,2026-10-06,clean,calendar flyer · read in the site review (Windows OCR)
1l7PwTz0dBbctitTJL2QFaMqBYJfFf8CS,2026-10-06,clean,calendar flyer · read in the site review (Windows OCR)
1La8bC8uB2l1oDvRCCqm34xW5vU54wNr0,2026-10-06,clean,calendar flyer · read in the site review (Windows OCR)
1lak5V7TK29rp0mECpBRm1TzfHeNA-T7F,2026-10-06,hold: personal phone number,calendar flyer · read in the site review (Windows OCR)
1lbk5-2kmhMW-lP8AqFcOXgtvgJRr8j6y,2026-10-06,hold: free-mail contact address,calendar flyer · read in the site review (Windows OCR)
1lCb_fbEbVU7Dm5jVLzVgKHrqOTeHiZw0,2026-10-06,clean,calendar flyer · read in the site review (Windows OCR)
1LDwcLy1zM4Eu9Lpya8zmMd6X4UBdwGB7,2026-10-06,clean,calendar flyer · read in the site review (Windows OCR)
1lHNsPud89nRxe8_qEmJOSddZAoWHFHv0,2026-10-06,clean,calendar flyer · read in the site review (Windows OCR)
1Li-uOG8KCarBZwCIU7a53UMZPBWSMRlO,2026-10-06,hold: personal phone number,calendar flyer · read in the site review (Windows OCR)
1lJJ3fKLYj-Bg5D2FiLT9ZiAl92Lun6uh,2026-10-06,clean,calendar flyer · read in the site review (Windows OCR)
1ljUD_zzWpDTf2_ttZ6yyvvcswJ2T9BrX,2026-10-06,clean,calendar flyer · read in the site review (Windows OCR)
1LNaMA8JZDVvfHOKs0z89DrgfqZLoHBn9,2026-10-06,clean,calendar flyer · read in the site review (Windows OCR)
1lOm0yVmuuK1jLHjtwJm5MAf00323z4MX,2026-10-06,clean,calendar flyer · read in the site review (Windows OCR)
1lprjlsogdAmbBsIKNwoeDMSy7V8UE1fb,2026-10-06,clean,calendar flyer · read in the site review (Windows OCR)
1lqRpebQewLY_MVZFw215-YcwXOEOVjfQ,2026-10-06,clean,calendar flyer · read in the site review (Windows OCR)
1lThG17uz5miQ1gA1GnV7yyI5wf6dliEc,2026-10-06,clean,calendar flyer · read in the site review (Windows OCR)
1luyqNSNSgpDxD1E2r5ccXjKhkDvfNRmQ,2026-10-06,clean,calendar flyer · read in the site review (Windows OCR)
1lVWZW_rhX7TXr_D_nySgAQq224mQK8zH,2026-10-06,clean,calendar flyer · read in the site review (Windows OCR)
1lwBN4TApXAAsV7XLBeSOsRgBSrZwJHTA,2026-10-06,clean,calendar flyer · read in the site review (Windows OCR)
1LWGeo-YP8Se0ANGeZN6aBZ05qv32YiU7,2026-10-06,clean,calendar flyer · read in the site review (Windows OCR); no printed words found
1lwZy-J_pTTTxx8FW4LyVKxYJIN_OMyRi,2026-10-06,clean,calendar flyer · read in the site review (Windows OCR)
1Lx_duyJTL8vvw2KqCrBDp1fXZm0P2AIr,2026-10-06,hold: personal phone number,calendar flyer · read in the site review (Windows OCR)
1m1mVRsu-6eDqJpD_TcOpEu_kW5uWA1kC,2026-10-06,clean,calendar flyer · read in the site review (Windows OCR)
1m636qnX2ACLnX5TgB252m10sbkVzhNmG,2026-10-06,clean,calendar flyer · read in the site review (Windows OCR)
1mAz2Y_ifUMElt-8qdHa1ixWUrnyI8oCK,2026-10-06,clean,calendar flyer · read in the site review (Windows OCR)
1mDbNlYbh2DOKcWzoNB6eo-2vJHk8lPmT,2026-10-06,clean,calendar flyer · read in the site review (Windows OCR)
1Mde-YxHtOxtl9PoYiTgZleeeGuLM0WKA,2026-10-06,clean,calendar flyer · read in the site review (Windows OCR)
1MhVgj5MQ0ex7UMqlcSFWdhZ_o-1tSs16,2026-10-06,clean,calendar flyer · read in the site review (Windows OCR)
1MiN7x3KgPCz_udROxuU2PI9gXnz5GtIe,2026-10-06,clean,calendar flyer · read in the site review (Windows OCR)
1Mjs_dxL0JuC1qZ2w-i8cILx4_PmY0ktZ,2026-10-06,clean,calendar flyer · read in the site review (Windows OCR)
1MJv1a6sH9qL-miPzr6X3JqXqBsgXzTFF,2026-10-06,clean,calendar flyer · read in the site review (Windows OCR)
1MLtzS9eTzgPfQw3MqMN0XxqycSv18Uho,2026-10-06,clean,calendar flyer · read in the site review (Windows OCR)
1mLu0YrbcavhimxUg7eLRxYZyGfv4jMAl,2026-10-06,clean,calendar flyer · read in the site review (Windows OCR)
1MMc-QW3TsGoGwvWNnJVvOZqDJsFv2D8M,2026-10-06,clean,calendar flyer · read in the site review (Windows OCR)
1MMdhtc1zTsfic4DGu1eeNGmG6FcMNQJt,2026-10-06,clean,calendar flyer · read in the site review (Windows OCR)
1MMiVStXKOGOoXDxcpTjTzpeQ0Vu0fnyB,2026-10-06,clean,calendar flyer · read in the site review (Windows OCR)
1mnfRAsWV9Cao7fsSLMEY62G3n8WdjYX7,2026-10-06,clean,calendar flyer · read in the site review (Windows OCR)
1mpf3NA8moQfSr_lhSi2b8oFHUXs3QmRQ,2026-10-06,clean,calendar flyer · read in the site review (Windows OCR)
1Ms2xCygjvMUhua3HJIp9fRUjf7oOw_ty,2026-10-06,clean,calendar flyer · read in the site review (Windows OCR)
1MT51lpZ32DayelMjOoefGpuY726nH5ej,2026-10-06,clean,calendar flyer · read in the site review (Windows OCR)
1MTGqvPC0xaXPGVPuo5EpUMuckxUutImF,2026-10-06,clean,calendar flyer · read in the site review (Windows OCR)
1MTsOQ2sgl6Sw4xTBuIfT1tTRxoEA33Lv,2026-10-06,clean,calendar flyer · read in the site review (Windows OCR)
1mWkVyksmQvxnySGDixo0NUlfnwKaS3WY,2026-10-06,clean,calendar flyer · read in the site review (Windows OCR)
1naDxqJIVicV5trVcEsn8jjVkmQwC7g-6,2026-10-06,clean,calendar flyer · read in the site review (Windows OCR)
1NbqH8jd3BCXiiuiP-bBcI4GQs6w6Y-82,2026-10-06,clean,calendar flyer · read in the site review (Windows OCR)
1ngPLAdyJk2kyDkMUs6BYQ3Vh8HB07q6W,2026-10-06,clean,calendar flyer · read in the site review (Windows OCR)
1NIZFT_x1zZJ_qQXc1xiO0l2q9T9SaM-8,2026-10-06,clean,calendar flyer · read in the site review (Windows OCR)
1njmbTCUTcppwIfJIsq3ZWhxYE7dzJtyl,2026-10-06,clean,calendar flyer · read in the site review (Windows OCR)
1NN492VFuEJwNB51PsJP3qNPao_HJRwD0,2026-10-06,clean,calendar flyer · read in the site review (Windows OCR)
1nOu-gjn7BHClPgV8LJRipbYJKGM8Ohg3,2026-10-06,clean,calendar flyer · read in the site review (Windows OCR)
1Nox6hiN949YZ5q8EwTuWi7K3SwOgVXGD,2026-10-06,clean,calendar flyer · read in the site review (Windows OCR)
1nPMCYw8GMxRPep5LzbCEPeU2o1Pry8KT,2026-10-06,hold: personal phone number,calendar flyer · read in the site review (Windows OCR)
1npQ2_cMLDAS9vKAe0dXrU6Ny7l5Uw8fE,2026-10-06,hold: personal phone number,calendar flyer · read in the site review (Windows OCR)
1nqiW5ZN8oVaaXFodJKg4Nntf9Lh12uys,2026-10-06,clean,calendar flyer · read in the site review (Windows OCR)
1NTjxGsReJnPHPb11vjYJFK75j-mlLGCF,2026-10-06,hold: personal phone number,calendar flyer · read in the site review (Windows OCR)
1nTRZpQKK8sMP1icW9vSrFAcfwX9SJ2hU,2026-10-06,clean,calendar flyer · read in the site review (Windows OCR)
1NvUlCZJ1ad0PnbXPsON9jPlo7DG79EZX,2026-10-06,clean,calendar flyer · read in the site review (Windows OCR)
1nxEqiO8fW5pH--b-1q_4zeh3wPrP7uY2,2026-10-06,clean,calendar flyer · read in the site review (Windows OCR)
1nZm_NbYdTvH5xxTCi-ryLATJccGIhI8r,2026-10-06,clean,calendar flyer · read in the site review (Windows OCR)
1NzShZvB9nR9VFZ-vlCPC70Rd4pOVGYcr,2026-10-06,clean,calendar flyer · read in the site review (Windows OCR)
1o-OAYP3YcTP1myaKevLoXPMkWN0Z4gvL,2026-10-06,clean,calendar flyer · read in the site review (Windows OCR)
1o2KFegybQyG2UrhlbwECL6sxQ3f6wRfp,2026-10-06,clean,calendar flyer · read in the site review (Windows OCR)
1O5daf78X1D1okrlciIn4xxXJapfE4PJp,2026-10-06,hold: personal phone number,calendar flyer · read in the site review (Windows OCR)
1O9iLeoh_lyyqZgnIgvj8wN7RBI04GloG,2026-10-06,clean,calendar flyer · read in the site review (Windows OCR)
1OeU0hvZa8K0TJ9SbPIEQkg6maRi4JCiZ,2026-10-06,clean,calendar flyer · read in the site review (Windows OCR)
1Of2ILWApRxSGQ9VPgjApOEiK3qjoCFZX,2026-10-06,clean,calendar flyer · read in the site review (Windows OCR)
1Ofp1-0lOaG0kMg3reRRZywLpxZBA3vwA,2026-10-06,clean,calendar flyer · read in the site review (Windows OCR)
1ogLUuzijpyTu_oYksL_bWFWic2LW61Wa,2026-10-06,hold: personal phone number,calendar flyer · read in the site review (Windows OCR)
1Oh3zfAb-1LEJif9IZxMArmmfZo0Gp6oD,2026-10-06,clean,calendar flyer · read in the site review (Windows OCR)
1OhAxnxo0OaXjKJz4DJPWOJUw59dDJd5-,2026-10-06,clean,calendar flyer · read in the site review (Windows OCR)
1oI28_LdUXDJGjBHRFSQ_J2WNr8Xfjyqx,2026-10-06,clean,calendar flyer · read in the site review (Windows OCR)
1ONC5meciWJhGKB0Z3UDAZB3Ie97uvai7,2026-10-06,clean,calendar flyer · read in the site review (Windows OCR)
1OOMd_Hh9TsHfsFv9CqG_Uz28PYs5UESw,2026-10-06,clean,calendar flyer · read in the site review (Windows OCR)
1OVcgX-ub8jacGqOzFZsWhAHDnz7zOMCq,2026-10-06,clean,calendar flyer · read in the site review (Windows OCR)
1ox79YEU1IN5PPnEeBodzI_3UpF2f5sU1,2026-10-06,clean,calendar flyer · read in the site review (Windows OCR)
1p1qUVxL3SyUqSRcAzzkeQX1U4u440h6S,2026-10-06,clean,calendar flyer · read in the site review (Windows OCR)
1PcBVkNhh8HkMXmTRFhsWKCSizfEbjdKs,2026-10-06,clean,calendar flyer · read in the site review (Windows OCR)
1PgL-2G_AcKzY1pWbsnJWUc218ef6kbt6,2026-10-06,clean,calendar flyer · read in the site review (Windows OCR)
1PjrwmRM64m8UHcZdFGwezFi9u4JCPN4z,2026-10-06,clean,calendar flyer · read in the site review (Windows OCR)
1PNCtbFiUJdizOTOu9lUptc--OSZhk18d,2026-10-06,clean,calendar flyer · read in the site review (Windows OCR)
1pnOybWTZmaq3RWbyyNxzOJL0uXEx9sao,2026-10-06,clean,calendar flyer · read in the site review (Windows OCR)
1pnzR3b-RuEWUnUEiPxs0fLJVfcbYMZVb,2026-10-06,clean,calendar flyer · read in the site review (Windows OCR)
1PP9Cj2DPp0q5KCkUpR-rI7RTVCpZXLMz,2026-10-06,clean,calendar flyer · read in the site review (Windows OCR)
1PqxTXwdLbwTUjtCGrT_rkFdqd2HVeSmI,2026-10-06,clean,calendar flyer · read in the site review (Windows OCR)
1pSsDrLPBYxLQnKvhEnA4XgKTmSZ3pvb4,2026-10-06,clean,calendar flyer · read in the site review (Windows OCR)
1pTTuYzNc2TrB_YnyXVSwQUumbZjnrHkV,2026-10-06,hold: personal phone number,calendar flyer · read in the site review (Windows OCR)
1pvCcsL9cOpleD49eFONmBopxDlx27ncC,2026-10-06,clean,calendar flyer · read in the site review (Windows OCR)
1pvsgLZKw6VYc4jBUXNdHAdVWzu_4kO2-,2026-10-06,clean,calendar flyer · read in the site review (Windows OCR)
1PXNheIQGALEAkzhYtCbbRZfU1llvCYTS,2026-10-06,clean,calendar flyer · read in the site review (Windows OCR)
1PYczC7wqMGobhlPFQPmdShmuD5JMqUdV,2026-10-06,clean,calendar flyer · read in the site review (Windows OCR)
1P_DUaCNKagmMwPuIH13LUz5o4ILZJ4hl,2026-10-06,clean,calendar flyer · read in the site review (Windows OCR)
1p_VxnOcBQ4IbpPO4i3m4HklpXGakW6B-,2026-10-06,clean,calendar flyer · read in the site review (Windows OCR)
1q3hZj60uhdgSjbRzK7v8_F8OV-YlJujM,2026-10-06,clean,calendar flyer · read in the site review (Windows OCR)
1Q9t_wfDXauW5ZM5Ezux5Z2CcN3otucAE,2026-10-06,clean,calendar flyer · read in the site review (Windows OCR)
1QbKcoRvj5I9yNXjScsI7tnK7-6M0xyn_,2026-10-06,clean,calendar flyer · read in the site review (Windows OCR)
1QcyKkkVTor3gsLY07qK7l73XF41elPNk,2026-10-06,clean,calendar flyer · read in the site review (Windows OCR)
1QExx6JrLYQK8P64XltJmpFuhI3PqRKDh,2026-10-06,clean,calendar flyer · read in the site review (Windows OCR)
1QhlPDJeV6tCXI7v6phNfEdyB2aWcLyth,2026-10-06,clean,calendar flyer · read in the site review (Windows OCR)
1QiIqrYaMEZTfjKTLSFQ0G2wbMgR3D-0e,2026-10-06,clean,calendar flyer · read in the site review (Windows OCR)
1qJxLWufLCe3IKdOsmNoZQC3VzC36rTc-,2026-10-06,clean,calendar flyer · read in the site review (Windows OCR)
1QKtNsQRmh1rk-FYUrF25j79S2c8t68me,2026-10-06,clean,calendar flyer · read in the site review (Windows OCR)
1qKz5l3sDKyVAOgQL2dzzBx7ORb1MZGOw,2026-10-06,clean,calendar flyer · read in the site review (Windows OCR)
1qkzzZLlgQumMTZPwMCS80BZiks0dC2Cv,2026-10-06,hold: personal phone number + free-mail contact address,calendar flyer · read in the site review (Windows OCR)
1QmclI7jXryRyTqvwK5XrUsTQf8yHDD6j,2026-10-06,clean,calendar flyer · read in the site review (Windows OCR)
1QQO3Odyw9NEXz91VPldD4IHthmRPeFMF,2026-10-06,clean,calendar flyer · read in the site review (Windows OCR)
1qsGMXdcEXTK83TQ3MWjsAc4DNU_vYMxB,2026-10-06,hold: personal phone number,calendar flyer · read in the site review (Windows OCR)
1QT4RXGG90fOmiFs-HbNzoQQ4USggLZ-2,2026-10-06,clean,calendar flyer · read in the site review (Windows OCR)
1qtwMQP7uSbVwgvJCyL1cGSLz5cuA0wx2,2026-10-06,clean,calendar flyer · read in the site review (Windows OCR)
1qyWhvAHs3lAXIYW1XukGOI3BlIJv50q0,2026-10-06,clean,calendar flyer · read in the site review (Windows OCR)
1QZ5N9qK-quHCaAg0LchNcMD5_4dwIM8F,2026-10-06,clean,calendar flyer · read in the site review (Windows OCR)
1r6NL6pfTjEC9cq5rruCNuBsYb6IOZRS5,2026-10-06,clean,calendar flyer · read in the site review (Windows OCR)
1RAYyySxNgVyBuloAwnp9sfCKDth1TV_9,2026-10-06,clean,calendar flyer · read in the site review (Windows OCR)
1RcuxuxvCuRSROdIkU-pOAChNTe_PBTY_,2026-10-06,clean,calendar flyer · read in the site review (Windows OCR)
1rDXPhV2tFH1OaPQ-GWRMfB9IrLZYRJGE,2026-10-06,hold: personal phone number,calendar flyer · read in the site review (Windows OCR)
1rGCOxMN2i2nLExiQxr6dK3XXcnFzUPfM,2026-10-06,clean,calendar flyer · read in the site review (Windows OCR)
1RGpv2ZD9ZLjnOk0uzFhQ01mFEwoCrkJ-,2026-10-06,clean,calendar flyer · read in the site review (Windows OCR)
1RIXj_NtiBtUZu9qFJ2XUy_3nfbVtzrlK,2026-10-06,clean,calendar flyer · read in the site review (Windows OCR)
1RNsWdbXDgm63QHEydpan-aJ7rEP7EKxa,2026-10-06,clean,calendar flyer · read in the site review (Windows OCR)
1roK1MgZKofY1-rPpv4UsX4xy3oeFdPco,2026-10-06,clean,calendar flyer · read in the site review (Windows OCR)
1rSaI6S1cwsjWnamK65ux2o3UJHeoz1I9,2026-10-06,hold: personal phone number,calendar flyer · read in the site review (Windows OCR)
1rsZXmDhvIbNM6JKiliBH_ZYC7vRFX_Th,2026-10-06,clean,calendar flyer · read in the site review (Windows OCR)
1RtTC16CjTjvYsXreyDaOj1TKZl41w536,2026-10-06,hold: personal phone number,calendar flyer · read in the site review (Windows OCR)
1Rv6TacpYIKWoAOuYEL0G_OhNHb30Trzu,2026-10-06,clean,calendar flyer · read in the site review (Windows OCR)
1rv9rCLIqfTfOu-uia6khUj816n8FeHf4,2026-10-06,clean,calendar flyer · read in the site review (Windows OCR)
1r_hIhkwvOXs27DnilH73-bEs9kBNFHHX,2026-10-06,clean,calendar flyer · read in the site review (Windows OCR)
1s84v42-U575KDMyn67BY2jBqK0_qAY1e,2026-10-06,clean,calendar flyer · read in the site review (Windows OCR)
1sA3i5UFtLXlbeuKkibomOe0mbNzoAv_j,2026-10-06,clean,calendar flyer · read in the site review (Windows OCR)
1sewHYMt_CWYRoy8rNYoRwN3gKkOn9Zy7,2026-10-06,clean,calendar flyer · read in the site review (Windows OCR)
1sjYq7pvQKPcB6_yR6fB4Aoon0V7RU9DW,2026-10-06,clean,calendar flyer · read in the site review (Windows OCR)
1SlWTvhqxI8xsXTtkF1wd_pWH93c9DJGJ,2026-10-06,clean,calendar flyer · read in the site review (Windows OCR)
1SM8s0VEIMO3gLmINfQX2GWQ0Fdt8EOqe,2026-10-06,clean,calendar flyer · read in the site review (Windows OCR)
1SMZCKWSJbaIeqMo_OcFQEZDgl-h45y7_,2026-10-06,clean,calendar flyer · read in the site review (Windows OCR)
1SP43o5lj6qPWosXX7KERodTHVd3tk36X,2026-10-06,clean,calendar flyer · read in the site review (Windows OCR)
1SSLJekXNYZC1ieg-2t3xvr2VL1BvCIEL,2026-10-06,clean,calendar flyer · read in the site review (Windows OCR)
1SvpQgMcXBV7p5GhabIi6tV93iO8xJsoc,2026-10-06,clean,calendar flyer · read in the site review (Windows OCR)
1sYatc99Ay36jNaddTUjbSNgtd388j73H,2026-10-06,hold: personal phone number,calendar flyer · read in the site review (Windows OCR)
1SycFze-UKv_dcBmOL7pUeg-StiyE5WwU,2026-10-06,clean,calendar flyer · read in the site review (Windows OCR)
1sZpWm3ztvjjG8elBhtiYExYpYTou0bBN,2026-10-06,clean,calendar flyer · read in the site review (Windows OCR)
1sZZqP4hHeXFf2znX9cM1ihn9c_dVwxeJ,2026-10-06,hold: personal e-mail,calendar flyer · read in the site review (Windows OCR)
1t2BRATaFSdXYz2LkM92kbauEU6b6B0el,2026-10-06,clean,calendar flyer · read in the site review (Windows OCR)
1T457N4rSkJx2DDyVtje_gnWLe4zTs4gF,2026-10-06,hold: personal phone number,calendar flyer · read in the site review (Windows OCR)
1T8CtCP8u7KGG2TzQ2wz2QnqQq2VvNpWu,2026-10-06,clean,calendar flyer · read in the site review (Windows OCR)
1TDmLn_TizQiniMriL_kyp3Oq33OTTRyM,2026-10-06,clean,calendar flyer · read in the site review (Windows OCR)
1teFKbIQuye9eUHsgYLKzaiLU35huJj1x,2026-10-06,clean,calendar flyer · read in the site review (Windows OCR)
1TG0KH2NF5E5A4fjPTQ-0ZXk-gxW-co1f,2026-10-06,clean,calendar flyer · read in the site review (Windows OCR)
1tQBvoSqrAdm8wF24wQ1x-lzWiYYlMK-t,2026-10-06,clean,calendar flyer · read in the site review (Windows OCR)
1TU2HhGd8T1swaRnSoUI_ASgSp36YlE9j,2026-10-06,clean,calendar flyer · read in the site review (Windows OCR)
1TUlJ2oNlb7XiaVAk-jS_JZu8Phdha4r-,2026-10-06,hold: personal phone number,calendar flyer · read in the site review (Windows OCR)
1tW4POkyj1QT0nbOXgNx9dvRYVMgh4Tkt,2026-10-06,hold: personal phone number,calendar flyer · read in the site review (Windows OCR)
1TWI0kpHPRHCD9SdrA3P--Uws1QJtOfLi,2026-10-06,clean,calendar flyer · read in the site review (Windows OCR)
1twTt0er6XD7PjyJhJ6hDAozX-BQzN-h1,2026-10-06,clean,calendar flyer · read in the site review (Windows OCR)
1t_Nb3EiCYWQUeHfqxIJSC4qgXf5eRMUq,2026-10-06,clean,calendar flyer · read in the site review (Windows OCR)
1U0GGHwtJrj149NWSgiXgMF-8Mp_qPU9m,2026-10-06,clean,calendar flyer · read in the site review (Windows OCR)
1U2LlTRcIQXEuWB3l1HgsCeTIhguH4AON,2026-10-06,hold: personal phone number,calendar flyer · read in the site review (Windows OCR)
1U7aUGexm5ShNS3jkcLDi5kQwbbz6Avs8,2026-10-06,clean,calendar flyer · read in the site review (Windows OCR)
1uELajsRKf9TOLmcmA4M3xlJkYFi7xoZ4,2026-10-06,clean,calendar flyer · read in the site review (Windows OCR)
1UG9AHj9IgiD-NZq15IPMplCi6AAlp6TK,2026-10-06,clean,calendar flyer · read in the site review (Windows OCR)
1Ugj66D-R7mVDvzVe1lAqlGGWcrTM-kND,2026-10-06,clean,calendar flyer · read in the site review (Windows OCR)
1UH1XxnKpth7zrlZ3fFxWvzT84UBXLsqC,2026-10-06,clean,calendar flyer · read in the site review (Windows OCR)
1UIauOSdVeQjpJDguGLo9scb7emLfUJeO,2026-10-06,clean,calendar flyer · read in the site review (Windows OCR)
1UMBg5GWgKuuTK1RIFB-Wtg1Y_-YrNMzM,2026-10-06,clean,calendar flyer · read in the site review (Windows OCR)
1UP4wq2iDDgk-4Pj1ZRUOk4J6G54bRJy9,2026-10-06,clean,calendar flyer · read in the site review (Windows OCR)
1UvQbHalUpT21vNMa9zEjbe-cB1iASNVD,2026-10-06,clean,calendar flyer · read in the site review (Windows OCR)
1uWqAM3ix2a7ZrRPYMbqGxxY6Ms6BNYMJ,2026-10-06,clean,calendar flyer · read in the site review (Windows OCR)
1uYii2VtJ_hKZlW-hoC9cFp4p3jMth76s,2026-10-06,clean,calendar flyer · read in the site review (Windows OCR)
1v6SdVmuWbjIeA9t9MLrDorjOraQLEuFM,2026-10-06,clean,calendar flyer · read in the site review (Windows OCR)
1V6T4aupxdOXv6NJ7cmLSbPn3KAKnIt0-,2026-10-06,hold: personal phone number + free-mail contact address,calendar flyer · read in the site review (Windows OCR)
1v89U1D1DnAWULUXvmgt1MBlm1GI3f27C,2026-10-06,clean,calendar flyer · read in the site review (Windows OCR)
1VDkIni2tz9oekVyiqbXP9n086gGtFf46,2026-10-06,clean,calendar flyer · read in the site review (Windows OCR)
1VepUMJWzJKNRz56g9DkdS6iTTl9gEwyp,2026-10-06,clean,calendar flyer · read in the site review (Windows OCR)
1Vfc2TE_CH4wkBvBt3Qbioj7lEUcGARWY,2026-10-06,hold: personal e-mail,calendar flyer · read in the site review (Windows OCR)
1vges0xmnPKwGCmEDeSWGjPzF1Pdr64Yk,2026-10-06,clean,calendar flyer · read in the site review (Windows OCR)
1vkuiNTUTbHghM3wyzpG3__8gjq0VQegt,2026-10-06,clean,calendar flyer · read in the site review (Windows OCR)
1VlhHmCd5ANslijk7uvRvESWhJpLyA-Me,2026-10-06,clean,calendar flyer · read in the site review (Windows OCR)
1VMiEZwXUOwTokvWUkDErDvaJTmsRFZLB,2026-10-06,clean,calendar flyer · read in the site review (Windows OCR)
1Vnwyv32L7HUj6whbmrNnFLeKPZDsa9yi,2026-10-06,clean,calendar flyer · read in the site review (Windows OCR)
1vPz9998xYcuINx_GXAdjkktPL_IQxOoT,2026-10-06,hold: personal phone number,calendar flyer · read in the site review (Windows OCR)
1vxkhfB4DfvvnqUT8DDaWTJzxPAk4D-ED,2026-10-06,clean,calendar flyer · read in the site review (Windows OCR)
1Vxvl0XTnG-p9bT1FB2AEYATnRajl2Ns8,2026-10-06,clean,calendar flyer · read in the site review (Windows OCR)
1w1JrYy9f2FPVJnTM5PBV-e9T9bZ2fVpI,2026-10-06,clean,calendar flyer · read in the site review (Windows OCR)
1w8f9vngfAL_2T68A886t5-e14NTcXDav,2026-10-06,clean,calendar flyer · read in the site review (Windows OCR)
1W9J7rodKFUO6BSJCh9TAA8oXgaeTN_ha,2026-10-06,clean,calendar flyer · read in the site review (Windows OCR)
1wBsMLFr6F-7_bfrQGCXqtunSRrEmLnA5,2026-10-06,clean,calendar flyer · read in the site review (Windows OCR)
1wf-imBoceOJBZQE95ilYbbUMyTJRFUqv,2026-10-06,clean,calendar flyer · read in the site review (Windows OCR)
1WhMxmpOnf94ZI0DbSonZU5tnlF56G1tB,2026-10-06,clean,calendar flyer · read in the site review (Windows OCR)
1Wi5oMBafoBV-o2yWWXVa6Q_vc6SVPmZu,2026-10-06,clean,calendar flyer · read in the site review (Windows OCR)
1wkz-lTdvCHzwMYRGmCAx55ttuE19TziV,2026-10-06,clean,calendar flyer · read in the site review (Windows OCR)
1wn-TldmYrTPQxgwnC_TNdIbgIIC1pC9v,2026-10-06,clean,calendar flyer · read in the site review (Windows OCR)
1wOb8n1xfAb1tdMqZbv29CEXntPve0Ow5,2026-10-06,clean,calendar flyer · read in the site review (Windows OCR)
1wofyEfKH4frp5ENyiiTvFd9DhtI5JQzh,2026-10-06,clean,calendar flyer · read in the site review (Windows OCR)
1WPKtcj1tn4kv9cTWBq3flB4WqfnHWwPo,2026-10-06,clean,calendar flyer · read in the site review (Windows OCR)
1wQh2R8pbJy_4h9iU3Iw8nau_cgo2u1Tf,2026-10-06,clean,calendar flyer · read in the site review (Windows OCR)
1WvTRVXi3dg5IUw7HwQ1ohaqmS-JMcTdP,2026-10-06,clean,calendar flyer · read in the site review (Windows OCR)
1wW4-YnxcfS2pYizxzDP0crt4oKmh1kwo,2026-10-06,clean,calendar flyer · read in the site review (Windows OCR)
1wW7IaqKUBC_NbRTKLNYD4HPxc69zIiBO,2026-10-06,clean,calendar flyer · read in the site review (Windows OCR)
1wy5LOWnZI3iUXueHQry3PHNcjfsqwyuz,2026-10-06,clean,calendar flyer · read in the site review (Windows OCR)
1WYlko-Xzfj2AIrFNlyvUH-cftzLvi-IZ,2026-10-06,clean,calendar flyer · read in the site review (Windows OCR)
1X4vB_fNQDVj88qvXdglouDmgMwUgk9JL,2026-10-06,clean,calendar flyer · read in the site review (Windows OCR)
1X5b3UkOb5pk1-ZJojCf2qr1-zIL5Sqvl,2026-10-06,clean,calendar flyer · read in the site review (Windows OCR)
1x8F6a_sJyo8mlPIWz9Rh56x_mHarBWeh,2026-10-06,clean,calendar flyer · read in the site review (Windows OCR)
1xa27aveEasEmLdxfj-KKx9wSlUY5qtl2,2026-10-06,hold: personal phone number,calendar flyer · read in the site review (Windows OCR)
1XcpLalrPXWo5Q_dJJWrDm8XrxiSg7X6I,2026-10-06,clean,calendar flyer · read in the site review (Windows OCR); no printed words found
1XoCUX5ZA6cqATCXJW21hKJUdhA-iDJdW,2026-10-06,clean,calendar flyer · read in the site review (Windows OCR)
1xoxHN7WU4wd8-MeDDvDC44afO1tYKZ3t,2026-10-06,clean,calendar flyer · read in the site review (Windows OCR)
1xQpqOn-D8zJvpSIxVOE_QB1Nn9_rGQlF,2026-10-06,clean,calendar flyer · read in the site review (Windows OCR)
1XTL9cnd0fZYZQXHVOzWEmKYbboO8GMf8,2026-10-06,clean,calendar flyer · read in the site review (Windows OCR)
1Xv8n_8OiWarmZ3jdJA0e69EAIsHXmni8,2026-10-06,clean,calendar flyer · read in the site review (Windows OCR)
1XVeFHtkFBNVwhmDkx-NPZwqPTvWgKNvM,2026-10-06,hold: personal phone number,calendar flyer · read in the site review (Windows OCR)
1xxnjuAyMI3yZdZ2y4Lq2fyGKWSbvlVY6,2026-10-06,clean,calendar flyer · read in the site review (Windows OCR)
1xZ1zRuRB9_pGZD8t8h7oPzbH7Wet-4jg,2026-10-06,clean,calendar flyer · read in the site review (Windows OCR)
1y6BMF1w-SS-kHLi0niLQ2sUyRrwmua68,2026-10-06,clean,calendar flyer · read in the site review (Windows OCR)
1Y8yf6vByIQ8kGimx6Pef76vIYbgBBG0C,2026-10-06,clean,calendar flyer · read in the site review (Windows OCR)
1yfEud_lYjQGLDzR4HL8Mg8fcoulZd2pV,2026-10-06,clean,calendar flyer · read in the site review (Windows OCR)
1yikZOS9Mkw6_crdoInZq9Xz7MlncGS2_,2026-10-06,clean,calendar flyer · read in the site review (Windows OCR)
1YKEtL02KDxPzqgOoNe08C2DIQlNVQaad,2026-10-06,clean,calendar flyer · read in the site review (Windows OCR)
1ykSzrvuN9wFOlvJjLvBKud_yKmI0j-C5,2026-10-06,clean,calendar flyer · read in the site review (Windows OCR)
1ymE1JxbrJzNQYJ2ij4zud4w6VJMpvqji,2026-10-06,clean,calendar flyer · read in the site review (Windows OCR)
1YPUtmUYeTgfARz1zKmbtdlXSnRymKPl6,2026-10-06,clean,calendar flyer · read in the site review (Windows OCR)
1yQF-L5cuI0gEhScSo6n40Ey3nN9FYzHU,2026-10-06,clean,calendar flyer · read in the site review (Windows OCR)
1ys6keY33vqUM4P2M8-_FLdZh-XXguAde,2026-10-06,clean,calendar flyer · read in the site review (Windows OCR)
1YSx35P_uXredCRLfS4O9AQAB3--4QHaR,2026-10-06,hold: personal phone number,calendar flyer · read in the site review (Windows OCR)
1yxHUWQxtJHCmvlZbmBBdaGubfhGnc2hT,2026-10-06,clean,calendar flyer · read in the site review (Windows OCR)
1YXNzXJouGn-vYthhg8JCyXA3dy34YgFT,2026-10-06,clean,calendar flyer · read in the site review (Windows OCR)
1YyHT5t3iUXVsXR2NQqRx_ltvmWAnVTWJ,2026-10-06,clean,calendar flyer · read in the site review (Windows OCR)
1YYMDbFQ28FZz3dQDwP8uI2yepZprGUC7,2026-10-06,hold: personal phone number,calendar flyer · read in the site review (Windows OCR)
1YyTbJ__cYp_H09inrT0wzfP6wWYrC9fX,2026-10-06,hold: personal phone number,calendar flyer · read in the site review (Windows OCR)
1YzIk8rz9mye4IDxG_3GD4QU9kP6ICjOW,2026-10-06,clean,calendar flyer · read in the site review (Windows OCR)
1z1DIdTZV8p3eeD_02DleoMbuNb9QeC9s,2026-10-06,clean,calendar flyer · read in the site review (Windows OCR)
1Z2epi-cWYbWGai1e8L6aJhL1FnmfxJ9-,2026-10-06,clean,calendar flyer · read in the site review (Windows OCR)
1Z5QcCwvedUePgaTROgtMkmCWbWPW9DhG,2026-10-06,clean,calendar flyer · read in the site review (Windows OCR)
1z813tDVNkw1-n9eKhZLAw8ZdZkIWP4zO,2026-10-06,clean,calendar flyer · read in the site review (Windows OCR)
1ZABt3RCmTTr8BbRmb9gm9Wlz5jTtKcNb,2026-10-06,clean,calendar flyer · read in the site review (Windows OCR)
1ZaXVfqMDR27oaUKlZ7OBCkx59x0qqL32,2026-10-06,clean,calendar flyer · read in the site review (Windows OCR)
1ZCw_cf_1_p6m62cvqsnUgF7B8e3R2eIP,2026-10-06,clean,calendar flyer · read in the site review (Windows OCR)
1zEG0LGeBv5x953FBStigCE9fLNxX340R,2026-10-06,clean,calendar flyer · read in the site review (Windows OCR)
1ZFtIP6O8ocXyLEYqFaCMqEZKlo4v7bGB,2026-10-06,clean,calendar flyer · read in the site review (Windows OCR)
1zlAxTr1KgRWF8Oj8AKXkof-ZQoSwLREt,2026-10-06,hold: personal phone number,calendar flyer · read in the site review (Windows OCR)
1ZmWOR4Fo_r9j1TFgQeT0_Kb4Ken4Axqb,2026-10-06,clean,calendar flyer · read in the site review (Windows OCR)
1ZN8YEpKJto4twNkTRFYEpNRWC65z85A8,2026-10-06,clean,calendar flyer · read in the site review (Windows OCR)
1ZOGhpkdPpzRyLJm_N6jwKUrT5-KoEJWj,2026-10-06,clean,calendar flyer · read in the site review (Windows OCR)
1zqoJJT3llGU2Zr48A_Ki_dGhTO_17e9I,2026-10-06,clean,calendar flyer · read in the site review (Windows OCR)
1ZvxQDBQglqtnZ_GMoGPBGEe0RWMQJoat,2026-10-06,clean,calendar flyer · read in the site review (Windows OCR)
1zWS0TEDwHR5YFRaWMO9NzVrDz1mMuGaL,2026-10-06,clean,calendar flyer · read in the site review (Windows OCR)
1_2c33uXBIFbemha3Z7rCibI8iClJ7QqZ,2026-10-06,hold: personal phone number,calendar flyer · read in the site review (Windows OCR)
1_7akhNdlNtxg0tFxqGc7MV9EpDYiFc_Q,2026-10-06,clean,calendar flyer · read in the site review (Windows OCR)
1_8dv826_EXBeJXDhArupfD4siBtPybhu,2026-10-06,clean,calendar flyer · read in the site review (Windows OCR)
1_J0j_jAKq3Aq7-_pVsRjoazcpPrYC37U,2026-10-06,clean,calendar flyer · read in the site review (Windows OCR)
1_K9RDAIv5Vly7H9OmH2ZsfRSZNkjDfuE,2026-10-06,clean,calendar flyer · read in the site review (Windows OCR)
1_LaH1iAUQBLbNY3ydnQJiusDO5FB1Ag_,2026-10-06,clean,calendar flyer · read in the site review (Windows OCR)
1_MT7GomC4suFVrMoOoR5EvrUJwghUNbP,2026-10-06,clean,calendar flyer · read in the site review (Windows OCR)
1_QMRKYN0YKzzjKU-nH3nGJR99WOvkyJi,2026-10-06,clean,calendar flyer · read in the site review (Windows OCR)
1_uTJhJmsu_d3eK9T9wGJptvXnNgp4s_3,2026-10-06,clean,calendar flyer · read in the site review (Windows OCR)
1_v7VDS3Aelbba5cY5vqvblQMjFH1wvbw,2026-10-06,clean,calendar flyer · read in the site review (Windows OCR)
1_YGbt0eMgPXnumOaKu1y6ewaXs_MBX_1,2026-10-06,clean,calendar flyer · read in the site review (Windows OCR)
1fD9ojCJm3KMAVjHu9IAp2_4nS4iZ2U_Z,2026-10-06,clean,"document agendas-2023-asc-agenda-august-2023-en · pre-launch scan 2026-10-06: every page (pdftotext, PyMuPDF, pypdf) + Windows OCR of picture pages; both rule sets (check-media.mjs, scan-documents.py)"
1ZYb8cDUd6Kjsjvrbi96tJGOBVLajg91D,2026-10-06,clean,"document agendas-2023-asc-agenda-august-2023-es · pre-launch scan 2026-10-06: every page (pdftotext, PyMuPDF, pypdf) + Windows OCR of picture pages; both rule sets (check-media.mjs, scan-documents.py)"
1KAGu2EFypMEyyu8Xsegogi5aK35yT4pd,2026-10-06,clean,"document agendas-2023-asc-agenda-december-2023-en · pre-launch scan 2026-10-06: every page (pdftotext, PyMuPDF, pypdf) + Windows OCR of picture pages; both rule sets (check-media.mjs, scan-documents.py)"
1zD-nmpX1T4gDfLkm79hphSrYJlL5mIuy,2026-10-06,clean,"document agendas-2023-asc-agenda-december-2023-es · pre-launch scan 2026-10-06: every page (pdftotext, PyMuPDF, pypdf) + Windows OCR of picture pages; both rule sets (check-media.mjs, scan-documents.py)"
1hO3mK9wdNJ-CtMTqVIVh7tuK77u-DtTx,2026-10-06,clean,"document agendas-2023-asc-agenda-june-2023-en · pre-launch scan 2026-10-06: every page (pdftotext, PyMuPDF, pypdf) + Windows OCR of picture pages; both rule sets (check-media.mjs, scan-documents.py)"
1zyyFnRxyH5BhjDRt5lw7rP5vADvTRBUb,2026-10-06,clean,"document agendas-2023-asc-agenda-june-2023-es · pre-launch scan 2026-10-06: every page (pdftotext, PyMuPDF, pypdf) + Windows OCR of picture pages; both rule sets (check-media.mjs, scan-documents.py)"
173p2YX2DbBB-Mqp9fo182OUiuE8N7k42,2026-10-06,clean,"document agendas-2023-asc-agenda-november-2023-en · pre-launch scan 2026-10-06: every page (pdftotext, PyMuPDF, pypdf) + Windows OCR of picture pages; both rule sets (check-media.mjs, scan-documents.py)"
1ZG-nHQV4-pLDn71Mcudd8T62zhTtZmOz,2026-10-06,clean,"document agendas-2023-asc-agenda-november-2023-es · pre-launch scan 2026-10-06: every page (pdftotext, PyMuPDF, pypdf) + Windows OCR of picture pages; both rule sets (check-media.mjs, scan-documents.py)"
1EpVAZjmelZU3JXb_j3qifvK6CSipTkEz,2026-10-06,clean,"document agendas-2023-assembly-asa-agenda-september-2023-draft-en · pre-launch scan 2026-10-06: every page (pdftotext, PyMuPDF, pypdf) + Windows OCR of picture pages; both rule sets (check-media.mjs, scan-documents.py)"
157Amvya1oebWa89MhcA8UOGVWAbXtUcS,2026-10-06,clean,"document agendas-2024-asc-agenda-february-11-2024-es · pre-launch scan 2026-10-06: every page (pdftotext, PyMuPDF, pypdf) + Windows OCR of picture pages; both rule sets (check-media.mjs, scan-documents.py)"
141tapQYP0EFKEqqyqZAVRqOwqsep6Tcj,2026-10-06,clean,"document agendas-2024-asc-agenda-february-2024-en · pre-launch scan 2026-10-06: every page (pdftotext, PyMuPDF, pypdf) + Windows OCR of picture pages; both rule sets (check-media.mjs, scan-documents.py)"
1sdLK6kQUmjsbZE_3OeccaS4idr80SfJz,2026-10-06,clean,"document agendas-2024-asc-agenda-march-2024-en-redacted · pre-launch scan 2026-10-06: every page (pdftotext, PyMuPDF, pypdf) + Windows OCR of picture pages; both rule sets (check-media.mjs, scan-documents.py)"
1ZkAjc8JQDcUtSMg65q9-E4rtxpiVwDDI,2026-10-06,clean,"document agendas-2024-asc-agenda-march-2024-es · pre-launch scan 2026-10-06: every page (pdftotext, PyMuPDF, pypdf) + Windows OCR of picture pages; both rule sets (check-media.mjs, scan-documents.py)"
1pxpVlrw6xcQMd9oahHOH_gJnn2bT4o5E,2026-10-06,clean,"document agendas-2024-asc-agenda-october-2024-es · pre-launch scan 2026-10-06: every page (pdftotext, PyMuPDF, pypdf) + Windows OCR of picture pages; both rule sets (check-media.mjs, scan-documents.py)"
1BZVVreJphAsmDVRaNoSwXqpA-rb3ZLIR,2026-10-06,clean,"document agendas-2024-assembly-asa-agenda-january-2024-en · pre-launch scan 2026-10-06: every page (pdftotext, PyMuPDF, pypdf) + Windows OCR of picture pages; both rule sets (check-media.mjs, scan-documents.py)"
128GoiJVAlcqG3ODjNypePX0dN3JXybew,2026-10-06,clean,"document agendas-2024-assembly-asa-agenda-january-2024-es · pre-launch scan 2026-10-06: every page (pdftotext, PyMuPDF, pypdf) + Windows OCR of picture pages; both rule sets (check-media.mjs, scan-documents.py)"
1f4KKBRzF4-BO1Hlqxp0JTqbtZNDEpbnC,2026-10-06,clean,"document agendas-2024-assembly-asa-agenda-may-2024-es · pre-launch scan 2026-10-06: every page (pdftotext, PyMuPDF, pypdf) + Windows OCR of picture pages; both rule sets (check-media.mjs, scan-documents.py)"
1Mh8w9qG70BScqDd33QcUsGDqYnQBdTqr,2026-10-06,clean,"document agendas-2024-assembly-asa-agenda-september-2024-en · pre-launch scan 2026-10-06: every page (pdftotext, PyMuPDF, pypdf) + Windows OCR of picture pages; both rule sets (check-media.mjs, scan-documents.py)"
1uzNDIC6pw2rSGvIvcdxhxmxCG3CzlKoN,2026-10-06,clean,"document agendas-2024-assembly-asa-agenda-september-2024-es · pre-launch scan 2026-10-06: every page (pdftotext, PyMuPDF, pypdf) + Windows OCR of picture pages; both rule sets (check-media.mjs, scan-documents.py)"
1sdhgfw2P3B79WN4-qeEjD9lcggKXHGJ8,2026-10-06,clean,"document agendas-2024-assembly-asa-agenda-september-8-2024-en · pre-launch scan 2026-10-06: every page (pdftotext, PyMuPDF, pypdf) + Windows OCR of picture pages; both rule sets (check-media.mjs, scan-documents.py)"
1wZHGbel54c4L-DC_68Ixv_LWZXAvSf-M,2026-10-06,clean,"document agendas-2025-asc-agenda-december-2025-en · pre-launch scan 2026-10-06: every page (pdftotext, PyMuPDF, pypdf) + Windows OCR of picture pages; both rule sets (check-media.mjs, scan-documents.py)"
15df_wwETpX1ZxfNJHM2u9NNJx5ZhPppq,2026-10-06,clean,"document agendas-2025-asc-agenda-december-2025-es · pre-launch scan 2026-10-06: every page (pdftotext, PyMuPDF, pypdf) + Windows OCR of picture pages; both rule sets (check-media.mjs, scan-documents.py)"
1yZtWvDMUaCEaMD5B9NM9EZ4CLSkvbQWJ,2026-10-06,clean,"document agendas-2025-asc-agenda-february-2025-en · pre-launch scan 2026-10-06: every page (pdftotext, PyMuPDF, pypdf) + Windows OCR of picture pages; both rule sets (check-media.mjs, scan-documents.py)"
10nMukknH3KRPnyGKoagFgKEjJOCU2387,2026-10-06,clean,"document agendas-2025-asc-agenda-february-2025-es · pre-launch scan 2026-10-06: every page (pdftotext, PyMuPDF, pypdf) + Windows OCR of picture pages; both rule sets (check-media.mjs, scan-documents.py)"
1RvOdN4YoP_mcA-wFm7ihlFps7eQ7CvwM,2026-10-06,clean,"document agendas-2025-asc-agenda-june-2025-en · pre-launch scan 2026-10-06: every page (pdftotext, PyMuPDF, pypdf) + Windows OCR of picture pages; both rule sets (check-media.mjs, scan-documents.py)"
1Sxg60eWLqz3L_gOPFdbsFTAZQrBsjWv-,2026-10-06,clean,"document agendas-2025-asc-agenda-june-2025-es · pre-launch scan 2026-10-06: every page (pdftotext, PyMuPDF, pypdf) + Windows OCR of picture pages; both rule sets (check-media.mjs, scan-documents.py)"
160MqJwvANZBSUh0Prs7wDDJdA7teqchv,2026-10-06,clean,"document agendas-2025-asc-agenda-november-2025-en · pre-launch scan 2026-10-06: every page (pdftotext, PyMuPDF, pypdf) + Windows OCR of picture pages; both rule sets (check-media.mjs, scan-documents.py)"
1SkkgcTQK4mobDj9X-FAB9cJuMcpyEIuH,2026-10-06,clean,"document agendas-2025-assembly-asa-agenda-may-2025-en · pre-launch scan 2026-10-06: every page (pdftotext, PyMuPDF, pypdf) + Windows OCR of picture pages; both rule sets (check-media.mjs, scan-documents.py)"
1FFQbffTj0_X9mjn9wxz2QPxFyeSNw0AI,2026-10-06,clean,"document agendas-2025-assembly-asa-agenda-may-2025-es · pre-launch scan 2026-10-06: every page (pdftotext, PyMuPDF, pypdf) + Windows OCR of picture pages; both rule sets (check-media.mjs, scan-documents.py)"
1u3dpivAKvofXkb-bWeLFgJJTeaCLgV6v,2026-10-06,clean,"document agendas-2025-assembly-asa-agenda-september-2025-en · pre-launch scan 2026-10-06: every page (pdftotext, PyMuPDF, pypdf) + Windows OCR of picture pages; both rule sets (check-media.mjs, scan-documents.py)"
1NnOoV7vVjluVeihHestw1mdHyGW8uqhH,2026-10-06,clean,"document agendas-2025-assembly-asa-agenda-september-2025-es · pre-launch scan 2026-10-06: every page (pdftotext, PyMuPDF, pypdf) + Windows OCR of picture pages; both rule sets (check-media.mjs, scan-documents.py)"
1LL7-2WHmyWNe01V0kIFRfJFNoxLBqOmb,2026-10-06,clean,"document agendas-2025-election-assembly-panel-76-agenda-october-2025-en · pre-launch scan 2026-10-06: every page (pdftotext, PyMuPDF, pypdf) + Windows OCR of picture pages; both rule sets (check-media.mjs, scan-documents.py)"
17YKaVbSYt8hQ57SCv4gStqoMOwSAU1VJ,2026-10-06,clean,"document agendas-2026-assembly-asa-agenda-january-11-2026-en · pre-launch scan 2026-10-06: every page (pdftotext, PyMuPDF, pypdf) + Windows OCR of picture pages; both rule sets (check-media.mjs, scan-documents.py)"
1sF2tEmQ2jISdSeGH3XmVgtrpJ5svIcYd,2026-10-06,clean,"document agendas-2026-assembly-asa-agenda-january-11-2026-es · pre-launch scan 2026-10-06: every page (pdftotext, PyMuPDF, pypdf) + Windows OCR of picture pages; both rule sets (check-media.mjs, scan-documents.py)"
1RZW56pB4fMgt9F7paqLjDpEqa8zCrdd3,2026-10-06,clean,"document agendas-2026-assembly-asa-agenda-january-2026-en · pre-launch scan 2026-10-06: every page (pdftotext, PyMuPDF, pypdf) + Windows OCR of picture pages; both rule sets (check-media.mjs, scan-documents.py)"
1W9fgrmxYFliNXa5WhIEKwFcSqpBxlG_G,2026-10-06,clean,"document agendas-2026-assembly-asa-agenda-january-2026-es · pre-launch scan 2026-10-06: every page (pdftotext, PyMuPDF, pypdf) + Windows OCR of picture pages; both rule sets (check-media.mjs, scan-documents.py)"
1fgAmJHwkdolQSkXOj4KLRvjgSOqYqkzy,2026-10-06,clean,"document agendas-2026-assembly-asa-agenda-september-13-2026-en · pre-launch scan 2026-10-06: downloaded from Drive, every page (pdftotext, PyMuPDF, pypdf); both rule sets"
15j3b2IEtULcYaTdfILqCy8cqOO293dBY,2026-10-06,clean,"document agendas-2026-assembly-asa-agenda-september-13-2026-es · pre-launch scan 2026-10-06: downloaded from Drive, every page (pdftotext, PyMuPDF, pypdf); both rule sets"
1PZ6lBIgqUb06FluV5Q_uxKpZDkt6x5LT,2026-10-06,clean,"document agendas-2026-hispanic-inter-district-meeting-agenda-march-29-2026-en · pre-launch scan 2026-10-06: every page (pdftotext, PyMuPDF, pypdf) + Windows OCR of picture pages; both rule sets (check-media.mjs, scan-documents.py)"
1EzQTirv0Yleie3mU7-r8jnb4bpe4vzwQ,2026-10-06,clean,"document agendas-2026-treasurer-a-p-report-february-8-2026-en-es · pre-launch scan 2026-10-06: every page (pdftotext, PyMuPDF, pypdf) + Windows OCR of picture pages; both rule sets (check-media.mjs, scan-documents.py)"
1OgIuaNTxjcCF91OBn6gysr2X0v6MFNPK,2026-10-06,clean,"document agendas-2026-treasurer-a-p-report-january-11-2026-en-es · pre-launch scan 2026-10-06: every page (pdftotext, PyMuPDF, pypdf) + Windows OCR of picture pages; both rule sets (check-media.mjs, scan-documents.py)"
1hFQpKwsKiSQHg1Rljk23K0MoJo0lPBVg,2026-10-06,clean,"document archive-archives-2009-the-chronicles-of-msca-history09262009-en · pre-launch scan 2026-10-06: every page (pdftotext, PyMuPDF, pypdf) + Windows OCR of picture pages; both rule sets (check-media.mjs, scan-documents.py)"
1S8lDUiixf62MQOH15F6W09f6ZwFXvbdA,2026-10-06,clean,"document archive-archives-2010-ac-minutes-dec-18-2010-en-redacted · pre-launch scan 2026-10-06: every page (pdftotext, PyMuPDF, pypdf) + Windows OCR of picture pages; both rule sets (check-media.mjs, scan-documents.py)"
1wTj1-wSaudRAhYNuSWbXvVyCeAbi81es,2026-10-06,clean,"document archive-archives-2010-archivesminutes-may-15-2010-en-redacted · pre-launch scan 2026-10-06: every page (pdftotext, PyMuPDF, pypdf) + Windows OCR of picture pages; both rule sets (check-media.mjs, scan-documents.py)"
1M62c5zi7-pjWfDmpIOT7-qTqs-_uX4PT,2026-10-06,cleared: role mailbox,"document archive-archives-2011-ac-mins-april-2-2011-en-redacted · pre-launch scan 2026-10-06: every page (pdftotext, PyMuPDF, pypdf) + Windows OCR of picture pages; both rule sets (check-media.mjs, scan-documents.py)"
1Au6jRuNjz90poDN9I6kJpp4X3Hx7GWCu,2026-10-06,clean,"document archive-archives-2011-ac-mins-dec-17-2011-en-redacted · pre-launch scan 2026-10-06: every page (pdftotext, PyMuPDF, pypdf) + Windows OCR of picture pages; both rule sets (check-media.mjs, scan-documents.py)"
1VLimPDoZ9OeNA8G4I8PY-VQJGFgWeXCC,2026-10-06,clean,"document archive-archives-2011-ac-mins-feb-19-2011-en-redacted · pre-launch scan 2026-10-06: every page (pdftotext, PyMuPDF, pypdf) + Windows OCR of picture pages; both rule sets (check-media.mjs, scan-documents.py)"
1UJzuMYltawy3wwBe9Ks5EO_i6fTMUEg-,2026-10-06,cleared: role mailbox,"document archive-archives-2011-ac-mins-jan15-2011-en-redacted · pre-launch scan 2026-10-06: every page (pdftotext, PyMuPDF, pypdf) + Windows OCR of picture pages; both rule sets (check-media.mjs, scan-documents.py)"
1JBlbIFOXsu5SGeEcLrE7ky2PU4RFe2oH,2026-10-06,clean,"document archive-archives-2011-ac-mins-july-16-2011-en-redacted · pre-launch scan 2026-10-06: every page (pdftotext, PyMuPDF, pypdf) + Windows OCR of picture pages; both rule sets (check-media.mjs, scan-documents.py)"
1lTAFKtKVWZkmGtS9haoTReb13w_T9Z0a,2026-10-06,clean,"document archive-archives-2011-ac-mins-june-18-2011-en-redacted · pre-launch scan 2026-10-06: every page (pdftotext, PyMuPDF, pypdf) + Windows OCR of picture pages; both rule sets (check-media.mjs, scan-documents.py)"
1BAFyJZESi1V5k9uokqhEYNyk-Az12p7d,2026-10-06,clean,"document archive-archives-2011-ac-mins-nov-19-2011-en-redacted · pre-launch scan 2026-10-06: every page (pdftotext, PyMuPDF, pypdf) + Windows OCR of picture pages; both rule sets (check-media.mjs, scan-documents.py)"
1qMKhXjBMb_CuyUYmZt_w-XG740qV2wSV,2026-10-06,clean,"document archive-archives-2011-ac-mins-sep-10-2011-en-redacted · pre-launch scan 2026-10-06: every page (pdftotext, PyMuPDF, pypdf) + Windows OCR of picture pages; both rule sets (check-media.mjs, scan-documents.py)"
1bCjSul5FmnLiyQBL3bkVBKHUNIYcTtyq,2026-10-06,clean,"document archive-archives-ac-mins-10-09-10-en-redacted · pre-launch scan 2026-10-06: every page (pdftotext, PyMuPDF, pypdf) + Windows OCR of picture pages; both rule sets (check-media.mjs, scan-documents.py)"
1WMQvcUuzxIVRjTpmW3buhKa-6Jq0FCYI,2026-10-06,clean,"document archive-archives-ac-mins-9-18-10-en-redacted · pre-launch scan 2026-10-06: every page (pdftotext, PyMuPDF, pypdf) + Windows OCR of picture pages; both rule sets (check-media.mjs, scan-documents.py)"
1431BRc4i2U1OFzSGRXmKkA2KCGVovKAQ,2026-10-06,clean,"document archive-archives-ac-mtg-mins-08-21-10-en-redacted · pre-launch scan 2026-10-06: every page (pdftotext, PyMuPDF, pypdf) + Windows OCR of picture pages; both rule sets (check-media.mjs, scan-documents.py)"
1MTygJP546BGIVWniJpXB5dDH5oJZZsuR,2026-10-06,clean,"document archive-archives-formgphist-en · pre-launch scan 2026-10-06: every page (pdftotext, PyMuPDF, pypdf) + Windows OCR of picture pages; both rule sets (check-media.mjs, scan-documents.py)"
1MmWU33KqHMju03JELlnS-AOY97GGB9Q4,2026-10-06,clean,"document archive-archives-serenprayerorigin-en · pre-launch scan 2026-10-06: every page (pdftotext, PyMuPDF, pypdf) + Windows OCR of picture pages; both rule sets (check-media.mjs, scan-documents.py)"
1JSJq-4qSLXoYF4BGVo0ktNYO_LHA8fQP,2026-10-06,clean,"document archive-archives-sformgphist-en · pre-launch scan 2026-10-06: every page (pdftotext, PyMuPDF, pypdf) + Windows OCR of picture pages; both rule sets (check-media.mjs, scan-documents.py)"
1QUcznpOHcEaEg9gtKegVctxi__s1XmMz,2026-10-06,clean,"document archive-calendars-2010-2010-calendar-en · pre-launch scan 2026-10-06: every page (pdftotext, PyMuPDF, pypdf) + Windows OCR of picture pages; both rule sets (check-media.mjs, scan-documents.py)"
1h9lgz3Lk5XVAE4niZ5c0AeXHwlrNocY5,2026-10-06,clean,"document archive-calendars-2018-msca2018calendar-en · pre-launch scan 2026-10-06: every page (pdftotext, PyMuPDF, pypdf) + Windows OCR of picture pages; both rule sets (check-media.mjs, scan-documents.py)"
11pXJw0ph4gxZNfbjrVzBIPlL65T4j8GS,2026-10-06,clean,"document archive-calendars-2019-2019-msca09-calendar-en · pre-launch scan 2026-10-06: every page (pdftotext, PyMuPDF, pypdf) + Windows OCR of picture pages; both rule sets (check-media.mjs, scan-documents.py)"
1aWuQRwnr6_RH9Idpr7IReANc5Avu6l06,2026-10-06,clean,"document archive-calendars-2020-msca-2020-calendar-en · pre-launch scan 2026-10-06: every page (pdftotext, PyMuPDF, pypdf) + Windows OCR of picture pages; both rule sets (check-media.mjs, scan-documents.py)"
1sXeJ73g8RNFnDWsBzmWyevlyqsxu5tCN,2026-10-06,clean,"document archive-calendars-2021-msca-2021-calendar-final-en · pre-launch scan 2026-10-06: every page (pdftotext, PyMuPDF, pypdf) + Windows OCR of picture pages; both rule sets (check-media.mjs, scan-documents.py)"
1tfPsGuS-BKEFiwOV6kovXwUEhwrRjZOY,2026-10-06,clean,"document archive-calendars-2022-area-calendar-2022-en-es · pre-launch scan 2026-10-06: every page (pdftotext, PyMuPDF, pypdf) + Windows OCR of picture pages; both rule sets (check-media.mjs, scan-documents.py)"
1VepW7WZG5ouDNv6mRbmuzwX23Saug6yI,2026-10-06,clean,"document archive-calendars-2023-area-calendar-2023-revised-april-2023-en-es · pre-launch scan 2026-10-06: every page (pdftotext, PyMuPDF, pypdf) + Windows OCR of picture pages; both rule sets (check-media.mjs, scan-documents.py)"
1uwi2q1xjo0iHYCAID97M_67DVJH7hcC-,2026-10-06,clean,"document archive-calendars-2024-area-calendar-2024-draft-june-2023-en-es · pre-launch scan 2026-10-06: every page (pdftotext, PyMuPDF, pypdf) + Windows OCR of picture pages; both rule sets (check-media.mjs, scan-documents.py)"
1HL5a158yBpSdK0-qMrNgTnwMVC_azLyf,2026-10-06,clean,"document archive-calendars-2024-tentative-dates-to-consider-2024-11-en · pre-launch scan 2026-10-06: every page (pdftotext, PyMuPDF, pypdf) + Windows OCR of picture pages; both rule sets (check-media.mjs, scan-documents.py)"
14uVKzyldYScMc_hxomk9yDEHP4CPC-ZQ,2026-10-06,clean,"document archive-calendars-2025-area-calendar-2025-en-es · pre-launch scan 2026-10-06: every page (pdftotext, PyMuPDF, pypdf) + Windows OCR of picture pages; both rule sets (check-media.mjs, scan-documents.py)"
1icaEYaJOJinnWezF7XOvvKgnrB7EaFRg,2026-10-06,clean,"document archive-calendars-calendar-09-en · pre-launch scan 2026-10-06: every page (pdftotext, PyMuPDF, pypdf) + Windows OCR of picture pages; both rule sets (check-media.mjs, scan-documents.py)"
1w6hbmwNLzaDZnNOOEpOpvLha1od3aoES,2026-10-06,clean,"document archive-calendars-s-08-calendar-en · pre-launch scan 2026-10-06: every page (pdftotext, PyMuPDF, pypdf) + Windows OCR of picture pages; both rule sets (check-media.mjs, scan-documents.py)"
1ttkFaYYMjsE1w9-crFwXpPMxEOwS592n,2026-10-06,clean,"document archive-conference-04-finalconfagendaspanish-es · pre-launch scan 2026-10-06: every page (pdftotext, PyMuPDF, pypdf) + Windows OCR of picture pages; both rule sets (check-media.mjs, scan-documents.py)"
1z1D_0fH7y9KX_3ick6p3GNOSo7ZT5yTX,2026-10-06,clean,"document archive-conference-08-final-conference-agenda-items-english-1-en · pre-launch scan 2026-10-06: every page (pdftotext, PyMuPDF, pypdf) + Windows OCR of picture pages; both rule sets (check-media.mjs, scan-documents.py)"
1wR54za-ebPXjdAdzvyIOBFl2Pvmhuhsp,2026-10-06,clean,"document archive-conference-09-final-conference-agenda-items-english-2-en · pre-launch scan 2026-10-06: every page (pdftotext, PyMuPDF, pypdf) + Windows OCR of picture pages; both rule sets (check-media.mjs, scan-documents.py)"
10_JozdbqkXBZRtKwevxL_qvOvn0YeY9g,2026-10-06,clean,"document archive-conference-2007-dec-2007-asc-agenda-eng-en · pre-launch scan 2026-10-06: every page (pdftotext, PyMuPDF, pypdf) + Windows OCR of picture pages; both rule sets (check-media.mjs, scan-documents.py)"
1PVRBjHpScpOnFY82u0gv6rR2CKiCXxTU,2026-10-06,clean,"document archive-conference-2008-february-2008-asc-agenda-en · pre-launch scan 2026-10-06: every page (pdftotext, PyMuPDF, pypdf) + Windows OCR of picture pages; both rule sets (check-media.mjs, scan-documents.py)"
1yvLgZhWfsmLZpNsiTXqyXC99ey5mZa7A,2026-10-06,clean,"document archive-conference-2008-jan-2008-area-assembly-agenda-en · pre-launch scan 2026-10-06: every page (pdftotext, PyMuPDF, pypdf) + Windows OCR of picture pages; both rule sets (check-media.mjs, scan-documents.py)"
1QsOPoHkBAA1QFGSvFZR94GlLL8Ylf10B,2026-10-06,clean,"document archive-conference-2008-jan-2008-area-assembly-agenda-spanish-es · pre-launch scan 2026-10-06: every page (pdftotext, PyMuPDF, pypdf) + Windows OCR of picture pages; both rule sets (check-media.mjs, scan-documents.py)"
1yeBHQfblnPF0pyiU1w12VzXck800CVr0,2026-10-06,clean,"document archive-conference-2008-march-2008-asc-agenda-en · pre-launch scan 2026-10-06: every page (pdftotext, PyMuPDF, pypdf) + Windows OCR of picture pages; both rule sets (check-media.mjs, scan-documents.py)"
15gv6m-TzOBWIm5HfUsdeZFgYO1Q4uZeZ,2026-10-06,clean,"document archive-conference-2008-may2008assemblyagendaupdate-en · pre-launch scan 2026-10-06: every page (pdftotext, PyMuPDF, pypdf) + Windows OCR of picture pages; both rule sets (check-media.mjs, scan-documents.py)"
1AnxWJ0irCGQedybVLrQ4l6X5OWQsF444,2026-10-06,clean,"document archive-conference-2008-sagendajune2008-en-redacted · pre-launch scan 2026-10-06: every page (pdftotext, PyMuPDF, pypdf) + Windows OCR of picture pages; both rule sets (check-media.mjs, scan-documents.py)"
1HQcwoYLmJCmMz7G7yKAnte3Cj38HKlWh,2026-10-06,clean,"document archive-conference-2008-smarch-2008-asc-agenda-spanish-es · pre-launch scan 2026-10-06: every page (pdftotext, PyMuPDF, pypdf) + Windows OCR of picture pages; both rule sets (check-media.mjs, scan-documents.py)"
1yT_hsZoy14Skye7MZR5WhPYcRiz9mlp0,2026-10-06,clean,"document archive-conference-2008-soct2008spanish-asc-agenda-es · pre-launch scan 2026-10-06: every page (pdftotext, PyMuPDF, pypdf) + Windows OCR of picture pages; both rule sets (check-media.mjs, scan-documents.py)"
1PhEJnpWzmM92C6un6eNH--zdh70YXjy-,2026-10-06,clean,"document archive-conference-2009-aa-gs-conference-preliminary-agenda-items-01-2009-en · pre-launch scan 2026-10-06: every page (pdftotext, PyMuPDF, pypdf) + Windows OCR of picture pages; both rule sets (check-media.mjs, scan-documents.py)"
1pqxgyrohSLAK08_BHBfeBwaijrUV4c7O,2026-10-06,clean,"document archive-conference-2009-aa-gs-conference-preliminary-agenda-items-02-2009-en · pre-launch scan 2026-10-06: every page (pdftotext, PyMuPDF, pypdf) + Windows OCR of picture pages; both rule sets (check-media.mjs, scan-documents.py)"
1Jbikdd4zuvznaE7lXQP_XdCalJrwEpa1,2026-10-06,clean,"document archive-conference-2009-aa-gs-conference-preliminary-agenda-items-03-2009-en · pre-launch scan 2026-10-06: every page (pdftotext, PyMuPDF, pypdf) + Windows OCR of picture pages; both rule sets (check-media.mjs, scan-documents.py)"
127d0K4KyOCHoZRwhaL0D_cSAH_-JqL1e,2026-10-06,clean,"document archive-conference-2009-aa-gs-conference-preliminary-agenda-items-04-2009-en · pre-launch scan 2026-10-06: every page (pdftotext, PyMuPDF, pypdf) + Windows OCR of picture pages; both rule sets (check-media.mjs, scan-documents.py)"
1Vt_RH_dLTw5DkVGE2_XLcVIdAyEcGVdq,2026-10-06,clean,"document archive-conference-2009-aa-msca-election-assembly-102009e-en · pre-launch scan 2026-10-06: every page (pdftotext, PyMuPDF, pypdf) + Windows OCR of picture pages; both rule sets (check-media.mjs, scan-documents.py)"
1wlbBIQ6FLwrtrxhaKTA0u0ZxyKao6inV,2026-10-06,clean,"document archive-conference-2009-agenda-apr-9-2009-en · pre-launch scan 2026-10-06: every page (pdftotext, PyMuPDF, pypdf) + Windows OCR of picture pages; both rule sets (check-media.mjs, scan-documents.py)"
1XQzgWkFqTYCMSpujsqW-uDT-qSRZaMIS,2026-10-06,clean,"document archive-conference-2009-asc-12-13-2009-spanish-es · pre-launch scan 2026-10-06: every page (pdftotext, PyMuPDF, pypdf) + Windows OCR of picture pages; both rule sets (check-media.mjs, scan-documents.py)"
1judVzFup_nQ-MIujN3w2XySEDMYRtQX9,2026-10-06,clean,"document archive-conference-2010-2010-proposed-meeting-schedule08-2009-en · pre-launch scan 2026-10-06: every page (pdftotext, PyMuPDF, pypdf) + Windows OCR of picture pages; both rule sets (check-media.mjs, scan-documents.py)"
1KT1-jfQoliJp3mFFaL6JeV6Nf8g2-VG7,2026-10-06,clean,"document archive-conference-2010-aa-msca-area-assembly-agenda-01-10-en · pre-launch scan 2026-10-06: every page (pdftotext, PyMuPDF, pypdf) + Windows OCR of picture pages; both rule sets (check-media.mjs, scan-documents.py)"
1AE25l2vlCAyrjn9V4GWCLmYGuG7ffKqh,2026-10-06,clean,"document archive-conference-2010-agenda-december-13-2010-en · pre-launch scan 2026-10-06: every page (pdftotext, PyMuPDF, pypdf) + Windows OCR of picture pages; both rule sets (check-media.mjs, scan-documents.py)"
1MU8C7XG5bknSqDTo2xtl13Qjji4f4uNR,2026-10-06,clean,"document archive-conference-2010-asc-february-14-2010-en · pre-launch scan 2026-10-06: every page (pdftotext, PyMuPDF, pypdf) + Windows OCR of picture pages; both rule sets (check-media.mjs, scan-documents.py)"
1zw55Q_4ClQJyMVk0e4BvffUzyl0eIe2I,2026-10-06,clean,"document archive-conference-2010-asc-june-13-2010-en · pre-launch scan 2026-10-06: every page (pdftotext, PyMuPDF, pypdf) + Windows OCR of picture pages; both rule sets (check-media.mjs, scan-documents.py)"
1qvS5wiBrujdBRd7GgDm0LxxLLj6ZoJ4N,2026-10-06,clean,"document archive-conference-2010-asc-march-14-2010-en-redacted · pre-launch scan 2026-10-06: every page (pdftotext, PyMuPDF, pypdf) + Windows OCR of picture pages; both rule sets (check-media.mjs, scan-documents.py)"
10M4sfBaSBArDuTpTO-1taZN7FLRmYV-I,2026-10-06,clean,"document archive-conference-2010-s2010-proposed-meeting-schedule-spanish-es · pre-launch scan 2026-10-06: every page (pdftotext, PyMuPDF, pypdf) + Windows OCR of picture pages; both rule sets (check-media.mjs, scan-documents.py)"
18hq4ZBSR5DE7A3F_k97upIsfkvBCW7Ok,2026-10-06,clean,"document archive-conference-2010-sjune132010-asc-agenda-01-10-en · pre-launch scan 2026-10-06: every page (pdftotext, PyMuPDF, pypdf) + Windows OCR of picture pages; both rule sets (check-media.mjs, scan-documents.py)"
1-odsGMaWHQaucd0Hpo9VY_WIcJnzCyew,2026-10-06,clean,"document archive-conference-2010-spanish-asc-february-14-2010-agenda-es · pre-launch scan 2026-10-06: every page (pdftotext, PyMuPDF, pypdf) + Windows OCR of picture pages; both rule sets (check-media.mjs, scan-documents.py)"
1YrIBDv7KAJyN5bb6Ep3muJIUT5DccGp5,2026-10-06,clean,"document archive-conference-2010-spanishaa-msca-area-assembly-agenda-01-10-es · pre-launch scan 2026-10-06: every page (pdftotext, PyMuPDF, pypdf) + Windows OCR of picture pages; both rule sets (check-media.mjs, scan-documents.py)"
1t1HBzIsiavVg7RYZJrOBfvwAl74kU1t8,2026-10-06,clean,"document archive-conference-2010-spanishasc-march-14-2010-es-redacted · pre-launch scan 2026-10-06: every page (pdftotext, PyMuPDF, pypdf) + Windows OCR of picture pages; both rule sets (check-media.mjs, scan-documents.py)"
1QpKg3bDfBXJyA7Aq7Wd5eNHOqtTADVGL,2026-10-06,clean,"document archive-conference-2011-2011gscfinalagendaitemsenglish-scrubbed-en · pre-launch scan 2026-10-06: every page (pdftotext, PyMuPDF, pypdf) + Windows OCR of picture pages; both rule sets (check-media.mjs, scan-documents.py)"
1H8SeF1vePnInjdNjQwNL0JSLBNQZ0Crs,2026-10-06,clean,"document archive-conference-2011-agenda-asembly-may2011-en · pre-launch scan 2026-10-06: every page (pdftotext, PyMuPDF, pypdf) + Windows OCR of picture pages; both rule sets (check-media.mjs, scan-documents.py)"
1DfNuWXx0r4ljv_TMbQdVckCErzYxjtR_,2026-10-06,clean,"document archive-conference-2011-ascfebruary2011-en · pre-launch scan 2026-10-06: every page (pdftotext, PyMuPDF, pypdf) + Windows OCR of picture pages; both rule sets (check-media.mjs, scan-documents.py)"
1vLZXAzhYnku9STgrEG5tKLgwaRV4MZJp,2026-10-06,clean,"document archive-conference-2011-d-7-agenda-apr-2011-en · pre-launch scan 2026-10-06: every page (pdftotext, PyMuPDF, pypdf) + Windows OCR of picture pages; both rule sets (check-media.mjs, scan-documents.py)"
1w05jJp0SlTcUqtlBdNyR6mKFvCU-Ro27,2026-10-06,clean,"document archive-conference-2011-d-7-agenda-feb-2011-en · pre-launch scan 2026-10-06: every page (pdftotext, PyMuPDF, pypdf) + Windows OCR of picture pages; both rule sets (check-media.mjs, scan-documents.py)"
12FkpjFDLFxQI28otPsyyduG0FY50MmmS,2026-10-06,clean,"document archive-conference-2011-d-7-agenda-jan-2011-en · pre-launch scan 2026-10-06: every page (pdftotext, PyMuPDF, pypdf) + Windows OCR of picture pages; both rule sets (check-media.mjs, scan-documents.py)"
1L8yOq6lXJyJ19PguBA9k7cjSOEKTYfx5,2026-10-06,clean,"document archive-conference-2011-d-7-agenda-july-2011-en · pre-launch scan 2026-10-06: every page (pdftotext, PyMuPDF, pypdf) + Windows OCR of picture pages; both rule sets (check-media.mjs, scan-documents.py)"
1iSxL7rqKKljk2FB0lM3C7qRF3uzd5wLe,2026-10-06,clean,"document archive-conference-2011-d-7-agenda-mar-2011-en · pre-launch scan 2026-10-06: every page (pdftotext, PyMuPDF, pypdf) + Windows OCR of picture pages; both rule sets (check-media.mjs, scan-documents.py)"
1vfFFuPs0czh6gv9LUQMaBrK33FMFjiWq,2026-10-06,clean,"document archive-conference-2011-d-7-agenda-may-2011-en · pre-launch scan 2026-10-06: every page (pdftotext, PyMuPDF, pypdf) + Windows OCR of picture pages; both rule sets (check-media.mjs, scan-documents.py)"
1MqN794lGRy_se0u40g_jXqn24KiSp-eP,2026-10-06,clean,"document archive-conference-2011-d-7-agenda-nov-2011-en · pre-launch scan 2026-10-06: every page (pdftotext, PyMuPDF, pypdf) + Windows OCR of picture pages; both rule sets (check-media.mjs, scan-documents.py)"
13WU8fOKDAvtW7RccqogJfX3HPQVpK9G9,2026-10-06,clean,"document archive-conference-2011-d-7-agenda-oct-2011-en · pre-launch scan 2026-10-06: every page (pdftotext, PyMuPDF, pypdf) + Windows OCR of picture pages; both rule sets (check-media.mjs, scan-documents.py)"
1LLcTAJ2XMJIfVtGdwFZAD_bKqiT3i3In,2026-10-06,clean,"document archive-conference-2011-january2011-en · pre-launch scan 2026-10-06: every page (pdftotext, PyMuPDF, pypdf) + Windows OCR of picture pages; both rule sets (check-media.mjs, scan-documents.py)"
1hYAkCjZXxO91Vx7kZeuSeg5-nhDpDEQ2,2026-10-06,"cleared: sobriety phrase without a member's date (requirement, heading, total, anonymous sharing or length only)","document archive-conference-2012-62nd-general-service-conference-area-9-topic-summaries-en · pre-launch scan 2026-10-06: every page (pdftotext, PyMuPDF, pypdf) + Windows OCR of picture pages; both rule sets (check-media.mjs, scan-documents.py)"
11bcaQHBDTln1uQfrOwVwaIIcwsi04VCA,2026-10-06,clean,"document archive-conference-2012-aa-preconferenceworkshop-2012-en · pre-launch scan 2026-10-06: every page (pdftotext, PyMuPDF, pypdf) + Windows OCR of picture pages; both rule sets (check-media.mjs, scan-documents.py)"
1u-HU-IuhAwISc1Joo3D06i8CAmVe4k1l,2026-10-06,clean,"document archive-conference-2012-agenda-2012-apr-en · pre-launch scan 2026-10-06: every page (pdftotext, PyMuPDF, pypdf) + Windows OCR of picture pages; both rule sets (check-media.mjs, scan-documents.py)"
1EUn1DFK3DXKUHn3MqhtnFj9M5Udsl8Br,2026-10-06,clean,"document archive-conference-2012-agenda-2012-feb-en · pre-launch scan 2026-10-06: every page (pdftotext, PyMuPDF, pypdf) + Windows OCR of picture pages; both rule sets (check-media.mjs, scan-documents.py)"
1iq2sfXb66CC-Hii-phn3MzqPoMVDncwF,2026-10-06,clean,"document archive-conference-2012-agenda-2012-jan-en · pre-launch scan 2026-10-06: every page (pdftotext, PyMuPDF, pypdf) + Windows OCR of picture pages; both rule sets (check-media.mjs, scan-documents.py)"
1xnehmtJ-XTjyNjhfiWKH9bEaA9EK5LC7,2026-10-06,clean,"document archive-conference-2012-agenda-2012-jun-en · pre-launch scan 2026-10-06: every page (pdftotext, PyMuPDF, pypdf) + Windows OCR of picture pages; both rule sets (check-media.mjs, scan-documents.py)"
1PsdWN2W4AwV7QPIsKwzh2vet7en4IYyw,2026-10-06,clean,"document archive-conference-2012-dec2012agenda-en · pre-launch scan 2026-10-06: every page (pdftotext, PyMuPDF, pypdf) + Windows OCR of picture pages; both rule sets (check-media.mjs, scan-documents.py)"
1YZaALDsm9_dOaTwaocf09EhxuVxYPHGU,2026-10-06,clean,"document archive-conference-2012-feb2012agenda-en · pre-launch scan 2026-10-06: every page (pdftotext, PyMuPDF, pypdf) + Windows OCR of picture pages; both rule sets (check-media.mjs, scan-documents.py)"
1b-4e_itakqFama3tGe_DiLTBk6S43Mmz,2026-10-06,clean,"document archive-conference-2012-jan-2012agenda-en · pre-launch scan 2026-10-06: every page (pdftotext, PyMuPDF, pypdf) + Windows OCR of picture pages; both rule sets (check-media.mjs, scan-documents.py)"
1_WpkuVr7t0NTMFkrPg_P4onp5ONRSSKv,2026-10-06,clean,"document archive-conference-2013-2004-general-service-conference-committees-agenda-items-en · pre-launch scan 2026-10-06: every page (pdftotext, PyMuPDF, pypdf) + Windows OCR of picture pages; both rule sets (check-media.mjs, scan-documents.py)"
1wOdam22Payh0UlqUHcywVpNlRQnaWdLZ,2026-10-06,clean,"document archive-conference-2013-2013-gsc-agenda-summaries-en · pre-launch scan 2026-10-06: every page (pdftotext, PyMuPDF, pypdf) + Windows OCR of picture pages; both rule sets (check-media.mjs, scan-documents.py)"
1IewyfpBHeS0EywazZs-UDOtekrCziA7M,2026-10-06,clean,"document archive-conference-2013-2013-gsc-inventory-report-en-en · pre-launch scan 2026-10-06: every page (pdftotext, PyMuPDF, pypdf) + Windows OCR of picture pages; both rule sets (check-media.mjs, scan-documents.py)"
1QHOfd2LQqfcttWtbqT5y2EFKZBO7LQmK,2026-10-06,clean,"document archive-conference-2013-2013-gsc-inventory-report-fr-en · pre-launch scan 2026-10-06: every page (pdftotext, PyMuPDF, pypdf) + Windows OCR of picture pages; both rule sets (check-media.mjs, scan-documents.py)"
1uxLDvtrNLoVRvaHWoCoTmDYIHtk6o6DV,2026-10-06,clean,"document archive-conference-2013-2013-gsc-inventory-report-sp-es · pre-launch scan 2026-10-06: every page (pdftotext, PyMuPDF, pypdf) + Windows OCR of picture pages; both rule sets (check-media.mjs, scan-documents.py)"
1wHyONEXrLaHZrBl1OVH1NzdHazz2oubb,2026-10-06,"cleared: sobriety phrase without a member's date (requirement, heading, total, anonymous sharing or length only)","document archive-conference-2013-additional-committee-considerations-2013-en · pre-launch scan 2026-10-06: every page (pdftotext, PyMuPDF, pypdf) + Windows OCR of picture pages; both rule sets (check-media.mjs, scan-documents.py)"
1ssw5EzRA9Xa84dlnFa5yfW9Jp1QuO0lX,2026-10-06,clean,"document archive-conference-2013-aug11-asc-agenda-2013-en · pre-launch scan 2026-10-06: every page (pdftotext, PyMuPDF, pypdf) + Windows OCR of picture pages; both rule sets (check-media.mjs, scan-documents.py)"
1VVq4mxJsLWVlDBsvspLB_UcVY0j6iJSn,2026-10-06,clean,"document archive-conference-2013-conference-advisory-actions-of-the-62nd-general-service-conferen-en · pre-launch scan 2026-10-06: every page (pdftotext, PyMuPDF, pypdf) + Windows OCR of picture pages; both rule sets (check-media.mjs, scan-documents.py)"
11Yws4DI-hp8jvSreLy2dWUGQW7yejmWz,2026-10-06,clean,"document archive-conference-2013-feb2013agenda-en · pre-launch scan 2026-10-06: every page (pdftotext, PyMuPDF, pypdf) + Windows OCR of picture pages; both rule sets (check-media.mjs, scan-documents.py)"
1Vj3_x5rU0iRWWLBUzL6XCnD1eEutDsNq,2026-10-06,clean,"document archive-conference-2013-jan2013agenda-en · pre-launch scan 2026-10-06: every page (pdftotext, PyMuPDF, pypdf) + Windows OCR of picture pages; both rule sets (check-media.mjs, scan-documents.py)"
1i_J8Y07qJiCcpYVLc5PUmL_WBL1jHSQa,2026-10-06,clean,"document archive-conference-2013-sep2013-assembly-agenda-en · pre-launch scan 2026-10-06: every page (pdftotext, PyMuPDF, pypdf) + Windows OCR of picture pages; both rule sets (check-media.mjs, scan-documents.py)"
1y8whOhiI5yipzG_JWR6lEaK_orEsawV4,2026-10-06,clean,"document archive-conference-2018-68th-gsc-advisory-actions-english-en-redacted · pre-launch scan 2026-10-06: every page (pdftotext, PyMuPDF, pypdf) + Windows OCR of picture pages; both rule sets (check-media.mjs, scan-documents.py)"
16HyQy_vJWvc0VHIAXN_3pWjgpCMkjc5Q,2026-10-06,clean,"document archive-conference-2018-68th-gsc-committee-considerations-english-en · pre-launch scan 2026-10-06: every page (pdftotext, PyMuPDF, pypdf) + Windows OCR of picture pages; both rule sets (check-media.mjs, scan-documents.py)"
1xNkUEFnC1yapOkK9flUaiyxsN1H3FPHW,2026-10-06,clean,"document archive-conference-2018-68th-gsc-final-list-of-agenda-items-english-en · pre-launch scan 2026-10-06: every page (pdftotext, PyMuPDF, pypdf) + Windows OCR of picture pages; both rule sets (check-media.mjs, scan-documents.py)"
10c3JR4qQRcaiWUfRn_8Ga7oM7qqpSn8w,2026-10-06,clean,"document archive-conference-2018-68th-gsc-recommendations-and-floor-actions-not-resulting-in-advi-en · pre-launch scan 2026-10-06: every page (pdftotext, PyMuPDF, pypdf) + Windows OCR of picture pages; both rule sets (check-media.mjs, scan-documents.py)"
1IvARtW1t645cMgubMR0wh4tN3TeU97Tn,2026-10-06,clean,"document archive-conference-2019-2019-final-list-of-agenda-items-en-en · pre-launch scan 2026-10-06: every page (pdftotext, PyMuPDF, pypdf) + Windows OCR of picture pages; both rule sets (check-media.mjs, scan-documents.py)"
1kHhlbHjPuFdIXHU8lGdKH5qzkUfwiTRN,2026-10-06,clean,"document archive-conference-2019-2019-final-list-of-agenda-items-sp-es · pre-launch scan 2026-10-06: every page (pdftotext, PyMuPDF, pypdf) + Windows OCR of picture pages; both rule sets (check-media.mjs, scan-documents.py)"
1-972b8z1GDr5pQgHcuQLkHVKRip1QzZ3,2026-10-06,clean,"document archive-conference-2020-71st-gsc-proposed-agenda-items-2020-11-11-english-en · pre-launch scan 2026-10-06: every page (pdftotext, PyMuPDF, pypdf) + Windows OCR of picture pages; both rule sets (check-media.mjs, scan-documents.py)"
1ZoQdk5PJqfJl8AAKjSfTZrApNaYSIucy,2026-10-06,clean,"document archive-conference-2020-71st-gsc-proposed-agenda-items-2020-11-11-spanish-es · pre-launch scan 2026-10-06: every page (pdftotext, PyMuPDF, pypdf) + Windows OCR of picture pages; both rule sets (check-media.mjs, scan-documents.py)"
1lQp7KOcvRizUFTIryakTu56EDDoo-QiC,2026-10-06,clean,"document archive-conference-2020-gsc-final-list-of-agenda-items-2020-03-06-spanish-es · pre-launch scan 2026-10-06: every page (pdftotext, PyMuPDF, pypdf) + Windows OCR of picture pages; both rule sets (check-media.mjs, scan-documents.py)"
1uLiuJ32tYt84i4HgML4-hZLcR8iBvVFY,2026-10-06,clean,"document archive-conference-2020-gsc-proposed-agenda-items-2020-02-06-english-en · pre-launch scan 2026-10-06: every page (pdftotext, PyMuPDF, pypdf) + Windows OCR of picture pages; both rule sets (check-media.mjs, scan-documents.py)"
15nqA20Drl5OYAb_EGe8cKhzHP4esgW9L,2026-10-06,clean,"document archive-conference-2020-proposed-agenda-items-for-the-71st-gsc-as-of-december-18-2020-en-redacted · pre-launch scan 2026-10-06: every page (pdftotext, PyMuPDF, pypdf) + Windows OCR of picture pages; both rule sets (check-media.mjs, scan-documents.py)"
1oebZur0XysyDwM3yEZs57oOWfGbO-fw-,2026-10-06,clean,"document archive-conference-2021-2021-compiled-pre-conference-boot-camp-presentations-en-redacted · pre-launch scan 2026-10-06: every page (pdftotext, PyMuPDF, pypdf) + Windows OCR of picture pages; both rule sets (check-media.mjs, scan-documents.py)"
115phFWSibBPHs90OUdy3gxJDAn6dW1HO,2026-10-06,clean,"document archive-conference-2021-2021-conference-cancelled-en · pre-launch scan 2026-10-06: every page (pdftotext, PyMuPDF, pypdf) + Windows OCR of picture pages; both rule sets (check-media.mjs, scan-documents.py)"
1Jzg07A219XWaySFBkSgkKOEZ0caYNsg7,2026-10-06,clean,"document archive-conference-2021-2021-conference-cancelled-sp-es · pre-launch scan 2026-10-06: every page (pdftotext, PyMuPDF, pypdf) + Windows OCR of picture pages; both rule sets (check-media.mjs, scan-documents.py)"
1HO9-4X5rA3ME1Lv0TKic-D5LViDWoMzw,2026-10-06,cleared: General Service Office line,"document archive-conference-2021-20210216-update-to-gsc-gsb-sp-en-es · pre-launch scan 2026-10-06: every page (pdftotext, PyMuPDF, pypdf) + Windows OCR of picture pages; both rule sets (check-media.mjs, scan-documents.py)"
14anyVVgdBpWg6ERuU7TUW9UBpK_WNOm8,2026-10-06,clean,"document archive-conference-2021-71st-gsc-final-list-of-agenda-items-english-en · pre-launch scan 2026-10-06: every page (pdftotext, PyMuPDF, pypdf) + Windows OCR of picture pages; both rule sets (check-media.mjs, scan-documents.py)"
1_K375nA55PNc3_efUcL7edDgpRRvzDo5,2026-10-06,clean,"document archive-conference-2021-71st-gsc-final-list-of-agenda-items-spanish-2-9-2021-es · pre-launch scan 2026-10-06: every page (pdftotext, PyMuPDF, pypdf) + Windows OCR of picture pages; both rule sets (check-media.mjs, scan-documents.py)"
1fNl1en8ACz5vYMjhKk4ajBRlFJ8Y0si7,2026-10-06,clean,"document archive-conference-2021-71st-gsc-final-list-of-agenda-items-with-strike-out-spanish-es · pre-launch scan 2026-10-06: every page (pdftotext, PyMuPDF, pypdf) + Windows OCR of picture pages; both rule sets (check-media.mjs, scan-documents.py)"
1w_F9KYgoRu55rjsgYZTE7_uw8It97h8b,2026-10-06,clean,"document archive-conference-2021-71st-gsc-final-list-of-agenda-items-with-strikeout-english-en · pre-launch scan 2026-10-06: every page (pdftotext, PyMuPDF, pypdf) + Windows OCR of picture pages; both rule sets (check-media.mjs, scan-documents.py)"
1EGvHOwYvv4KrZtFf_yAw0YHq0_UDpT-g,2026-10-06,"cleared: General Service Office line; sobriety phrase without a member's date (requirement, heading, total, anonymous sharing or length only)","document archive-conference-2021-master-spanish-summary-tables-for-agenda-items-final-4-24-2021-es-redacted · pre-launch scan 2026-10-06: every page (pdftotext, PyMuPDF, pypdf) + Windows OCR of picture pages; both rule sets (check-media.mjs, scan-documents.py)"
1xP9-pIKQAagLJ0AEAqPtHtov8lmk4o6V,2026-10-06,clean,"document archive-conference-2021-master-summary-tables-for-agenda-items-final-2-24-2021-english-en · pre-launch scan 2026-10-06: every page (pdftotext, PyMuPDF, pypdf) + Windows OCR of picture pages; both rule sets (check-media.mjs, scan-documents.py)"
1PsrGpZqETm7KErnmeLZLf145f9M0lldk,2026-10-06,clean,"document archive-conference-2021-master-summary-tables-for-agenda-items-final-2-24-2021-spanish-es · pre-launch scan 2026-10-06: every page (pdftotext, PyMuPDF, pypdf) + Windows OCR of picture pages; both rule sets (check-media.mjs, scan-documents.py)"
1D9SobV9EqWAc7mVqdN03OFl9sgqsyXef,2026-10-06,clean,"document archive-conference-2021-preliminary-list-of-agenda-items-72nd-gsc-updated-december-1-2021-en · pre-launch scan 2026-10-06: every page (pdftotext, PyMuPDF, pypdf) + Windows OCR of picture pages; both rule sets (check-media.mjs, scan-documents.py)"
1VoArJ_NyQeWm_-28h4tGrZQtbyXbflBd,2026-10-06,clean,"document archive-conference-2021-preliminary-list-of-agenda-items-72nd-gsc-updated-december-1-2021-es · pre-launch scan 2026-10-06: every page (pdftotext, PyMuPDF, pypdf) + Windows OCR of picture pages; both rule sets (check-media.mjs, scan-documents.py)"
1hNB7aIPMQb2CvVhwFiDMT6wYMjw1Jy-T,2026-10-06,clean,"document archive-conference-2021-proposed-agenda-items-for-the-71st-gsc-as-of-january-15-2021-en-redacted · pre-launch scan 2026-10-06: every page (pdftotext, PyMuPDF, pypdf) + Windows OCR of picture pages; both rule sets (check-media.mjs, scan-documents.py)"
1klssrmbXi95NNCIct4Ph8a4uV0P0Jh7c,2026-10-06,clean,"document archive-conference-2021-proposed-agenda-items-for-the-71st-gsc-as-of-january-15-2021-es-redacted · pre-launch scan 2026-10-06: every page (pdftotext, PyMuPDF, pypdf) + Windows OCR of picture pages; both rule sets (check-media.mjs, scan-documents.py)"
1qfKypDPY7kEVGJGXL_WjgbUqQIaNoOdf,2026-10-06,clean,"document archive-conference-2021-proposed-agenda-items-for-the-72nd-gsc-as-of-december-21-2021-en · pre-launch scan 2026-10-06: every page (pdftotext, PyMuPDF, pypdf) + Windows OCR of picture pages; both rule sets (check-media.mjs, scan-documents.py)"
1IYLweNAD32NFgNgVgp-1emloTd2icGGH,2026-10-06,clean,"document archive-conference-2021-proposed-agenda-items-for-the-72nd-gsc-as-of-december-21-2021-es · pre-launch scan 2026-10-06: every page (pdftotext, PyMuPDF, pypdf) + Windows OCR of picture pages; both rule sets (check-media.mjs, scan-documents.py)"
1oW0lqH09uQKnZODgFodb6VEoBbS1Kjz3,2026-10-06,clean,"document archive-conference-2021-quick-reference-71st-general-service-conference-spanish-es-redacted · pre-launch scan 2026-10-06: every page (pdftotext, PyMuPDF, pypdf) + Windows OCR of picture pages; both rule sets (check-media.mjs, scan-documents.py)"
15CR3IT2eJRBJDMxA5U0aXmnoAgFU2WW7,2026-10-06,cleared: role mailbox,"document archive-conference-2021-quick-reference-71st-genral-service-conference-en · pre-launch scan 2026-10-06: every page (pdftotext, PyMuPDF, pypdf) + Windows OCR of picture pages; both rule sets (check-media.mjs, scan-documents.py)"
1yFhkTpz9WDKIaeI3Ly_NOsC3K0xUXhyk,2026-10-06,clean,"document archive-conference-2021-standardized-g-s-c-proposed-agenda-item-submission-form-english-en · pre-launch scan 2026-10-06: every page (pdftotext, PyMuPDF, pypdf) + Windows OCR of picture pages; both rule sets (check-media.mjs, scan-documents.py)"
1b-Zb-GpGmuZJS4oWOI44PSZoG2t7Md22,2026-10-06,clean,"document archive-conference-2021-standardized-g-s-c-proposed-agenda-item-submission-form-spanish-es · pre-launch scan 2026-10-06: every page (pdftotext, PyMuPDF, pypdf) + Windows OCR of picture pages; both rule sets (check-media.mjs, scan-documents.py)"
13c6dzdAz4SEsvIFYTs74stM44_ts64VJ,2026-10-06,clean,"document archive-conference-2022-72nd-gsc-financial-report-key-takeaways-and-talking-points-2022-04-en · pre-launch scan 2026-10-06: every page (pdftotext, PyMuPDF, pypdf) + Windows OCR of picture pages; both rule sets (check-media.mjs, scan-documents.py)"
12VNk_Ycz_twT74gSPIVOx-D9FrcKrGh6,2026-10-06,clean,"document archive-conference-2022-72nd-gsc-financial-report-key-takeaways-and-talking-points-2022-04-es · pre-launch scan 2026-10-06: every page (pdftotext, PyMuPDF, pypdf) + Windows OCR of picture pages; both rule sets (check-media.mjs, scan-documents.py)"
1ktqbvMRIbJEaI3hK9ziufbYYRkRDbtWx,2026-10-06,clean,"document archive-conference-2022-72nd-gsc-picnic-table-slides-2022-04-28-en-redacted · pre-launch scan 2026-10-06: every page (pdftotext, PyMuPDF, pypdf) + Windows OCR of picture pages; both rule sets (check-media.mjs, scan-documents.py)"
1usjJVHZHWJF0MDsS8O8xeOTNyFaicdx9,2026-10-06,clean,"document archive-conference-2022-72nd-gsc-picnic-table-slides-2022-04-28-es-redacted · pre-launch scan 2026-10-06: every page (pdftotext, PyMuPDF, pypdf) + Windows OCR of picture pages; both rule sets (check-media.mjs, scan-documents.py)"
1Kh10MtQYUMh9kN98fTGp8BJXYEATKEpH,2026-10-06,clean,"document archive-conference-2022-72nd-gsc-quick-reference-guide-2022-05-en · pre-launch scan 2026-10-06: every page (pdftotext, PyMuPDF, pypdf) + Windows OCR of picture pages; both rule sets (check-media.mjs, scan-documents.py)"
1iIBS-RtqJo1gSeuCPkF1SMt8N9P59fct,2026-10-06,clean,"document archive-conference-2022-72nd-gsc-quick-reference-guide-2022-05-es · pre-launch scan 2026-10-06: every page (pdftotext, PyMuPDF, pypdf) + Windows OCR of picture pages; both rule sets (check-media.mjs, scan-documents.py)"
16kavM_edxFje1t2XbF_WU-oKiymVtc2V,2026-10-06,clean,"document archive-conference-2022-advisory-actions-of-the-72nd-gsc-2022-05-en-redacted · pre-launch scan 2026-10-06: every page (pdftotext, PyMuPDF, pypdf) + Windows OCR of picture pages; both rule sets (check-media.mjs, scan-documents.py)"
1hjoTshAoP5z_WIP3TAusq3D88cjtUCtT,2026-10-06,clean,"document archive-conference-2022-advisory-actions-of-the-72nd-gsc-2022-05-es-redacted · pre-launch scan 2026-10-06: every page (pdftotext, PyMuPDF, pypdf) + Windows OCR of picture pages; both rule sets (check-media.mjs, scan-documents.py)"
1s5RU9SPGkte8Kw4brPpNe4xXqfYEF3Lf,2026-10-06,"cleared: General Service Office line; sobriety phrase without a member's date (requirement, heading, total, anonymous sharing or length only)","document archive-conference-2022-advisory-actions-of-the-general-service-conference-1951-2022-m-39-en · pre-launch scan 2026-10-06: every page (pdftotext, PyMuPDF, pypdf) + Windows OCR of picture pages; both rule sets (check-media.mjs, scan-documents.py)"
1WZ2O8RYCLfbMlW5VFc9aGXzYJpMTy0FJ,2026-10-06,"cleared: General Service Office line; not a member's full name (place, group, heading, staff or historic name); sobriety phrase without a member's date (requirement, heading, total, anonymous sharing or length only)","document archive-conference-2022-advisory-actions-of-the-general-service-conference-1951-2022-m-39-es · pre-launch scan 2026-10-06: every page (pdftotext, PyMuPDF, pypdf) + Windows OCR of picture pages; both rule sets (check-media.mjs, scan-documents.py)"
1iayalsg6WkbzMfjuf0fAfeZIbPN3lJPP,2026-10-06,clean,"document archive-conference-2022-final-list-of-agenda-items-72nd-gsc-february-11-2022-es · pre-launch scan 2026-10-06: every page (pdftotext, PyMuPDF, pypdf) + Windows OCR of picture pages; both rule sets (check-media.mjs, scan-documents.py)"
1QMoL86Ix9JP44X9GXD6V95ij1GQCr6Ri,2026-10-06,clean,"document archive-conference-2022-final-list-of-agenda-items-72nd-gsc-february-3-2022-en · pre-launch scan 2026-10-06: every page (pdftotext, PyMuPDF, pypdf) + Windows OCR of picture pages; both rule sets (check-media.mjs, scan-documents.py)"
1oWjfCHevZ3TiXLtBQyQ0VN1HiKmU-LlT,2026-10-06,clean,"document archive-conference-2022-mock-conference-work-group-assignments-2022-en · pre-launch scan 2026-10-06: every page (pdftotext, PyMuPDF, pypdf) + Windows OCR of picture pages; both rule sets (check-media.mjs, scan-documents.py)"
1lj_SsCz4w9XL45PuFU6KcqOVM2zbuXLG,2026-10-06,clean,"document archive-conference-2022-preliminary-list-of-agenda-items-72nd-gsc-updated-january-7-2022-en · pre-launch scan 2026-10-06: every page (pdftotext, PyMuPDF, pypdf) + Windows OCR of picture pages; both rule sets (check-media.mjs, scan-documents.py)"
1ezklahDhwniReGJb0jugcfPFfwD6n0PW,2026-10-06,clean,"document archive-conference-2022-preliminary-list-of-agenda-items-72nd-gsc-updated-january-7-2022-es · pre-launch scan 2026-10-06: every page (pdftotext, PyMuPDF, pypdf) + Windows OCR of picture pages; both rule sets (check-media.mjs, scan-documents.py)"
1BZwkYgRDTA0ly88pBpqrniyuQINfYocc,2026-10-06,clean,"document archive-conference-2022-proposed-agenda-items-for-the-73rd-gsc-as-of-august-17-2022-en · pre-launch scan 2026-10-06: every page (pdftotext, PyMuPDF, pypdf) + Windows OCR of picture pages; both rule sets (check-media.mjs, scan-documents.py)"
1uvtmbgogrSYeAM2q9IQZTbPUVDDi3Umn,2026-10-06,clean,"document archive-conference-2022-proposed-agenda-items-for-the-73rd-gsc-as-of-august-17-2022-es · pre-launch scan 2026-10-06: every page (pdftotext, PyMuPDF, pypdf) + Windows OCR of picture pages; both rule sets (check-media.mjs, scan-documents.py)"
1CDlPn03zodnRiEH6Oc4C24uAAsKiTMA0,2026-10-06,clean,"document archive-conference-2022-proposed-agenda-items-for-the-73rd-gsc-as-of-december-17-2022-en · pre-launch scan 2026-10-06: every page (pdftotext, PyMuPDF, pypdf) + Windows OCR of picture pages; both rule sets (check-media.mjs, scan-documents.py)"
1kFUrnU784tn3Nf_FRHFUfkt_NNiMRoB3,2026-10-06,clean,"document archive-conference-2022-proposed-agenda-items-for-the-73rd-gsc-as-of-december-17-2022-es · pre-launch scan 2026-10-06: every page (pdftotext, PyMuPDF, pypdf) + Windows OCR of picture pages; both rule sets (check-media.mjs, scan-documents.py)"
15O8q7Bw6VQqzc3XgbaPeKiBJynFOVxZA,2026-10-06,clean,"document archive-conference-2022-proposed-agenda-items-for-the-73rd-gsc-as-of-september-16-2022-en · pre-launch scan 2026-10-06: every page (pdftotext, PyMuPDF, pypdf) + Windows OCR of picture pages; both rule sets (check-media.mjs, scan-documents.py)"
1l4sfX6RqXPzXyY7SZfLIaAogw2rWzDuB,2026-10-06,clean,"document archive-conference-2022-proposed-agenda-items-for-the-73rd-gsc-as-of-september-16-2022-es · pre-launch scan 2026-10-06: every page (pdftotext, PyMuPDF, pypdf) + Windows OCR of picture pages; both rule sets (check-media.mjs, scan-documents.py)"
1ILncp53_uUXqVbxTNvYyzSxaCh2zcDHF,2026-10-06,clean,"document archive-conference-2022-proposed-agenda-items-for-the-73rd-gsc-as-of-september-30-2022-en · pre-launch scan 2026-10-06: every page (pdftotext, PyMuPDF, pypdf) + Windows OCR of picture pages; both rule sets (check-media.mjs, scan-documents.py)"
14MIfew8X4Q9K3QXqa3Tq9rJWsEqGTetF,2026-10-06,clean,"document archive-conference-2022-proposed-agenda-items-for-the-73rd-gsc-as-of-september-30-2022-es · pre-launch scan 2026-10-06: every page (pdftotext, PyMuPDF, pypdf) + Windows OCR of picture pages; both rule sets (check-media.mjs, scan-documents.py)"
1hyruvIrBZSMcjS2e5mh83qWCIkoXf8z6,2026-10-06,clean,"document archive-conference-2023-73rd-gsc-picnic-table-slides-2023-es-redacted · pre-launch scan 2026-10-06: every page (pdftotext, PyMuPDF, pypdf) + Windows OCR of picture pages; both rule sets (check-media.mjs, scan-documents.py)"
1qmadft-jKgkGfz1p34Ei-pOPZx0yv6yL,2026-10-06,clean,"document archive-conference-2023-73rd-gsc-quick-reference-guide-2023-05-en · pre-launch scan 2026-10-06: every page (pdftotext, PyMuPDF, pypdf) + Windows OCR of picture pages; both rule sets (check-media.mjs, scan-documents.py)"
1mAN2PU5TkS-yrOtukbUG8IMGD5n0rcSP,2026-10-06,clean,"document archive-conference-2023-73rd-gsc-quick-reference-guide-2023-05-es · pre-launch scan 2026-10-06: every page (pdftotext, PyMuPDF, pypdf) + Windows OCR of picture pages; both rule sets (check-media.mjs, scan-documents.py)"
1DAKMWyOkzHoDR_tZgQW4X1GQrvB2Ycbh,2026-10-06,cleared: General Service Office line,"document archive-conference-2023-aaws-board-highlights-december-2023-en · pre-launch scan 2026-10-06: every page (pdftotext, PyMuPDF, pypdf) + Windows OCR of picture pages; both rule sets (check-media.mjs, scan-documents.py)"
13Khecl9RP5ub7A9zmat4vyD2MMRPl6CM,2026-10-06,cleared: General Service Office line,"document archive-conference-2023-aaws-board-highlights-december-2023-es · pre-launch scan 2026-10-06: every page (pdftotext, PyMuPDF, pypdf) + Windows OCR of picture pages; both rule sets (check-media.mjs, scan-documents.py)"
1ijrAItMNEdhwS3TZejl4-DEgUCiWEqsx,2026-10-06,clean,"document archive-conference-2023-advisory-actions-of-the-73rd-gsc-with-committee-considerations-and-floor-actions-2023-04-en-redacted · pre-launch scan 2026-10-06: every page (pdftotext, PyMuPDF, pypdf) + Windows OCR of picture pages; both rule sets (check-media.mjs, scan-documents.py)"
13-uvGABDUa6ms66BBrjJwRMij655EKfC,2026-10-06,clean,"document archive-conference-2023-cpc-pi-conference-flyer-v-2023-en-redacted · pre-launch scan 2026-10-06: every page (pdftotext, PyMuPDF, pypdf) + Windows OCR of picture pages; both rule sets (check-media.mjs, scan-documents.py)"
1vE5TPymMMwwk9iJCvEUdDsAnfOwXzvWn,2026-10-06,clean,"document archive-conference-2023-final-list-of-agenda-items-73rd-gsc-february-10-2023-en · pre-launch scan 2026-10-06: every page (pdftotext, PyMuPDF, pypdf) + Windows OCR of picture pages; both rule sets (check-media.mjs, scan-documents.py)"
1og4FkTdst9BtVbGm0U2IaEd_u5QWOvkp,2026-10-06,clean,"document archive-conference-2023-final-list-of-agenda-items-73rd-gsc-february-10-2023-es · pre-launch scan 2026-10-06: every page (pdftotext, PyMuPDF, pypdf) + Windows OCR of picture pages; both rule sets (check-media.mjs, scan-documents.py)"
1LCYZAjqb7JSfaZGGO3Fe1AE0EW7EMJgw,2026-10-06,"cleared: General Service Office line; not a member's full name (place, group, heading, staff or historic name); not a phone number (figures in a table, receipt or ID number)","document archive-conference-2023-final-report-of-the-73rd-general-service-conference-anonymity-protected-edition-2023-en · pre-launch scan 2026-10-06: every page (pdftotext, PyMuPDF, pypdf) + Windows OCR of picture pages; both rule sets (check-media.mjs, scan-documents.py)"
195mdfMc7-OHeO8DMFrYdBOOwrIag4dwo,2026-10-06,"cleared: General Service Office line; not a member's full name (place, group, heading, staff or historic name); not a phone number (figures in a table, receipt or ID number); sobriety phrase without a member's date (requirement, heading, total, anonymous sharing or length only)","document archive-conference-2023-final-report-of-the-73rd-general-service-conference-anonymity-protected-edition-2023-es · pre-launch scan 2026-10-06: every page (pdftotext, PyMuPDF, pypdf) + Windows OCR of picture pages; both rule sets (check-media.mjs, scan-documents.py)"
1Fg70J1pW5KiRFZ99AZtxgW8lKkXob1fi,2026-10-06,"cleared: sobriety phrase without a member's date (requirement, heading, total, anonymous sharing or length only)","document archive-conference-2023-grapevine-and-la-vina-apps-plan-73rd-gsc-presentation-2023-04-en · pre-launch scan 2026-10-06: every page (pdftotext, PyMuPDF, pypdf) + Windows OCR of picture pages; both rule sets (check-media.mjs, scan-documents.py)"
1jNUqe-U9sPXcSvDOqPZD_d407vwCKXwE,2026-10-06,clean,"document archive-conference-2023-participation-of-online-groups-gsb-ad-hoc-committee-report-april-2023-revised-en · pre-launch scan 2026-10-06: every page (pdftotext, PyMuPDF, pypdf) + Windows OCR of picture pages; both rule sets (check-media.mjs, scan-documents.py)"
198Nn41YlS_QUxeaTpNGDHsqvbwZmj4nr,2026-10-06,clean,"document archive-conference-2023-participation-of-online-groups-gsb-ad-hoc-committee-report-april-2023-revised-es · pre-launch scan 2026-10-06: every page (pdftotext, PyMuPDF, pypdf) + Windows OCR of picture pages; both rule sets (check-media.mjs, scan-documents.py)"
1xrYPBYFsnfpMmbnLgt1xquxIg2mDqqJp,2026-10-06,clean,"document archive-conference-2023-plain-language-big-book-review-notes-2023-en · pre-launch scan 2026-10-06: every page (pdftotext, PyMuPDF, pypdf) + Windows OCR of picture pages; both rule sets (check-media.mjs, scan-documents.py)"
1jL_v9TIltOhUOBGg4PkDPitqaSk3s7Mw,2026-10-06,clean,"document archive-conference-2023-plain-language-big-book-review-notes-2023-es · pre-launch scan 2026-10-06: every page (pdftotext, PyMuPDF, pypdf) + Windows OCR of picture pages; both rule sets (check-media.mjs, scan-documents.py)"
1YPOkSMlEPGvdQpHm1ZT1TaSVGrJmXwIS,2026-10-06,clean,"document archive-conference-2023-preliminary-list-of-agenda-items-74th-gsc-december-2023-es · pre-launch scan 2026-10-06: every page (pdftotext, PyMuPDF, pypdf) + Windows OCR of picture pages; both rule sets (check-media.mjs, scan-documents.py)"
1hu0AYuN2Xqmd6QStYLzHVY4bQAQsBwaX,2026-10-06,clean,"document archive-conference-2023-preliminary-list-of-agenda-items-74th-gsc-updated-december-2023-en · pre-launch scan 2026-10-06: every page (pdftotext, PyMuPDF, pypdf) + Windows OCR of picture pages; both rule sets (check-media.mjs, scan-documents.py)"
1diq_wZpQW_qnOFH_hRoVTgVUr8IRhmlf,2026-10-06,clean,"document archive-conference-2023-reserve-fund-emergency-actions-provision-2023-en · pre-launch scan 2026-10-06: every page (pdftotext, PyMuPDF, pypdf) + Windows OCR of picture pages; both rule sets (check-media.mjs, scan-documents.py)"
1uG6IXUMOGPK5cRxeU-MqK263QOXAsWGX,2026-10-06,clean,"document archive-conference-2023-reserve-fund-emergency-actions-provision-2023-es · pre-launch scan 2026-10-06: every page (pdftotext, PyMuPDF, pypdf) + Windows OCR of picture pages; both rule sets (check-media.mjs, scan-documents.py)"
16NgvuO_DrwwZDIfJHcAm8T4jaZBz9DmH,2026-10-06,clean,"document archive-conference-2024-74th-gsc-area-09-group-conscience-survey-results-2024-04-en · pre-launch scan 2026-10-06: every page (pdftotext, PyMuPDF, pypdf) + Windows OCR of picture pages; both rule sets (check-media.mjs, scan-documents.py)"
1FBGVTY8njol9QbMlvDfJxc8KpTh0WVK9,2026-10-06,clean,"document archive-conference-2024-74th-gsc-handout-es-redacted · pre-launch scan 2026-10-06: every page (pdftotext, PyMuPDF, pypdf) + Windows OCR of picture pages; both rule sets (check-media.mjs, scan-documents.py)"
1MsKZulRwi3B8HBZDX1r4zSP3xjYQixF3,2026-10-06,clean,"document archive-conference-2024-74th-gsc-order-of-committee-reports-2024-en · pre-launch scan 2026-10-06: every page (pdftotext, PyMuPDF, pypdf) + Windows OCR of picture pages; both rule sets (check-media.mjs, scan-documents.py)"
1UYviRC0NjgSR0II1HbZkZ55umKOqQQpX,2026-10-06,clean,"document archive-conference-2024-aaws-board-highlights-december-2024-en · pre-launch scan 2026-10-06: every page (pdftotext, PyMuPDF, pypdf) + Windows OCR of picture pages; both rule sets (check-media.mjs, scan-documents.py)"
1WPiB4zNUf0jqIjd3bvTuBOBq2oHufX2w,2026-10-06,clean,"document archive-conference-2024-aaws-board-highlights-december-2024-es · pre-launch scan 2026-10-06: every page (pdftotext, PyMuPDF, pypdf) + Windows OCR of picture pages; both rule sets (check-media.mjs, scan-documents.py)"
1D9a0YMgtZHmskFzr4hPG6o8wfItXPKf5,2026-10-06,clean,"document archive-conference-2024-aaws-board-highlights-july-2024-en · pre-launch scan 2026-10-06: every page (pdftotext, PyMuPDF, pypdf) + Windows OCR of picture pages; both rule sets (check-media.mjs, scan-documents.py)"
1UO-kUwdjDBsFFs_kUGcMP7yzmBl525Hj,2026-10-06,clean,"document archive-conference-2024-aaws-board-highlights-july-2024-es · pre-launch scan 2026-10-06: every page (pdftotext, PyMuPDF, pypdf) + Windows OCR of picture pages; both rule sets (check-media.mjs, scan-documents.py)"
1lS9n2fyN2qq0d65gFjlrEvynrlRWVjK7,2026-10-06,clean,"document archive-conference-2024-aaws-board-highlights-march-2024-en · pre-launch scan 2026-10-06: every page (pdftotext, PyMuPDF, pypdf) + Windows OCR of picture pages; both rule sets (check-media.mjs, scan-documents.py)"
1XGgWgE77xy-eWqiMzaYe29YAESZly_84,2026-10-06,clean,"document archive-conference-2024-aaws-board-highlights-march-2024-es · pre-launch scan 2026-10-06: every page (pdftotext, PyMuPDF, pypdf) + Windows OCR of picture pages; both rule sets (check-media.mjs, scan-documents.py)"
11UaAuPyP8yV8R_IDr74KTBhjyPpNJDH3,2026-10-06,clean,"document archive-conference-2024-aaws-board-highlights-november-2024-en · pre-launch scan 2026-10-06: every page (pdftotext, PyMuPDF, pypdf) + Windows OCR of picture pages; both rule sets (check-media.mjs, scan-documents.py)"
1TKoUK09RzO3mrJpHG-sDzf0p7r5pv2C5,2026-10-06,clean,"document archive-conference-2024-advisory-actions-of-the-74th-gsc-2024-04-en-redacted · pre-launch scan 2026-10-06: every page (pdftotext, PyMuPDF, pypdf) + Windows OCR of picture pages; both rule sets (check-media.mjs, scan-documents.py)"
19Nn6aWBXjCN46HWbnbKmy4se_jAEPgGA,2026-10-06,clean,"document archive-conference-2024-committee-considerations-74th-gsc-2024-04-en · pre-launch scan 2026-10-06: every page (pdftotext, PyMuPDF, pypdf) + Windows OCR of picture pages; both rule sets (check-media.mjs, scan-documents.py)"
1Gv77l51R-6KuQn3rYZOCJL3TPgQgEBJt,2026-10-06,"cleared: role or event mailbox, or a text-extraction fragment","document archive-conference-2024-delegate-s-report-highlights-april-august-2024-en-redacted · pre-launch scan 2026-10-06: every page (pdftotext, PyMuPDF, pypdf) + Windows OCR of picture pages; both rule sets (check-media.mjs, scan-documents.py)"
171gmS9hGCF9Af5tCSREWDxjFrkCsBIAk,2026-10-06,"cleared: role or event mailbox, or a text-extraction fragment","document archive-conference-2024-delegate-s-report-highlights-february-2024-en-redacted · pre-launch scan 2026-10-06: every page (pdftotext, PyMuPDF, pypdf) + Windows OCR of picture pages; both rule sets (check-media.mjs, scan-documents.py)"
1a-TbdZCYb6DEDLIktBtF3n7OGGnWWpDO,2026-10-06,clean,"document archive-conference-2024-delegate-s-report-highlights-february-2024-es-redacted · pre-launch scan 2026-10-06: every page (pdftotext, PyMuPDF, pypdf) + Windows OCR of picture pages; both rule sets (check-media.mjs, scan-documents.py)"
1X1SQvs2mj3igtal4yauOQCA5svowlHT3,2026-10-06,clean,"document archive-conference-2024-delegate-s-report-highlights-january-2024-en-redacted · pre-launch scan 2026-10-06: every page (pdftotext, PyMuPDF, pypdf) + Windows OCR of picture pages; both rule sets (check-media.mjs, scan-documents.py)"
1htpbXDja5XHXHSNBm2D8HLnah7tpP7Ev,2026-10-06,clean,"document archive-conference-2024-delegate-s-report-highlights-january-2024-es-redacted · pre-launch scan 2026-10-06: every page (pdftotext, PyMuPDF, pypdf) + Windows OCR of picture pages; both rule sets (check-media.mjs, scan-documents.py)"
1cxapJQ4s4c0JZwF3TxrT3kOXwohww9Ex,2026-10-06,clean,"document archive-conference-2024-final-list-of-agenda-items-74th-gsc-2024-en · pre-launch scan 2026-10-06: every page (pdftotext, PyMuPDF, pypdf) + Windows OCR of picture pages; both rule sets (check-media.mjs, scan-documents.py)"
16TGYkJI-azXsh6kIrZK05dAYG8y4XRcX,2026-10-06,clean,"document archive-conference-2024-final-list-of-agenda-items-74th-gsc-2024-es · pre-launch scan 2026-10-06: every page (pdftotext, PyMuPDF, pypdf) + Windows OCR of picture pages; both rule sets (check-media.mjs, scan-documents.py)"
1Yxw5OfXe5gPsHDpm1mjcxWH0vr1KtWJA,2026-10-06,"cleared: General Service Office line; not a member's full name (place, group, heading, staff or historic name); not a phone number (figures in a table, receipt or ID number); public line (central office, hotel, venue or event info line)","document archive-conference-2024-final-report-of-the-74th-general-service-conference-anonymity-protected-edition-2024-en · pre-launch scan 2026-10-06: every page (pdftotext, PyMuPDF, pypdf) + Windows OCR of picture pages; both rule sets (check-media.mjs, scan-documents.py)"
1sCWGTjwrBQ4FSvX8NkutYrES31h7gqg9,2026-10-06,"cleared: General Service Office line; not a member's full name (place, group, heading, staff or historic name); public line (central office, hotel, venue or event info line)","document archive-conference-2024-final-report-of-the-74th-general-service-conference-anonymity-protected-edition-2024-es · pre-launch scan 2026-10-06: every page (pdftotext, PyMuPDF, pypdf) + Windows OCR of picture pages; both rule sets (check-media.mjs, scan-documents.py)"
1JtaksGlRo-uYocB_B1ZFoXY9X3M5AkRf,2026-10-06,clean,"document archive-conference-2024-general-service-board-report-and-inventory-74th-gsc-2024-04-en · pre-launch scan 2026-10-06: every page (pdftotext, PyMuPDF, pypdf) + Windows OCR of picture pages; both rule sets (check-media.mjs, scan-documents.py)"
1XU_Rt1Cm0f6YxT5Qqaq-Im4Bha9XxhJw,2026-10-06,clean,"document archive-conference-2024-general-service-board-report-and-inventory-74th-gsc-2024-04-es · pre-launch scan 2026-10-06: every page (pdftotext, PyMuPDF, pypdf) + Windows OCR of picture pages; both rule sets (check-media.mjs, scan-documents.py)"
1-De-b3EEg2lj6kXZihEb8CRv6xQfk2VM,2026-10-06,clean,"document archive-conference-2024-plain-language-big-book-history-and-faq-2024-03-en · pre-launch scan 2026-10-06: every page (pdftotext, PyMuPDF, pypdf) + Windows OCR of picture pages; both rule sets (check-media.mjs, scan-documents.py)"
1k_ywn3qrmPITQR7VVkmdsOZS9g03u4Q5,2026-10-06,clean,"document archive-conference-2024-plain-language-big-book-presentation-2024-03-en · pre-launch scan 2026-10-06: every page (pdftotext, PyMuPDF, pypdf) + Windows OCR of picture pages; both rule sets (check-media.mjs, scan-documents.py)"
1IGZaLBnfZiTcaNlwYP9wISGUiVdAZgE7,2026-10-06,"cleared: role or event mailbox, or a text-extraction fragment","document archive-conference-2024-pre-conference-gsr-group-conscience-workshop-agenda-april-6-2024-es · pre-launch scan 2026-10-06: every page (pdftotext, PyMuPDF, pypdf) + Windows OCR of picture pages; both rule sets (check-media.mjs, scan-documents.py) · re-redacted 2026-10-06 (personal phone numbers removed), then read again"
1DRutO0MOq6Ul3fQM2XaTq_J-nk9tht4_,2026-10-06,clean,"document archive-conference-2024-pre-conference-mock-conference-agenda-april-7-2024-en · pre-launch scan 2026-10-06: every page (pdftotext, PyMuPDF, pypdf) + Windows OCR of picture pages; both rule sets (check-media.mjs, scan-documents.py) · re-redacted 2026-10-06 (personal phone numbers removed), then read again"
1eUIyaEJp_-McYytjyjUrFjzn3n2E4MGU,2026-10-06,clean,"document archive-conference-2024-pre-conference-mock-conference-agenda-april-7-2024-es · pre-launch scan 2026-10-06: every page (pdftotext, PyMuPDF, pypdf) + Windows OCR of picture pages; both rule sets (check-media.mjs, scan-documents.py)"
1Q08RiMOwU451SupIapt9Z7KWZgkkJB3E,2026-10-06,"cleared: sobriety phrase without a member's date (requirement, heading, total, anonymous sharing or length only)","document archive-conference-2024-preliminary-list-of-agenda-items-75th-gsc-updated-november-2024-en · pre-launch scan 2026-10-06: every page (pdftotext, PyMuPDF, pypdf) + Windows OCR of picture pages; both rule sets (check-media.mjs, scan-documents.py)"
1vYpOIUikyHkciKLRjgUfhzYzUqc-B_k7,2026-10-06,clean,"document archive-conference-2024-preliminary-list-of-agenda-items-75th-gsc-updated-november-2024-es · pre-launch scan 2026-10-06: every page (pdftotext, PyMuPDF, pypdf) + Windows OCR of picture pages; both rule sets (check-media.mjs, scan-documents.py)"
1borM05dPZkF1eezrEClNgDv3JEVsJnLR,2026-10-06,clean,"document archive-conference-2024-proposed-agenda-items-not-forwarded-to-the-74th-gsc-2024-en · pre-launch scan 2026-10-06: every page (pdftotext, PyMuPDF, pypdf) + Windows OCR of picture pages; both rule sets (check-media.mjs, scan-documents.py)"
1WlNXN5wk6z9284_uJQDFw9Lt6_uS4Rou,2026-10-06,clean,"document archive-conference-2024-proposed-agenda-items-not-forwarded-to-the-74th-gsc-2024-es · pre-launch scan 2026-10-06: every page (pdftotext, PyMuPDF, pypdf) + Windows OCR of picture pages; both rule sets (check-media.mjs, scan-documents.py)"
1Valygo5D75YGBk1mHPJXbXV78cjHid61,2026-10-06,clean,"document archive-conference-53gscagenda-en · pre-launch scan 2026-10-06: every page (pdftotext, PyMuPDF, pypdf) + Windows OCR of picture pages; both rule sets (check-media.mjs, scan-documents.py)"
1HEZHth11CsBvTNLNGUF-3PrE_toj2mQT,2026-10-06,clean,"document archive-conference-56th-conference-report-en-redacted · pre-launch scan 2026-10-06: every page (pdftotext, PyMuPDF, pypdf) + Windows OCR of picture pages; both rule sets (check-media.mjs, scan-documents.py)"
1dARvxQiTR0Sr7O1EKjHnL9Hc-LYQcHE8,2026-10-06,clean,"document archive-conference-71st-general-service-conference-en-redacted · pre-launch scan 2026-10-06: every page (pdftotext, PyMuPDF, pypdf) + Windows OCR of picture pages; both rule sets (check-media.mjs, scan-documents.py)"
1akxZfk28xnTfLGiwy03-CuyVXS_8vLhy,2026-10-06,clean,"document archive-conference-71st-general-service-conference-sp-es-redacted · pre-launch scan 2026-10-06: every page (pdftotext, PyMuPDF, pypdf) + Windows OCR of picture pages; both rule sets (check-media.mjs, scan-documents.py)"
1Gx4TZ-ERqpeHOfrFyrDoyvt-Xcv5xyrx,2026-10-06,clean,"document archive-conference-aa-msca-asc-agenda-11-08-09-eng-en · pre-launch scan 2026-10-06: every page (pdftotext, PyMuPDF, pypdf) + Windows OCR of picture pages; both rule sets (check-media.mjs, scan-documents.py)"
1W4xCmPQ9Py4tMd8Fnapl5Qe_32M4Znmx,2026-10-06,clean,"document archive-conference-additional-considerations-06-en · pre-launch scan 2026-10-06: every page (pdftotext, PyMuPDF, pypdf) + Windows OCR of picture pages; both rule sets (check-media.mjs, scan-documents.py)"
1_GXsNva4pVgbEjdGmq3PPdqEtwdcWf00,2026-10-06,"cleared: sobriety phrase without a member's date (requirement, heading, total, anonymous sharing or length only)","document archive-conference-additional-considerations-07-en · pre-launch scan 2026-10-06: every page (pdftotext, PyMuPDF, pypdf) + Windows OCR of picture pages; both rule sets (check-media.mjs, scan-documents.py)"
16jf60rpisCYFEYqDIR9vwnHxbxkg1J9R,2026-10-06,clean,"document archive-conference-agen07jun-en · pre-launch scan 2026-10-06: every page (pdftotext, PyMuPDF, pypdf) + Windows OCR of picture pages; both rule sets (check-media.mjs, scan-documents.py)"
13_cC0JsDbTiU-SUUZihC2LWja5juk04o,2026-10-06,clean,"document archive-conference-agenda-en · pre-launch scan 2026-10-06: every page (pdftotext, PyMuPDF, pypdf) + Windows OCR of picture pages; both rule sets (check-media.mjs, scan-documents.py)"
185TNWmWpgw3t0euLSJW8sH2uC0CFonr1,2026-10-06,clean,"document archive-conference-agenda-mar-05-en · pre-launch scan 2026-10-06: every page (pdftotext, PyMuPDF, pypdf) + Windows OCR of picture pages; both rule sets (check-media.mjs, scan-documents.py)"
1iKNqPiCo09Wq2pPAQlhlz8noyPBX4wvo,2026-10-06,clean,"document archive-conference-archivos-en · pre-launch scan 2026-10-06: every page (pdftotext, PyMuPDF, pypdf) + Windows OCR of picture pages; both rule sets (check-media.mjs, scan-documents.py)"
1pIuoQNsxWinCP-7qQCxAxjfb1Xdb3MLR,2026-10-06,clean,"document archive-conference-as-cagenda-jun-05-en · pre-launch scan 2026-10-06: every page (pdftotext, PyMuPDF, pypdf) + Windows OCR of picture pages; both rule sets (check-media.mjs, scan-documents.py)"
19D0z5PktmwbFKE0qSuWkKRUu5NuqBFzZ,2026-10-06,clean,"document archive-conference-asc-agenda-06-08-en-redacted · pre-launch scan 2026-10-06: every page (pdftotext, PyMuPDF, pypdf) + Windows OCR of picture pages; both rule sets (check-media.mjs, scan-documents.py)"
1WQSTUwAXcMDOnsBiMdZbZuLrv9UF1LLZ,2026-10-06,clean,"document archive-conference-asc-agenda-09-08-en · pre-launch scan 2026-10-06: every page (pdftotext, PyMuPDF, pypdf) + Windows OCR of picture pages; both rule sets (check-media.mjs, scan-documents.py)"
1-zjrDJjlHhHMuATu8buEyktSKOSFR7m8,2026-10-06,clean,"document archive-conference-asc-agenda-12-14-08-en · pre-launch scan 2026-10-06: every page (pdftotext, PyMuPDF, pypdf) + Windows OCR of picture pages; both rule sets (check-media.mjs, scan-documents.py)"
1IpH-JrqpKO-B5ABEtg0VByUJtNqwLcfg,2026-10-06,clean,"document archive-conference-assembly-agenda-09-14-08-en · pre-launch scan 2026-10-06: every page (pdftotext, PyMuPDF, pypdf) + Windows OCR of picture pages; both rule sets (check-media.mjs, scan-documents.py)"
1fpzc5rTqfThuLXeex2C_unavaIe6vsUD,2026-10-06,clean,"document archive-conference-augagen07-en · pre-launch scan 2026-10-06: every page (pdftotext, PyMuPDF, pypdf) + Windows OCR of picture pages; both rule sets (check-media.mjs, scan-documents.py)"
1WEBqzXlyjRguEE79sP1hwB8lqahZoLIx,2026-10-06,clean,"document archive-conference-augagend05-en · pre-launch scan 2026-10-06: every page (pdftotext, PyMuPDF, pypdf) + Windows OCR of picture pages; both rule sets (check-media.mjs, scan-documents.py)"
194msLw1UWK3VsdKVBp3iYdebTMHRf_3F,2026-10-06,clean,"document archive-conference-augascagenda06-en · pre-launch scan 2026-10-06: every page (pdftotext, PyMuPDF, pypdf) + Windows OCR of picture pages; both rule sets (check-media.mjs, scan-documents.py)"
10qE905UMGd7bB6lwlGrWTV8z4aToP0TW,2026-10-06,clean,"document archive-conference-ccp-en · pre-launch scan 2026-10-06: every page (pdftotext, PyMuPDF, pypdf) + Windows OCR of picture pages; both rule sets (check-media.mjs, scan-documents.py)"
1gaISTJFAbNY5uUi635VDCzpDcfD5Wtz0,2026-10-06,clean,"document archive-conference-conference-adv-acn-06-en · pre-launch scan 2026-10-06: every page (pdftotext, PyMuPDF, pypdf) + Windows OCR of picture pages; both rule sets (check-media.mjs, scan-documents.py)"
1DTF2r56bWZzTCB6b44eY96KEm3oiAM3l,2026-10-06,clean,"document archive-conference-conv-foro-en · pre-launch scan 2026-10-06: every page (pdftotext, PyMuPDF, pypdf) + Windows OCR of picture pages; both rule sets (check-media.mjs, scan-documents.py)"
1U0xJbLHpU-rIQKt12L2v56FxXpXhV_wQ,2026-10-06,clean,"document archive-conference-cpc-committee-mtg-9-13-09-agenda-eng-en · pre-launch scan 2026-10-06: every page (pdftotext, PyMuPDF, pypdf) + Windows OCR of picture pages; both rule sets (check-media.mjs, scan-documents.py)"
1upE0Br86LDTG-0fsk1HWosGIpjpqHASP,2026-10-06,clean,"document archive-conference-custodios-en · pre-launch scan 2026-10-06: every page (pdftotext, PyMuPDF, pypdf) + Windows OCR of picture pages; both rule sets (check-media.mjs, scan-documents.py)"
1evNf4KOFgtI6vBVdRYSIelYsdba9lefg,2026-10-06,clean,"document archive-conference-decagenda06-en · pre-launch scan 2026-10-06: every page (pdftotext, PyMuPDF, pypdf) + Windows OCR of picture pages; both rule sets (check-media.mjs, scan-documents.py)"
1KZwFfN1rGPM36mx6FrpjtxbYoQGS5Kp9,2026-10-06,clean,"document archive-conference-febagend07-en · pre-launch scan 2026-10-06: every page (pdftotext, PyMuPDF, pypdf) + Windows OCR of picture pages; both rule sets (check-media.mjs, scan-documents.py)"
1qD6hgTsdaMCj_adhuKkH_5NZT2NVwdmJ,2026-10-06,clean,"document archive-conference-febascagenda06-en · pre-launch scan 2026-10-06: every page (pdftotext, PyMuPDF, pypdf) + Windows OCR of picture pages; both rule sets (check-media.mjs, scan-documents.py)"
1gMTocuhSuNQivvaE6YQJFuSgdQJko8x3,2026-10-06,"cleared: sobriety phrase without a member's date (requirement, heading, total, anonymous sharing or length only)","document archive-conference-final-06-conference-agenda-en · pre-launch scan 2026-10-06: every page (pdftotext, PyMuPDF, pypdf) + Windows OCR of picture pages; both rule sets (check-media.mjs, scan-documents.py)"
15IBJsIf_Seb_ytQvVYamPmZjRp25ON_8,2026-10-06,clean,"document archive-conference-finanzas-en · pre-launch scan 2026-10-06: every page (pdftotext, PyMuPDF, pypdf) + Windows OCR of picture pages; both rule sets (check-media.mjs, scan-documents.py)"
1dl5whyHawULpzobGwVfO4eUr-1DBT0oi,2026-10-06,clean,"document archive-conference-gsc68-quick-reference-en-en-redacted · pre-launch scan 2026-10-06: every page (pdftotext, PyMuPDF, pypdf) + Windows OCR of picture pages; both rule sets (check-media.mjs, scan-documents.py)"
15bHheqY--9UrJcuqv9Yqu8p7da84-Tq-,2026-10-06,clean,"document archive-conference-gscrpt07-en-redacted · pre-launch scan 2026-10-06: every page (pdftotext, PyMuPDF, pypdf) + Windows OCR of picture pages; both rule sets (check-media.mjs, scan-documents.py)"
1-1iRhQiYRYxKUuYI6eFCw_OJX4dTpqB9,2026-10-06,clean,"document archive-conference-important-nyig-considerations-before-reopening-physical-meetings-en-redacted · pre-launch scan 2026-10-06: every page (pdftotext, PyMuPDF, pypdf) + Windows OCR of picture pages; both rule sets (check-media.mjs, scan-documents.py)"
1rds3tGCbBG7SSLRkXN2i-T0fVfssqM3o,2026-10-06,clean,"document archive-conference-informacion-publica-en · pre-launch scan 2026-10-06: every page (pdftotext, PyMuPDF, pypdf) + Windows OCR of picture pages; both rule sets (check-media.mjs, scan-documents.py)"
1wM7jecr-vgMWdcYFy-3qI7DpnxLVGdoS,2026-10-06,clean,"document archive-conference-instituciones-correccionales-en · pre-launch scan 2026-10-06: every page (pdftotext, PyMuPDF, pypdf) + Windows OCR of picture pages; both rule sets (check-media.mjs, scan-documents.py)"
1C3_GWoN5UZVorgvzCqWFgvjT-JY9tUnI,2026-10-06,clean,"document archive-conference-instituciones-tratamiento-en · pre-launch scan 2026-10-06: every page (pdftotext, PyMuPDF, pypdf) + Windows OCR of picture pages; both rule sets (check-media.mjs, scan-documents.py)"
1TJyY8u2UFUPP6t6GI7lRgswBaVCtCgc4,2026-10-06,clean,"document archive-conference-jan06agend-en · pre-launch scan 2026-10-06: every page (pdftotext, PyMuPDF, pypdf) + Windows OCR of picture pages; both rule sets (check-media.mjs, scan-documents.py)"
1MASyyDViDgEYM6qwqfGpx5JK3Ipf372K,2026-10-06,clean,"document archive-conference-janassemagend07-en · pre-launch scan 2026-10-06: every page (pdftotext, PyMuPDF, pypdf) + Windows OCR of picture pages; both rule sets (check-media.mjs, scan-documents.py)"
1GtB2E5trDBtOU_-fL_pEEc47jhyeAbfN,2026-10-06,clean,"document archive-conference-junagenda-en · pre-launch scan 2026-10-06: every page (pdftotext, PyMuPDF, pypdf) + Windows OCR of picture pages; both rule sets (check-media.mjs, scan-documents.py)"
11gqMITyQx17KtbIM7jYBRo2eUnasL9Dl,2026-10-06,clean,"document archive-conference-literatura-en · pre-launch scan 2026-10-06: every page (pdftotext, PyMuPDF, pypdf) + Windows OCR of picture pages; both rule sets (check-media.mjs, scan-documents.py)"
1H1sDm9GsyHJf9U0nMcRhEvcm0QCZlD9d,2026-10-06,clean,"document archive-conference-marascagend07-en · pre-launch scan 2026-10-06: every page (pdftotext, PyMuPDF, pypdf) + Windows OCR of picture pages; both rule sets (check-media.mjs, scan-documents.py)"
1ernGCqOGVk8vuYjVRh3gpwQLVmPZd8FK,2026-10-06,clean,"document archive-conference-marascagenda06-en · pre-launch scan 2026-10-06: every page (pdftotext, PyMuPDF, pypdf) + Windows OCR of picture pages; both rule sets (check-media.mjs, scan-documents.py)"
1LGtsC4S3e9X6wUc3e19l4bfblFLpNXaK,2026-10-06,clean,"document archive-conference-may-agenda-05-en · pre-launch scan 2026-10-06: every page (pdftotext, PyMuPDF, pypdf) + Windows OCR of picture pages; both rule sets (check-media.mjs, scan-documents.py)"
18ETeVSMdN7w7gaNOZ3WPFbutRZyVeXP5,2026-10-06,clean,"document archive-conference-mayagenda2-en · pre-launch scan 2026-10-06: every page (pdftotext, PyMuPDF, pypdf) + Windows OCR of picture pages; both rule sets (check-media.mjs, scan-documents.py)"
1LWuC-ivra09Hfn5el-XZ-n6N1Ebq6jrW,2026-10-06,clean,"document archive-conference-mayassemagen07-en · pre-launch scan 2026-10-06: every page (pdftotext, PyMuPDF, pypdf) + Windows OCR of picture pages; both rule sets (check-media.mjs, scan-documents.py)"
1MCh2spgjzJdZ3h6Me6bEBAhhBpIbFSgX,2026-10-06,clean,"document archive-conference-msca-area-assembly-agenda-09-13-09-1-en · pre-launch scan 2026-10-06: every page (pdftotext, PyMuPDF, pypdf) + Windows OCR of picture pages; both rule sets (check-media.mjs, scan-documents.py)"
1IuCHn2z6_GzOO_2x9JA4LkuUmMQQ54HL,2026-10-06,clean,"document archive-conference-msca-asc-agenda-06-09-en · pre-launch scan 2026-10-06: every page (pdftotext, PyMuPDF, pypdf) + Windows OCR of picture pages; both rule sets (check-media.mjs, scan-documents.py)"
1O25GObOMhxOWsyNiyekrgSOLrQLn5oI5,2026-10-06,clean,"document archive-conference-msca-asc-agenda-10-12-08-en · pre-launch scan 2026-10-06: every page (pdftotext, PyMuPDF, pypdf) + Windows OCR of picture pages; both rule sets (check-media.mjs, scan-documents.py)"
1Ooo9SBr8cAhuGDRA7EcbCgEfPu4rUdEB,2026-10-06,clean,"document archive-conference-msca-assembly-agenda-01-09-en · pre-launch scan 2026-10-06: every page (pdftotext, PyMuPDF, pypdf) + Windows OCR of picture pages; both rule sets (check-media.mjs, scan-documents.py)"
1Qisq3Yle1_3k2lPYnnmKL4xVbvSc35j3,2026-10-06,clean,"document archive-conference-novagen07-en · pre-launch scan 2026-10-06: every page (pdftotext, PyMuPDF, pypdf) + Windows OCR of picture pages; both rule sets (check-media.mjs, scan-documents.py)"
1Mo4rYpN32mbPOGGJCb-cAGr_xaHZRv9_,2026-10-06,clean,"document archive-conference-novascag05r-en · pre-launch scan 2026-10-06: every page (pdftotext, PyMuPDF, pypdf) + Windows OCR of picture pages; both rule sets (check-media.mjs, scan-documents.py)"
1MRylLSmMvl8WX5lahKVo598vLFvUbX7I,2026-10-06,clean,"document archive-conference-oct06asagenda-en · pre-launch scan 2026-10-06: every page (pdftotext, PyMuPDF, pypdf) + Windows OCR of picture pages; both rule sets (check-media.mjs, scan-documents.py)"
1kSGOxywMkX7Wg4gLafYwLZSh5mAtZNTX,2026-10-06,clean,"document archive-conference-octagend07-en · pre-launch scan 2026-10-06: every page (pdftotext, PyMuPDF, pypdf) + Windows OCR of picture pages; both rule sets (check-media.mjs, scan-documents.py)"
1TLBJIdGroiRjqTouUby9hMGyqvy2WaEW,2026-10-06,clean,"document archive-conference-panel54gscdelrpt-en-redacted · pre-launch scan 2026-10-06: every page (pdftotext, PyMuPDF, pypdf) + Windows OCR of picture pages; both rule sets (check-media.mjs, scan-documents.py)"
1P8MOVBVgn-X6scBZdLWvHIQb_nVAs730,2026-10-06,clean,"document archive-conference-pcagenda07-en · pre-launch scan 2026-10-06: every page (pdftotext, PyMuPDF, pypdf) + Windows OCR of picture pages; both rule sets (check-media.mjs, scan-documents.py)"
1inJAsy6gMmK9QK2BB2JuOHNhbqN67uJ6,2026-10-06,clean,"document archive-conference-pcwagenda-en · pre-launch scan 2026-10-06: every page (pdftotext, PyMuPDF, pypdf) + Windows OCR of picture pages; both rule sets (check-media.mjs, scan-documents.py)"
1w-JrMVQ_1BSUKlZFQT9o_iLaKCTs8fVd,2026-10-06,clean,"document archive-conference-proposal-for-amendment-to-the-msca-09-guidelines-9-01-1-en · pre-launch scan 2026-10-06: every page (pdftotext, PyMuPDF, pypdf) + Windows OCR of picture pages; both rule sets (check-media.mjs, scan-documents.py)"
1rgQII1ZS1yfFxL8FU0efoAkaTqSjXuxi,2026-10-06,clean,"document archive-conference-s-05-addil-considns-r-en · pre-launch scan 2026-10-06: every page (pdftotext, PyMuPDF, pypdf) + Windows OCR of picture pages; both rule sets (check-media.mjs, scan-documents.py)"
17vqxctX-cLXzwEmEd19McJBfHNQ_SUgs,2026-10-06,clean,"document archive-conference-s-05-advis-acns-r-en · pre-launch scan 2026-10-06: every page (pdftotext, PyMuPDF, pypdf) + Windows OCR of picture pages; both rule sets (check-media.mjs, scan-documents.py)"
1GSr-IcrgbFUsVQfPPoJs9s81u1Pj9PsF,2026-10-06,clean,"document archive-conference-s-06-add-considerations-en · pre-launch scan 2026-10-06: every page (pdftotext, PyMuPDF, pypdf) + Windows OCR of picture pages; both rule sets (check-media.mjs, scan-documents.py)"
11WqDltcVn7lPXw4IQkGabljWSLJEpGGA,2026-10-06,clean,"document archive-conference-s-conference-agend-05-en · pre-launch scan 2026-10-06: every page (pdftotext, PyMuPDF, pypdf) + Windows OCR of picture pages; both rule sets (check-media.mjs, scan-documents.py)"
16YNtd-XRWTp6RmBenrmlrnQBWWSNMRUi,2026-10-06,clean,"document archive-conference-s-final-06-conference-agenda-en · pre-launch scan 2026-10-06: every page (pdftotext, PyMuPDF, pypdf) + Windows OCR of picture pages; both rule sets (check-media.mjs, scan-documents.py)"
1nC9XcUj7JV2mgiehIq_S1mni1dIbY9W4,2026-10-06,clean,"document archive-conference-s-final-conference-agend-07-en · pre-launch scan 2026-10-06: every page (pdftotext, PyMuPDF, pypdf) + Windows OCR of picture pages; both rule sets (check-media.mjs, scan-documents.py)"
1HzwgTryPF8eIi6brLWTMKoX-PfZGbTgC,2026-10-06,clean,"document archive-conference-s-pre-conference-w-07-en · pre-launch scan 2026-10-06: every page (pdftotext, PyMuPDF, pypdf) + Windows OCR of picture pages; both rule sets (check-media.mjs, scan-documents.py)"
1gKNaIwplAnOgsGWNBOn-VB_97tndyw2X,2026-10-06,clean,"document archive-conference-s-prelim-conference-agend-07-en · pre-launch scan 2026-10-06: every page (pdftotext, PyMuPDF, pypdf) + Windows OCR of picture pages; both rule sets (check-media.mjs, scan-documents.py)"
1Anh5T8SdFGFGacEBF7hsDqcrPmjUWBgz,2026-10-06,clean,"document archive-conference-saa-msca-asc-agenda-11-08-09-sp-es · pre-launch scan 2026-10-06: every page (pdftotext, PyMuPDF, pypdf) + Windows OCR of picture pages; both rule sets (check-media.mjs, scan-documents.py)"
17FGslbRbZhSg9dXDCXh2Dsl8nrFmSBYf,2026-10-06,clean,"document archive-conference-saugascagenda06-en · pre-launch scan 2026-10-06: every page (pdftotext, PyMuPDF, pypdf) + Windows OCR of picture pages; both rule sets (check-media.mjs, scan-documents.py)"
1pQDJPzyDAyDIDt1JTCkW51H_J1QwHucy,2026-10-06,clean,"document archive-conference-sepagen07-en · pre-launch scan 2026-10-06: every page (pdftotext, PyMuPDF, pypdf) + Windows OCR of picture pages; both rule sets (check-media.mjs, scan-documents.py)"
1TvLYWwl-cj-oFMKIclU1utG6iEznC_Wc,2026-10-06,clean,"document archive-conference-sepagenda06-en · pre-launch scan 2026-10-06: every page (pdftotext, PyMuPDF, pypdf) + Windows OCR of picture pages; both rule sets (check-media.mjs, scan-documents.py)"
1WJS3-Aeeq1p96qzjwH-QObRNDQCSLJzk,2026-10-06,clean,"document archive-conference-sepassemag05-en · pre-launch scan 2026-10-06: every page (pdftotext, PyMuPDF, pypdf) + Windows OCR of picture pages; both rule sets (check-media.mjs, scan-documents.py)"
1k8TUszHagEvUyMGj25_Bgx-eiYyapSRJ,2026-10-06,clean,"document archive-conference-sfebascagenda06-en · pre-launch scan 2026-10-06: every page (pdftotext, PyMuPDF, pypdf) + Windows OCR of picture pages; both rule sets (check-media.mjs, scan-documents.py)"
1InvahEJTu5ZhnMhG8QI57BU2PSSlqaki,2026-10-06,clean,"document archive-conference-sgscrpt07-en-redacted · pre-launch scan 2026-10-06: every page (pdftotext, PyMuPDF, pypdf) + Windows OCR of picture pages; both rule sets (check-media.mjs, scan-documents.py)"
1UuvOMoqpZlV2ePD-ATG_V-Y1gXgUTeJ0,2026-10-06,clean,"document archive-conference-sjanassemagend07-en · pre-launch scan 2026-10-06: every page (pdftotext, PyMuPDF, pypdf) + Windows OCR of picture pages; both rule sets (check-media.mjs, scan-documents.py)"
1hEnx_BhPZvBTPHOCWX1VydNgOwb35uLd,2026-10-06,clean,"document archive-conference-sjunagenda-en · pre-launch scan 2026-10-06: every page (pdftotext, PyMuPDF, pypdf) + Windows OCR of picture pages; both rule sets (check-media.mjs, scan-documents.py)"
14v5B5RjxinG12xA3BNJxgoBeXED-sNWn,2026-10-06,clean,"document archive-conference-smarascagenda06-en · pre-launch scan 2026-10-06: every page (pdftotext, PyMuPDF, pypdf) + Windows OCR of picture pages; both rule sets (check-media.mjs, scan-documents.py)"
1eAP0bpwoYpsUU5TxI4GtlTl_yZsI3p4z,2026-10-06,clean,"document archive-conference-smayagenda2-en · pre-launch scan 2026-10-06: every page (pdftotext, PyMuPDF, pypdf) + Windows OCR of picture pages; both rule sets (check-media.mjs, scan-documents.py)"
1L-mmIsybf0mJ24hj5tJhbwBDDnoF0y7T,2026-10-06,clean,"document archive-conference-smayassemagen07-en · pre-launch scan 2026-10-06: every page (pdftotext, PyMuPDF, pypdf) + Windows OCR of picture pages; both rule sets (check-media.mjs, scan-documents.py)"
1_IOMGJs5NOgeB5jk_IvT0Disnl-sS9NV,2026-10-06,clean,"document archive-conference-smsca-asc-agenda-06-09-en · pre-launch scan 2026-10-06: every page (pdftotext, PyMuPDF, pypdf) + Windows OCR of picture pages; both rule sets (check-media.mjs, scan-documents.py)"
14jJOrC__BlNKCJxmcIllXEYiruKDilRF,2026-10-06,clean,"document archive-conference-spcwagenda-en · pre-launch scan 2026-10-06: every page (pdftotext, PyMuPDF, pypdf) + Windows OCR of picture pages; both rule sets (check-media.mjs, scan-documents.py)"
1SSWJmPZCYORjvrrnzTA-Ibaezn5o_TFJ,2026-10-06,clean,"document archive-conference-ssepassemag05-en · pre-launch scan 2026-10-06: every page (pdftotext, PyMuPDF, pypdf) + Windows OCR of picture pages; both rule sets (check-media.mjs, scan-documents.py)"
19BRglN-hIF5ATu-5V6wJWIG7-X79mIxw,2026-10-06,clean,"document archive-conference-ws-conference-adv-acn-06-en · pre-launch scan 2026-10-06: every page (pdftotext, PyMuPDF, pypdf) + Windows OCR of picture pages; both rule sets (check-media.mjs, scan-documents.py)"
14Hn_R9QoAePHBnUS0Ft0o6TYkuaJtAiO,2026-10-06,"cleared: sobriety phrase without a member's date (requirement, heading, total, anonymous sharing or length only)","document archive-conference-ws-del-55th-en · pre-launch scan 2026-10-06: every page (pdftotext, PyMuPDF, pypdf) + Windows OCR of picture pages; both rule sets (check-media.mjs, scan-documents.py)"
1y5t2kctniJWmUqgWdipSLMGKUGSAOdb8,2026-10-06,clean,"document archive-delegate-2003-2003-mid-southern-california-area-delegate-s-report-en · pre-launch scan 2026-10-06: every page (pdftotext, PyMuPDF, pypdf) + Windows OCR of picture pages; both rule sets (check-media.mjs, scan-documents.py)"
1VOdO-XecZ-TBm8US-w4FLPrnK499QAg6,2026-10-06,clean,"document archive-delegate-2010-aa-2010-final-conference-agenda-items-no-anon-break-span-en · pre-launch scan 2026-10-06: every page (pdftotext, PyMuPDF, pypdf) + Windows OCR of picture pages; both rule sets (check-media.mjs, scan-documents.py)"
1_p6QxnkhHwWiEnoqu8BPeyFaQih0_YIL,2026-10-06,clean,"document archive-delegate-2010-aa-2010-final-conference-agenda-items-no-anon-breaks-english-en · pre-launch scan 2026-10-06: every page (pdftotext, PyMuPDF, pypdf) + Windows OCR of picture pages; both rule sets (check-media.mjs, scan-documents.py)"
17ooOxaSLYncxr27U-YxCh686SzB5C7T5,2026-10-06,clean,"document archive-delegate-2010-aa-2010-general-service-topic-conscience-response-docs-en · pre-launch scan 2026-10-06: every page (pdftotext, PyMuPDF, pypdf) + Windows OCR of picture pages; both rule sets (check-media.mjs, scan-documents.py)"
1Lzj7HJDXTv6C-K7OiTwolA489Fiol_ae,2026-10-06,clean,"document archive-delegate-2010-aa-2010-general-service-topic-conscience-response-spanish-docs-es · pre-launch scan 2026-10-06: every page (pdftotext, PyMuPDF, pypdf) + Windows OCR of picture pages; both rule sets (check-media.mjs, scan-documents.py)"
11G0hIVKIkH1p4XLWys3VFXMBp6ICz9ls,2026-10-06,clean,"document archive-delegate-2010-aa-2010-preliminary-conference-agenda-items-english-en · pre-launch scan 2026-10-06: every page (pdftotext, PyMuPDF, pypdf) + Windows OCR of picture pages; both rule sets (check-media.mjs, scan-documents.py)"
1pasXCnrA9fL7A75huyv50IE4jnM2E-L5,2026-10-06,clean,"document archive-delegate-2010-aa-2010-preliminary-conference-agenda-items-spanish-es · pre-launch scan 2026-10-06: every page (pdftotext, PyMuPDF, pypdf) + Windows OCR of picture pages; both rule sets (check-media.mjs, scan-documents.py)"
1ODuNs5S3blgyTfv_JZA7LMdg0qrkl8Jd,2026-10-06,clean,"document archive-delegate-2010-aa-electronic-delivery-gso-spanish-2010-es · pre-launch scan 2026-10-06: every page (pdftotext, PyMuPDF, pypdf) + Windows OCR of picture pages; both rule sets (check-media.mjs, scan-documents.py)"
1CYNZjk5YMpgISm4hpXRzeIek9wq-1-eY,2026-10-06,clean,"document archive-delegate-2010-aa-electronic-delivery-survey-gso-2010-en · pre-launch scan 2026-10-06: every page (pdftotext, PyMuPDF, pypdf) + Windows OCR of picture pages; both rule sets (check-media.mjs, scan-documents.py)"
1OTKbqRez2YR6hmVYiXBjcHywXRxJ10Ti,2026-10-06,"cleared: not a phone number (figures in a table, receipt or ID number)","document archive-delegate-2010-aa-msca-2010-conference-report-no-last-names0-en · pre-launch scan 2026-10-06: every page (pdftotext, PyMuPDF, pypdf) + Windows OCR of picture pages; both rule sets (check-media.mjs, scan-documents.py)"
1T_fywhFVHVHpTWqX4lmFvufRBLF8nL06,2026-10-06,clean,"document archive-delegate-2010-aa-msca-2010-conference-report-spanish-no-last-names-es · pre-launch scan 2026-10-06: every page (pdftotext, PyMuPDF, pypdf) + Windows OCR of picture pages; both rule sets (check-media.mjs, scan-documents.py)"
1hvKDSIQM68cbi2cZ_bab29MuCkbNmNID,2026-10-06,clean,"document archive-delegate-2011-2011conferencereportschedule-en · pre-launch scan 2026-10-06: every page (pdftotext, PyMuPDF, pypdf) + Windows OCR of picture pages; both rule sets (check-media.mjs, scan-documents.py)"
155zMABb3l2t2UIh7j6VVqY6jk1TxV-KN,2026-10-06,clean,"document archive-delegate-2012-62ndgsc-en · pre-launch scan 2026-10-06: every page (pdftotext, PyMuPDF, pypdf) + Windows OCR of picture pages; both rule sets (check-media.mjs, scan-documents.py)"
1cZ-g59w-MLaMrVxgwX6X6LhUqVAnMOjj,2026-10-06,clean,"document archive-districts-d1-2018-dist-1-gdlns-05-09-2018-copya-en · pre-launch scan 2026-10-06: every page (pdftotext, PyMuPDF, pypdf) + Windows OCR of picture pages; both rule sets (check-media.mjs, scan-documents.py)"
13hLp8TrofcMshmA5OU_-yDRIh-jxN83i,2026-10-06,clean,"document archive-districts-d1-2020-district-1-tool-kit-2020rev1-en · pre-launch scan 2026-10-06: every page (pdftotext, PyMuPDF, pypdf) + Windows OCR of picture pages; both rule sets (check-media.mjs, scan-documents.py)"
11_z2cS_ZfzJWIP4ygeqDizD5YrRkhWzW,2026-10-06,"cleared: role mailbox; sobriety phrase without a member's date (requirement, heading, total, anonymous sharing or length only)","document archive-districts-d1-2026-districts-1-and-3-minutes-may-2026-en · pre-launch scan 2026-10-06: every page (pdftotext, PyMuPDF, pypdf) + Windows OCR of picture pages; both rule sets (check-media.mjs, scan-documents.py)"
1jgkfO_6dzHXEXN1Mig_CYrEZquxr--Zz,2026-10-06,clean,"document archive-districts-d1-fin-cmte-gdln-final-en · pre-launch scan 2026-10-06: every page (pdftotext, PyMuPDF, pypdf) + Windows OCR of picture pages; both rule sets (check-media.mjs, scan-documents.py)"
1dIHXrxcQ50QkWpMYDn3DiceNo2b3Zlib,2026-10-06,clean,"document archive-districts-d1-website-guidelines-final-en · pre-launch scan 2026-10-06: every page (pdftotext, PyMuPDF, pypdf) + Windows OCR of picture pages; both rule sets (check-media.mjs, scan-documents.py)"
1NYj37A1FO20iv1Tc1PddFAja8ggMVHRu,2026-10-06,clean,"document archive-districts-d10-d10sponswkshp-en · pre-launch scan 2026-10-06: every page (pdftotext, PyMuPDF, pypdf) + Windows OCR of picture pages; both rule sets (check-media.mjs, scan-documents.py)"
1w1xULMWXlSV0NuWvr_21DcSxqSDL7TTI,2026-10-06,cleared: role mailbox,"document archive-districts-d12-2020-gsr-meeting-minutes-01-02-2020-en-redacted · pre-launch scan 2026-10-06: every page (pdftotext, PyMuPDF, pypdf) + Windows OCR of picture pages; both rule sets (check-media.mjs, scan-documents.py)"
1zBsQBxhhIgum_WERmlwrSlAaIwP4i5im,2026-10-06,cleared: role mailbox,"document archive-districts-d12-2020-gsr-meeting-minutes-02-06-2020-en-redacted · pre-launch scan 2026-10-06: every page (pdftotext, PyMuPDF, pypdf) + Windows OCR of picture pages; both rule sets (check-media.mjs, scan-documents.py)"
1YbsNd4ByCk8NsHXrgKD3kGQDB132FHVW,2026-10-06,cleared: role mailbox,"document archive-districts-d12-2020-gsr-meeting-minutes-03-05-2020-en-redacted · pre-launch scan 2026-10-06: every page (pdftotext, PyMuPDF, pypdf) + Windows OCR of picture pages; both rule sets (check-media.mjs, scan-documents.py)"
15hY4mhuuWBzVcCh9L_LQ2jzTMtinBF6o,2026-10-06,cleared: role mailbox,"document archive-districts-d12-2020-gsr-meeting-minutes-04-02-2020-en · pre-launch scan 2026-10-06: every page (pdftotext, PyMuPDF, pypdf) + Windows OCR of picture pages; both rule sets (check-media.mjs, scan-documents.py)"
1gVj_T1rJW5QjEPL_GqHvNYeRVODsuo7R,2026-10-06,cleared: role mailbox,"document archive-districts-d12-2020-gsr-meeting-minutes-05-07-2020-en-redacted · pre-launch scan 2026-10-06: every page (pdftotext, PyMuPDF, pypdf) + Windows OCR of picture pages; both rule sets (check-media.mjs, scan-documents.py)"
1BjqNcpUqlzt02EVFxSDa4YN5JeTmCo49,2026-10-06,cleared: role mailbox,"document archive-districts-d12-2020-gsr-meeting-minutes-06-04-2020-en · pre-launch scan 2026-10-06: every page (pdftotext, PyMuPDF, pypdf) + Windows OCR of picture pages; both rule sets (check-media.mjs, scan-documents.py)"
1JWq0aSqMrg1bzlqVvDZdmNO-HgkinY2P,2026-10-06,cleared: role mailbox,"document archive-districts-d12-2020-gsr-meeting-minutes-07-02-2020-en · pre-launch scan 2026-10-06: every page (pdftotext, PyMuPDF, pypdf) + Windows OCR of picture pages; both rule sets (check-media.mjs, scan-documents.py)"
1i7pZqoWC5SxdnYclyrD4FzlR6C5Wk8Lc,2026-10-06,cleared: role mailbox,"document archive-districts-d12-2020-gsr-meeting-minutes-08-06-2020-en-redacted · pre-launch scan 2026-10-06: every page (pdftotext, PyMuPDF, pypdf) + Windows OCR of picture pages; both rule sets (check-media.mjs, scan-documents.py)"
1EWgSDZlRo7q9ryF2joOXo4M2EX5Fahv_,2026-10-06,cleared: role mailbox,"document archive-districts-d12-2020-gsr-meeting-minutes-09-03-2020-en · pre-launch scan 2026-10-06: every page (pdftotext, PyMuPDF, pypdf) + Windows OCR of picture pages; both rule sets (check-media.mjs, scan-documents.py)"
1lpsyh_04uWEJcQlhblHDzhvGWepQpVvV,2026-10-06,cleared: role mailbox,"document archive-districts-d12-2020-gsr-meeting-minutes-11-05-2020-en · pre-launch scan 2026-10-06: every page (pdftotext, PyMuPDF, pypdf) + Windows OCR of picture pages; both rule sets (check-media.mjs, scan-documents.py)"
1s6xHNVNPvadv0jLID_phxPvduE1ERuJz,2026-10-06,clean,"document archive-districts-d14-2010-workshop-flyer07-14-2010f-en-redacted · pre-launch scan 2026-10-06: every page (pdftotext, PyMuPDF, pypdf) + Windows OCR of picture pages; both rule sets (check-media.mjs, scan-documents.py)"
1K7m6U_gtj9Z0fms4lOn3aJG8gLr_hgBc,2026-10-06,clean,"document archive-districts-d14-2012-icecream2012-en-redacted · pre-launch scan 2026-10-06: every page (pdftotext, PyMuPDF, pypdf) + Windows OCR of picture pages; both rule sets (check-media.mjs, scan-documents.py)"
1ZpbA3bGqS97bYlHVLeLN77x3qF-UikZk,2026-10-06,clean,"document archive-districts-d15-2005-d15minjuly2005-en · pre-launch scan 2026-10-06: every page (pdftotext, PyMuPDF, pypdf) + Windows OCR of picture pages; both rule sets (check-media.mjs, scan-documents.py)"
1ChaFP9ZfbOKrVWM7ZqLdj_wr0faFKUei,2026-10-06,"cleared: sobriety phrase without a member's date (requirement, heading, total, anonymous sharing or length only)","document archive-districts-d15-2005-d15minsep2005-en · pre-launch scan 2026-10-06: every page (pdftotext, PyMuPDF, pypdf) + Windows OCR of picture pages; both rule sets (check-media.mjs, scan-documents.py)"
1WuWfrNnhQgRow0-i78Xe90UTFWoMy2yv,2026-10-06,clean,"document archive-districts-d15-2010-district-15-october-event-flyer2010-en · pre-launch scan 2026-10-06: every page (pdftotext, PyMuPDF, pypdf) + Windows OCR of picture pages; both rule sets (check-media.mjs, scan-documents.py)"
1onrW8P0oUaQUzSNKcAz6Q0pf8gSI9b9l,2026-10-06,clean,"document archive-districts-d15-2010-gsr-minutes-apr-1-2010-en · pre-launch scan 2026-10-06: every page (pdftotext, PyMuPDF, pypdf) + Windows OCR of picture pages; both rule sets (check-media.mjs, scan-documents.py)"
1oHkeKmiobg3mcJna2wGiVYh0BfVdpu4j,2026-10-06,clean,"document archive-districts-d15-2010-gsr-minutes-aug-5-2010-en · pre-launch scan 2026-10-06: every page (pdftotext, PyMuPDF, pypdf) + Windows OCR of picture pages; both rule sets (check-media.mjs, scan-documents.py)"
11EXGYURBclXNU0DMx-YwESE8mjdfvGB-,2026-10-06,clean,"document archive-districts-d15-2010-gsr-minutes-feb-4-2010-en-redacted · pre-launch scan 2026-10-06: every page (pdftotext, PyMuPDF, pypdf) + Windows OCR of picture pages; both rule sets (check-media.mjs, scan-documents.py)"
1_ddiR2pJkbNSXinyJlYGWsC6majrwr5z,2026-10-06,clean,"document archive-districts-d15-2010-gsr-minutes-jan-7-2010-en · pre-launch scan 2026-10-06: every page (pdftotext, PyMuPDF, pypdf) + Windows OCR of picture pages; both rule sets (check-media.mjs, scan-documents.py)"
1fgRuvPucQ_yiNH4Frg1YwY4CzgeHSFtX,2026-10-06,clean,"document archive-districts-d15-2010-gsr-minutes-june-3-2010-en · pre-launch scan 2026-10-06: every page (pdftotext, PyMuPDF, pypdf) + Windows OCR of picture pages; both rule sets (check-media.mjs, scan-documents.py)"
1ErPAC1ux9fEY4kVC_JkC7ra_HCt0VVpw,2026-10-06,clean,"document archive-districts-d15-2010-gsr-minutes-mar-4-2010-en · pre-launch scan 2026-10-06: every page (pdftotext, PyMuPDF, pypdf) + Windows OCR of picture pages; both rule sets (check-media.mjs, scan-documents.py)"
1FK8OwnyaJy5FM3cFg6OqSIC82fRYi_0W,2026-10-06,"cleared: sobriety phrase without a member's date (requirement, heading, total, anonymous sharing or length only)","document archive-districts-d15-2010-gsr-minutes-may-6-2010-en · pre-launch scan 2026-10-06: every page (pdftotext, PyMuPDF, pypdf) + Windows OCR of picture pages; both rule sets (check-media.mjs, scan-documents.py)"
1kzv_yi9l4v2-fdzviZATRm5qoVZrwQwF,2026-10-06,clean,"document archive-districts-d15-2010-gsr-minutes-nov-4-2010-en · pre-launch scan 2026-10-06: every page (pdftotext, PyMuPDF, pypdf) + Windows OCR of picture pages; both rule sets (check-media.mjs, scan-documents.py)"
1yQITmo2cz_eDrF0xEZbO1nrbqMo8Isna,2026-10-06,clean,"document archive-districts-d15-2010-gsr-minutes-oct-7-2010-en-redacted · pre-launch scan 2026-10-06: every page (pdftotext, PyMuPDF, pypdf) + Windows OCR of picture pages; both rule sets (check-media.mjs, scan-documents.py)"
1UStlyrluCzs1-KBTIwmnhYIHBElvTSyu,2026-10-06,clean,"document archive-districts-d15-2010-gsr-minutes-sept-2-2010-en · pre-launch scan 2026-10-06: every page (pdftotext, PyMuPDF, pypdf) + Windows OCR of picture pages; both rule sets (check-media.mjs, scan-documents.py)"
11F0BgaFl89fVGWcWGIF3VmIL4OQEbmbJ,2026-10-06,clean,"document archive-districts-d15-2011-gsr-minutes-feb-3-2011-en · pre-launch scan 2026-10-06: every page (pdftotext, PyMuPDF, pypdf) + Windows OCR of picture pages; both rule sets (check-media.mjs, scan-documents.py)"
17b_1y0olZuawlHJyT9pb_rkNvsIyEIUS,2026-10-06,clean,"document archive-districts-d15-2011-gsr-minutes-jan-6-2011-en-redacted · pre-launch scan 2026-10-06: every page (pdftotext, PyMuPDF, pypdf) + Windows OCR of picture pages; both rule sets (check-media.mjs, scan-documents.py)"
148wzovq7g5h6bfy7vDBrkL2oxlHeowxm,2026-10-06,clean,"document archive-districts-d15-2011-gsr-minutes-march-3-2011-en · pre-launch scan 2026-10-06: every page (pdftotext, PyMuPDF, pypdf) + Windows OCR of picture pages; both rule sets (check-media.mjs, scan-documents.py)"
10Wq4ZhS98rD3Pl2_w46g-gvCkMDg3k9A,2026-10-06,clean,"document archive-districts-d15-2013-min-nov-2013-en · pre-launch scan 2026-10-06: every page (pdftotext, PyMuPDF, pypdf) + Windows OCR of picture pages; both rule sets (check-media.mjs, scan-documents.py)"
1wRqdxYxwxAHQqvsFg--FWBZx4H6F2FfM,2026-10-06,clean,"document archive-districts-d15-2samplegsrreports-en-redacted · pre-launch scan 2026-10-06: every page (pdftotext, PyMuPDF, pypdf) + Windows OCR of picture pages; both rule sets (check-media.mjs, scan-documents.py)"
1_aHzwva8AiaJ6Ym6vrtLvN6l1PhtXlE9,2026-10-06,clean,"document archive-districts-d15-apr-min-en · pre-launch scan 2026-10-06: every page (pdftotext, PyMuPDF, pypdf) + Windows OCR of picture pages; both rule sets (check-media.mjs, scan-documents.py)"
1KQsvinQEwCcWa-pfpRy1yPP4VIXflpvs,2026-10-06,clean,"document archive-districts-d15-d15apr06min-en · pre-launch scan 2026-10-06: every page (pdftotext, PyMuPDF, pypdf) + Windows OCR of picture pages; both rule sets (check-media.mjs, scan-documents.py)"
1N7uF_9TYmuQ-AkmLLvJpG0N9_FVhNfHJ,2026-10-06,clean,"document archive-districts-d15-d15dec05min-en · pre-launch scan 2026-10-06: every page (pdftotext, PyMuPDF, pypdf) + Windows OCR of picture pages; both rule sets (check-media.mjs, scan-documents.py)"
1zvJdqOxckx6x3s5yVYM0kHt5Kni-fKIb,2026-10-06,clean,"document archive-districts-d15-d15guidelnr4-en · pre-launch scan 2026-10-06: every page (pdftotext, PyMuPDF, pypdf) + Windows OCR of picture pages; both rule sets (check-media.mjs, scan-documents.py)"
1VzMD5dWeuDOqfiw6Jm3FdGMefLgEu2aW,2026-10-06,clean,"document archive-districts-d15-d15junemin-en · pre-launch scan 2026-10-06: every page (pdftotext, PyMuPDF, pypdf) + Windows OCR of picture pages; both rule sets (check-media.mjs, scan-documents.py)"
11lGEpsV2hpiD4FeU9YwQUAY53eD7Cjaj,2026-10-06,clean,"document archive-districts-d15-d15min06july-en · pre-launch scan 2026-10-06: every page (pdftotext, PyMuPDF, pypdf) + Windows OCR of picture pages; both rule sets (check-media.mjs, scan-documents.py)"
1WNRak5aSLhuT3zabFwvOGraQOlMxcIyL,2026-10-06,clean,"document archive-districts-d15-d15minapr12-en · pre-launch scan 2026-10-06: every page (pdftotext, PyMuPDF, pypdf) + Windows OCR of picture pages; both rule sets (check-media.mjs, scan-documents.py)"
1LUZTzCHAHT90CpIjLBehNu9wsOL3VG2O,2026-10-06,clean,"document archive-districts-d15-d15minaug12-en-redacted · pre-launch scan 2026-10-06: every page (pdftotext, PyMuPDF, pypdf) + Windows OCR of picture pages; both rule sets (check-media.mjs, scan-documents.py)"
1GebtOXlHhBIYGbCHBvjISPnxibwAlsDO,2026-10-06,clean,"document archive-districts-d15-d15minfeb12-en · pre-launch scan 2026-10-06: every page (pdftotext, PyMuPDF, pypdf) + Windows OCR of picture pages; both rule sets (check-media.mjs, scan-documents.py)"
19xRiLm2vrcRauz9p9msI6Rbj2fXAeGZj,2026-10-06,clean,"document archive-districts-d15-d15minjan12-en · pre-launch scan 2026-10-06: every page (pdftotext, PyMuPDF, pypdf) + Windows OCR of picture pages; both rule sets (check-media.mjs, scan-documents.py)"
1fybJCx-3O4NIKb5Jt9nSeIFrk5drhRO7,2026-10-06,clean,"document archive-districts-d15-d15minjul12-en · pre-launch scan 2026-10-06: every page (pdftotext, PyMuPDF, pypdf) + Windows OCR of picture pages; both rule sets (check-media.mjs, scan-documents.py)"
124iNUW2XTfT4C_QaahUloSEN2uaE75Lx,2026-10-06,clean,"document archive-districts-d15-d15minjun12-en-redacted · pre-launch scan 2026-10-06: every page (pdftotext, PyMuPDF, pypdf) + Windows OCR of picture pages; both rule sets (check-media.mjs, scan-documents.py)"
1BKPOmUUYDtt_5RiU1gb8ihNxzN8nr_Cw,2026-10-06,clean,"document archive-districts-d15-d15minmar12-en · pre-launch scan 2026-10-06: every page (pdftotext, PyMuPDF, pypdf) + Windows OCR of picture pages; both rule sets (check-media.mjs, scan-documents.py)"
1bloppczzH91NtcYck1i2Sp6S3cFx4OCL,2026-10-06,clean,"document archive-districts-d15-d15minmay06-en · pre-launch scan 2026-10-06: every page (pdftotext, PyMuPDF, pypdf) + Windows OCR of picture pages; both rule sets (check-media.mjs, scan-documents.py)"
1t3nuW2j9jKV73SwNzf_GjzSiNV-mM1dj,2026-10-06,clean,"document archive-districts-d15-d15minmay12-en · pre-launch scan 2026-10-06: every page (pdftotext, PyMuPDF, pypdf) + Windows OCR of picture pages; both rule sets (check-media.mjs, scan-documents.py)"
1I6igSB1Lw8nVB6NPNGeJh2XIwhTWBztU,2026-10-06,clean,"document archive-districts-d15-d15minnov05-en · pre-launch scan 2026-10-06: every page (pdftotext, PyMuPDF, pypdf) + Windows OCR of picture pages; both rule sets (check-media.mjs, scan-documents.py)"
1nWW4BKgNA_ssVaGARMy0Vk-txQadrnEv,2026-10-06,clean,"document archive-districts-d15-d15minnov12-en · pre-launch scan 2026-10-06: every page (pdftotext, PyMuPDF, pypdf) + Windows OCR of picture pages; both rule sets (check-media.mjs, scan-documents.py)"
1M2YEs9N5W4kOInBHCWpktpXUkr3nX-Jp,2026-10-06,clean,"document archive-districts-d15-d15minoct12-en · pre-launch scan 2026-10-06: every page (pdftotext, PyMuPDF, pypdf) + Windows OCR of picture pages; both rule sets (check-media.mjs, scan-documents.py)"
14pD-ycjt1GMJ78JuhGkV4FWwoOmNyKh0,2026-10-06,clean,"document archive-districts-d15-d15minsep12-en · pre-launch scan 2026-10-06: every page (pdftotext, PyMuPDF, pypdf) + Windows OCR of picture pages; both rule sets (check-media.mjs, scan-documents.py)"
1FEyG6l6uHOAcYDj00NdDDbWadW9G374Q,2026-10-06,clean,"document archive-districts-d15-gsr-minutes-dec-03-09-en · pre-launch scan 2026-10-06: every page (pdftotext, PyMuPDF, pypdf) + Windows OCR of picture pages; both rule sets (check-media.mjs, scan-documents.py)"
1XhzkUbVHTrkN0Zj6UeGxGNZXABk8r9Cu,2026-10-06,"cleared: sobriety phrase without a member's date (requirement, heading, total, anonymous sharing or length only)","document archive-districts-d15-gsr-minutes-nov-05-09-en · pre-launch scan 2026-10-06: every page (pdftotext, PyMuPDF, pypdf) + Windows OCR of picture pages; both rule sets (check-media.mjs, scan-documents.py)"
1yJXgJTOUE44O6x-Ke_7swjC1l1bqYbMA,2026-10-06,cleared: General Service Office line,"document archive-districts-d15-info-for-new-gsrs-en · pre-launch scan 2026-10-06: every page (pdftotext, PyMuPDF, pypdf) + Windows OCR of picture pages; both rule sets (check-media.mjs, scan-documents.py)"
1XbMoYCCVpuhBDbnF4kmdiHDKN4y7nTyL,2026-10-06,clean,"document archive-districts-d15-jan-min-en · pre-launch scan 2026-10-06: every page (pdftotext, PyMuPDF, pypdf) + Windows OCR of picture pages; both rule sets (check-media.mjs, scan-documents.py)"
17lNmcCeEF60OK6HQwNZ3oeit-SS6KDjj,2026-10-06,clean,"document archive-districts-d15-may-min-en · pre-launch scan 2026-10-06: every page (pdftotext, PyMuPDF, pypdf) + Windows OCR of picture pages; both rule sets (check-media.mjs, scan-documents.py)"
1GvQgW1NDUpwQXFMgi-DJ-1ZZZeNqbblh,2026-10-06,clean,"document archive-districts-d15-min-aug-d15-en · pre-launch scan 2026-10-06: every page (pdftotext, PyMuPDF, pypdf) + Windows OCR of picture pages; both rule sets (check-media.mjs, scan-documents.py)"
1L9-mYX6vxlNV0vzjnMI6MmbCjZGxdz-U,2026-10-06,clean,"document archive-districts-d15-min-oct-d15-en · pre-launch scan 2026-10-06: every page (pdftotext, PyMuPDF, pypdf) + Windows OCR of picture pages; both rule sets (check-media.mjs, scan-documents.py)"
1cDPjmkq8SJHy6IDKdk8HOCmWzPiVIYoO,2026-10-06,clean,"document archive-districts-d15-min-sept-d15-en · pre-launch scan 2026-10-06: every page (pdftotext, PyMuPDF, pypdf) + Windows OCR of picture pages; both rule sets (check-media.mjs, scan-documents.py)"
1jIGc6q94xVe_G865IQQv3GCWJIVYoPa2,2026-10-06,clean,"document archive-districts-d15-officers-chairs-d15-en-redacted · pre-launch scan 2026-10-06: every page (pdftotext, PyMuPDF, pypdf) + Windows OCR of picture pages; both rule sets (check-media.mjs, scan-documents.py)"
114TWTBii3d5ofzcQ9L82WEF-wbkSdiS6,2026-10-06,cleared: General Service Office line,"document archive-districts-d15-themanypartofaa-en-pdf-redacted · pre-launch scan 2026-10-06: every page (pdftotext, PyMuPDF, pypdf) + Windows OCR of picture pages; both rule sets (check-media.mjs, scan-documents.py)"
1qD0grW5u9ZYZjmvApfQS_GiOGdU9Nv8y,2026-10-06,clean,"document archive-districts-d18-district-18-guidelines-updated-en · pre-launch scan 2026-10-06: every page (pdftotext, PyMuPDF, pypdf) + Windows OCR of picture pages; both rule sets (check-media.mjs, scan-documents.py)"
1N0NKvlHc3iFJGXU9ELiJliGCDcroLXgz,2026-10-06,clean,"document archive-districts-d2-2023-dec-2023-approved-mins-es-redacted · pre-launch scan 2026-10-06: every page (pdftotext, PyMuPDF, pypdf) + Windows OCR of picture pages; both rule sets (check-media.mjs, scan-documents.py)"
1O0RvFqei7BjGcU_enKcWPVyBmh37wha7,2026-10-06,clean,"document archive-districts-d25-2021-d25-boletin-m12-2021-es-redacted · pre-launch scan 2026-10-06: every page (pdftotext, PyMuPDF, pypdf) + Windows OCR of picture pages; both rule sets (check-media.mjs, scan-documents.py)"
1gNTbizCJGDDkpbW2ByS2LkH499gjvo8g,2026-10-06,"cleared: public line (central office, hotel, venue or event info line)","document archive-districts-d25-2021-district-25-newsletter-november-2021-es · pre-launch scan 2026-10-06: every page (pdftotext, PyMuPDF, pypdf) + Windows OCR of picture pages; both rule sets (check-media.mjs, scan-documents.py)"
1r6RQ8bcaFPqjbVpcBfgUOHw1MX9SMqCc,2026-10-06,"cleared: public line (central office, hotel, venue or event info line)","document archive-districts-d25-2022-boletind25p72-02-en-redacted · pre-launch scan 2026-10-06: every page (pdftotext, PyMuPDF, pypdf) + Windows OCR of picture pages; both rule sets (check-media.mjs, scan-documents.py)"
1LbOOs11XmR0p-93lXcBSEUQjEsXVgF2i,2026-10-06,"cleared: public line (central office, hotel, venue or event info line)","document archive-districts-d25-2022-boletind25p72-03-en-redacted · pre-launch scan 2026-10-06: every page (pdftotext, PyMuPDF, pypdf) + Windows OCR of picture pages; both rule sets (check-media.mjs, scan-documents.py)"
1rvuMr1Lw8A1ckVLnc6sc2KQBTxpZUJdw,2026-10-06,"cleared: public line (central office, hotel, venue or event info line)","document archive-districts-d25-2022-boletind25p72-05-en-redacted · pre-launch scan 2026-10-06: every page (pdftotext, PyMuPDF, pypdf) + Windows OCR of picture pages; both rule sets (check-media.mjs, scan-documents.py)"
1Bkrv6GJedUYH9HhcTP7OiWtGwEEVv9JQ,2026-10-06,"cleared: public line (central office, hotel, venue or event info line)","document archive-districts-d25-2022-boletind25p72-08-aug-en-redacted · pre-launch scan 2026-10-06: every page (pdftotext, PyMuPDF, pypdf) + Windows OCR of picture pages; both rule sets (check-media.mjs, scan-documents.py)"
1s3csk4zFGiNh-CWIhv3IsXNpnZOQo-4k,2026-10-06,clean,"document archive-districts-d5-2007-winter2007-newsletter-en-redacted · pre-launch scan 2026-10-06: every page (pdftotext, PyMuPDF, pypdf) + Windows OCR of picture pages; both rule sets (check-media.mjs, scan-documents.py)"
1uSMHxzmczyreeumMAgMj8fyGb2YxVZXp,2026-10-06,clean,"document archive-districts-d5-2008-2008junemeetingflyer-en · pre-launch scan 2026-10-06: every page (pdftotext, PyMuPDF, pypdf) + Windows OCR of picture pages; both rule sets (check-media.mjs, scan-documents.py)"
1Gdk_ei_2b4WKnWiHWGATzWZxHqZTKrl9,2026-10-06,clean,"document archive-districts-d5-2008-fall-2008-newsletter-en · pre-launch scan 2026-10-06: every page (pdftotext, PyMuPDF, pypdf) + Windows OCR of picture pages; both rule sets (check-media.mjs, scan-documents.py)"
15Ku1P541WOJVayPzLCRBf7Lygvp1M-qf,2026-10-06,clean,"document archive-districts-d5-2008-summer-2008-newsletter-rtf-en · pre-launch scan 2026-10-06: every page (pdftotext, PyMuPDF, pypdf) + Windows OCR of picture pages; both rule sets (check-media.mjs, scan-documents.py)"
1h63q9anm0R8rzMom4-CCh92GG0pgF4lS,2026-10-06,clean,"document archive-districts-d5-2009-dist-5-guidelines-revision-c-jan-2009-en · pre-launch scan 2026-10-06: every page (pdftotext, PyMuPDF, pypdf) + Windows OCR of picture pages; both rule sets (check-media.mjs, scan-documents.py)"
1o4zsC_ItpSBwCqP8GUiaaCOzgSUGBh8p,2026-10-06,clean,"document archive-districts-d5-2011-dist-5-guidelines-revision-d-june-2011-en · pre-launch scan 2026-10-06: every page (pdftotext, PyMuPDF, pypdf) + Windows OCR of picture pages; both rule sets (check-media.mjs, scan-documents.py)"
1oS4m48jKhWIvYSze7XjnassFOtyBTVvb,2026-10-06,clean,"document archive-districts-d5-2015-district-5-guidelines-rev-f-sept-2015-en · pre-launch scan 2026-10-06: every page (pdftotext, PyMuPDF, pypdf) + Windows OCR of picture pages; both rule sets (check-media.mjs, scan-documents.py)"
19Sza_hqBRg7x-T800wS9_bM2JDkVhKPH,2026-10-06,"cleared: sobriety phrase without a member's date (requirement, heading, total, anonymous sharing or length only)","document archive-districts-d5-2017-newsletter-2017-2nd-qtr-issue-5-color-en-redacted · pre-launch scan 2026-10-06: every page (pdftotext, PyMuPDF, pypdf) + Windows OCR of picture pages; both rule sets (check-media.mjs, scan-documents.py) · re-redacted 2026-10-06 (sobriety dates / birthday-list years removed), then read again"
15trJyyyzwdpcO5NIVazdUDNlK54xgUFH,2026-10-06,"cleared: meeting place, venue, business or map; sobriety phrase without a member's date (requirement, heading, total, anonymous sharing or length only)","document archive-districts-d5-2017-newsletter-2017-3rd-qtr-issue-6-color-en-redacted · pre-launch scan 2026-10-06: every page (pdftotext, PyMuPDF, pypdf) + Windows OCR of picture pages; both rule sets (check-media.mjs, scan-documents.py) · re-redacted 2026-10-06 (sobriety dates / birthday-list years removed), then read again"
1EdS9JjDTJ6cbaJc94Pvb1Li1Q5TUcntx,2026-10-06,"cleared: public line (central office, hotel, venue or event info line); role or event mailbox, or a text-extraction fragment; sobriety phrase without a member's date (requirement, heading, total, anonymous sharing or length only)","document archive-districts-d5-2017-newsletter-2017-4th-qtr-issue-7-en-redacted · pre-launch scan 2026-10-06: every page (pdftotext, PyMuPDF, pypdf) + Windows OCR of picture pages; both rule sets (check-media.mjs, scan-documents.py) · re-redacted 2026-10-06 (personal phone numbers, sobriety dates / birthday-list years removed), then read again"
11RDX0V3dNzjm6VnDP37PmyMsa_fm0m2c,2026-10-06,"cleared: public line (central office, hotel, venue or event info line); role or event mailbox, or a text-extraction fragment; sobriety phrase without a member's date (requirement, heading, total, anonymous sharing or length only)","document archive-districts-d5-2018-newsletter-2018-1st-qtr-issue-8-en-redacted · pre-launch scan 2026-10-06: every page (pdftotext, PyMuPDF, pypdf) + Windows OCR of picture pages; both rule sets (check-media.mjs, scan-documents.py) · re-redacted 2026-10-06 (sobriety dates / birthday-list years removed), then read again"
1YjcziZ8Uk6UxDXPeQ72so0kSDI7k0Xu-,2026-10-06,"cleared: meeting place, venue, business or map; not a member's full name (place, group, heading, staff or historic name); role or event mailbox, or a text-extraction fragment; sobriety phrase without a member's date (requirement, heading, total, anonymous sharing or length only)","document archive-districts-d5-2018-newsletter-2018-2nd-qtr-issue-9-color-en-redacted · pre-launch scan 2026-10-06: every page (pdftotext, PyMuPDF, pypdf) + Windows OCR of picture pages; both rule sets (check-media.mjs, scan-documents.py) · re-redacted 2026-10-06 (personal phone numbers, sobriety dates / birthday-list years removed), then read again"
1CoGOLkMG40ZxOLj6a84QQzdX3qvJgCE_,2026-10-06,"cleared: role or event mailbox, or a text-extraction fragment; sobriety phrase without a member's date (requirement, heading, total, anonymous sharing or length only)","document archive-districts-d5-2018-newsletter-2018-3rd-qtr-issue-10-en-redacted · pre-launch scan 2026-10-06: every page (pdftotext, PyMuPDF, pypdf) + Windows OCR of picture pages; both rule sets (check-media.mjs, scan-documents.py) · re-redacted 2026-10-06 (personal phone numbers, personal e-mail addresses, sobriety dates / birthday-list years removed), then read again"
1JUETGI8jC_3e93FgjF1EgMSXFVGkmZsu,2026-10-06,"cleared: sobriety phrase without a member's date (requirement, heading, total, anonymous sharing or length only)","document archive-districts-d5-2018-newsletter-2018-4th-qtr-issue-11-en-redacted · pre-launch scan 2026-10-06: every page (pdftotext, PyMuPDF, pypdf) + Windows OCR of picture pages; both rule sets (check-media.mjs, scan-documents.py) · re-redacted 2026-10-06 (personal phone numbers, personal e-mail addresses, full names, sobriety dates / birthday-list years removed), then read again"
1DHS0HqDB_jlzfUVytCdSGR1-kn-i8W3v,2026-10-06,"cleared: sobriety phrase without a member's date (requirement, heading, total, anonymous sharing or length only)","document archive-districts-d5-2019-2019-12-12-d5-event-grapevine-spkr-ed-l-en · pre-launch scan 2026-10-06: every page (pdftotext, PyMuPDF, pypdf) + Windows OCR of picture pages; both rule sets (check-media.mjs, scan-documents.py)"
1B7l4snJtD7bELOYgLWokvB1PBD5a2IWr,2026-10-06,"cleared: public line (central office, hotel, venue or event info line); sobriety phrase without a member's date (requirement, heading, total, anonymous sharing or length only)","document archive-districts-d5-2019-2019-3rd-qtr-issue-14-en-redacted · pre-launch scan 2026-10-06: every page (pdftotext, PyMuPDF, pypdf) + Windows OCR of picture pages; both rule sets (check-media.mjs, scan-documents.py) · re-redacted 2026-10-06 (personal phone numbers, personal e-mail addresses, sobriety dates / birthday-list years removed), then read again"
1a10sr_QP9mLK02_rxidvE9h_rDcWCr3D,2026-10-06,clean,"document archive-districts-d5-2019-2019-sept-12-d5-reportback-flyer-en · pre-launch scan 2026-10-06: every page (pdftotext, PyMuPDF, pypdf) + Windows OCR of picture pages; both rule sets (check-media.mjs, scan-documents.py)"
1bbkF9FdIuuQ_J7KpG-RALc-aREUsmE_n,2026-10-06,clean,"document archive-districts-d5-2019-d5-service-in-july-2019-color-en · pre-launch scan 2026-10-06: every page (pdftotext, PyMuPDF, pypdf) + Windows OCR of picture pages; both rule sets (check-media.mjs, scan-documents.py)"
1DPJM6lrFuhb6RJHqJp36Bz_afXjOcBeE,2026-10-06,clean,"document archive-districts-d5-2019-district-5-guidelines-revision-h-december-2019-en · pre-launch scan 2026-10-06: every page (pdftotext, PyMuPDF, pypdf) + Windows OCR of picture pages; both rule sets (check-media.mjs, scan-documents.py)"
1L5eBRIhbBHYK5k6H3W8cnXXCDEcBzvEv,2026-10-06,"cleared: public line (central office, hotel, venue or event info line); sobriety phrase without a member's date (requirement, heading, total, anonymous sharing or length only)","document archive-districts-d5-2019-newsletter-2019-1st-qtr-issue-12-en-redacted · pre-launch scan 2026-10-06: every page (pdftotext, PyMuPDF, pypdf) + Windows OCR of picture pages; both rule sets (check-media.mjs, scan-documents.py) · re-redacted 2026-10-06 (personal phone numbers, personal e-mail addresses, sobriety dates / birthday-list years removed), then read again"
1K6_roTvkiNJA-xX_YXVO7tZY_U6to8kn,2026-10-06,"cleared: meeting place, venue, business or map; public line (central office, hotel, venue or event info line); sobriety phrase without a member's date (requirement, heading, total, anonymous sharing or length only)","document archive-districts-d5-2019-newsletter-2019-2nd-qtr-issue-13-en-redacted · pre-launch scan 2026-10-06: every page (pdftotext, PyMuPDF, pypdf) + Windows OCR of picture pages; both rule sets (check-media.mjs, scan-documents.py) · re-redacted 2026-10-06 (personal phone numbers, personal e-mail addresses, sobriety dates / birthday-list years removed), then read again"
1AP2uZi6xDBaGKl6Ddd0Phbq155rvghNu,2026-10-06,"cleared: sobriety phrase without a member's date (requirement, heading, total, anonymous sharing or length only)","document archive-districts-d5-2019-newsletter-2019-4th-qtr-issue-15-en-redacted · pre-launch scan 2026-10-06: every page (pdftotext, PyMuPDF, pypdf) + Windows OCR of picture pages; both rule sets (check-media.mjs, scan-documents.py) · re-redacted 2026-10-06 (personal phone numbers, personal e-mail addresses, sobriety dates / birthday-list years removed), then read again"
1N_uX45Ghf5XpYTxtvw05VhFtXeslh_pM,2026-10-06,cleared: Zoom meeting ID or dial-in number,"document archive-districts-d5-2020-gsr-workshop-2020-oct-25-en · pre-launch scan 2026-10-06: every page (pdftotext, PyMuPDF, pypdf) + Windows OCR of picture pages; both rule sets (check-media.mjs, scan-documents.py)"
1Jjyf70UKwbvAlzW4dhUzmtW-e2vPO-b0,2026-10-06,"cleared: public line (central office, hotel, venue or event info line); sobriety phrase without a member's date (requirement, heading, total, anonymous sharing or length only)","document archive-districts-d5-2020-newsletter-2020-1st-qtr-issue-16-en-redacted · pre-launch scan 2026-10-06: every page (pdftotext, PyMuPDF, pypdf) + Windows OCR of picture pages; both rule sets (check-media.mjs, scan-documents.py) · re-redacted 2026-10-06 (sobriety dates / birthday-list years removed), then read again"
1XHaI6zacqULtTJ8r0XYYmA0wbnVYjhoE,2026-10-06,"cleared: sobriety phrase without a member's date (requirement, heading, total, anonymous sharing or length only)","document archive-districts-d5-2020-newsletter-2020-2nd-qtr-issue-17-en-redacted · pre-launch scan 2026-10-06: every page (pdftotext, PyMuPDF, pypdf) + Windows OCR of picture pages; both rule sets (check-media.mjs, scan-documents.py) · re-redacted 2026-10-06 (sobriety dates / birthday-list years removed), then read again"
1cH2_TajtQMfsYGzLsbXX_pK9hsSrFL2M,2026-10-06,"cleared: Zoom meeting ID or dial-in number; sobriety phrase without a member's date (requirement, heading, total, anonymous sharing or length only)","document archive-districts-d5-2020-newsletter-2020-3rd-qtr-issue-18-en-redacted · pre-launch scan 2026-10-06: every page (pdftotext, PyMuPDF, pypdf) + Windows OCR of picture pages; both rule sets (check-media.mjs, scan-documents.py) · re-redacted 2026-10-06 (sobriety dates / birthday-list years removed), then read again"
1M1w4qK9Q8vK8-wHAWoWpcw6t69-H8pcL,2026-10-06,"cleared: sobriety phrase without a member's date (requirement, heading, total, anonymous sharing or length only)","document archive-districts-d5-2020-newsletter-2020-4th-qtr-issue-19-en-redacted · pre-launch scan 2026-10-06: every page (pdftotext, PyMuPDF, pypdf) + Windows OCR of picture pages; both rule sets (check-media.mjs, scan-documents.py) · re-redacted 2026-10-06 (sobriety dates / birthday-list years removed), then read again"
1miut5PDuzZjUDa5xCIkMfEDWGkvoc21a,2026-10-06,clean,"document archive-districts-d5-2021-district-5-guidelines-revision-i-october-2021-en · pre-launch scan 2026-10-06: every page (pdftotext, PyMuPDF, pypdf) + Windows OCR of picture pages; both rule sets (check-media.mjs, scan-documents.py)"
1__EC-TJ1fY86HwM182KRSqxgNI3b3MoK,2026-10-06,"cleared: Zoom meeting ID or dial-in number; public line (central office, hotel, venue or event info line); sobriety phrase without a member's date (requirement, heading, total, anonymous sharing or length only)","document archive-districts-d5-2021-newsletter-2021-4th-qtr-issue-23-en-redacted · pre-launch scan 2026-10-06: every page (pdftotext, PyMuPDF, pypdf) + Windows OCR of picture pages; both rule sets (check-media.mjs, scan-documents.py) · re-redacted 2026-10-06 (personal phone numbers, personal e-mail addresses, sobriety dates / birthday-list years removed), then read again"
131Qk_gnnMFhKNy7dMkTPn2RyFPLxwg2Y,2026-10-06,"cleared: not a member's full name (place, group, heading, staff or historic name); sobriety phrase without a member's date (requirement, heading, total, anonymous sharing or length only)","document archive-districts-d5-2022-d5-newsletter-2022-4th-qtr-issue-27-en-redacted · pre-launch scan 2026-10-06: every page (pdftotext, PyMuPDF, pypdf) + Windows OCR of picture pages; both rule sets (check-media.mjs, scan-documents.py) · re-redacted 2026-10-06 (personal phone numbers, personal e-mail addresses, sobriety dates / birthday-list years removed), then read again"
11P7jeRyZ6eibDn5Gdj9CPm23gF32r39Q,2026-10-06,"cleared: General Service Office line; Zoom meeting ID or dial-in number; meeting place, venue, business or map; sobriety phrase without a member's date (requirement, heading, total, anonymous sharing or length only)","document archive-districts-d5-2022-district-5-newsletter-2nd-quarter-2022-issue-25-en · pre-launch scan 2026-10-06: every page (pdftotext, PyMuPDF, pypdf) + Windows OCR of picture pages; both rule sets (check-media.mjs, scan-documents.py) · re-redacted 2026-10-06 (sobriety dates / birthday-list years removed), then read again"
1G_ArRuNWW9MfF3Phgv2XJods9bPNnbPf,2026-10-06,"cleared: Zoom meeting ID or dial-in number; public line (central office, hotel, venue or event info line); role or event mailbox, or a text-extraction fragment; sobriety phrase without a member's date (requirement, heading, total, anonymous sharing or length only)","document archive-districts-d5-2022-newsletter-2022-1st-qtr-issue-24-en-redacted · pre-launch scan 2026-10-06: every page (pdftotext, PyMuPDF, pypdf) + Windows OCR of picture pages; both rule sets (check-media.mjs, scan-documents.py) · read again: no sobriety-birthday list in this issue, nothing to remove"
1d-CdvXzJqmOeZkfB7mypycFf0Qh-uxzw,2026-10-06,"cleared: Zoom meeting ID or dial-in number; not a member's full name (place, group, heading, staff or historic name); public line (central office, hotel, venue or event info line); role or event mailbox, or a text-extraction fragment; sobriety phrase without a member's date (requirement, heading, total, anonymous sharing or length only)","document archive-districts-d5-2023-d5-newsletter-2023-1st-qtr-issue-28-en-redacted · pre-launch scan 2026-10-06: every page (pdftotext, PyMuPDF, pypdf) + Windows OCR of picture pages; both rule sets (check-media.mjs, scan-documents.py) · re-redacted 2026-10-06 (personal phone numbers, sobriety dates / birthday-list years removed), then read again"
16fY5lCgDGS87Rs-A5uWSo6eyOWu0nSgU,2026-10-06,clean,"document archive-districts-d5-2023-district-5-guidelines-revision-j-october-2023-en · pre-launch scan 2026-10-06: every page (pdftotext, PyMuPDF, pypdf) + Windows OCR of picture pages; both rule sets (check-media.mjs, scan-documents.py)"
1YwQrzVZFQIoKP16DXHOgvne5rJULeHQw,2026-10-06,"cleared: not a member's full name (place, group, heading, staff or historic name); sobriety phrase without a member's date (requirement, heading, total, anonymous sharing or length only)","document archive-districts-d5-2023-district-5-newsletter-2nd-quarter-2023-issue-29-en · pre-launch scan 2026-10-06: every page (pdftotext, PyMuPDF, pypdf) + Windows OCR of picture pages; both rule sets (check-media.mjs, scan-documents.py) · re-redacted 2026-10-06 (personal phone numbers, sobriety dates / birthday-list years removed), then read again"
13Ij9d_Vkuahc0h7FJ_ilOIc8A73j5ixd,2026-10-06,"cleared: sobriety phrase without a member's date (requirement, heading, total, anonymous sharing or length only)","document archive-districts-d5-2023-district-5-newsletter-4th-quarter-2023-issue-31-en · pre-launch scan 2026-10-06: every page (pdftotext, PyMuPDF, pypdf) + Windows OCR of picture pages; both rule sets (check-media.mjs, scan-documents.py) · re-redacted 2026-10-06 (sobriety dates / birthday-list years removed), then read again"
1N9dPXvN7mPvixo5b2dXufsThyU2zSYyI,2026-10-06,"cleared: sobriety phrase without a member's date (requirement, heading, total, anonymous sharing or length only)","document archive-districts-d5-2024-d5-newsletter-2024-3rd-qtr-issue-34-en-redacted · pre-launch scan 2026-10-06: every page (pdftotext, PyMuPDF, pypdf) + Windows OCR of picture pages; both rule sets (check-media.mjs, scan-documents.py) · read again: no sobriety-birthday list in this issue, nothing to remove"
1T8ClYJ2dUaZs0_taU3pb_fKtCmoxVGbO,2026-10-06,"cleared: not a member's full name (place, group, heading, staff or historic name); sobriety phrase without a member's date (requirement, heading, total, anonymous sharing or length only)","document archive-districts-d5-2024-newsletter-2024-2nd-qtr-issue-33-color-en-redacted · pre-launch scan 2026-10-06: every page (pdftotext, PyMuPDF, pypdf) + Windows OCR of picture pages; both rule sets (check-media.mjs, scan-documents.py) · re-redacted 2026-10-06 (sobriety dates / birthday-list years removed), then read again"
1CpV6Ha6o5dxARqUF7ssuPWRBKjCxAwu_,2026-10-06,"cleared: sobriety phrase without a member's date (requirement, heading, total, anonymous sharing or length only)","document archive-districts-d5-2025-d5-newsletter-2025-3rd-qtr-issue-37-en-redacted · pre-launch scan 2026-10-06: every page (pdftotext, PyMuPDF, pypdf) + Windows OCR of picture pages; both rule sets (check-media.mjs, scan-documents.py) · re-redacted 2026-10-06 (personal phone numbers, sobriety dates / birthday-list years removed), then read again"
1xBP10_Y8PauRD6vwgxV3MJMVh5OyNEbM,2026-10-06,clean,"document archive-districts-d5-2025-district-5-back-on-site-new-meeting-day-july-2025-en · pre-launch scan 2026-10-06: every page (pdftotext, PyMuPDF, pypdf) + Windows OCR of picture pages; both rule sets (check-media.mjs, scan-documents.py)"
1fAo7Q9NNaeHRmzmihwsgzRmgcQtSGhLH,2026-10-06,"cleared: public line (central office, hotel, venue or event info line); role or event mailbox, or a text-extraction fragment; sobriety phrase without a member's date (requirement, heading, total, anonymous sharing or length only)","document archive-districts-d5-2025-newsletter-2025-1st-qtr-issue-35-en-redacted · pre-launch scan 2026-10-06: every page (pdftotext, PyMuPDF, pypdf) + Windows OCR of picture pages; both rule sets (check-media.mjs, scan-documents.py) · re-redacted 2026-10-06 (personal phone numbers, sobriety dates / birthday-list years removed), then read again"
1xx8dje8RPeUTfG7UbH8ob7YGDcXjKTHu,2026-10-06,"cleared: Zoom meeting ID or dial-in number; public line (central office, hotel, venue or event info line); sobriety phrase without a member's date (requirement, heading, total, anonymous sharing or length only)","document archive-districts-d5-2025-newsletter-2025-2nd-qtr-issue-36-en-redacted · pre-launch scan 2026-10-06: every page (pdftotext, PyMuPDF, pypdf) + Windows OCR of picture pages; both rule sets (check-media.mjs, scan-documents.py) · re-redacted 2026-10-06 (personal phone numbers, sobriety dates / birthday-list years removed), then read again"
1yCECItwChZAoUAZnFwnYpYgJXUHR3Glj,2026-10-06,clean,"document archive-districts-d5-d5april07news2-en · pre-launch scan 2026-10-06: every page (pdftotext, PyMuPDF, pypdf) + Windows OCR of picture pages; both rule sets (check-media.mjs, scan-documents.py)"
11aDdzKK0X02fa9C-XLqLZMOuDfd1b8Ls,2026-10-06,clean,"document archive-districts-d5-d5aprinews07-en · pre-launch scan 2026-10-06: every page (pdftotext, PyMuPDF, pypdf) + Windows OCR of picture pages; both rule sets (check-media.mjs, scan-documents.py)"
1Y28JXfWU0ZyM17yjeVRLpLpR9NLDWR-V,2026-10-06,clean,"document archive-districts-d5-d5archpres-en · pre-launch scan 2026-10-06: every page (pdftotext, PyMuPDF, pypdf) + Windows OCR of picture pages; both rule sets (check-media.mjs, scan-documents.py)"
1he5ek71hrYvIUAAYyHlq1geU1meBzdW2,2026-10-06,clean,"document archive-districts-d5-d5augnews07-en-redacted · pre-launch scan 2026-10-06: every page (pdftotext, PyMuPDF, pypdf) + Windows OCR of picture pages; both rule sets (check-media.mjs, scan-documents.py)"
1Fz75pNdi5-E-F8T5jA_lyMkrpiZQQJ8j,2026-10-06,"cleared: sobriety phrase without a member's date (requirement, heading, total, anonymous sharing or length only)","document archive-districts-d5-d5news1q13-en · pre-launch scan 2026-10-06: every page (pdftotext, PyMuPDF, pypdf) + Windows OCR of picture pages; both rule sets (check-media.mjs, scan-documents.py)"
1hKklHCWy_3IaQYZ1atBJadkJDtaDaYV9,2026-10-06,clean,"document archive-districts-d5-spring08newsletter094-en · pre-launch scan 2026-10-06: every page (pdftotext, PyMuPDF, pypdf) + Windows OCR of picture pages; both rule sets (check-media.mjs, scan-documents.py)"
1fO_tGwxqkpDg_C1hSZK_WQ2PxNUwmrY4,2026-10-06,"cleared: role or event mailbox, or a text-extraction fragment","document archive-districts-d6-2008-district-6-agenda-year-in-review2008-en-redacted · pre-launch scan 2026-10-06: every page (pdftotext, PyMuPDF, pypdf) + Windows OCR of picture pages; both rule sets (check-media.mjs, scan-documents.py)"
1BL-5EgSk4vefIDXOZ3dPC7ihP0oNTnQz,2026-10-06,clean,"document archive-districts-d6-2008-district-6-minutes-january-8-2008-en · pre-launch scan 2026-10-06: every page (pdftotext, PyMuPDF, pypdf) + Windows OCR of picture pages; both rule sets (check-media.mjs, scan-documents.py)"
16UD9VoKGNNRD2WlJQbv2Z_zgcFhaAKRn,2026-10-06,"cleared: not a member's full name (place, group, heading, staff or historic name); sobriety phrase without a member's date (requirement, heading, total, anonymous sharing or length only)","document archive-districts-d6-2009-district-6-2009-minutes-in-chronological-order-en-redacted · pre-launch scan 2026-10-06: every page (pdftotext, PyMuPDF, pypdf) + Windows OCR of picture pages; both rule sets (check-media.mjs, scan-documents.py) · re-redacted 2026-10-06 (full names, sobriety dates / birthday-list years removed), then read again"
1hvouKwGxg6BhYgsGPT888GuhTJRCY3Rg,2026-10-06,clean,"document archive-districts-d6-dcm-overview-d6a9-en · pre-launch scan 2026-10-06: every page (pdftotext, PyMuPDF, pypdf) + Windows OCR of picture pages; both rule sets (check-media.mjs, scan-documents.py)"
18uqNw8n9tHwlZd_14ym_GK--5gniDl9A,2026-10-06,clean,"document archive-districts-d6-district-06-minutes-10-7-08-final-en-redacted · pre-launch scan 2026-10-06: every page (pdftotext, PyMuPDF, pypdf) + Windows OCR of picture pages; both rule sets (check-media.mjs, scan-documents.py)"
1sKMZj45HQWdUT1mtk8Wem340yF_ypNXm,2026-10-06,"cleared: sobriety phrase without a member's date (requirement, heading, total, anonymous sharing or length only)","document archive-districts-d6-district-6-gsr-meeting-12-2-08-en-redacted · pre-launch scan 2026-10-06: every page (pdftotext, PyMuPDF, pypdf) + Windows OCR of picture pages; both rule sets (check-media.mjs, scan-documents.py)"
1Wmp5L5UOpC6R1PxbwIXLii_FuOnwQLe0,2026-10-06,"cleared: sobriety phrase without a member's date (requirement, heading, total, anonymous sharing or length only)","document archive-districts-d6-district-6-meeting-12-2-08-minutes-en-redacted · pre-launch scan 2026-10-06: every page (pdftotext, PyMuPDF, pypdf) + Windows OCR of picture pages; both rule sets (check-media.mjs, scan-documents.py)"
1QAEVjWVULQFXdL1drj-l8bdTwgZIt2SP,2026-10-06,clean,"document archive-districts-d6-district-6-minutes-11-11-08-en · pre-launch scan 2026-10-06: every page (pdftotext, PyMuPDF, pypdf) + Windows OCR of picture pages; both rule sets (check-media.mjs, scan-documents.py)"
1Sz5y-zLlEhnFeczJ7BC8xvL2eMy_3yFY,2026-10-06,clean,"document archive-districts-d6-district-6-minutes-12-4-07-en · pre-launch scan 2026-10-06: every page (pdftotext, PyMuPDF, pypdf) + Windows OCR of picture pages; both rule sets (check-media.mjs, scan-documents.py)"
15RigigCglT1z7qrIbYf3OVvKja7ocnMe,2026-10-06,"cleared: sobriety phrase without a member's date (requirement, heading, total, anonymous sharing or length only)","document archive-districts-d6-district-6-minutes-2-12-08-en · pre-launch scan 2026-10-06: every page (pdftotext, PyMuPDF, pypdf) + Windows OCR of picture pages; both rule sets (check-media.mjs, scan-documents.py)"
1NJ388oRJSKilnvg3CnLv4ADFrlNs7qGH,2026-10-06,"cleared: sobriety phrase without a member's date (requirement, heading, total, anonymous sharing or length only)","document archive-districts-d6-district-6-minutes-2-3-09-en · pre-launch scan 2026-10-06: every page (pdftotext, PyMuPDF, pypdf) + Windows OCR of picture pages; both rule sets (check-media.mjs, scan-documents.py)"
1FfHuQAa29c0myqisqYzljSJgrD_FxIYM,2026-10-06,clean,"document archive-districts-d6-district-6-minutes-8-5-08-en · pre-launch scan 2026-10-06: every page (pdftotext, PyMuPDF, pypdf) + Windows OCR of picture pages; both rule sets (check-media.mjs, scan-documents.py)"
1cwbcNj_jMBNnf20_QnsajMB79eiLzjCd,2026-10-06,clean,"document archive-districts-d6-district-6-minutes-doc-3-4-08-en · pre-launch scan 2026-10-06: every page (pdftotext, PyMuPDF, pypdf) + Windows OCR of picture pages; both rule sets (check-media.mjs, scan-documents.py)"
1NebQdchV-sOF6ACTSqxLdIXERoogQ906,2026-10-06,clean,"document archive-districts-d6-district-6-newly-elected-officers-1-12-08-en-redacted · pre-launch scan 2026-10-06: every page (pdftotext, PyMuPDF, pypdf) + Windows OCR of picture pages; both rule sets (check-media.mjs, scan-documents.py)"
1rnfGm4SQ0AZI_7_ccegv8dlJdhy2Noyq,2026-10-06,clean,"document archive-districts-d6-flyer-for-district-06-traditions-play-10-6-08-en-redacted · pre-launch scan 2026-10-06: every page (pdftotext, PyMuPDF, pypdf) + Windows OCR of picture pages; both rule sets (check-media.mjs, scan-documents.py)"
1nwXMgVvJ6FGT199svFbgCvAWKDbNSNx5,2026-10-06,clean,"document archive-districts-d6-intro-to-gsr-handout-d6a9-en · pre-launch scan 2026-10-06: every page (pdftotext, PyMuPDF, pypdf) + Windows OCR of picture pages; both rule sets (check-media.mjs, scan-documents.py)"
1mLaIWQ3gbSy8M7WJCRAblU63JJgT3ToI,2026-10-06,clean,"document archive-districts-d6-samplegsrreport-en · pre-launch scan 2026-10-06: every page (pdftotext, PyMuPDF, pypdf) + Windows OCR of picture pages; both rule sets (check-media.mjs, scan-documents.py)"
1juTBQoKpqbI6uvAlyAGX5UGGyhsNKppl,2026-10-06,clean,"document archive-districts-d7-2006-d7minoct22006-en · pre-launch scan 2026-10-06: every page (pdftotext, PyMuPDF, pypdf) + Windows OCR of picture pages; both rule sets (check-media.mjs, scan-documents.py)"
1gAtvN4ZXNHEaggEN8EWHvIMbzl4thhtj,2026-10-06,clean,"document archive-districts-d7-2006-d7minsep42006-en · pre-launch scan 2026-10-06: every page (pdftotext, PyMuPDF, pypdf) + Windows OCR of picture pages; both rule sets (check-media.mjs, scan-documents.py)"
1fcLdSDwoTQm6LP-4aXG480Es40-gqREk,2026-10-06,"cleared: role mailbox; sobriety phrase without a member's date (requirement, heading, total, anonymous sharing or length only)","document archive-districts-d7-2007-minutes-oct-8-07-2007-en · pre-launch scan 2026-10-06: every page (pdftotext, PyMuPDF, pypdf) + Windows OCR of picture pages; both rule sets (check-media.mjs, scan-documents.py)"
1G7okwW_NNj0L9Sb4SyDewxJCjb60r-Jx,2026-10-06,"cleared: role mailbox; sobriety phrase without a member's date (requirement, heading, total, anonymous sharing or length only)","document archive-districts-d7-2007-minutes-sept-10-07-2007-rev-en · pre-launch scan 2026-10-06: every page (pdftotext, PyMuPDF, pypdf) + Windows OCR of picture pages; both rule sets (check-media.mjs, scan-documents.py)"
1sV3jmLGVzz3e9zq_tAspwFkosM5kOj_C,2026-10-06,clean,"document archive-districts-d7-2008-d7minutes-jan-14-2008-en · pre-launch scan 2026-10-06: every page (pdftotext, PyMuPDF, pypdf) + Windows OCR of picture pages; both rule sets (check-media.mjs, scan-documents.py)"
1VpURWDqpw2MwpLastdL5-7UNdVe_jsrT,2026-10-06,clean,"document archive-districts-d7-2008-minutes-apr-14-2008-en · pre-launch scan 2026-10-06: every page (pdftotext, PyMuPDF, pypdf) + Windows OCR of picture pages; both rule sets (check-media.mjs, scan-documents.py)"
1v7MZPhWlsEyL4VAlm5Euk8s-ple3945j,2026-10-06,clean,"document archive-districts-d7-2008-minutes-aug-11-2008-en · pre-launch scan 2026-10-06: every page (pdftotext, PyMuPDF, pypdf) + Windows OCR of picture pages; both rule sets (check-media.mjs, scan-documents.py)"
1_NJLal9sY25VF7V0wZstKPytIBCkOKdV,2026-10-06,clean,"document archive-districts-d7-2008-minutes-feb-11-2008-en · pre-launch scan 2026-10-06: every page (pdftotext, PyMuPDF, pypdf) + Windows OCR of picture pages; both rule sets (check-media.mjs, scan-documents.py)"
1mlDZkm63lg5fKxSfIhP3yVwdaHCp4JMm,2026-10-06,clean,"document archive-districts-d7-2008-minutes-june-9-2008-en · pre-launch scan 2026-10-06: every page (pdftotext, PyMuPDF, pypdf) + Windows OCR of picture pages; both rule sets (check-media.mjs, scan-documents.py)"
1wjkOPoINtTQ_O7v6JpF8syqtrG-eD_aB,2026-10-06,clean,"document archive-districts-d7-2008-minutes-mar-10-2008-en · pre-launch scan 2026-10-06: every page (pdftotext, PyMuPDF, pypdf) + Windows OCR of picture pages; both rule sets (check-media.mjs, scan-documents.py)"
11Tis4SY4iU5D1DxkwJgEsH5AYtaUXwxa,2026-10-06,clean,"document archive-districts-d7-2008-minutes-may-12-2008-bill-en · pre-launch scan 2026-10-06: every page (pdftotext, PyMuPDF, pypdf) + Windows OCR of picture pages; both rule sets (check-media.mjs, scan-documents.py)"
1NorzoOUMUPrExBXP8zNEU8vg-ND8yNA8,2026-10-06,clean,"document archive-districts-d7-2008-minutes-nov-10-2008-en · pre-launch scan 2026-10-06: every page (pdftotext, PyMuPDF, pypdf) + Windows OCR of picture pages; both rule sets (check-media.mjs, scan-documents.py)"
1d-TUmnuHcvbCpDGnU6h_y34Ptm-GFCBW,2026-10-06,clean,"document archive-districts-d7-2008-minutes-october-13-2008-en · pre-launch scan 2026-10-06: every page (pdftotext, PyMuPDF, pypdf) + Windows OCR of picture pages; both rule sets (check-media.mjs, scan-documents.py)"
1yJsWffI4b4tUV7tFmw5XSa6mXZ-Bz27m,2026-10-06,clean,"document archive-districts-d7-2009-1-minutes-sept-2009-en · pre-launch scan 2026-10-06: every page (pdftotext, PyMuPDF, pypdf) + Windows OCR of picture pages; both rule sets (check-media.mjs, scan-documents.py)"
1sqvCbKnkKu2OoW-d6yPKNnujd0IO90ta,2026-10-06,clean,"document archive-districts-d7-2009-minutes-aug-10-2009-en · pre-launch scan 2026-10-06: every page (pdftotext, PyMuPDF, pypdf) + Windows OCR of picture pages; both rule sets (check-media.mjs, scan-documents.py)"
1CkgenKIMvfr3jEK1P4uyc6-M7C_7U_h8,2026-10-06,clean,"document archive-districts-d7-2009-minutes-jan-12-2009-en · pre-launch scan 2026-10-06: every page (pdftotext, PyMuPDF, pypdf) + Windows OCR of picture pages; both rule sets (check-media.mjs, scan-documents.py)"
1n9cLF-wEF0jLTh8_VxOL37ddND9mk5Ao,2026-10-06,clean,"document archive-districts-d7-2009-minutes-july-2009-en · pre-launch scan 2026-10-06: every page (pdftotext, PyMuPDF, pypdf) + Windows OCR of picture pages; both rule sets (check-media.mjs, scan-documents.py)"
1pv2FpKO9vQjiQkJLeCSWT5J1HANm4g9i,2026-10-06,clean,"document archive-districts-d7-2009-minutes-june-8-2009-en · pre-launch scan 2026-10-06: every page (pdftotext, PyMuPDF, pypdf) + Windows OCR of picture pages; both rule sets (check-media.mjs, scan-documents.py)"
19s_s1Bt4o5V0kr_sihVnDDNWrEMZdMRr,2026-10-06,clean,"document archive-districts-d7-2009-minutes-may-11-2009-en · pre-launch scan 2026-10-06: every page (pdftotext, PyMuPDF, pypdf) + Windows OCR of picture pages; both rule sets (check-media.mjs, scan-documents.py)"
1X4hkvM2ue9XS5C94hR7kxtjsEhzdjopZ,2026-10-06,clean,"document archive-districts-d7-2009-minutes-nov-2009-en · pre-launch scan 2026-10-06: every page (pdftotext, PyMuPDF, pypdf) + Windows OCR of picture pages; both rule sets (check-media.mjs, scan-documents.py)"
1zJZuw8ch7TlN0FQrwQsA88lCSrHwDzDD,2026-10-06,clean,"document archive-districts-d7-2009-minutes-oct12-2009-en · pre-launch scan 2026-10-06: every page (pdftotext, PyMuPDF, pypdf) + Windows OCR of picture pages; both rule sets (check-media.mjs, scan-documents.py)"
1UrlGZ2l2Vcu2bK2iIVb2l5-yX2g6eC3F,2026-10-06,clean,"document archive-districts-d7-2010-minutes-09-13-2010-en · pre-launch scan 2026-10-06: every page (pdftotext, PyMuPDF, pypdf) + Windows OCR of picture pages; both rule sets (check-media.mjs, scan-documents.py)"
1m8f-nW1Y28RoBjiUG5jAJL9OKH2fMziB,2026-10-06,clean,"document archive-districts-d7-2010-minutes-jan-2010-en · pre-launch scan 2026-10-06: every page (pdftotext, PyMuPDF, pypdf) + Windows OCR of picture pages; both rule sets (check-media.mjs, scan-documents.py)"
1PDjB-ZynBTSbFDjqAvG5sp3KEnX3jWce,2026-10-06,clean,"document archive-districts-d7-d7feb6min06-en · pre-launch scan 2026-10-06: every page (pdftotext, PyMuPDF, pypdf) + Windows OCR of picture pages; both rule sets (check-media.mjs, scan-documents.py)"
1EBSxCVJm1P6Nl0Zlz2XNU7DSuFqSQYoG,2026-10-06,clean,"document archive-districts-d7-d7mar6min06-en · pre-launch scan 2026-10-06: every page (pdftotext, PyMuPDF, pypdf) + Windows OCR of picture pages; both rule sets (check-media.mjs, scan-documents.py)"
1nNR31W4S1QAWgPPIMMhLhS1omYH4cA_-,2026-10-06,clean,"document archive-districts-d7-d7min010807-en · pre-launch scan 2026-10-06: every page (pdftotext, PyMuPDF, pypdf) + Windows OCR of picture pages; both rule sets (check-media.mjs, scan-documents.py)"
1eoOAY5HHfYAfxtpXGDVuT3lwS2M9IRZG,2026-10-06,clean,"document archive-districts-d7-d7min021207-en · pre-launch scan 2026-10-06: every page (pdftotext, PyMuPDF, pypdf) + Windows OCR of picture pages; both rule sets (check-media.mjs, scan-documents.py)"
1w2qunKNgUwdT2UUiDXtrvCXTWgUp3wAq,2026-10-06,clean,"document archive-districts-d7-d7min031207-en · pre-launch scan 2026-10-06: every page (pdftotext, PyMuPDF, pypdf) + Windows OCR of picture pages; both rule sets (check-media.mjs, scan-documents.py)"
1L2Cyn-v6tGbSXenNKoU6xLvZj546-xWZ,2026-10-06,clean,"document archive-districts-d7-d7min040907-en · pre-launch scan 2026-10-06: every page (pdftotext, PyMuPDF, pypdf) + Windows OCR of picture pages; both rule sets (check-media.mjs, scan-documents.py)"
1c2TwwJr0NySJToRoD-C9rKoYPVI3Kjqu,2026-10-06,clean,"document archive-districts-d7-d7min051407-en · pre-launch scan 2026-10-06: every page (pdftotext, PyMuPDF, pypdf) + Windows OCR of picture pages; both rule sets (check-media.mjs, scan-documents.py)"
1juCJ5Lcg3qMrsdUWdJAMHYU-MGkMExDw,2026-10-06,clean,"document archive-districts-d7-d7min061107-en · pre-launch scan 2026-10-06: every page (pdftotext, PyMuPDF, pypdf) + Windows OCR of picture pages; both rule sets (check-media.mjs, scan-documents.py)"
1Q2f3ZMnbWUMHcfQ1MJ17DLMb0oftNPHy,2026-10-06,clean,"document archive-districts-d7-d7min120406-en · pre-launch scan 2026-10-06: every page (pdftotext, PyMuPDF, pypdf) + Windows OCR of picture pages; both rule sets (check-media.mjs, scan-documents.py)"
1EJ43SladE7186OZ84hlr3xuUR_oT94qH,2026-10-06,clean,"document archive-districts-d7-d7min6nov06-en · pre-launch scan 2026-10-06: every page (pdftotext, PyMuPDF, pypdf) + Windows OCR of picture pages; both rule sets (check-media.mjs, scan-documents.py)"
1JVixkklR3cx_PehiOAjwdFmvfXIFTUJL,2026-10-06,clean,"document archive-districts-d7-d7minapril06-en · pre-launch scan 2026-10-06: every page (pdftotext, PyMuPDF, pypdf) + Windows OCR of picture pages; both rule sets (check-media.mjs, scan-documents.py)"
1CbpTdWMURMNhNBS5gWSc7YrtoOXSY1CZ,2026-10-06,clean,"document archive-districts-d7-d7minaug7-en · pre-launch scan 2026-10-06: every page (pdftotext, PyMuPDF, pypdf) + Windows OCR of picture pages; both rule sets (check-media.mjs, scan-documents.py)"
1bIitnr5-_Fghj0ag2IrvaMHoYBtENz9L,2026-10-06,clean,"document archive-districts-d7-d7mindec5-en · pre-launch scan 2026-10-06: every page (pdftotext, PyMuPDF, pypdf) + Windows OCR of picture pages; both rule sets (check-media.mjs, scan-documents.py)"
1YFbcKjVx2MW_vjj7u7cj9IGKge8aIbrl,2026-10-06,clean,"document archive-districts-d7-d7minjan2-en · pre-launch scan 2026-10-06: every page (pdftotext, PyMuPDF, pypdf) + Windows OCR of picture pages; both rule sets (check-media.mjs, scan-documents.py)"
1lvI_kYXgxuLR2z_MhFwmf8urbA-4BmRO,2026-10-06,clean,"document archive-districts-d7-d7minjuly3-en · pre-launch scan 2026-10-06: every page (pdftotext, PyMuPDF, pypdf) + Windows OCR of picture pages; both rule sets (check-media.mjs, scan-documents.py)"
1MD4PRj4AKceMzRFBZ8jpc44Mu2zRFlEN,2026-10-06,clean,"document archive-districts-d7-d7minjun5-en · pre-launch scan 2026-10-06: every page (pdftotext, PyMuPDF, pypdf) + Windows OCR of picture pages; both rule sets (check-media.mjs, scan-documents.py)"
1m4ieymqOP0EYhaWrQbTxL6HWP78ktFfB,2026-10-06,clean,"document archive-districts-d7-d7minmay06-en · pre-launch scan 2026-10-06: every page (pdftotext, PyMuPDF, pypdf) + Windows OCR of picture pages; both rule sets (check-media.mjs, scan-documents.py)"
14wIMz47AKZfmvAOJtUKp14aEJ3Ld2WGT,2026-10-06,clean,"document archive-districts-d7-d7minnov7-en · pre-launch scan 2026-10-06: every page (pdftotext, PyMuPDF, pypdf) + Windows OCR of picture pages; both rule sets (check-media.mjs, scan-documents.py)"
1ayZPS_umwsrW8CG_ye4uMiuIKEf9f2GW,2026-10-06,clean,"document archive-districts-d7-d7minoct05-en · pre-launch scan 2026-10-06: every page (pdftotext, PyMuPDF, pypdf) + Windows OCR of picture pages; both rule sets (check-media.mjs, scan-documents.py)"
1XQ6mXeWxbcts7ulxttFvgysFDSe-WHyZ,2026-10-06,clean,"document archive-districts-d7-d7minsept5-en · pre-launch scan 2026-10-06: every page (pdftotext, PyMuPDF, pypdf) + Windows OCR of picture pages; both rule sets (check-media.mjs, scan-documents.py)"
1g-aCddYtH_W9-a8HZpgMMom_vpYYod3v,2026-10-06,clean,"document archive-districts-d7-d7minutes8-1-05-en · pre-launch scan 2026-10-06: every page (pdftotext, PyMuPDF, pypdf) + Windows OCR of picture pages; both rule sets (check-media.mjs, scan-documents.py)"
1EjVup4cSCDZfdtmFkPpCnCg1q8Vplckg,2026-10-06,cleared: role mailbox,"document archive-districts-d7-d7w-en · pre-launch scan 2026-10-06: every page (pdftotext, PyMuPDF, pypdf) + Windows OCR of picture pages; both rule sets (check-media.mjs, scan-documents.py)"
1PvSMMPILshMPuIbDlOxYOtH94wNt1E53,2026-10-06,"cleared: sobriety phrase without a member's date (requirement, heading, total, anonymous sharing or length only)","document archive-districts-d7-jan3min05-en · pre-launch scan 2026-10-06: every page (pdftotext, PyMuPDF, pypdf) + Windows OCR of picture pages; both rule sets (check-media.mjs, scan-documents.py)"
1E19-icVKOnUzBsFCm68lgdgInUC0VXpy,2026-10-06,clean,"document archive-districts-d7-july4min05-en · pre-launch scan 2026-10-06: every page (pdftotext, PyMuPDF, pypdf) + Windows OCR of picture pages; both rule sets (check-media.mjs, scan-documents.py)"
1lEb2fwHGI2XxNcDuu_YeD2qDE0ge5HEl,2026-10-06,clean,"document archive-districts-d7-july9min07-en · pre-launch scan 2026-10-06: every page (pdftotext, PyMuPDF, pypdf) + Windows OCR of picture pages; both rule sets (check-media.mjs, scan-documents.py)"
1ASBi3f6xbWOY3FbZwMATheYzC-6Oommw,2026-10-06,clean,"document archive-districts-d7-june6min05-en · pre-launch scan 2026-10-06: every page (pdftotext, PyMuPDF, pypdf) + Windows OCR of picture pages; both rule sets (check-media.mjs, scan-documents.py)"
1SIEWiBa6WD7IS9Pl6BQq6ggn9d-iWLX7,2026-10-06,clean,"document archive-districts-d7-mar7min05-en · pre-launch scan 2026-10-06: every page (pdftotext, PyMuPDF, pypdf) + Windows OCR of picture pages; both rule sets (check-media.mjs, scan-documents.py)"
15lqD2yGX-v_4gokUS6tsiRQ9WiHWV0RD,2026-10-06,clean,"document archive-districts-d7-may2min05-en · pre-launch scan 2026-10-06: every page (pdftotext, PyMuPDF, pypdf) + Windows OCR of picture pages; both rule sets (check-media.mjs, scan-documents.py)"
1OPou6vkzdnh7gZx8q_8x413XoiQ2wC6h,2026-10-06,clean,"document archive-districts-d7-minutes-dec-08-08-en · pre-launch scan 2026-10-06: every page (pdftotext, PyMuPDF, pypdf) + Windows OCR of picture pages; both rule sets (check-media.mjs, scan-documents.py)"
1JoHwc5Q6oFY5kQrzKLYP5kqraAJBI0XB,2026-10-06,clean,"document archive-districts-d7-minutes-dec-10-07-en · pre-launch scan 2026-10-06: every page (pdftotext, PyMuPDF, pypdf) + Windows OCR of picture pages; both rule sets (check-media.mjs, scan-documents.py)"
15y8PeE5pHgSe_1KheIAt2agRasA32I1U,2026-10-06,clean,"document archive-districts-d8-2019-april-2019-of-district-8-msca-09-en-redacted · pre-launch scan 2026-10-06: every page (pdftotext, PyMuPDF, pypdf) + Windows OCR of picture pages; both rule sets (check-media.mjs, scan-documents.py)"
1Vr3c7zIaVRtABy475ZqwAp5jvdHHGM8w,2026-10-06,clean,"document archive-districts-d8-2019-august-2019-district-8-en · pre-launch scan 2026-10-06: every page (pdftotext, PyMuPDF, pypdf) + Windows OCR of picture pages; both rule sets (check-media.mjs, scan-documents.py)"
15sZY-iIIkE7dJ8bmb3jUuJifrTDq_vhb,2026-10-06,clean,"document archive-districts-d8-2019-dec-2019-minutes-en-redacted · pre-launch scan 2026-10-06: every page (pdftotext, PyMuPDF, pypdf) + Windows OCR of picture pages; both rule sets (check-media.mjs, scan-documents.py)"
1aXdeMm6bVkl8BQuJaRVeIj6K7u6aQclX,2026-10-06,clean,"document archive-districts-d8-2019-june-2019-minutes-en · pre-launch scan 2026-10-06: every page (pdftotext, PyMuPDF, pypdf) + Windows OCR of picture pages; both rule sets (check-media.mjs, scan-documents.py)"
1Oh62RtSkoIa-YSmEdq-aPXQb3BVaGQVa,2026-10-06,clean,"document archive-districts-d8-2019-mar-2019-minutes-en · pre-launch scan 2026-10-06: every page (pdftotext, PyMuPDF, pypdf) + Windows OCR of picture pages; both rule sets (check-media.mjs, scan-documents.py)"
1AGUKKKkUUaLtum44P4OKWk_E_c4aTfyI,2026-10-06,"cleared: not a member's full name (place, group, heading, staff or historic name)","document archive-districts-d8-2019-may-2019-minutes-en · pre-launch scan 2026-10-06: every page (pdftotext, PyMuPDF, pypdf) + Windows OCR of picture pages; both rule sets (check-media.mjs, scan-documents.py)"
1UWZxcJSG0D2ax8vxmQto40S0rembr4FS,2026-10-06,clean,"document archive-districts-d8-2019-nov-2019-district-8-msca-09-en · pre-launch scan 2026-10-06: every page (pdftotext, PyMuPDF, pypdf) + Windows OCR of picture pages; both rule sets (check-media.mjs, scan-documents.py)"
1Ct30C8Ni-UTk6_4qZQl5EtEKaMVON3D9,2026-10-06,clean,"document archive-districts-d8-2019-sept-2019-minutes-of-district-8-en · pre-launch scan 2026-10-06: every page (pdftotext, PyMuPDF, pypdf) + Windows OCR of picture pages; both rule sets (check-media.mjs, scan-documents.py)"
1ba27BiANmJy84CuSm7Ip1DskXzri5hxW,2026-10-06,clean,"document archive-districts-d8-2020-april-2020-minutes-en · pre-launch scan 2026-10-06: every page (pdftotext, PyMuPDF, pypdf) + Windows OCR of picture pages; both rule sets (check-media.mjs, scan-documents.py)"
1VbOjDIYMX2V_dFTub_K6INMklErOMBWc,2026-10-06,clean,"document archive-districts-d8-2020-august-2020-minutes-en · pre-launch scan 2026-10-06: every page (pdftotext, PyMuPDF, pypdf) + Windows OCR of picture pages; both rule sets (check-media.mjs, scan-documents.py)"
18HV3oopoewLdiWTM0-fbqkf_-G91ltQY,2026-10-06,clean,"document archive-districts-d8-2020-dist-8-minutes-december2020-en-redacted · pre-launch scan 2026-10-06: every page (pdftotext, PyMuPDF, pypdf) + Windows OCR of picture pages; both rule sets (check-media.mjs, scan-documents.py)"
15Q3hGxQNDe953zfK9sN8gi2eyV9W638N,2026-10-06,clean,"document archive-districts-d8-2020-dist-8-minutes-november2020-en · pre-launch scan 2026-10-06: every page (pdftotext, PyMuPDF, pypdf) + Windows OCR of picture pages; both rule sets (check-media.mjs, scan-documents.py)"
1ZmXFOpCENw99tYL6v8n7xeS3wfEfrcW3,2026-10-06,clean,"document archive-districts-d8-2020-july-2020-minutes-en · pre-launch scan 2026-10-06: every page (pdftotext, PyMuPDF, pypdf) + Windows OCR of picture pages; both rule sets (check-media.mjs, scan-documents.py)"
1Ojul0lKSOESUcGHx0NmFfSEht7UjO-Ui,2026-10-06,cleared: Zoom meeting ID or dial-in number,"document archive-districts-d8-2020-june-2020-minutes-en · pre-launch scan 2026-10-06: every page (pdftotext, PyMuPDF, pypdf) + Windows OCR of picture pages; both rule sets (check-media.mjs, scan-documents.py)"
1ARWAWk3d0Zf4MEvwHKxIvLH1O8sV5Ua3,2026-10-06,clean,"document archive-districts-d8-2020-may-2020-minutes-en · pre-launch scan 2026-10-06: every page (pdftotext, PyMuPDF, pypdf) + Windows OCR of picture pages; both rule sets (check-media.mjs, scan-documents.py)"
1za4bX76J4eLk77u_vZc5zOlbzLq3UPNm,2026-10-06,clean,"document archive-districts-d8-2020-oct-2020-minutes-en · pre-launch scan 2026-10-06: every page (pdftotext, PyMuPDF, pypdf) + Windows OCR of picture pages; both rule sets (check-media.mjs, scan-documents.py)"
14mnJ3NtWCfnyAmQXFmDg6I1yzPrhLBNx,2026-10-06,clean,"document archive-districts-d8-2020-september-2020-minutes-en · pre-launch scan 2026-10-06: every page (pdftotext, PyMuPDF, pypdf) + Windows OCR of picture pages; both rule sets (check-media.mjs, scan-documents.py)"
1fqIkhvVrnvCs3k01N1DbxyYJiLWHW1D9,2026-10-06,"cleared: role or event mailbox, or a text-extraction fragment","document archive-districts-d8-2022-agenda-for-september-21-2022-en-redacted · pre-launch scan 2026-10-06: every page (pdftotext, PyMuPDF, pypdf) + Windows OCR of picture pages; both rule sets (check-media.mjs, scan-documents.py)"
1AjU3e60zEq3VpkhVW1QSr18Mbo3eWA1r,2026-10-06,clean,"document archive-districts-d8-2022-district-8-minutes-april-20-2022-en-redacted · pre-launch scan 2026-10-06: every page (pdftotext, PyMuPDF, pypdf) + Windows OCR of picture pages; both rule sets (check-media.mjs, scan-documents.py)"
1Xp6u2TEh-BvUUONp_E5SQKN3UQxucasa,2026-10-06,clean,"document archive-districts-d8-2022-district-8-minutes-february-16-2022-en-redacted · pre-launch scan 2026-10-06: every page (pdftotext, PyMuPDF, pypdf) + Windows OCR of picture pages; both rule sets (check-media.mjs, scan-documents.py)"
15riiu7nzvaWe6af8hDuxBzJSAYcSw_z0,2026-10-06,clean,"document archive-districts-d8-2022-district-8-minutes-march-16-2022-en-redacted · pre-launch scan 2026-10-06: every page (pdftotext, PyMuPDF, pypdf) + Windows OCR of picture pages; both rule sets (check-media.mjs, scan-documents.py)"
13WJjswjKebaJd6qxZzrvctYGtvMUzh_J,2026-10-06,clean,"document archive-districts-d8-2022-district-8-minutes-may-18-2022-en-redacted · pre-launch scan 2026-10-06: every page (pdftotext, PyMuPDF, pypdf) + Windows OCR of picture pages; both rule sets (check-media.mjs, scan-documents.py)"
1_5YexPPCC4rfjhqakP60VzBl5TpgV6fu,2026-10-06,clean,"document archive-districts-d8-2023-district-8-guidelines-march-2023-en · pre-launch scan 2026-10-06: every page (pdftotext, PyMuPDF, pypdf) + Windows OCR of picture pages; both rule sets (check-media.mjs, scan-documents.py)"
1yevW58i-QIP6pCz2NKxJu1MZX0BWDyfK,2026-10-06,clean,"document archive-districts-d8-2023-district-8-guidelines-march-2023-es · pre-launch scan 2026-10-06: every page (pdftotext, PyMuPDF, pypdf) + Windows OCR of picture pages; both rule sets (check-media.mjs, scan-documents.py)"
1b0Lq7VfvytQUxC2bZErorHbZnLjiWU7f,2026-10-06,clean,"document archive-districts-d8-2023-district-8-guidelines-revised-october-2023-en · pre-launch scan 2026-10-06: every page (pdftotext, PyMuPDF, pypdf) + Windows OCR of picture pages; both rule sets (check-media.mjs, scan-documents.py)"
1gNVUWAdjEJQ5vzjhB0gtR2_ZSqLcp4nR,2026-10-06,"cleared: not a phone number (figures in a table, receipt or ID number)","document archive-districts-d8-2023-district-8-minutes-june-21-2023-en-redacted · pre-launch scan 2026-10-06: every page (pdftotext, PyMuPDF, pypdf) + Windows OCR of picture pages; both rule sets (check-media.mjs, scan-documents.py)"
1eXHRXC5nBvP2sZBZydYXnarIyB7lFe0X,2026-10-06,"cleared: not a phone number (figures in a table, receipt or ID number)","document archive-districts-d8-2023-district-8-minutes-november-15-2023-en · pre-launch scan 2026-10-06: every page (pdftotext, PyMuPDF, pypdf) + Windows OCR of picture pages; both rule sets (check-media.mjs, scan-documents.py)"
1jgjR-OkMNMe0fbPCWjQ4zxWCbOPvEhy1,2026-10-06,clean,"document archive-districts-d8-2023-district-8-minutes-september-20-2023-en-redacted · pre-launch scan 2026-10-06: every page (pdftotext, PyMuPDF, pypdf) + Windows OCR of picture pages; both rule sets (check-media.mjs, scan-documents.py)"
14oN9-67QKEaAA5KjgpJ0kUz5Bi6sS9hS,2026-10-06,clean,"document archive-districts-d8-2024-dist-8-final-min-aug-2024-08-en-redacted · pre-launch scan 2026-10-06: every page (pdftotext, PyMuPDF, pypdf) + Windows OCR of picture pages; both rule sets (check-media.mjs, scan-documents.py)"
1kLkU7Oqv_l7OfgezVMcZpnnEakjqCztn,2026-10-06,"cleared: meeting place, venue, business or map","document archive-districts-d8-2024-dist-8-finalmarch2024pdf-pd-en-redacted · pre-launch scan 2026-10-06: every page (pdftotext, PyMuPDF, pypdf) + Windows OCR of picture pages; both rule sets (check-media.mjs, scan-documents.py) · re-redacted 2026-10-06 (personal phone numbers, full names removed), then read again"
108z_JDN7lLxVR8ZULn4RBMzvdHtFk_sx,2026-10-06,clean,"document archive-districts-d8-2024-district-8-financial-report-june-2024-en · pre-launch scan 2026-10-06: every page (pdftotext, PyMuPDF, pypdf) + Windows OCR of picture pages; both rule sets (check-media.mjs, scan-documents.py)"
1v6RDW1B7qvt6buTYsAF7M-DIl1Zq3mIE,2026-10-06,"cleared: sobriety phrase without a member's date (requirement, heading, total, anonymous sharing or length only)","document archive-districts-d8-2024-district-8-guidelines-revised-february-2024-en · pre-launch scan 2026-10-06: every page (pdftotext, PyMuPDF, pypdf) + Windows OCR of picture pages; both rule sets (check-media.mjs, scan-documents.py)"
1imPtPM0GoTQ7kc7vc7oq64NLVbWYWOWI,2026-10-06,clean,"document archive-districts-d8-2024-district-8-minutes-april-2024-en-redacted · pre-launch scan 2026-10-06: every page (pdftotext, PyMuPDF, pypdf) + Windows OCR of picture pages; both rule sets (check-media.mjs, scan-documents.py) · re-redacted 2026-10-06 (personal phone numbers removed), then read again"
1E39GDyNPQrYsnSZIY_zA0k11oPJCXg4o,2026-10-06,clean,"document archive-districts-d8-2024-district-8-minutes-february-2024-en-redacted · pre-launch scan 2026-10-06: every page (pdftotext, PyMuPDF, pypdf) + Windows OCR of picture pages; both rule sets (check-media.mjs, scan-documents.py) · re-redacted 2026-10-06 (personal phone numbers removed), then read again"
1zyHl3apXGDo1p7_ntXSpcf2o9_jiI2Gd,2026-10-06,"cleared: not a phone number (figures in a table, receipt or ID number)","document archive-districts-d8-2024-district-8-minutes-january-8-2024-en-redacted · pre-launch scan 2026-10-06: every page (pdftotext, PyMuPDF, pypdf) + Windows OCR of picture pages; both rule sets (check-media.mjs, scan-documents.py)"
1KzzGyxYCraXD7K2tI5VPdqJ2CHF5nQkW,2026-10-06,clean,"document archive-districts-d8-2024-district-8-minutes-july-2024-en-redacted · pre-launch scan 2026-10-06: every page (pdftotext, PyMuPDF, pypdf) + Windows OCR of picture pages; both rule sets (check-media.mjs, scan-documents.py)"
1mT4JYjdd8HP0Bx4E7StGtGdLXEDCBUz6,2026-10-06,"cleared: role or event mailbox, or a text-extraction fragment","document archive-districts-d8-2024-district-8-minutes-june-2024-en-redacted · pre-launch scan 2026-10-06: every page (pdftotext, PyMuPDF, pypdf) + Windows OCR of picture pages; both rule sets (check-media.mjs, scan-documents.py)"
19XdlwlI37BI9CUO94Q7TMyrU5aQ-cuJh,2026-10-06,"cleared: role or event mailbox, or a text-extraction fragment","document archive-districts-d8-2024-district-8-minutes-may-2024-en-redacted · pre-launch scan 2026-10-06: every page (pdftotext, PyMuPDF, pypdf) + Windows OCR of picture pages; both rule sets (check-media.mjs, scan-documents.py)"
1DeTc6hRxlaINISvEs6RvMgHLMAj90xtU,2026-10-06,clean,"document archive-districts-d8-2024-district-8-minutes-november-2024-en-redacted · pre-launch scan 2026-10-06: every page (pdftotext, PyMuPDF, pypdf) + Windows OCR of picture pages; both rule sets (check-media.mjs, scan-documents.py) · re-redacted 2026-10-06 (personal phone numbers removed), then read again"
12BM0qcq_-In5CT9csVTpqhmyX4ggf5sg,2026-10-06,"cleared: not a phone number (figures in a table, receipt or ID number)","document archive-districts-d8-2024-district-8-minutes-october-2024-en-redacted · pre-launch scan 2026-10-06: every page (pdftotext, PyMuPDF, pypdf) + Windows OCR of picture pages; both rule sets (check-media.mjs, scan-documents.py) · re-redacted 2026-10-06 (personal phone numbers removed), then read again"
1vPdTIwwXeu788J0oIOyoKaaaTLTzsfPT,2026-10-06,clean,"document archive-districts-d8-2024-district-8-minutes-september-2024-en-redacted · pre-launch scan 2026-10-06: every page (pdftotext, PyMuPDF, pypdf) + Windows OCR of picture pages; both rule sets (check-media.mjs, scan-documents.py) · re-redacted 2026-10-06 (personal phone numbers removed), then read again"
1yziBlCAvjGeIwZSMXONe4yqSgbhMjk7p,2026-10-06,clean,"document archive-districts-d8-2024-gsr-school-d8-2-24-2024-08-en-redacted · pre-launch scan 2026-10-06: every page (pdftotext, PyMuPDF, pypdf) + Windows OCR of picture pages; both rule sets (check-media.mjs, scan-documents.py)"
1bnh5CxP1Op7ZUhbu-KdONpLVwRgUUODj,2026-10-06,"cleared: not a phone number (figures in a table, receipt or ID number)","document archive-districts-d8-2025-complete-with-docusign-district-8-final-june-2025-06-en-redacted · pre-launch scan 2026-10-06: every page (pdftotext, PyMuPDF, pypdf) + Windows OCR of picture pages; both rule sets (check-media.mjs, scan-documents.py) · re-redacted 2026-10-06 (personal phone numbers removed), then read again"
1mW54H6cqR8s6FHEX7CVAy7hybFWYZdCp,2026-10-06,"cleared: sobriety phrase without a member's date (requirement, heading, total, anonymous sharing or length only)","document archive-districts-d8-2025-complete-with-docusign-district-8-final-minu-2025-01-en-redacted · pre-launch scan 2026-10-06: every page (pdftotext, PyMuPDF, pypdf) + Windows OCR of picture pages; both rule sets (check-media.mjs, scan-documents.py) · re-redacted 2026-10-06 (personal phone numbers removed), then read again"
1-v3etPtl1NMty-xn1AO9gq0dDEHAKrrU,2026-10-06,"cleared: sobriety phrase without a member's date (requirement, heading, total, anonymous sharing or length only)","document archive-districts-d8-2025-district-8-final-october-2025-en-redacted · pre-launch scan 2026-10-06: every page (pdftotext, PyMuPDF, pypdf) + Windows OCR of picture pages; both rule sets (check-media.mjs, scan-documents.py) · re-redacted 2026-10-06 (personal phone numbers, personal e-mail addresses, full names removed), then read again"
1i-qq2fLjclJOOQZo5D1v4x_ION16xcRw,2026-10-06,clean,"document archive-districts-d8-2025-district-8-minutes-april-2025-en-redacted · pre-launch scan 2026-10-06: every page (pdftotext, PyMuPDF, pypdf) + Windows OCR of picture pages; both rule sets (check-media.mjs, scan-documents.py)"
1_wZfabtNofXh-xa8KBuprLy1-eMbWyNt,2026-10-06,clean,"document archive-districts-d8-2025-district-8-minutes-august-2025-en-redacted · pre-launch scan 2026-10-06: every page (pdftotext, PyMuPDF, pypdf) + Windows OCR of picture pages; both rule sets (check-media.mjs, scan-documents.py)"
1W0Dq3YNt9QCVfae7lFKudc8GY5vB_iu4,2026-10-06,clean,"document archive-districts-d8-2025-district-8-minutes-february-2025-en-redacted · pre-launch scan 2026-10-06: every page (pdftotext, PyMuPDF, pypdf) + Windows OCR of picture pages; both rule sets (check-media.mjs, scan-documents.py) · re-redacted 2026-10-06 (personal phone numbers removed), then read again"
1Wzhqclhwtc-Tff6yiK-KfkoFTSGCFLQg,2026-10-06,clean,"document archive-districts-d8-2025-district-8-minutes-july-2025-en-redacted · pre-launch scan 2026-10-06: every page (pdftotext, PyMuPDF, pypdf) + Windows OCR of picture pages; both rule sets (check-media.mjs, scan-documents.py) · re-redacted 2026-10-06 (personal phone numbers removed), then read again"
1ClR45Y4I6do9nsuxCawaZdasVvoZPmiA,2026-10-06,"cleared: not a phone number (figures in a table, receipt or ID number)","document archive-districts-d8-2025-district-8-minutes-may-2025-en-redacted · pre-launch scan 2026-10-06: every page (pdftotext, PyMuPDF, pypdf) + Windows OCR of picture pages; both rule sets (check-media.mjs, scan-documents.py) · re-redacted 2026-10-06 (personal phone numbers removed), then read again"
12u3GmzypMJl1_NargFasQcJKYzPvKnIH,2026-10-06,clean,"document archive-districts-d8-2025-district-8-minutes-september-2025-en-redacted · pre-launch scan 2026-10-06: every page (pdftotext, PyMuPDF, pypdf) + Windows OCR of picture pages; both rule sets (check-media.mjs, scan-documents.py)"
1e95HeiTcVrBUipG-PbdBLWrlLs9smfxm,2026-10-06,clean,"document archive-districts-d8-district-8-guidelines-en · pre-launch scan 2026-10-06: every page (pdftotext, PyMuPDF, pypdf) + Windows OCR of picture pages; both rule sets (check-media.mjs, scan-documents.py)"
1dNb1ttfrQbxIhjazRAlTE9mnr7qcv1ps,2026-10-06,clean,"document archive-districts-d9-2022-district-9-minutes-july-17-2022-en · pre-launch scan 2026-10-06: every page (pdftotext, PyMuPDF, pypdf) + Windows OCR of picture pages; both rule sets (check-media.mjs, scan-documents.py)"
17DErdLabGOy6dp-8dgpAbbjtqfHY_Sti,2026-10-06,clean,"document archive-districts-d9-2022-district-9-minutes-march-20-2022-en · pre-launch scan 2026-10-06: every page (pdftotext, PyMuPDF, pypdf) + Windows OCR of picture pages; both rule sets (check-media.mjs, scan-documents.py)"
1vX88Ul9iJktHHDcarBChvElfeV79TzC_,2026-10-06,"cleared: sobriety phrase without a member's date (requirement, heading, total, anonymous sharing or length only)","document archive-districts-d9-dist09guidelines-en · pre-launch scan 2026-10-06: every page (pdftotext, PyMuPDF, pypdf) + Windows OCR of picture pages; both rule sets (check-media.mjs, scan-documents.py)"
191bHgEKcItbczo_72Ra2LIq41MmNnHxA,2026-10-06,clean,"document archive-districts-d9-districtboundries-en · pre-launch scan 2026-10-06: every page (pdftotext, PyMuPDF, pypdf) + Windows OCR of picture pages; both rule sets (check-media.mjs, scan-documents.py)"
1WPwMZf5U3mbZ6_4mrp2PsmyOysT3v5e-,2026-10-06,clean,"document archive-finances-1st08quarter-en · pre-launch scan 2026-10-06: every page (pdftotext, PyMuPDF, pypdf) + Windows OCR of picture pages; both rule sets (check-media.mjs, scan-documents.py)"
1nob1z8o03-RrlnWJZSO3BmreqSkHnsJP,2026-10-06,clean,"document archive-finances-1stqtcontributions03-en · pre-launch scan 2026-10-06: every page (pdftotext, PyMuPDF, pypdf) + Windows OCR of picture pages; both rule sets (check-media.mjs, scan-documents.py)"
1sucQXSz7sd8z-IXKuvPNeUQBHq_YKE67,2026-10-06,clean,"document archive-finances-1stqtr04groupcontributions-en · pre-launch scan 2026-10-06: every page (pdftotext, PyMuPDF, pypdf) + Windows OCR of picture pages; both rule sets (check-media.mjs, scan-documents.py)"
19-8cLlj6oiEHOK52p0VVDnFF77nzT-iS,2026-10-06,clean,"document archive-finances-2003-2ndqt2003-en · pre-launch scan 2026-10-06: every page (pdftotext, PyMuPDF, pypdf) + Windows OCR of picture pages; both rule sets (check-media.mjs, scan-documents.py)"
1xV5hIOvl8bYzjwn24Y9ay6XyePXahd65,2026-10-06,clean,"document archive-finances-2003-3rdqtr2003-en · pre-launch scan 2026-10-06: every page (pdftotext, PyMuPDF, pypdf) + Windows OCR of picture pages; both rule sets (check-media.mjs, scan-documents.py)"
1scKU5Q9iXiaVXr691t4Y6kpqsGIGnzyv,2026-10-06,clean,"document archive-finances-2005-contrib2005-en · pre-launch scan 2026-10-06: every page (pdftotext, PyMuPDF, pypdf) + Windows OCR of picture pages; both rule sets (check-media.mjs, scan-documents.py)"
1hcAOvn4nQwF_NcY2LSKVVUOho71OPMZA,2026-10-06,clean,"document archive-finances-2008-3rd08quarter2008-en · pre-launch scan 2026-10-06: every page (pdftotext, PyMuPDF, pypdf) + Windows OCR of picture pages; both rule sets (check-media.mjs, scan-documents.py)"
1XLrjvRhPGJUIKivuZG7L6w-HoOgg4F8o,2026-10-06,clean,"document archive-finances-2008-4th-qtr-2008-en · pre-launch scan 2026-10-06: every page (pdftotext, PyMuPDF, pypdf) + Windows OCR of picture pages; both rule sets (check-media.mjs, scan-documents.py)"
11xbMGhBEpgIVjEVbPuqgiW8aRCcqzAEI,2026-10-06,clean,"document archive-finances-2008-58thgscfinance2008-en · pre-launch scan 2026-10-06: every page (pdftotext, PyMuPDF, pypdf) + Windows OCR of picture pages; both rule sets (check-media.mjs, scan-documents.py)"
1vqdipt4SE8TgLyR2d0Oi1V92BV9IkFkd,2026-10-06,clean,"document archive-finances-2008-f-96-theaagrouptreasurer012008-en · pre-launch scan 2026-10-06: every page (pdftotext, PyMuPDF, pypdf) + Windows OCR of picture pages; both rule sets (check-media.mjs, scan-documents.py)"
1IBehh22Xh4p_b6WscXmJ0W6yE57jH80a,2026-10-06,clean,"document archive-finances-2009-1st-quarter-group-contributions-2009-en · pre-launch scan 2026-10-06: every page (pdftotext, PyMuPDF, pypdf) + Windows OCR of picture pages; both rule sets (check-media.mjs, scan-documents.py)"
1_z6z_bb3JD7oFj3rj_I1dkKNgPRIqFuC,2026-10-06,clean,"document archive-finances-2009-2nd-quarter09-en · pre-launch scan 2026-10-06: every page (pdftotext, PyMuPDF, pypdf) + Windows OCR of picture pages; both rule sets (check-media.mjs, scan-documents.py)"
1Eeq0QudHnJIfZTG_s-YxlIUuuSZHUWbJ,2026-10-06,clean,"document archive-finances-2009-3rd-qtr-contributions-2009-en · pre-launch scan 2026-10-06: every page (pdftotext, PyMuPDF, pypdf) + Windows OCR of picture pages; both rule sets (check-media.mjs, scan-documents.py)"
1zUARn_pJx9rwDIv96RJb4xU-1sQSyD_N,2026-10-06,clean,"document archive-finances-2009-4th-qtr-09-group-contributions-en · pre-launch scan 2026-10-06: every page (pdftotext, PyMuPDF, pypdf) + Windows OCR of picture pages; both rule sets (check-media.mjs, scan-documents.py)"
1CaLHYn45qfmktDel-CFWDNCKXKrvJ8rN,2026-10-06,"cleared: not a phone number (figures in a table, receipt or ID number)","document archive-finances-2010-063010-2nd-qtr-grp-cont-en · pre-launch scan 2026-10-06: every page (pdftotext, PyMuPDF, pypdf) + Windows OCR of picture pages; both rule sets (check-media.mjs, scan-documents.py)"
1FhGO3ddMmQcTO1w6p1s1zCpO5ghSa2Zi,2026-10-06,clean,"document archive-finances-2010-1st-q-2010-gp-cont-f-en · pre-launch scan 2026-10-06: every page (pdftotext, PyMuPDF, pypdf) + Windows OCR of picture pages; both rule sets (check-media.mjs, scan-documents.py)"
1iMmPpT4xgnRCiqU4P3SyU_k9nX3pZQhj,2026-10-06,clean,"document archive-finances-2010-3rd-q-2010-msca-contrib-en · pre-launch scan 2026-10-06: every page (pdftotext, PyMuPDF, pypdf) + Windows OCR of picture pages; both rule sets (check-media.mjs, scan-documents.py)"
12I9hrhIJbCtsmvFSe7lXVJ3tSAgcI-NI,2026-10-06,clean,"document archive-finances-2011-2q2011-en · pre-launch scan 2026-10-06: every page (pdftotext, PyMuPDF, pypdf) + Windows OCR of picture pages; both rule sets (check-media.mjs, scan-documents.py)"
1PUApvPBHagYEZKZ5H41mEXehpycmLu8m,2026-10-06,clean,"document archive-finances-2011-3q2011-en · pre-launch scan 2026-10-06: every page (pdftotext, PyMuPDF, pypdf) + Windows OCR of picture pages; both rule sets (check-media.mjs, scan-documents.py)"
11q0D_Ssrm6l8xsymnoI-uZhbIh7H3QYc,2026-10-06,clean,"document archive-finances-2011-4q2011-en · pre-launch scan 2026-10-06: every page (pdftotext, PyMuPDF, pypdf) + Windows OCR of picture pages; both rule sets (check-media.mjs, scan-documents.py)"
1kuMGSxmP-AQZuIXqx9_Oh4034zKj4yt1,2026-10-06,clean,"document archive-finances-2012-1stqtrgpcont2012-en · pre-launch scan 2026-10-06: every page (pdftotext, PyMuPDF, pypdf) + Windows OCR of picture pages; both rule sets (check-media.mjs, scan-documents.py)"
1N83ih6sFcSKrxELkgZYxfm5jRd_wRHdD,2026-10-06,clean,"document archive-finances-2012-grp-cont-3rd-qtr-2012-en · pre-launch scan 2026-10-06: every page (pdftotext, PyMuPDF, pypdf) + Windows OCR of picture pages; both rule sets (check-media.mjs, scan-documents.py)"
1QSpDR9OPqV43UEgIuWbb2tXeEIOopA2Z,2026-10-06,clean,"document archive-finances-2012-grp-cont-4th-qtr-2012-en · pre-launch scan 2026-10-06: every page (pdftotext, PyMuPDF, pypdf) + Windows OCR of picture pages; both rule sets (check-media.mjs, scan-documents.py)"
14Dlre8anRGBaK7hoPm5rw6p_KY9SfBkY,2026-10-06,clean,"document archive-finances-2013-1st-qtr-contributions-2013-en · pre-launch scan 2026-10-06: every page (pdftotext, PyMuPDF, pypdf) + Windows OCR of picture pages; both rule sets (check-media.mjs, scan-documents.py)"
1WSjWYEelHeIi8dDuP0P3E6mPhVMRefrS,2026-10-06,clean,"document archive-finances-2013-2nd-qtr-contributions-2013-en · pre-launch scan 2026-10-06: every page (pdftotext, PyMuPDF, pypdf) + Windows OCR of picture pages; both rule sets (check-media.mjs, scan-documents.py)"
1C3ZjtQtyFIHDPF6y8XkvgePAJEmzyb5l,2026-10-06,clean,"document archive-finances-2013-msca-inc-exp-to-budget-6-30-13-en · pre-launch scan 2026-10-06: every page (pdftotext, PyMuPDF, pypdf) + Windows OCR of picture pages; both rule sets (check-media.mjs, scan-documents.py)"
1MSniMiPi4AYaS5p5GKf90wWIRJ_Jg87g,2026-10-06,clean,"document archive-finances-2014-preliminary-2014-budget-en · pre-launch scan 2026-10-06: every page (pdftotext, PyMuPDF, pypdf) + Windows OCR of picture pages; both rule sets (check-media.mjs, scan-documents.py)"
1l6CY9TIF_QT7DgU2qJT20h2U4bfRRKbb,2026-10-06,clean,"document archive-finances-2018-2018-3rd-qtr-budget-revised-en · pre-launch scan 2026-10-06: every page (pdftotext, PyMuPDF, pypdf) + Windows OCR of picture pages; both rule sets (check-media.mjs, scan-documents.py)"
1rgodiq0r-epk1BsrGFcq1LWZhil1oORX,2026-10-06,clean,"document archive-finances-2018-2018-final-actual-budget-en · pre-launch scan 2026-10-06: every page (pdftotext, PyMuPDF, pypdf) + Windows OCR of picture pages; both rule sets (check-media.mjs, scan-documents.py)"
1EwhuP6SaeAygWbc7Yb9FTVZ6IjqsdbFl,2026-10-06,clean,"document archive-finances-2019-2019-first-quarter-group-contributions-en-redacted · pre-launch scan 2026-10-06: every page (pdftotext, PyMuPDF, pypdf) + Windows OCR of picture pages; both rule sets (check-media.mjs, scan-documents.py)"
15AXTzRMaR2VZNlsWCdMpwLdeTsnfQHQn,2026-10-06,clean,"document archive-finances-2019-final-2019-msca09-budget-en · pre-launch scan 2026-10-06: every page (pdftotext, PyMuPDF, pypdf) + Windows OCR of picture pages; both rule sets (check-media.mjs, scan-documents.py)"
16jE64UgWvFn9FbObrVu7LcE0IxSPZiwn,2026-10-06,clean,"document archive-finances-2019-quarterly-contribution-report-q1-2019-en · pre-launch scan 2026-10-06: every page (pdftotext, PyMuPDF, pypdf) + Windows OCR of picture pages; both rule sets (check-media.mjs, scan-documents.py)"
1QfxYdvLuUQzjYtEPsa-2rzvs5YHyYk6p,2026-10-06,clean,"document archive-finances-2021-2021-msca09-budget-final-en · pre-launch scan 2026-10-06: every page (pdftotext, PyMuPDF, pypdf) + Windows OCR of picture pages; both rule sets (check-media.mjs, scan-documents.py)"
1eMOhlTpceaL7EwuwRPTU4_VzYPbSnU_B,2026-10-06,clean,"document archive-finances-2021-finance-com-notesfeb21-en · pre-launch scan 2026-10-06: every page (pdftotext, PyMuPDF, pypdf) + Windows OCR of picture pages; both rule sets (check-media.mjs, scan-documents.py)"
1Kymfft5nOK7tXN5fQfvr8553GIZ3XVHa,2026-10-06,clean,"document archive-finances-2021-msca-budget-final-2020-en · pre-launch scan 2026-10-06: every page (pdftotext, PyMuPDF, pypdf) + Windows OCR of picture pages; both rule sets (check-media.mjs, scan-documents.py)"
1sQgqkNSKAVTFdyym6j-Mu4q4tql7vE3N,2026-10-06,clean,"document archive-finances-2021-msca-budget-request-english-active-en · pre-launch scan 2026-10-06: every page (pdftotext, PyMuPDF, pypdf) + Windows OCR of picture pages; both rule sets (check-media.mjs, scan-documents.py)"
1oKSu5MHqFcsxhgEEoKLNKcQhYE7bV_1l,2026-10-06,clean,"document archive-finances-2021-msca-budget-request-spanish-active-es · pre-launch scan 2026-10-06: every page (pdftotext, PyMuPDF, pypdf) + Windows OCR of picture pages; both rule sets (check-media.mjs, scan-documents.py)"
1d8mrchKsHCMGf8EMZ_WWSkqdqQZsmFdN,2026-10-06,clean,"document archive-finances-2021-msca-q1-2021-budget-2021-04-25-en · pre-launch scan 2026-10-06: every page (pdftotext, PyMuPDF, pypdf) + Windows OCR of picture pages; both rule sets (check-media.mjs, scan-documents.py)"
1kmg9fwrLZ4-eQdQg-VCiMLO-ddYymE2o,2026-10-06,clean,"document archive-finances-2021-msca-q2-2021-budget-2021-08-08-en · pre-launch scan 2026-10-06: every page (pdftotext, PyMuPDF, pypdf) + Windows OCR of picture pages; both rule sets (check-media.mjs, scan-documents.py)"
1TgmK3IeRoU6eA0miMCcP5mvZ3vxlUYpe,2026-10-06,clean,"document archive-finances-2021-msca-q3-2020-budget-2020-09-30-en · pre-launch scan 2026-10-06: every page (pdftotext, PyMuPDF, pypdf) + Windows OCR of picture pages; both rule sets (check-media.mjs, scan-documents.py)"
1BPNyK_T2hVpEjIBun5_1kbtb6QT_OR55,2026-10-06,clean,"document archive-finances-2nd08quarter-en · pre-launch scan 2026-10-06: every page (pdftotext, PyMuPDF, pypdf) + Windows OCR of picture pages; both rule sets (check-media.mjs, scan-documents.py)"
1YrPsxW9CHzkiPd3w6_MiuUbzPvRyJ0Mo,2026-10-06,clean,"document archive-finances-2ndq07-en · pre-launch scan 2026-10-06: every page (pdftotext, PyMuPDF, pypdf) + Windows OCR of picture pages; both rule sets (check-media.mjs, scan-documents.py)"
1V7vkxOhGfu4Hs_YuPt4qa0vShHgMqvsq,2026-10-06,clean,"document archive-finances-2qtr06-en · pre-launch scan 2026-10-06: every page (pdftotext, PyMuPDF, pypdf) + Windows OCR of picture pages; both rule sets (check-media.mjs, scan-documents.py)"
1DHxcsC-tY3Eluug4L7-7t59PRkZRnoIq,2026-10-06,clean,"document archive-finances-3q07r-en · pre-launch scan 2026-10-06: every page (pdftotext, PyMuPDF, pypdf) + Windows OCR of picture pages; both rule sets (check-media.mjs, scan-documents.py)"
1A8pXmycdjVb--FHez3FAE__PHosuFy50,2026-10-06,clean,"document archive-finances-4qt03-en · pre-launch scan 2026-10-06: every page (pdftotext, PyMuPDF, pypdf) + Windows OCR of picture pages; both rule sets (check-media.mjs, scan-documents.py)"
1UHBKp1R42n6P_YIDaiPq0lvGFgEhZ86C,2026-10-06,clean,"document archive-finances-4thquarter06-en · pre-launch scan 2026-10-06: every page (pdftotext, PyMuPDF, pypdf) + Windows OCR of picture pages; both rule sets (check-media.mjs, scan-documents.py)"
1cbCIrzK-NeAaRUv9qwwJedGpfJI-71IG,2026-10-06,clean,"document archive-finances-compiled-qa-from-special-virtual-finance-presentation-to-70th-g-en · pre-launch scan 2026-10-06: every page (pdftotext, PyMuPDF, pypdf) + Windows OCR of picture pages; both rule sets (check-media.mjs, scan-documents.py)"
1H4DDt84OHWHDmzqgiKtRQFOhPvlZs7PI,2026-10-06,clean,"document archive-finances-compiled-qa-from-special-virtual-finance-presentation-to-70th-g-es · pre-launch scan 2026-10-06: every page (pdftotext, PyMuPDF, pypdf) + Windows OCR of picture pages; both rule sets (check-media.mjs, scan-documents.py)"
1z3FT5QAWgaXt4Bbxm3fh9Mvst7EKQQ-f,2026-10-06,clean,"document archive-finances-expensefrm-en · pre-launch scan 2026-10-06: every page (pdftotext, PyMuPDF, pypdf) + Windows OCR of picture pages; both rule sets (check-media.mjs, scan-documents.py)"
1c8B1NEQPHMbLH-hvadcpDYQnP7Zgpj5G,2026-10-06,clean,"document archive-finances-expnbudg-en · pre-launch scan 2026-10-06: every page (pdftotext, PyMuPDF, pypdf) + Windows OCR of picture pages; both rule sets (check-media.mjs, scan-documents.py)"
1uAMlIIq50m1glAZJ1u7firLeAcfysyhH,2026-10-06,clean,"document archive-finances-gpcont3in04-en · pre-launch scan 2026-10-06: every page (pdftotext, PyMuPDF, pypdf) + Windows OCR of picture pages; both rule sets (check-media.mjs, scan-documents.py)"
1M-BP1t1_1BHwGaZRhGQlyFLlgZGIvAou,2026-10-06,clean,"document archive-finances-gpcontrib4q04-en · pre-launch scan 2026-10-06: every page (pdftotext, PyMuPDF, pypdf) + Windows OCR of picture pages; both rule sets (check-media.mjs, scan-documents.py)"
1HD-C9LjZuUsxPzQyKL2pRcw3lBV_0uXC,2026-10-06,clean,"document archive-finances-hostguide-en · pre-launch scan 2026-10-06: every page (pdftotext, PyMuPDF, pypdf) + Windows OCR of picture pages; both rule sets (check-media.mjs, scan-documents.py)"
1S5o2A9jfmE7IRBJtBAhp7gm9kmWXXDwo,2026-10-06,clean,"document archive-finances-q1cont07-en · pre-launch scan 2026-10-06: every page (pdftotext, PyMuPDF, pypdf) + Windows OCR of picture pages; both rule sets (check-media.mjs, scan-documents.py)"
1XK_pgq3FXagexs_iLgc393SdhD2aa3Jk,2026-10-06,clean,"document archive-finances-qtr3contrib06-en · pre-launch scan 2026-10-06: every page (pdftotext, PyMuPDF, pypdf) + Windows OCR of picture pages; both rule sets (check-media.mjs, scan-documents.py)"
1JJI3PiiGzS4ayr1n2yEF_VOLWpJ6XcmX,2026-10-06,clean,"document archive-finances-sexpbudpolgl-en · pre-launch scan 2026-10-06: every page (pdftotext, PyMuPDF, pypdf) + Windows OCR of picture pages; both rule sets (check-media.mjs, scan-documents.py)"
1-LvciMwVYTqx4RP4OhQzF0hvpUfa6K0L,2026-10-06,clean,"document archive-flyers-2008-04-05-08-open-house-saturday-meeting-flyer-en-redacted · pre-launch scan 2026-10-06: every page (pdftotext, PyMuPDF, pypdf) + Windows OCR of picture pages; both rule sets (check-media.mjs, scan-documents.py)"
1vDVn4dLqXZrmRd4eYlKE4ktqMIGsCMcz,2026-10-06,clean,"document archive-flyers-2008-04-06-08-sunday-open-house-flyer-en-redacted · pre-launch scan 2026-10-06: every page (pdftotext, PyMuPDF, pypdf) + Windows OCR of picture pages; both rule sets (check-media.mjs, scan-documents.py)"
1ZJPvmaAHt55_JlIXDy7n7e_iwQLayARG,2026-10-06,cleared: role mailbox,"document archive-flyers-2008-4-area-dcm-sharing-flyerfeb2008-en-redacted · pre-launch scan 2026-10-06: every page (pdftotext, PyMuPDF, pypdf) + Windows OCR of picture pages; both rule sets (check-media.mjs, scan-documents.py)"
17EtJIO-L2_oHm0k_475JpHc8tifXANCd,2026-10-06,clean,"document archive-flyers-2008-9-27-pi-cpc-final-flyer-en · pre-launch scan 2026-10-06: every page (pdftotext, PyMuPDF, pypdf) + Windows OCR of picture pages; both rule sets (check-media.mjs, scan-documents.py)"
1XX5HqeoXskLqfJRjArGY21AyjwjmJF0Z,2026-10-06,clean,"document archive-flyers-2008-asc-flyermarch2008-en · pre-launch scan 2026-10-06: every page (pdftotext, PyMuPDF, pypdf) + Windows OCR of picture pages; both rule sets (check-media.mjs, scan-documents.py)"
19jAPEw4E0yQdscbyO1vyiXbOeGJWTjoA,2026-10-06,clean,"document archive-flyers-2008-cec-cip-flyer-january-19-2008-en · pre-launch scan 2026-10-06: every page (pdftotext, PyMuPDF, pypdf) + Windows OCR of picture pages; both rule sets (check-media.mjs, scan-documents.py)"
1KiTDavCdch6tvauYa47DxtSjSwicQ8AH,2026-10-06,clean,"document archive-flyers-2008-dcmc-orientation-event-flyer-03-2008-en · pre-launch scan 2026-10-06: every page (pdftotext, PyMuPDF, pypdf) + Windows OCR of picture pages; both rule sets (check-media.mjs, scan-documents.py)"
1j38yo1REFUx9-3ZWbVkB7zr_egsXWpzG,2026-10-06,cleared: General Service Office line,"document archive-flyers-2008-en-rf-pacific-flyer-aug29-30-08-en-redacted · pre-launch scan 2026-10-06: every page (pdftotext, PyMuPDF, pypdf) + Windows OCR of picture pages; both rule sets (check-media.mjs, scan-documents.py)"
1OYrAXl3dWxgpMf1_2S4ymgFXZWRZIU-S,2026-10-06,clean,"document archive-flyers-2008-h-and-i-april08fly-en-redacted · pre-launch scan 2026-10-06: every page (pdftotext, PyMuPDF, pypdf) + Windows OCR of picture pages; both rule sets (check-media.mjs, scan-documents.py)"
1gvvzu2gki_XB84O4sSze6x3ahrSPDL3I,2026-10-06,"cleared: sobriety phrase without a member's date (requirement, heading, total, anonymous sharing or length only)","document archive-flyers-2008-hd-11-2008-en · pre-launch scan 2026-10-06: every page (pdftotext, PyMuPDF, pypdf) + Windows OCR of picture pages; both rule sets (check-media.mjs, scan-documents.py)"
102jUlsPqYl_A3wRgAgrm_EKEcZq3Ul0a,2026-10-06,clean,"document archive-flyers-2008-heritageday-information1-11-08-en · pre-launch scan 2026-10-06: every page (pdftotext, PyMuPDF, pypdf) + Windows OCR of picture pages; both rule sets (check-media.mjs, scan-documents.py)"
17eCWLMikBQPYBIwauYhomsayeGn5luN8,2026-10-06,clean,"document archive-flyers-2008-picarryth-message2008-en · pre-launch scan 2026-10-06: every page (pdftotext, PyMuPDF, pypdf) + Windows OCR of picture pages; both rule sets (check-media.mjs, scan-documents.py)"
1JknM4CCC10vfOWWl9VHq-4dTBUUknQmq,2026-10-06,clean,"document archive-flyers-2008-s09-27-08-cpc-pi-wkshp-flyer-final-en · pre-launch scan 2026-10-06: every page (pdftotext, PyMuPDF, pypdf) + Windows OCR of picture pages; both rule sets (check-media.mjs, scan-documents.py)"
1afPnKlD2ZdUt2hzMTYBmqfoAqNMPfwRD,2026-10-06,clean,"document archive-flyers-2008-servathon08flyer-en · pre-launch scan 2026-10-06: every page (pdftotext, PyMuPDF, pypdf) + Windows OCR of picture pages; both rule sets (check-media.mjs, scan-documents.py)"
12OHpAhBLgwLvVmtqFUuVZqIGRK8BBBZR,2026-10-06,cleared: General Service Office line,"document archive-flyers-2008-sp-rf-pacific-flyer-aug29-30-08-en-redacted · pre-launch scan 2026-10-06: every page (pdftotext, PyMuPDF, pypdf) + Windows OCR of picture pages; both rule sets (check-media.mjs, scan-documents.py)"
1NF2Shk84KWsGl4ypYQRs6wUbXOGqMWX6,2026-10-06,clean,"document archive-flyers-2008-sservathon08flyerc-en · pre-launch scan 2026-10-06: every page (pdftotext, PyMuPDF, pypdf) + Windows OCR of picture pages; both rule sets (check-media.mjs, scan-documents.py)"
1Chg6e3DK8A_v1yHzI06VZYihEwnnvV3U,2026-10-06,clean,"document archive-flyers-2009-aamscapreconferencflyer2009-en · pre-launch scan 2026-10-06: every page (pdftotext, PyMuPDF, pypdf) + Windows OCR of picture pages; both rule sets (check-media.mjs, scan-documents.py)"
1m-PZ6Zes5fUstwNO9Gq0ZiOW0OhTT34z,2026-10-06,clean,"document archive-flyers-2009-archives-presentation-july-09-en · pre-launch scan 2026-10-06: every page (pdftotext, PyMuPDF, pypdf) + Windows OCR of picture pages; both rule sets (check-media.mjs, scan-documents.py)"
1Uai3jkYDqGiDOeJu-IzVOcAvf07JWJot,2026-10-06,clean,"document archive-flyers-2009-archivesopenhouse053109-en · pre-launch scan 2026-10-06: every page (pdftotext, PyMuPDF, pypdf) + Windows OCR of picture pages; both rule sets (check-media.mjs, scan-documents.py)"
1CCA8eMFwk3GhsG9z3krZysy4PrD22yhn,2026-10-06,clean,"document archive-flyers-2009-area50flyeng3102009-en · pre-launch scan 2026-10-06: every page (pdftotext, PyMuPDF, pypdf) + Windows OCR of picture pages; both rule sets (check-media.mjs, scan-documents.py)"
1L1tIoyvhgyTJoAQOwKCXfJ9rhRgF6eBH,2026-10-06,clean,"document archive-flyers-2009-area50flyspa3102009-en · pre-launch scan 2026-10-06: every page (pdftotext, PyMuPDF, pypdf) + Windows OCR of picture pages; both rule sets (check-media.mjs, scan-documents.py)"
1WFvR2Y4xPYXS8LxrAvQSJ_UmWI7EsXUR,2026-10-06,clean,"document archive-flyers-2009-d12traditions-workshop-11-15-2009-en · pre-launch scan 2026-10-06: every page (pdftotext, PyMuPDF, pypdf) + Windows OCR of picture pages; both rule sets (check-media.mjs, scan-documents.py)"
1NVLEDRugTnvaZR9Y-WKMbzXEze7N0oy1,2026-10-06,clean,"document archive-flyers-2009-flyrer10112009-en · pre-launch scan 2026-10-06: every page (pdftotext, PyMuPDF, pypdf) + Windows OCR of picture pages; both rule sets (check-media.mjs, scan-documents.py)"
1Ww9626HATdzCXlFz0hD4_7P8X8VWEi_f,2026-10-06,clean,"document archive-flyers-2009-forojune09pamplet-en · pre-launch scan 2026-10-06: every page (pdftotext, PyMuPDF, pypdf) + Windows OCR of picture pages; both rule sets (check-media.mjs, scan-documents.py)"
1C30dt-ZJomj-Y_WTK0hbs7bQNTQK0PyT,2026-10-06,clean,"document archive-flyers-2009-h-ifundraiserpalmdale032109-en · pre-launch scan 2026-10-06: every page (pdftotext, PyMuPDF, pypdf) + Windows OCR of picture pages; both rule sets (check-media.mjs, scan-documents.py)"
1MINdOiiFAUh6ZuP0J72miGE14PmDuMpB,2026-10-06,clean,"document archive-flyers-2009-handiconference042409-en-redacted · pre-launch scan 2026-10-06: every page (pdftotext, PyMuPDF, pypdf) + Windows OCR of picture pages; both rule sets (check-media.mjs, scan-documents.py)"
1JuXrf1vHx5niN9xkuVT4EURq70n3RHmM,2026-10-06,clean,"document archive-flyers-2009-november082009ascflyermap-en · pre-launch scan 2026-10-06: every page (pdftotext, PyMuPDF, pypdf) + Windows OCR of picture pages; both rule sets (check-media.mjs, scan-documents.py)"
14ctOL8EyRlJCuAe2R36bmraw3QEXbgdU,2026-10-06,clean,"document archive-flyers-2009-picpcworkshop082609-en-redacted · pre-launch scan 2026-10-06: every page (pdftotext, PyMuPDF, pypdf) + Windows OCR of picture pages; both rule sets (check-media.mjs, scan-documents.py)"
1rGGMzi5t5oHTbdIdayNDLo2gKVloowiy,2026-10-06,clean,"document archive-flyers-2009-shandiconference042409-en-redacted · pre-launch scan 2026-10-06: every page (pdftotext, PyMuPDF, pypdf) + Windows OCR of picture pages; both rule sets (check-media.mjs, scan-documents.py)"
10_reH6hZZ4gnOadVizhY3pnHhAnsQAAP,2026-10-06,clean,"document archive-flyers-2009-sharingsession2009flyerenglish02-21-09-en-redacted · pre-launch scan 2026-10-06: every page (pdftotext, PyMuPDF, pypdf) + Windows OCR of picture pages; both rule sets (check-media.mjs, scan-documents.py)"
1jsAzUB8QZjFvCOoR7_cAlI2VuWFmnCS7,2026-10-06,clean,"document archive-flyers-2009-spicpcspworkshop09262009-en-redacted · pre-launch scan 2026-10-06: every page (pdftotext, PyMuPDF, pypdf) + Windows OCR of picture pages; both rule sets (check-media.mjs, scan-documents.py)"
1I2F7nvaVu2EMWP8yqnTGARRNgylHIeNP,2026-10-06,"cleared: not a phone number (figures in a table, receipt or ID number)","document archive-flyers-2009-sprogramservathon11-09-en · pre-launch scan 2026-10-06: every page (pdftotext, PyMuPDF, pypdf) + Windows OCR of picture pages; both rule sets (check-media.mjs, scan-documents.py)"
1Tm8CgXKWPu8_7oN5v4MDSkPAA1BLT1pi,2026-10-06,cleared: General Service Office line,"document archive-flyers-2010-001-en-rf-pacificflyer-august-27-29-10-en-redacted · pre-launch scan 2026-10-06: every page (pdftotext, PyMuPDF, pypdf) + Windows OCR of picture pages; both rule sets (check-media.mjs, scan-documents.py)"
1Kk5VMhrHS8cAJ6xZoggM5QwEWftT1Q5z,2026-10-06,clean,"document archive-flyers-2010-11-2010-2nd-annual-district-archivist-workshop-en · pre-launch scan 2026-10-06: every page (pdftotext, PyMuPDF, pypdf) + Windows OCR of picture pages; both rule sets (check-media.mjs, scan-documents.py)"
1qxNRw6Ta2Xeika-SuFJLJtDiz_qiERC3,2026-10-06,clean,"document archive-flyers-2010-2010spanishflyer-es-redacted · pre-launch scan 2026-10-06: every page (pdftotext, PyMuPDF, pypdf) + Windows OCR of picture pages; both rule sets (check-media.mjs, scan-documents.py)"
1U_sUEs3v9iexh0D0CVvA0RJF5flweoHG,2026-10-06,clean,"document archive-flyers-2010-aa-2010-servathon-flyer11-2010-en · pre-launch scan 2026-10-06: every page (pdftotext, PyMuPDF, pypdf) + Windows OCR of picture pages; both rule sets (check-media.mjs, scan-documents.py)"
1TuZwYMpIRCk3WmROc93_8u6en3AJEf_E,2026-10-06,clean,"document archive-flyers-2010-aa-msca-flyer-pre-conference-workshop-2010-english-en · pre-launch scan 2026-10-06: every page (pdftotext, PyMuPDF, pypdf) + Windows OCR of picture pages; both rule sets (check-media.mjs, scan-documents.py)"
1ssR0vA1rG4ierMcmQWcQ6YkFMjGX0LJa,2026-10-06,clean,"document archive-flyers-2010-aa-msca-flyer-pre-conference-workshop-2010spanish-es · pre-launch scan 2026-10-06: every page (pdftotext, PyMuPDF, pypdf) + Windows OCR of picture pages; both rule sets (check-media.mjs, scan-documents.py)"
1QKYtZ_5fAZjjMt9xTlTvF9zrFgwYGId_,2026-10-06,clean,"document archive-flyers-2010-district-event-flyer-in-word-3-may2010-en · pre-launch scan 2026-10-06: every page (pdftotext, PyMuPDF, pypdf) + Windows OCR of picture pages; both rule sets (check-media.mjs, scan-documents.py)"
1D2L7fDtEhtkRE8u68ion-k-hLmObtdVf,2026-10-06,clean,"document archive-flyers-2010-district12traditionsday11-07-2010-en · pre-launch scan 2026-10-06: every page (pdftotext, PyMuPDF, pypdf) + Windows OCR of picture pages; both rule sets (check-media.mjs, scan-documents.py)"
15jxwvjGOklcEJ5EMxZCLIGEYKpgpRCXE,2026-10-06,clean,"document archive-flyers-2010-english-foro-july-2010-en · pre-launch scan 2026-10-06: every page (pdftotext, PyMuPDF, pypdf) + Windows OCR of picture pages; both rule sets (check-media.mjs, scan-documents.py)"
1CZ6lvqgn9as5WzvpIPIRBjet9V8CsW-E,2026-10-06,clean,"document archive-flyers-2010-finalpispanish2010-es-redacted · pre-launch scan 2026-10-06: every page (pdftotext, PyMuPDF, pypdf) + Windows OCR of picture pages; both rule sets (check-media.mjs, scan-documents.py)"
1FIY8D-qoLThpIQWeetNOsqVe_IyyrMnB,2026-10-06,clean,"document archive-flyers-2010-flyerenglish1-en-redacted · pre-launch scan 2026-10-06: every page (pdftotext, PyMuPDF, pypdf) + Windows OCR of picture pages; both rule sets (check-media.mjs, scan-documents.py)"
19V5erlM_Tdq6nWBonEqtjHXTVAq8CnQT,2026-10-06,clean,"document archive-flyers-2010-grapevineposition06-2010-en · pre-launch scan 2026-10-06: every page (pdftotext, PyMuPDF, pypdf) + Windows OCR of picture pages; both rule sets (check-media.mjs, scan-documents.py)"
1UpuKYQXaFwKuRsGhdGqhoj3ZzHm9FFO_,2026-10-06,clean,"document archive-flyers-2010-hd10-24-2010-english-en · pre-launch scan 2026-10-06: every page (pdftotext, PyMuPDF, pypdf) + Windows OCR of picture pages; both rule sets (check-media.mjs, scan-documents.py)"
1R0B7nQ0yLKu4ocn2Gi8AVxqXkZMO0bWE,2026-10-06,"cleared: sobriety phrase without a member's date (requirement, heading, total, anonymous sharing or length only)","document archive-flyers-2010-heritage-dayoct2010-en · pre-launch scan 2026-10-06: every page (pdftotext, PyMuPDF, pypdf) + Windows OCR of picture pages; both rule sets (check-media.mjs, scan-documents.py)"
1bUgC-zQ9owumXIc7ycar65nSpWABVvPb,2026-10-06,clean,"document archive-flyers-2010-hospitslityflyer048-en · pre-launch scan 2026-10-06: every page (pdftotext, PyMuPDF, pypdf) + Windows OCR of picture pages; both rule sets (check-media.mjs, scan-documents.py)"
10o-BBYrcFrS_aw_pVY3zFYNqEZrmE3_q,2026-10-06,clean,"document archive-flyers-2010-lavinadist-20workshop10-2010-en · pre-launch scan 2026-10-06: every page (pdftotext, PyMuPDF, pypdf) + Windows OCR of picture pages; both rule sets (check-media.mjs, scan-documents.py)"
1bFUGydXvSTxE6FwpRHvDlPaoX_6hhv04,2026-10-06,clean,"document archive-flyers-2010-movie-night62010-en · pre-launch scan 2026-10-06: every page (pdftotext, PyMuPDF, pypdf) + Windows OCR of picture pages; both rule sets (check-media.mjs, scan-documents.py)"
1wLLQFhDe8BUdwwD3euJBk5nH7dwiyN31,2026-10-06,clean,"document archive-flyers-2010-movienight2010-en · pre-launch scan 2026-10-06: every page (pdftotext, PyMuPDF, pypdf) + Windows OCR of picture pages; both rule sets (check-media.mjs, scan-documents.py)"
17_Eae2Mh1AGz9aPQiCL3hHFULgwXWHE1,2026-10-06,clean,"document archive-flyers-2010-pacific-regional-forum-2010-en · pre-launch scan 2026-10-06: every page (pdftotext, PyMuPDF, pypdf) + Windows OCR of picture pages; both rule sets (check-media.mjs, scan-documents.py)"
1RfUbgE1p0uBoEoUazIvxbyc8KHzmsI6s,2026-10-06,clean,"document archive-flyers-2010-picpc-flyer09-2010-en-redacted · pre-launch scan 2026-10-06: every page (pdftotext, PyMuPDF, pypdf) + Windows OCR of picture pages; both rule sets (check-media.mjs, scan-documents.py)"
1S7HM_00TFeEHFvJHZ6H_xD9WBa-gaknp,2026-10-06,clean,"document archive-flyers-2010-s-11-2010-servathon-flyer2spanish-es · pre-launch scan 2026-10-06: every page (pdftotext, PyMuPDF, pypdf) + Windows OCR of picture pages; both rule sets (check-media.mjs, scan-documents.py)"
1xl3x_BxZlF18AdTBtujXAc1Ej72m81pG,2026-10-06,clean,"document archive-flyers-2010-sdistrict-20-la-vina-workshop2010-en · pre-launch scan 2026-10-06: every page (pdftotext, PyMuPDF, pypdf) + Windows OCR of picture pages; both rule sets (check-media.mjs, scan-documents.py)"
1tEUoZ5Gke14592Uoao6Y3AfcRDBL5oRz,2026-10-06,clean,"document archive-flyers-2010-smovie-night-part62010-en · pre-launch scan 2026-10-06: every page (pdftotext, PyMuPDF, pypdf) + Windows OCR of picture pages; both rule sets (check-media.mjs, scan-documents.py)"
1elmQKXYycpT8uRwBWHQXsIJk1RFftIzN,2026-10-06,cleared: General Service Office line,"document archive-flyers-2010-sp-rf-pacificflyer-august-27-29-10-en-redacted · pre-launch scan 2026-10-06: every page (pdftotext, PyMuPDF, pypdf) + Windows OCR of picture pages; both rule sets (check-media.mjs, scan-documents.py)"
17vPuoZgVOztGVmvV_RHl1W4JnSNtToSd,2026-10-06,clean,"document archive-flyers-2010-spanish-foro-july-2010-es · pre-launch scan 2026-10-06: every page (pdftotext, PyMuPDF, pypdf) + Windows OCR of picture pages; both rule sets (check-media.mjs, scan-documents.py)"
193k0AtvMbPr4TpFsYudcFCVZUNw0YbS1,2026-10-06,clean,"document archive-flyers-2010-spanish11-2010-2nd-annual-district-archivist-workshop-es · pre-launch scan 2026-10-06: every page (pdftotext, PyMuPDF, pypdf) + Windows OCR of picture pages; both rule sets (check-media.mjs, scan-documents.py)"
1d5DUsA20twI1VCDWo4YBQsHNehpP_0YJ,2026-10-06,clean,"document archive-flyers-2011-aa-msca-agenda-item-sharing-session-invitation-2010-en-redacted · pre-launch scan 2026-10-06: every page (pdftotext, PyMuPDF, pypdf) + Windows OCR of picture pages; both rule sets (check-media.mjs, scan-documents.py)"
18y-l4KgYm7Ikip4aGlEmc4m45L_27tzQ,2026-10-06,clean,"document archive-flyers-2011-s-flyer-registration-en-redacted · pre-launch scan 2026-10-06: every page (pdftotext, PyMuPDF, pypdf) + Windows OCR of picture pages; both rule sets (check-media.mjs, scan-documents.py)"
199Dn_wOZztNGm39U6Q3Msz7C7qZ68NF-,2026-10-06,clean,"document archive-flyers-2019-anonymity-fragile-sp-es · pre-launch scan 2026-10-06: every page (pdftotext, PyMuPDF, pypdf) + Windows OCR of picture pages; both rule sets (check-media.mjs, scan-documents.py)"
1U0WPmqm-IzOh-JG62Dm0tkizV4qMV4D_,2026-10-06,clean,"document archive-flyers-2020-2020-sri-december-alcathon-flyer-11-15-20-en · pre-launch scan 2026-10-06: every page (pdftotext, PyMuPDF, pypdf) + Windows OCR of picture pages; both rule sets (check-media.mjs, scan-documents.py)"
1AoU7Yg1-_GqHI-eJOO1LK2waav-KRDh7,2026-10-06,clean,"document archive-flyers-2020-carry-the-message-gift-a-big-book-flyer-2020-12-en · pre-launch scan 2026-10-06: every page (pdftotext, PyMuPDF, pypdf) + Windows OCR of picture pages; both rule sets (check-media.mjs, scan-documents.py)"
1MYu2Y4Bsohc1NX9uAO2i0jaxiPe_UIZP,2026-10-06,clean,"document archive-flyers-2020-carry-the-message-gift-a-big-book-flyer-2020-12-es · pre-launch scan 2026-10-06: every page (pdftotext, PyMuPDF, pypdf) + Windows OCR of picture pages; both rule sets (check-media.mjs, scan-documents.py)"
1tdMCYhpuiJh8M55jNiTqqsTjXdUbe2Q-,2026-10-06,"cleared: role or event mailbox, or a text-extraction fragment","document archive-flyers-2020-flyer-mysterious-concepts-final-pdf-en-redacted · pre-launch scan 2026-10-06: every page (pdftotext, PyMuPDF, pypdf) + Windows OCR of picture pages; both rule sets (check-media.mjs, scan-documents.py)"
1uxFXCFEgOgRXQRcPgI1j80m1335Bp2IE,2026-10-06,clean,"document archive-flyers-2020-us-can-west-11-20-2020-en · pre-launch scan 2026-10-06: every page (pdftotext, PyMuPDF, pypdf) + Windows OCR of picture pages; both rule sets (check-media.mjs, scan-documents.py)"
16JTu-D-aNgdL-hHO1PGgnWIxKo1mMn4r,2026-10-06,clean,"document archive-flyers-2021-30th-area-foro-july-11-2021-program-en · pre-launch scan 2026-10-06: every page (pdftotext, PyMuPDF, pypdf) + Windows OCR of picture pages; both rule sets (check-media.mjs, scan-documents.py)"
1hzrrXXeFZXlLVdjNukH4bwD_NeCjqlE-,2026-10-06,clean,"document archive-flyers-2021-30th-area-foro-july-11-2021-program-es · pre-launch scan 2026-10-06: every page (pdftotext, PyMuPDF, pypdf) + Windows OCR of picture pages; both rule sets (check-media.mjs, scan-documents.py)"
1JQL2-YNfZjq00jnqeuFqCnqa1oojojtD,2026-10-06,clean,"document archive-flyers-2021-another-day-of-a-a-long-timers-panel-april-10-2021-flyer-en · pre-launch scan 2026-10-06: every page (pdftotext, PyMuPDF, pypdf) + Windows OCR of picture pages; both rule sets (check-media.mjs, scan-documents.py)"
14-YgabMRxrthxDslUE83dRs3VwSYrzSh,2026-10-06,clean,"document archive-flyers-2021-servathon-hosted-by-districts-1-and-3-torrance-november-13-2021-flyer-en · pre-launch scan 2026-10-06: every page (pdftotext, PyMuPDF, pypdf) + Windows OCR of picture pages; both rule sets (check-media.mjs, scan-documents.py)"
16ZSW0vb3JmYxG0PwZiKNAt46S1NF3Xgt,2026-10-06,clean,"document archive-flyers-2021-three-rivers-big-book-weekend-2021-eastern-washington-flyer-en · pre-launch scan 2026-10-06: every page (pdftotext, PyMuPDF, pypdf) + Windows OCR of picture pages; both rule sets (check-media.mjs, scan-documents.py)"
1sbsyzZ6d__m2N094SrggDnDlxpOGkv5D,2026-10-06,clean,"document archive-flyers-2022-8-15-22-rcgs-flyer-reg-2022-08-en-redacted · pre-launch scan 2026-10-06: every page (pdftotext, PyMuPDF, pypdf) + Windows OCR of picture pages; both rule sets (check-media.mjs, scan-documents.py)"
1vM28HboalQys8W1SVvc-UZPnOHP4bw3h,2026-10-06,cleared: Zoom meeting ID or dial-in number,"document archive-flyers-2022-district-5-72nd-gsc-delegate-share-back-june-9-2022-flyer-en · pre-launch scan 2026-10-06: every page (pdftotext, PyMuPDF, pypdf) + Windows OCR of picture pages; both rule sets (check-media.mjs, scan-documents.py)"
1wqUYedZDGhcVa0eO62P11jgJYFAxY1ac,2026-10-06,clean,"document archive-flyers-2022-district-5-movie-night-july-2022-flyer-en · pre-launch scan 2026-10-06: every page (pdftotext, PyMuPDF, pypdf) + Windows OCR of picture pages; both rule sets (check-media.mjs, scan-documents.py)"
1QXzf5Lnr7lLEsqF4vclKgdr3cMoLfGO6,2026-10-06,clean,"document archive-flyers-2022-first-annual-heritage-day-october-15-2022-flyer-en · pre-launch scan 2026-10-06: every page (pdftotext, PyMuPDF, pypdf) + Windows OCR of picture pages; both rule sets (check-media.mjs, scan-documents.py)"
1LpoxFCqy1q4bzlVyGipnUws3o7ajZQxT,2026-10-06,clean,"document archive-flyers-2022-first-annual-heritage-day-october-15-2022-flyer-es · pre-launch scan 2026-10-06: every page (pdftotext, PyMuPDF, pypdf) + Windows OCR of picture pages; both rule sets (check-media.mjs, scan-documents.py)"
14bsf95XC5HX9bDwa2r3zY-oP4w1Oyp74,2026-10-06,clean,"document archive-flyers-2022-september-2022-area-assembly-hosted-by-district-17-flyer-en · pre-launch scan 2026-10-06: every page (pdftotext, PyMuPDF, pypdf) + Windows OCR of picture pages; both rule sets (check-media.mjs, scan-documents.py)"
1v6S_A8LlONfz8MNY2e7MTipdVYTUS5uc,2026-10-06,clean,"document archive-flyers-2023-delegate-s-73rd-gsc-share-back-event-may-20-2023-flyer-en · pre-launch scan 2026-10-06: every page (pdftotext, PyMuPDF, pypdf) + Windows OCR of picture pages; both rule sets (check-media.mjs, scan-documents.py)"
1AIHB2z1azIUGCsy9vNzm-hCOQE9TCtGN,2026-10-06,clean,"document archive-flyers-2023-delegate-share-back-hosted-by-district-18-may-20-2023-save-the-date-en · pre-launch scan 2026-10-06: every page (pdftotext, PyMuPDF, pypdf) + Windows OCR of picture pages; both rule sets (check-media.mjs, scan-documents.py)"
1j3hCrYQSkROoUfXwGUS-X8gbwpEQLCTb,2026-10-06,clean,"document archive-flyers-2023-gratitude-dinner-speaker-meeting-flyer-2023-11-en · pre-launch scan 2026-10-06: every page (pdftotext, PyMuPDF, pypdf) + Windows OCR of picture pages; both rule sets (check-media.mjs, scan-documents.py)"
1ulnG8lcRxmgjX6EV_Jr8Pl8RnJdaJwyE,2026-10-06,clean,"document archive-flyers-2023-panel-74-election-assembly-october-8-2023-flyer-es · pre-launch scan 2026-10-06: every page (pdftotext, PyMuPDF, pypdf) + Windows OCR of picture pages; both rule sets (check-media.mjs, scan-documents.py)"
1B_bYrakogBxIi-aXc933lEULbrbZUz_m,2026-10-06,clean,"document archive-flyers-2024-33rd-area-foro-july-7-2024-information-en-es · pre-launch scan 2026-10-06: every page (pdftotext, PyMuPDF, pypdf) + Windows OCR of picture pages; both rule sets (check-media.mjs, scan-documents.py)"
1bDSehq6z-YOAu7Vtge85iMDrR1h_n_Tx,2026-10-06,clean,"document archive-flyers-2024-asc-march-10-2024-flyer-en · pre-launch scan 2026-10-06: every page (pdftotext, PyMuPDF, pypdf) + Windows OCR of picture pages; both rule sets (check-media.mjs, scan-documents.py)"
1mPBrKsnaFKLBTl6cZ2NKZ99318GZoo-e,2026-10-06,clean,"document archive-flyers-2024-assembly-asa-september-8-2024-flyer-en · pre-launch scan 2026-10-06: every page (pdftotext, PyMuPDF, pypdf) + Windows OCR of picture pages; both rule sets (check-media.mjs, scan-documents.py)"
1DrGZxcthcH2ahsT41TbjkerminNoFCFK,2026-10-06,clean,"document archive-flyers-2024-beach-bash-august-17-2024-flyer-en · pre-launch scan 2026-10-06: every page (pdftotext, PyMuPDF, pypdf) + Windows OCR of picture pages; both rule sets (check-media.mjs, scan-documents.py)"
17_KDND8uOJH6ItfjcsxQRZKsELsl0tbh,2026-10-06,clean,"document archive-flyers-2024-delegate-s-report-back-assembly-may-19-2024-flyer-es · pre-launch scan 2026-10-06: every page (pdftotext, PyMuPDF, pypdf) + Windows OCR of picture pages; both rule sets (check-media.mjs, scan-documents.py)"
1XDp-VQaPfD--DCobvA8ZaRwdF5PujJPH,2026-10-06,clean,"document archive-flyers-2024-district-5-delegate-s-report-back-june-13-2024-flyer-en · pre-launch scan 2026-10-06: every page (pdftotext, PyMuPDF, pypdf) + Windows OCR of picture pages; both rule sets (check-media.mjs, scan-documents.py)"
1aeD-qrcVDbsKNsWvhcyObGECywb1mm6f,2026-10-06,clean,"document archive-flyers-2024-monthly-service-meeting-third-thursday-online-2024-flyer-en · pre-launch scan 2026-10-06: every page (pdftotext, PyMuPDF, pypdf) + Windows OCR of picture pages; both rule sets (check-media.mjs, scan-documents.py)"
1zJdpzUUp5X98SoZrYlitwbk9eVtPh_95,2026-10-06,clean,"document archive-flyers-2024-monthly-service-meeting-third-thursday-online-2024-flyer-es · pre-launch scan 2026-10-06: every page (pdftotext, PyMuPDF, pypdf) + Windows OCR of picture pages; both rule sets (check-media.mjs, scan-documents.py)"
1to9PAM5cYYlFR_3n1H8mMRs6TSkdSYTl,2026-10-06,clean,"document archive-flyers-2024-nurses-for-recovery-a-a-presentation-july-17-2024-flyer-en · pre-launch scan 2026-10-06: every page (pdftotext, PyMuPDF, pypdf) + Windows OCR of picture pages; both rule sets (check-media.mjs, scan-documents.py)"
1j4QJmra9Owaqadj7h3gVdC5DMe6okIOL,2026-10-06,clean,"document archive-flyers-2024-nurses-for-recovery-a-a-presentation-july-17-2024-program-en · pre-launch scan 2026-10-06: every page (pdftotext, PyMuPDF, pypdf) + Windows OCR of picture pages; both rule sets (check-media.mjs, scan-documents.py)"
1H5c0QO1aoTpuMdpOzGYaUs4PYg7cdAkA,2026-10-06,cleared: General Service Office line,"document archive-flyers-2024-pacific-regional-forum-july-12-14-2024-las-vegas-flyer-en · pre-launch scan 2026-10-06: every page (pdftotext, PyMuPDF, pypdf) + Windows OCR of picture pages; both rule sets (check-media.mjs, scan-documents.py)"
1LlXqacQgRLUJocyv_ArrrW3hziRbN5Xc,2026-10-06,cleared: General Service Office line,"document archive-flyers-2024-pacific-regional-forum-july-12-14-2024-las-vegas-flyer-es · pre-launch scan 2026-10-06: every page (pdftotext, PyMuPDF, pypdf) + Windows OCR of picture pages; both rule sets (check-media.mjs, scan-documents.py)"
1jKRtuKjyZFvE1OUWH41iH48fzjGLtt0w,2026-10-06,clean,"document archive-flyers-2024-southern-california-h-and-i-conference-may-3-5-2024-save-the-date-en · pre-launch scan 2026-10-06: every page (pdftotext, PyMuPDF, pypdf) + Windows OCR of picture pages; both rule sets (check-media.mjs, scan-documents.py)"
1jKLJGp-912DIVyyOG5d1V39VAxmPvIlf,2026-10-06,clean,"document archive-flyers-2024-southern-california-h-and-i-conference-may-3-5-2024-save-the-date-es · pre-launch scan 2026-10-06: every page (pdftotext, PyMuPDF, pypdf) + Windows OCR of picture pages; both rule sets (check-media.mjs, scan-documents.py)"
1kqtClE8Vtvvlw6L2_bShBezW1Bq8IQKv,2026-10-06,clean,"document archive-flyers-2025-asc-december-14-2025-flyer-en · pre-launch scan 2026-10-06: every page (pdftotext, PyMuPDF, pypdf) + Windows OCR of picture pages; both rule sets (check-media.mjs, scan-documents.py)"
1fmx4-P0A7Ng-Xu4t5TvRV8LxGx3rPfUR,2026-10-06,clean,"document archive-flyers-2025-asc-december-14-2025-flyer-es · pre-launch scan 2026-10-06: every page (pdftotext, PyMuPDF, pypdf) + Windows OCR of picture pages; both rule sets (check-media.mjs, scan-documents.py)"
1wrpmKIyfIfpIuWb_ssQysSs4WQ2R37c9,2026-10-06,clean,"document archive-flyers-2025-asc-june-8-2025-flyer-en · pre-launch scan 2026-10-06: every page (pdftotext, PyMuPDF, pypdf) + Windows OCR of picture pages; both rule sets (check-media.mjs, scan-documents.py)"
1aBFwDw42n9nXHUCDOUApd3kceG2Jwzpj,2026-10-06,clean,"document archive-flyers-2025-asc-june-8-2025-flyer-es · pre-launch scan 2026-10-06: every page (pdftotext, PyMuPDF, pypdf) + Windows OCR of picture pages; both rule sets (check-media.mjs, scan-documents.py)"
1MLyRXLudaKA0OWbDdpIPiFHipnL1Zf73,2026-10-06,clean,"document archive-flyers-2025-asc-march-16-2025-flyer-es · pre-launch scan 2026-10-06: every page (pdftotext, PyMuPDF, pypdf) + Windows OCR of picture pages; both rule sets (check-media.mjs, scan-documents.py)"
1Stln7cy8A_Ko1y2kmJrUrp2KJDUwPopO,2026-10-06,clean,"document archive-flyers-2025-district-19-longtimers-traditions-panel-november-2025-flyer-en · pre-launch scan 2026-10-06: every page (pdftotext, PyMuPDF, pypdf) + Windows OCR of picture pages; both rule sets (check-media.mjs, scan-documents.py)"
105tKzLyDy3KoUQ-TRk9wgmVzzElwboR0,2026-10-06,clean,"document archive-flyers-2025-district-19-longtimers-traditions-panel-november-2025-flyer-es · pre-launch scan 2026-10-06: every page (pdftotext, PyMuPDF, pypdf) + Windows OCR of picture pages; both rule sets (check-media.mjs, scan-documents.py)"
11KS6iM0vU7NNh_hhnYiHqpX_f0Xbe1xq,2026-10-06,clean,"document archive-flyers-2025-international-convention-vancouver-pacific-region-hospitality-information-2025-07-en · pre-launch scan 2026-10-06: every page (pdftotext, PyMuPDF, pypdf) + Windows OCR of picture pages; both rule sets (check-media.mjs, scan-documents.py)"
15Sn1keXV6XGsIuIrBC02aSddLTJ_zMQr,2026-10-06,clean,"document archive-flyers-2025-international-convention-vancouver-pacific-region-hospitality-information-2025-07-es · pre-launch scan 2026-10-06: every page (pdftotext, PyMuPDF, pypdf) + Windows OCR of picture pages; both rule sets (check-media.mjs, scan-documents.py)"
1nQKD1eZiyGExDxcU-nrvo-hp-8ouxaiK,2026-10-06,clean,"document archive-flyers-2025-post-conference-assembly-delegate-s-report-may-18-2025-flyer-en-redacted · pre-launch scan 2026-10-06: every page (pdftotext, PyMuPDF, pypdf) + Windows OCR of picture pages; both rule sets (check-media.mjs, scan-documents.py)"
1jWJT7MZUiMDfJWD5WQ8QDp3KxDoH-T2K,2026-10-06,clean,"document archive-flyers-2025-post-conference-assembly-delegate-s-report-may-18-2025-flyer-es-redacted · pre-launch scan 2026-10-06: every page (pdftotext, PyMuPDF, pypdf) + Windows OCR of picture pages; both rule sets (check-media.mjs, scan-documents.py)"
1JATxLjome4GfVe5tUPbVZWq8hHsDNH_j,2026-10-06,clean,"document archive-flyers-2025-pre-conference-assembly-april-13-2025-flyer-en · pre-launch scan 2026-10-06: every page (pdftotext, PyMuPDF, pypdf) + Windows OCR of picture pages; both rule sets (check-media.mjs, scan-documents.py)"
1w-GvOKN4pPkFelZKEqzFMLccG_-lJg4U,2026-10-06,clean,"document archive-flyers-2025-pre-conference-assembly-april-13-2025-flyer-es · pre-launch scan 2026-10-06: every page (pdftotext, PyMuPDF, pypdf) + Windows OCR of picture pages; both rule sets (check-media.mjs, scan-documents.py)"
1enAV4NJaLMmanwYfCNxWAiOtFEMDLorl,2026-10-06,clean,"document archive-flyers-2025-pre-conference-boot-camp-2025-poster-es · pre-launch scan 2026-10-06: every page (pdftotext, PyMuPDF, pypdf) + Windows OCR of picture pages; both rule sets (check-media.mjs, scan-documents.py)"
1WHhuOkEAoDQahidFkk2h__vwLEuOxjfh,2026-10-06,clean,"document archive-flyers-2025-servathon-october-11-2025-flyer-en · pre-launch scan 2026-10-06: every page (pdftotext, PyMuPDF, pypdf) + Windows OCR of picture pages; both rule sets (check-media.mjs, scan-documents.py)"
1NrfM6aBh5OgutyHjQnUhv-6jkkOCp-2F,2026-10-06,clean,"document archive-flyers-2025-servathon-october-11-2025-flyer-es · pre-launch scan 2026-10-06: every page (pdftotext, PyMuPDF, pypdf) + Windows OCR of picture pages; both rule sets (check-media.mjs, scan-documents.py)"
1F2IeWvSm2_59obIpf47hcxT8AR1IHOih,2026-10-06,clean,"document archive-flyers-2026-asc-february-8-2026-flyer-en · pre-launch scan 2026-10-06: every page (pdftotext, PyMuPDF, pypdf) + Windows OCR of picture pages; both rule sets (check-media.mjs, scan-documents.py)"
1xYLKv3aYlRgf6TVnxJ7PodlqBFoDlNHh,2026-10-06,clean,"document archive-flyers-2026-asc-february-8-2026-flyer-es · pre-launch scan 2026-10-06: every page (pdftotext, PyMuPDF, pypdf) + Windows OCR of picture pages; both rule sets (check-media.mjs, scan-documents.py)"
1DyA-honMAHjqhW98k1oMEFVwSNH1LuFC,2026-10-06,clean,"document archive-flyers-2026-asc-march-8-2026-flyer-es · pre-launch scan 2026-10-06: every page (pdftotext, PyMuPDF, pypdf) + Windows OCR of picture pages; both rule sets (check-media.mjs, scan-documents.py)"
1BmQQnqLbGELXi3psOoW8Tz9BnTnvAtXo,2026-10-06,clean,"document archive-flyers-2026-empowering-community-event-save-the-date-2026-12-en-redacted · pre-launch scan 2026-10-06: every page (pdftotext, PyMuPDF, pypdf) + Windows OCR of picture pages; both rule sets (check-media.mjs, scan-documents.py)"
1I0ffH5nPM9fR3Qdd8I0CWx0d7gofXdrg,2026-10-06,clean,"document archive-flyers-2026-hispanic-inter-district-meeting-round-tables-flyer-march-2026-es · pre-launch scan 2026-10-06: every page (pdftotext, PyMuPDF, pypdf) + Windows OCR of picture pages; both rule sets (check-media.mjs, scan-documents.py)"
10hdDxl8Ouy_8pNVTVDa7h6ky3oFVKw8x,2026-10-06,clean,"document archive-flyers-2026-january-2026-assembly-panel-76-committee-chair-elections-flyer-en · pre-launch scan 2026-10-06: every page (pdftotext, PyMuPDF, pypdf) + Windows OCR of picture pages; both rule sets (check-media.mjs, scan-documents.py)"
1M_8_41XxuMmVWyaVZFpcD7Rh-hTobTr3,2026-10-06,cleared: role mailbox,"document archive-flyers-2026-monthly-service-study-meeting-flyer-2026-03-en · pre-launch scan 2026-10-06: every page (pdftotext, PyMuPDF, pypdf) + Windows OCR of picture pages; both rule sets (check-media.mjs, scan-documents.py)"
1valCIJivPe1AFnQeynb4O8J_8tDFGr2Z,2026-10-06,clean,"document archive-flyers-2026-pacific-regional-forum-december-4-6-2026-san-diego-save-the-date-en · pre-launch scan 2026-10-06: every page (pdftotext, PyMuPDF, pypdf) + Windows OCR of picture pages; both rule sets (check-media.mjs, scan-documents.py)"
1E2KVeHGdmkaMBp_tjjeWTqPJzPzuZMjn,2026-10-06,clean,"document archive-flyers-2026-pacific-regional-forum-december-4-6-2026-san-diego-save-the-date-es · pre-launch scan 2026-10-06: every page (pdftotext, PyMuPDF, pypdf) + Windows OCR of picture pages; both rule sets (check-media.mjs, scan-documents.py)"
159hRSF9heqi6YoCONOWqd0SrB_5INQzQ,2026-10-06,clean,"document archive-flyers-2026-pre-conference-assembly-april-12-2026-flyer-en · pre-launch scan 2026-10-06: every page (pdftotext, PyMuPDF, pypdf) + Windows OCR of picture pages; both rule sets (check-media.mjs, scan-documents.py)"
1-QSS4AXsEvWx6rj_wXYXQCidWvuHSBBA,2026-10-06,clean,"document archive-flyers-2026-pre-conference-assembly-april-12-2026-flyer-es · pre-launch scan 2026-10-06: every page (pdftotext, PyMuPDF, pypdf) + Windows OCR of picture pages; both rule sets (check-media.mjs, scan-documents.py)"
1GFeIJOLorD-moaUbE5uKbv-sjFmNCoEE,2026-10-06,clean,"document archive-flyers-ci-pflyer-en · pre-launch scan 2026-10-06: every page (pdftotext, PyMuPDF, pypdf) + Windows OCR of picture pages; both rule sets (check-media.mjs, scan-documents.py)"
1SFsCsvtBB13OEU4B4R6MYUDkNlO2iSVu,2026-10-06,clean,"document archive-flyers-panel-58-orientation-flyer-jan-08-en · pre-launch scan 2026-10-06: every page (pdftotext, PyMuPDF, pypdf) + Windows OCR of picture pages; both rule sets (check-media.mjs, scan-documents.py)"
14NcwMWpSPBtFFWVab5THk0UIUNJRXbLI,2026-10-06,clean,"document archive-forms-2010-expenseform-2010-en · pre-launch scan 2026-10-06: every page (pdftotext, PyMuPDF, pypdf) + Windows OCR of picture pages; both rule sets (check-media.mjs, scan-documents.py)"
1TwLtq-OyzasNEFi5bFYBenZhfHPcOFVs,2026-10-06,clean,"document archive-forms-2011-expense-2011-en · pre-launch scan 2026-10-06: every page (pdftotext, PyMuPDF, pypdf) + Windows OCR of picture pages; both rule sets (check-media.mjs, scan-documents.py)"
1ZD7AxzYzEx6q2Rn3KBfRMiU1mdwmX-eK,2026-10-06,cleared: General Service Office line,"document archive-forms-2020-dcm-dcmc-change-form-gso-f-43-en · pre-launch scan 2026-10-06: every page (pdftotext, PyMuPDF, pypdf) + Windows OCR of picture pages; both rule sets (check-media.mjs, scan-documents.py)"
14qiw3eaXX2ZIxT-3A4i2CeprfyvD2l94,2026-10-06,clean,"document archive-forms-2020-expense-2020-en-pdf · pre-launch scan 2026-10-06: every page (pdftotext, PyMuPDF, pypdf) + Windows OCR of picture pages; both rule sets (check-media.mjs, scan-documents.py)"
1GU_wYpb2wAA_8rrMn_FgvAQH3BLxdVFF,2026-10-06,"cleared: role or event mailbox, or a text-extraction fragment","document archive-forms-2020-expense-2020-en-xlsx · pre-launch scan 2026-10-06: every page (pdftotext, PyMuPDF, pypdf) + Windows OCR of picture pages; both rule sets (check-media.mjs, scan-documents.py)"
1wTphs8DiSqsAHjlRHT4xc6f3DOx4ohGw,2026-10-06,clean,"document archive-forms-2020-wiaa-2020-finalv2-en · pre-launch scan 2026-10-06: every page (pdftotext, PyMuPDF, pypdf) + Windows OCR of picture pages; both rule sets (check-media.mjs, scan-documents.py)"
1aCythdGpTpOK-nesW_hEehipMlTAgWOX,2026-10-06,clean,"document archive-forms-2021-appointed-committee-member-resume-sheet-gsb-2021-en · pre-launch scan 2026-10-06: every page (pdftotext, PyMuPDF, pypdf) + Windows OCR of picture pages; both rule sets (check-media.mjs, scan-documents.py)"
1tQwofgPyphxpJCiFBB7n0PHwK_cq-bBA,2026-10-06,clean,"document archive-forms-2021-budget-request-worksheet-2021-en · pre-launch scan 2026-10-06: every page (pdftotext, PyMuPDF, pypdf) + Windows OCR of picture pages; both rule sets (check-media.mjs, scan-documents.py)"
1PlLkO5jAwzUwusOJePY-CYEifQmYCo3-,2026-10-06,clean,"document archive-forms-2021-expense-reimbursement-form-2021-en · pre-launch scan 2026-10-06: every page (pdftotext, PyMuPDF, pypdf) + Windows OCR of picture pages; both rule sets (check-media.mjs, scan-documents.py)"
1DPYOa-edDOtVUGhrgEjBMpJIxJWtukXf,2026-10-06,clean,"document archive-forms-2021-guias-comite-de-informacion-publica-2004-09-12-en · pre-launch scan 2026-10-06: every page (pdftotext, PyMuPDF, pypdf) + Windows OCR of picture pages; both rule sets (check-media.mjs, scan-documents.py)"
1DP4gVVkOMc1RyKrP1RTLcDHEAgcR-WMS,2026-10-06,clean,"document archive-forms-2022-2022-form-for-submitting-panel-72-theme-suggestions-english-en · pre-launch scan 2026-10-06: every page (pdftotext, PyMuPDF, pypdf) + Windows OCR of picture pages; both rule sets (check-media.mjs, scan-documents.py)"
1Ma8hcIcKpV8Xb2hASkGNwQt2MTgwS-kj,2026-10-06,clean,"document archive-forms-2022-2022-form-for-submitting-panel-72-theme-suggestions-spanish-es · pre-launch scan 2026-10-06: every page (pdftotext, PyMuPDF, pypdf) + Windows OCR of picture pages; both rule sets (check-media.mjs, scan-documents.py)"
1nW5Z_G6KoGRMnF5n3B1ZRjf4s1kp5Yji,2026-10-06,clean,"document archive-forms-2022-dcmc-report-form-fillable-2022-06-es · pre-launch scan 2026-10-06: every page (pdftotext, PyMuPDF, pypdf) + Windows OCR of picture pages; both rule sets (check-media.mjs, scan-documents.py)"
1FPu3XZgEo4M7xcZQo6MMrupoEwxO2HaX,2026-10-06,clean,"document archive-forms-2022-standing-committee-report-form-fillable-2022-06-es · pre-launch scan 2026-10-06: every page (pdftotext, PyMuPDF, pypdf) + Windows OCR of picture pages; both rule sets (check-media.mjs, scan-documents.py)"
1N5_JAj0PwK2HTEufj8zzE05JNTTuApNh,2026-10-06,clean,"document archive-forms-2024-area-committee-monthly-report-template-2024-10-en · pre-launch scan 2026-10-06: every page (pdftotext, PyMuPDF, pypdf) + Windows OCR of picture pages; both rule sets (check-media.mjs, scan-documents.py)"
1fRNHMjM8nW2YmsI1NdqDbuolbIuaQx6w,2026-10-06,clean,"document archive-forms-2024-gsr-report-template-2024-08-en · pre-launch scan 2026-10-06: every page (pdftotext, PyMuPDF, pypdf) + Windows OCR of picture pages; both rule sets (check-media.mjs, scan-documents.py)"
1qiMxcQGEEqHRzJj-wMz6PY4AZvr7Duvv,2026-10-06,clean,"document archive-forms-2024-new-a-a-correctional-facility-group-information-form-f-79-en · pre-launch scan 2026-10-06: every page (pdftotext, PyMuPDF, pypdf) + Windows OCR of picture pages; both rule sets (check-media.mjs, scan-documents.py)"
1QoUZLkDft2v_462_WT2ckiZLv2pwUimD,2026-10-06,clean,"document archive-forms-2024-questionnaire-for-area-09-members-on-la-vina-panel-74-delegate-2024-01-en-redacted · pre-launch scan 2026-10-06: every page (pdftotext, PyMuPDF, pypdf) + Windows OCR of picture pages; both rule sets (check-media.mjs, scan-documents.py)"
146ITi1w2_V70f6zHPmQATM0Y1nilCoCU,2026-10-06,clean,"document archive-forms-2024-questionnaire-for-area-09-members-on-la-vina-panel-74-delegate-2024-01-es · pre-launch scan 2026-10-06: every page (pdftotext, PyMuPDF, pypdf) + Windows OCR of picture pages; both rule sets (check-media.mjs, scan-documents.py)"
1lJ_eSrTvlqAZvsa53kG65qjyCBCAeeqq,2026-10-06,clean,"document archive-forms-2024-standing-committee-report-form-fillable-2024-02-en · pre-launch scan 2026-10-06: every page (pdftotext, PyMuPDF, pypdf) + Windows OCR of picture pages; both rule sets (check-media.mjs, scan-documents.py)"
18P3S9eI-vGtK3zRtaW57r6TjDGxdVLm2,2026-10-06,clean,"document archive-forms-aa-group-change-form-01-09-en · pre-launch scan 2026-10-06: every page (pdftotext, PyMuPDF, pypdf) + Windows OCR of picture pages; both rule sets (check-media.mjs, scan-documents.py)"
1pmmzpQoiWaZs1h5PHiV0Xgg08zLIQW0x,2026-10-06,cleared: General Service Office line,"document archive-forms-aa-group-information-change-form-en · pre-launch scan 2026-10-06: every page (pdftotext, PyMuPDF, pypdf) + Windows OCR of picture pages; both rule sets (check-media.mjs, scan-documents.py)"
1Pc_hrNcxhYB0LqkSsxckWCH02d4iayhz,2026-10-06,cleared: General Service Office line,"document archive-forms-aa-new-group-form-en · pre-launch scan 2026-10-06: every page (pdftotext, PyMuPDF, pypdf) + Windows OCR of picture pages; both rule sets (check-media.mjs, scan-documents.py)"
1HQDCSfSx088icngYRcId0UrGzGpIiCsv,2026-10-06,clean,"document archive-forms-grouphistory-en · pre-launch scan 2026-10-06: every page (pdftotext, PyMuPDF, pypdf) + Windows OCR of picture pages; both rule sets (check-media.mjs, scan-documents.py)"
1DZUbZPsRB2EAXExPHv-pbJJIZOfEn6-3,2026-10-06,clean,"document archive-forms-s-grouphistory-es · pre-launch scan 2026-10-06: every page (pdftotext, PyMuPDF, pypdf) + Windows OCR of picture pages; both rule sets (check-media.mjs, scan-documents.py)"
1iGit36SJblxsCuUT9bCN_Gwx9i8PkeUe,2026-10-06,clean,"document archive-gso-2020-aa-grapevine-announcement-to-conference-members-december-2020-en · pre-launch scan 2026-10-06: every page (pdftotext, PyMuPDF, pypdf) + Windows OCR of picture pages; both rule sets (check-media.mjs, scan-documents.py)"
1YvPNiqThrCroDToVUDIpT7jTv6j0WpUa,2026-10-06,"cleared: General Service Office line; role or event mailbox, or a text-extraction fragment","document archive-gso-2020-fellowship-connection-launch-announcement-december-2020-en · pre-launch scan 2026-10-06: every page (pdftotext, PyMuPDF, pypdf) + Windows OCR of picture pages; both rule sets (check-media.mjs, scan-documents.py)"
1AlJnhk_a2m-J3b3x_JuCpRlPoIS8s1b3,2026-10-06,clean,"document archive-gso-2020-letter-from-the-aa-grapevine-board-chair-december-2020-en · pre-launch scan 2026-10-06: every page (pdftotext, PyMuPDF, pypdf) + Windows OCR of picture pages; both rule sets (check-media.mjs, scan-documents.py)"
1C8PkaXRQKiedwENZTh9rlWH0pm8_GTTh,2026-10-06,clean,"document archive-gso-2020-letter-from-the-aa-grapevine-board-chair-december-2020-es · pre-launch scan 2026-10-06: every page (pdftotext, PyMuPDF, pypdf) + Windows OCR of picture pages; both rule sets (check-media.mjs, scan-documents.py)"
1smsjvFpbpmi70BBttLqxNfazdwzD5_SV,2026-10-06,cleared: General Service Office line,"document archive-gso-2020-notice-to-conference-members-about-gso-staff-changes-december-2020-en · pre-launch scan 2026-10-06: every page (pdftotext, PyMuPDF, pypdf) + Windows OCR of picture pages; both rule sets (check-media.mjs, scan-documents.py)"
1qRrL3ZIgnF0ziJxoc7q59jnI78F0wOaz,2026-10-06,cleared: General Service Office line,"document archive-gso-2020-seventh-tradition-letter-from-the-gso-general-manager-december-2020-en · pre-launch scan 2026-10-06: every page (pdftotext, PyMuPDF, pypdf) + Windows OCR of picture pages; both rule sets (check-media.mjs, scan-documents.py)"
1OyY5FAQ4BITlH861qp6OPx12Hdac8Lu7,2026-10-06,cleared: General Service Office line,"document archive-gso-2020-u-s-canada-west-regional-forum-virtual-final-report-2020-12-en · pre-launch scan 2026-10-06: every page (pdftotext, PyMuPDF, pypdf) + Windows OCR of picture pages; both rule sets (check-media.mjs, scan-documents.py)"
1MVHS5qaOdXCi-Lke5_cEXJ3ioB0DmndT,2026-10-06,cleared: General Service Office line,"document archive-gso-2020-u-s-canada-west-regional-forum-virtual-final-report-2020-12-es · pre-launch scan 2026-10-06: every page (pdftotext, PyMuPDF, pypdf) + Windows OCR of picture pages; both rule sets (check-media.mjs, scan-documents.py)"
1vfMOyzyCtvOXlR92rbAxV3qj4e21PG92,2026-10-06,cleared: General Service Office line,"document archive-gso-2021-experiences-using-virtual-baskets-aaws-memo-2021-11-en · pre-launch scan 2026-10-06: every page (pdftotext, PyMuPDF, pypdf) + Windows OCR of picture pages; both rule sets (check-media.mjs, scan-documents.py)"
1Cix8Yos1UcqHIQDQ5qtZp70YDUsNrY57,2026-10-06,cleared: General Service Office line,"document archive-gso-2021-experiences-using-virtual-baskets-aaws-memo-2021-11-es · pre-launch scan 2026-10-06: every page (pdftotext, PyMuPDF, pypdf) + Windows OCR of picture pages; both rule sets (check-media.mjs, scan-documents.py)"
1-xgsS6s_G1YDXB9nI6IBeWOpssYXvwZ5,2026-10-06,clean,"document archive-gso-2021-general-service-board-quarterly-report-november-2021-f-14-en · pre-launch scan 2026-10-06: every page (pdftotext, PyMuPDF, pypdf) + Windows OCR of picture pages; both rule sets (check-media.mjs, scan-documents.py)"
1mYQ2cVP4Z60Nk09wgm9_Y23Uv5RF5naK,2026-10-06,clean,"document archive-gso-2021-general-service-board-quarterly-report-november-2021-f-14-es · pre-launch scan 2026-10-06: every page (pdftotext, PyMuPDF, pypdf) + Windows OCR of picture pages; both rule sets (check-media.mjs, scan-documents.py)"
1iFQJZsoDiEzfLUaiIEQZt0KrA6nYksbK,2026-10-06,clean,"document archive-gso-2021-grapevine-news-january-2021-en · pre-launch scan 2026-10-06: every page (pdftotext, PyMuPDF, pypdf) + Windows OCR of picture pages; both rule sets (check-media.mjs, scan-documents.py)"
1APwBN-xFbishFq6HoFm6GL5sPhpgx3m8,2026-10-06,cleared: General Service Office line,"document archive-gso-2021-gso-staff-assignments-january-2021-es · pre-launch scan 2026-10-06: every page (pdftotext, PyMuPDF, pypdf) + Windows OCR of picture pages; both rule sets (check-media.mjs, scan-documents.py)"
17b42-LMud3ADAT426HEkwHUnTpYnza9T,2026-10-06,clean,"document archive-gso-2021-memo-to-all-2021-area-delegates-gso-august-2021-en · pre-launch scan 2026-10-06: every page (pdftotext, PyMuPDF, pypdf) + Windows OCR of picture pages; both rule sets (check-media.mjs, scan-documents.py)"
1SiH0jjIdmChHJs1cN0qa0OLnqSXP103p,2026-10-06,cleared: General Service Office line,"document archive-gso-2021-name-that-theme-2025-international-convention-june-2021-en · pre-launch scan 2026-10-06: every page (pdftotext, PyMuPDF, pypdf) + Windows OCR of picture pages; both rule sets (check-media.mjs, scan-documents.py)"
1S07ejNg0j0zghuSLSM0hD9bNH9b1Ebvz,2026-10-06,cleared: General Service Office line,"document archive-gso-2021-our-big-book-holiday-literature-flyer-f-229-2021-11-en · pre-launch scan 2026-10-06: every page (pdftotext, PyMuPDF, pypdf) + Windows OCR of picture pages; both rule sets (check-media.mjs, scan-documents.py)"
1QtlzedDeolP_VZ5_xw8aiIt4clCw6ULS,2026-10-06,"cleared: sobriety phrase without a member's date (requirement, heading, total, anonymous sharing or length only)","document archive-gso-2021-request-for-gsc-theme-workshop-and-presentation-suggestions-september-2021-en · pre-launch scan 2026-10-06: every page (pdftotext, PyMuPDF, pypdf) + Windows OCR of picture pages; both rule sets (check-media.mjs, scan-documents.py)"
1Znoe4Ol1jRRvWlNL7x1y8CLTQFeBoiX6,2026-10-06,clean,"document archive-gso-2021-request-for-gsc-theme-workshop-and-presentation-suggestions-september-2021-es · pre-launch scan 2026-10-06: every page (pdftotext, PyMuPDF, pypdf) + Windows OCR of picture pages; both rule sets (check-media.mjs, scan-documents.py)"
1wPOjh98YlF_OGdgGGkaGrbp9wZXKg8w9,2026-10-06,cleared: General Service Office line,"document archive-gso-2022-about-a-a-newsletter-for-professionals-spring-2022-en · pre-launch scan 2026-10-06: every page (pdftotext, PyMuPDF, pypdf) + Windows OCR of picture pages; both rule sets (check-media.mjs, scan-documents.py)"
162dDHlyE3PDqj1c-IsyBl183EFJGi8Vw,2026-10-06,cleared: General Service Office line,"document archive-gso-2022-about-a-a-newsletter-for-professionals-spring-2022-es · pre-launch scan 2026-10-06: every page (pdftotext, PyMuPDF, pypdf) + Windows OCR of picture pages; both rule sets (check-media.mjs, scan-documents.py)"
1rpBvD220_AE4JlLMfKHbFz4Mx-u4APee,2026-10-06,clean,"document archive-gso-2022-announcement-jacketless-hardcover-big-book-and-twelve-and-twelve-2022-en · pre-launch scan 2026-10-06: every page (pdftotext, PyMuPDF, pypdf) + Windows OCR of picture pages; both rule sets (check-media.mjs, scan-documents.py)"
1L7xtsWGdXRMtbu4I7Cq27lqreXNuf4mL,2026-10-06,clean,"document archive-gso-2022-announcement-jacketless-hardcover-big-book-and-twelve-and-twelve-2022-es · pre-launch scan 2026-10-06: every page (pdftotext, PyMuPDF, pypdf) + Windows OCR of picture pages; both rule sets (check-media.mjs, scan-documents.py)"
1QOUFXubErd84xl8FCLhBqZeOsD4cGUGU,2026-10-06,clean,"document archive-gso-2022-announcement-jacketless-hardcover-big-book-and-twelve-and-twelve-2022-es-2 · pre-launch scan 2026-10-06: every page (pdftotext, PyMuPDF, pypdf) + Windows OCR of picture pages; both rule sets (check-media.mjs, scan-documents.py)"
1oPIVghko11S3IyzlS9LcPZxgJB1XpbkG,2026-10-06,cleared: General Service Office line,"document archive-gso-2022-annual-letter-to-delegates-on-anonymity-break-procedures-2022-en · pre-launch scan 2026-10-06: every page (pdftotext, PyMuPDF, pypdf) + Windows OCR of picture pages; both rule sets (check-media.mjs, scan-documents.py)"
1mqJqbeTp2A9T7I4Soc9aBBCu5sUhcjfc,2026-10-06,cleared: General Service Office line,"document archive-gso-2022-annual-letter-to-delegates-on-anonymity-break-procedures-2022-es · pre-launch scan 2026-10-06: every page (pdftotext, PyMuPDF, pypdf) + Windows OCR of picture pages; both rule sets (check-media.mjs, scan-documents.py)"
15Pvqa_UcCIlLybAZ9vsIgeDtnRDY9BSi,2026-10-06,clean,"document archive-gso-2022-anonymity-letter-to-the-media-gso-2022-en · pre-launch scan 2026-10-06: every page (pdftotext, PyMuPDF, pypdf) + Windows OCR of picture pages; both rule sets (check-media.mjs, scan-documents.py)"
1UEqMBt1CZuD0t8Q_qRTvkuKh54Ncoyyp,2026-10-06,clean,"document archive-gso-2022-anonymity-letter-to-the-media-gso-2022-es · pre-launch scan 2026-10-06: every page (pdftotext, PyMuPDF, pypdf) + Windows OCR of picture pages; both rule sets (check-media.mjs, scan-documents.py)"
1fXp--89RVt8ISS21VKu7PIXdXkHxJGe_,2026-10-06,"cleared: General Service Office line; role or event mailbox, or a text-extraction fragment","document archive-gso-2022-call-for-stories-members-who-got-sober-later-in-life-2022-en · pre-launch scan 2026-10-06: every page (pdftotext, PyMuPDF, pypdf) + Windows OCR of picture pages; both rule sets (check-media.mjs, scan-documents.py)"
19EgI0cJaQ_zyKiZbNOgayqVJdMcApCbp,2026-10-06,clean,"document archive-gso-2022-call-for-stories-members-who-got-sober-later-in-life-2022-es · pre-launch scan 2026-10-06: every page (pdftotext, PyMuPDF, pypdf) + Windows OCR of picture pages; both rule sets (check-media.mjs, scan-documents.py)"
1TqMh-Ul6t62KN9V45XJvjinm4zGBWwQ4,2026-10-06,clean,"document archive-gso-2022-call-for-volunteers-audio-subcommittee-for-the-military-march-2022-en · pre-launch scan 2026-10-06: every page (pdftotext, PyMuPDF, pypdf) + Windows OCR of picture pages; both rule sets (check-media.mjs, scan-documents.py)"
17wLdToF17I64TyzAyvSQrZRPbAlALE60,2026-10-06,clean,"document archive-gso-2022-from-the-desk-of-the-aa-grapevine-publisher-january-2022-en · pre-launch scan 2026-10-06: every page (pdftotext, PyMuPDF, pypdf) + Windows OCR of picture pages; both rule sets (check-media.mjs, scan-documents.py)"
1HV3Q8BXHvz47TJlq6Up03FMmJOPpMs7_,2026-10-06,clean,"document archive-gso-2022-general-service-board-quarterly-report-january-2022-f-14-en · pre-launch scan 2026-10-06: every page (pdftotext, PyMuPDF, pypdf) + Windows OCR of picture pages; both rule sets (check-media.mjs, scan-documents.py)"
1SkJWKzT0Iz3ILEME7n1LdHRFtEInYz3X,2026-10-06,clean,"document archive-gso-2022-general-service-board-quarterly-report-january-2022-f-14-es · pre-launch scan 2026-10-06: every page (pdftotext, PyMuPDF, pypdf) + Windows OCR of picture pages; both rule sets (check-media.mjs, scan-documents.py)"
1zOW2Mv0iip1MXGI6BzpR2QNU5cVnzEUC,2026-10-06,clean,"document archive-gso-2022-general-service-board-quarterly-report-july-september-2022-f-14-en · pre-launch scan 2026-10-06: every page (pdftotext, PyMuPDF, pypdf) + Windows OCR of picture pages; both rule sets (check-media.mjs, scan-documents.py)"
1-A9Px5MvBdRkoo3hv78gkABOYiKlF3gL,2026-10-06,clean,"document archive-gso-2022-general-service-board-quarterly-report-july-september-2022-f-14-es · pre-launch scan 2026-10-06: every page (pdftotext, PyMuPDF, pypdf) + Windows OCR of picture pages; both rule sets (check-media.mjs, scan-documents.py)"
1SfYTFs5NDLxo25behJM6ngyV3NJz6yC0,2026-10-06,clean,"document archive-gso-2022-general-service-board-quarterly-report-october-november-2022-f-14-en · pre-launch scan 2026-10-06: every page (pdftotext, PyMuPDF, pypdf) + Windows OCR of picture pages; both rule sets (check-media.mjs, scan-documents.py)"
1l5P_nhaNsR8WFtb1bk4K6vSqEKPj7MUZ,2026-10-06,clean,"document archive-gso-2022-general-service-board-quarterly-report-october-november-2022-f-14-es · pre-launch scan 2026-10-06: every page (pdftotext, PyMuPDF, pypdf) + Windows OCR of picture pages; both rule sets (check-media.mjs, scan-documents.py)"
1Rwfmc3n2Y_PPzn940Wg7Or29rleyxGP5,2026-10-06,clean,"document archive-gso-2022-gso-mixed-title-quantity-discount-pilot-2022-en · pre-launch scan 2026-10-06: every page (pdftotext, PyMuPDF, pypdf) + Windows OCR of picture pages; both rule sets (check-media.mjs, scan-documents.py)"
1NMvwF-SR79PqiiiG4pZXM8zG7GLm_J_L,2026-10-06,clean,"document archive-gso-2022-gso-mixed-title-quantity-discount-pilot-2022-es · pre-launch scan 2026-10-06: every page (pdftotext, PyMuPDF, pypdf) + Windows OCR of picture pages; both rule sets (check-media.mjs, scan-documents.py)"
1nvCepY3er0tsop8WAunu3lDGPdJoanya,2026-10-06,cleared: General Service Office line,"document archive-gso-2022-gso-press-release-new-pamphlet-for-lgbtq-alcoholics-july-2022-en · pre-launch scan 2026-10-06: every page (pdftotext, PyMuPDF, pypdf) + Windows OCR of picture pages; both rule sets (check-media.mjs, scan-documents.py)"
1zyYLTKHmZVGBRr0y3VeDKfixx9mFvDEZ,2026-10-06,cleared: General Service Office line,"document archive-gso-2022-gso-press-release-new-pamphlet-for-lgbtq-alcoholics-july-2022-es · pre-launch scan 2026-10-06: every page (pdftotext, PyMuPDF, pypdf) + Windows OCR of picture pages; both rule sets (check-media.mjs, scan-documents.py)"
1Torem6YPLDTyfigzayI00U9vCwLYpW00,2026-10-06,"cleared: General Service Office line; role or event mailbox, or a text-extraction fragment","document archive-gso-2022-gso-request-for-shared-experience-on-inside-sponsorship-2022-en · pre-launch scan 2026-10-06: every page (pdftotext, PyMuPDF, pypdf) + Windows OCR of picture pages; both rule sets (check-media.mjs, scan-documents.py)"
19vpUGYix1SB4gSlSVC7n2SRXVag_J_04,2026-10-06,"cleared: General Service Office line; role or event mailbox, or a text-extraction fragment","document archive-gso-2022-gso-request-for-shared-experience-on-inside-sponsorship-2022-es · pre-launch scan 2026-10-06: every page (pdftotext, PyMuPDF, pypdf) + Windows OCR of picture pages; both rule sets (check-media.mjs, scan-documents.py)"
1hX0_wjMJBzFkmMk4R7OUxt_ElFTPi3tM,2026-10-06,cleared: General Service Office line,"document archive-gso-2022-gso-staff-assignments-july-2022-en · pre-launch scan 2026-10-06: every page (pdftotext, PyMuPDF, pypdf) + Windows OCR of picture pages; both rule sets (check-media.mjs, scan-documents.py)"
1K7MSxXz9OhQoGoihVZa07sbKu5OYMmK4,2026-10-06,cleared: General Service Office line,"document archive-gso-2022-gso-staff-assignments-july-2022-es · pre-launch scan 2026-10-06: every page (pdftotext, PyMuPDF, pypdf) + Windows OCR of picture pages; both rule sets (check-media.mjs, scan-documents.py)"
1oDtYcKoxhPuvWikgf3tm9eSuJwPylTor,2026-10-06,"cleared: General Service Office line; sobriety phrase without a member's date (requirement, heading, total, anonymous sharing or length only)","document archive-gso-2022-gso-staff-opening-announcement-winter-2022-en · pre-launch scan 2026-10-06: every page (pdftotext, PyMuPDF, pypdf) + Windows OCR of picture pages; both rule sets (check-media.mjs, scan-documents.py)"
1ZoCP-rbcDJbXhLOsBha4IEjiOWb3uo61,2026-10-06,"cleared: General Service Office line; role or event mailbox, or a text-extraction fragment","document archive-gso-2022-gso-staff-opening-announcement-winter-2022-es · pre-launch scan 2026-10-06: every page (pdftotext, PyMuPDF, pypdf) + Windows OCR of picture pages; both rule sets (check-media.mjs, scan-documents.py)"
1Nio_Pj1Dpwou1bYfVD7ZXD_EY_g10WWF,2026-10-06,clean,"document archive-gso-2022-gso-valentine-s-day-literature-offer-2022-en · pre-launch scan 2026-10-06: every page (pdftotext, PyMuPDF, pypdf) + Windows OCR of picture pages; both rule sets (check-media.mjs, scan-documents.py)"
1Q-PRX1IEt_wENNYoxBmCzGvr619viwnw,2026-10-06,clean,"document archive-gso-2022-gso-valentine-s-day-literature-offer-2022-es · pre-launch scan 2026-10-06: every page (pdftotext, PyMuPDF, pypdf) + Windows OCR of picture pages; both rule sets (check-media.mjs, scan-documents.py)"
1xbegytO9KF7Buabr4OVJTH65gDEK7Mlg,2026-10-06,clean,"document archive-gso-2022-international-convention-member-engagement-survey-2022-en · pre-launch scan 2026-10-06: every page (pdftotext, PyMuPDF, pypdf) + Windows OCR of picture pages; both rule sets (check-media.mjs, scan-documents.py)"
17YF4USMmr4y6f6IlM-i1ySykrImDcDsV,2026-10-06,clean,"document archive-gso-2022-international-convention-member-engagement-survey-2022-es · pre-launch scan 2026-10-06: every page (pdftotext, PyMuPDF, pypdf) + Windows OCR of picture pages; both rule sets (check-media.mjs, scan-documents.py)"
1WpjYd0D-6PReiXiJHPDPS9BO8QHpURBM,2026-10-06,cleared: General Service Office line,"document archive-gso-2022-letter-from-the-gso-general-manager-september-2022-en · pre-launch scan 2026-10-06: every page (pdftotext, PyMuPDF, pypdf) + Windows OCR of picture pages; both rule sets (check-media.mjs, scan-documents.py)"
12vRExXy0eLEnfJKABOxbpjTQU-5X2GTu,2026-10-06,cleared: General Service Office line,"document archive-gso-2022-letter-from-the-gso-general-manager-september-2022-es · pre-launch scan 2026-10-06: every page (pdftotext, PyMuPDF, pypdf) + Windows OCR of picture pages; both rule sets (check-media.mjs, scan-documents.py)"
1mOovDiAESYF_TIntL9visdMCJ2xqB2vg,2026-10-06,cleared: General Service Office line,"document archive-gso-2022-letter-to-conference-members-about-safety-april-2022-en · pre-launch scan 2026-10-06: every page (pdftotext, PyMuPDF, pypdf) + Windows OCR of picture pages; both rule sets (check-media.mjs, scan-documents.py)"
1GqD2LcqntqKImKihWO3RLCFeag3wROmz,2026-10-06,clean,"document archive-gso-2022-letter-to-conference-members-about-safety-april-2022-es · pre-launch scan 2026-10-06: every page (pdftotext, PyMuPDF, pypdf) + Windows OCR of picture pages; both rule sets (check-media.mjs, scan-documents.py)"
1h-FmSPhJG2rQhjD1xczqjgzr45yc6tSD,2026-10-06,clean,"document archive-gso-2022-memo-on-the-big-book-fifth-edition-april-2022-en · pre-launch scan 2026-10-06: every page (pdftotext, PyMuPDF, pypdf) + Windows OCR of picture pages; both rule sets (check-media.mjs, scan-documents.py)"
1MCtvJaREN6UCpOoriOw9BljoVegyyzAT,2026-10-06,clean,"document archive-gso-2022-memo-on-the-big-book-fifth-edition-april-2022-es · pre-launch scan 2026-10-06: every page (pdftotext, PyMuPDF, pypdf) + Windows OCR of picture pages; both rule sets (check-media.mjs, scan-documents.py)"
1fBpc8hKJHlXeLUj2fMlXdL474UxRV8cs,2026-10-06,clean,"document archive-gso-2022-memo-on-the-big-book-fourth-edition-april-2022-en · pre-launch scan 2026-10-06: every page (pdftotext, PyMuPDF, pypdf) + Windows OCR of picture pages; both rule sets (check-media.mjs, scan-documents.py)"
1mIFbB2Md7HxHFM80DPZpi3KouHnCWQxJ,2026-10-06,clean,"document archive-gso-2022-memo-on-the-big-book-fourth-edition-april-2022-es · pre-launch scan 2026-10-06: every page (pdftotext, PyMuPDF, pypdf) + Windows OCR of picture pages; both rule sets (check-media.mjs, scan-documents.py)"
1Z_Qr5Or3eAm4QpD_wh9NDxW4dt9lkfuI,2026-10-06,"cleared: General Service Office line; role or event mailbox, or a text-extraction fragment","document archive-gso-2022-memo-on-the-pamphlet-for-black-and-african-american-alcoholics-march-2022-en · pre-launch scan 2026-10-06: every page (pdftotext, PyMuPDF, pypdf) + Windows OCR of picture pages; both rule sets (check-media.mjs, scan-documents.py)"
1IYS8a0SQRE4lX4bCWjCLAMafwH-ZnUGc,2026-10-06,clean,"document archive-gso-2022-memo-on-the-pamphlet-for-black-and-african-american-alcoholics-march-2022-es · pre-launch scan 2026-10-06: every page (pdftotext, PyMuPDF, pypdf) + Windows OCR of picture pages; both rule sets (check-media.mjs, scan-documents.py)"
1iGRxtaGAh0QSZmycs0Y1QggeURqmzHrt,2026-10-06,clean,"document archive-gso-2022-memo-to-audio-technicians-gso-2022-en · pre-launch scan 2026-10-06: every page (pdftotext, PyMuPDF, pypdf) + Windows OCR of picture pages; both rule sets (check-media.mjs, scan-documents.py)"
1f8o0EPduqS-03bOw3qPkuGu6l65P05bs,2026-10-06,clean,"document archive-gso-2022-memo-to-audio-technicians-gso-2022-es · pre-launch scan 2026-10-06: every page (pdftotext, PyMuPDF, pypdf) + Windows OCR of picture pages; both rule sets (check-media.mjs, scan-documents.py)"
1qzhrJiLhJcAjb6BVc9scJH9l9vFb8_ii,2026-10-06,cleared: General Service Office line,"document archive-gso-2022-memo-to-conference-members-2022-final-report-timeline-en · pre-launch scan 2026-10-06: every page (pdftotext, PyMuPDF, pypdf) + Windows OCR of picture pages; both rule sets (check-media.mjs, scan-documents.py)"
1J9fNarBW0O9qtxZhu0yXfSLujXfQtl2O,2026-10-06,cleared: General Service Office line,"document archive-gso-2022-memo-to-conference-members-2022-final-report-timeline-es · pre-launch scan 2026-10-06: every page (pdftotext, PyMuPDF, pypdf) + Windows OCR of picture pages; both rule sets (check-media.mjs, scan-documents.py)"
1hQag-Z8T8G2ALSmDvzBFy49aW45U9n9f,2026-10-06,clean,"document archive-gso-2022-new-a-a-public-service-announcements-april-2022-en · pre-launch scan 2026-10-06: every page (pdftotext, PyMuPDF, pypdf) + Windows OCR of picture pages; both rule sets (check-media.mjs, scan-documents.py)"
1HFrA3oukHIMrrIHj-btP-_gI1bV4tg8d,2026-10-06,clean,"document archive-gso-2022-new-a-a-public-service-announcements-april-2022-es · pre-launch scan 2026-10-06: every page (pdftotext, PyMuPDF, pypdf) + Windows OCR of picture pages; both rule sets (check-media.mjs, scan-documents.py)"
1qL_29gfAMRSWedgnPHaI0t8WwozCyaJD,2026-10-06,"cleared: General Service Office line; sobriety phrase without a member's date (requirement, heading, total, anonymous sharing or length only)","document archive-gso-2022-procedure-for-electing-regional-trustee-candidates-gso-january-2022-en · pre-launch scan 2026-10-06: every page (pdftotext, PyMuPDF, pypdf) + Windows OCR of picture pages; both rule sets (check-media.mjs, scan-documents.py)"
1Yi6oU94cbNxZlI5tV_dCSvZ54JKkx_9F,2026-10-06,"cleared: General Service Office line; sobriety phrase without a member's date (requirement, heading, total, anonymous sharing or length only)","document archive-gso-2022-procedure-for-electing-regional-trustee-candidates-gso-january-2022-es · pre-launch scan 2026-10-06: every page (pdftotext, PyMuPDF, pypdf) + Windows OCR of picture pages; both rule sets (check-media.mjs, scan-documents.py)"
1kJwJWMKLNTJQSrctBQn-zLLCrQ6pnuO8,2026-10-06,"cleared: General Service Office line; role or event mailbox, or a text-extraction fragment; sobriety phrase without a member's date (requirement, heading, total, anonymous sharing or length only)","document archive-gso-2022-request-for-2024-gsc-theme-presentation-and-workshop-suggestions-august-2022-en · pre-launch scan 2026-10-06: every page (pdftotext, PyMuPDF, pypdf) + Windows OCR of picture pages; both rule sets (check-media.mjs, scan-documents.py)"
18wAIqZ12IW3dhL-Okw6eT4ySUQfIIkog,2026-10-06,cleared: General Service Office line,"document archive-gso-2022-request-for-2024-gsc-theme-presentation-and-workshop-suggestions-august-2022-es · pre-launch scan 2026-10-06: every page (pdftotext, PyMuPDF, pypdf) + Windows OCR of picture pages; both rule sets (check-media.mjs, scan-documents.py)"
1s7knuRpe9IzJ6ff-KjMMKEFFM1yXeQnY,2026-10-06,clean,"document archive-gso-2022-safety-and-a-a-flyer-f-228-2022-04-en · pre-launch scan 2026-10-06: every page (pdftotext, PyMuPDF, pypdf) + Windows OCR of picture pages; both rule sets (check-media.mjs, scan-documents.py)"
1XnpHkAQ1WZZkxzGPncP9-tn-brOq42i8,2026-10-06,clean,"document archive-gso-2022-safety-and-a-a-flyer-f-228-2022-04-es · pre-launch scan 2026-10-06: every page (pdftotext, PyMuPDF, pypdf) + Windows OCR of picture pages; both rule sets (check-media.mjs, scan-documents.py)"
1OHFVRhVaubIz7S9x2bFmWgTOxuqu1jai,2026-10-06,clean,"document archive-gso-2022-safety-and-a-a-our-common-welfare-smf-209-2022-04-en · pre-launch scan 2026-10-06: every page (pdftotext, PyMuPDF, pypdf) + Windows OCR of picture pages; both rule sets (check-media.mjs, scan-documents.py)"
1MhpO3rKLFMyv3MPu1vMIAyt3RRUuu2d2,2026-10-06,clean,"document archive-gso-2022-safety-card-for-a-a-groups-f-211-2022-04-en · pre-launch scan 2026-10-06: every page (pdftotext, PyMuPDF, pypdf) + Windows OCR of picture pages; both rule sets (check-media.mjs, scan-documents.py)"
16O3raavqh0R3uLxXX7aLuoVnKwxh2Mq1,2026-10-06,clean,"document archive-gso-2022-safety-card-for-a-a-groups-f-211-2022-04-es · pre-launch scan 2026-10-06: every page (pdftotext, PyMuPDF, pypdf) + Windows OCR of picture pages; both rule sets (check-media.mjs, scan-documents.py)"
1gkMFR76KAR9cSOjKZb0noyGJhpYNlXRc,2026-10-06,clean,"document archive-gso-2022-three-sample-letters-to-a-member-whose-anonymity-was-broken-2022-01-en · pre-launch scan 2026-10-06: every page (pdftotext, PyMuPDF, pypdf) + Windows OCR of picture pages; both rule sets (check-media.mjs, scan-documents.py)"
10jDeb5HKEdJAKQOAVsmfzELRIrn3SlBs,2026-10-06,clean,"document archive-gso-2022-three-sample-letters-to-a-member-whose-anonymity-was-broken-2022-01-es · pre-launch scan 2026-10-06: every page (pdftotext, PyMuPDF, pypdf) + Windows OCR of picture pages; both rule sets (check-media.mjs, scan-documents.py)"
1gvoro_4Qz5z4Q7O9BlfYTae2gCZTfGWJ,2026-10-06,clean,"document archive-gso-2022-update-on-big-book-hardcover-printing-delays-january-2022-en · pre-launch scan 2026-10-06: every page (pdftotext, PyMuPDF, pypdf) + Windows OCR of picture pages; both rule sets (check-media.mjs, scan-documents.py)"
1M8EA8CdbEIY5vstD4LZtaOR1LeUERAO3,2026-10-06,clean,"document archive-gso-2022-update-on-big-book-hardcover-printing-delays-january-2022-es · pre-launch scan 2026-10-06: every page (pdftotext, PyMuPDF, pypdf) + Windows OCR of picture pages; both rule sets (check-media.mjs, scan-documents.py)"
1BBPkgAOp7d8jEYfXv4dNRXwYx0WtXqJU,2026-10-06,clean,"document archive-gso-2022-writing-workshop-for-black-and-african-american-alcoholics-april-3-2022-flyer-en · pre-launch scan 2026-10-06: every page (pdftotext, PyMuPDF, pypdf) + Windows OCR of picture pages; both rule sets (check-media.mjs, scan-documents.py)"
1Hn1I7c_WjceqaSE1KUpYafU04UagBOzB,2026-10-06,"cleared: role or event mailbox, or a text-extraction fragment","document archive-gso-2022-young-people-s-video-project-2022-flyer-en · pre-launch scan 2026-10-06: every page (pdftotext, PyMuPDF, pypdf) + Windows OCR of picture pages; both rule sets (check-media.mjs, scan-documents.py)"
1VTzc7NhDByK6XiFgAZGpgY6qx_Hz70AP,2026-10-06,"cleared: role or event mailbox, or a text-extraction fragment","document archive-gso-2022-young-people-s-video-project-2022-flyer-es · pre-launch scan 2026-10-06: every page (pdftotext, PyMuPDF, pypdf) + Windows OCR of picture pages; both rule sets (check-media.mjs, scan-documents.py)"
1haI56k3F5x8ZFAVuWKwqqmHJhd2j50SN,2026-10-06,clean,"document archive-gso-2022-young-people-s-video-project-2022-poster-en · pre-launch scan 2026-10-06: every page (pdftotext, PyMuPDF, pypdf) + Windows OCR of picture pages; both rule sets (check-media.mjs, scan-documents.py)"
1IsWg5VQBISq5ufEPQ373LODRx3eTnIiQ,2026-10-06,clean,"document archive-gso-2023-a-letter-to-the-media-about-anonymity-f-21-february-2023-en · pre-launch scan 2026-10-06: every page (pdftotext, PyMuPDF, pypdf) + Windows OCR of picture pages; both rule sets (check-media.mjs, scan-documents.py)"
1ayAnmoEYKjDprdCP88rKiwW3Bg-f2xWI,2026-10-06,clean,"document archive-gso-2023-aa-grapevine-budget-2023-en · pre-launch scan 2026-10-06: every page (pdftotext, PyMuPDF, pypdf) + Windows OCR of picture pages; both rule sets (check-media.mjs, scan-documents.py)"
1m1adnDsbH3fmSbVdYWSRbxoRX7Lkv0f0,2026-10-06,clean,"document archive-gso-2023-aa-grapevine-budget-2023-es · pre-launch scan 2026-10-06: every page (pdftotext, PyMuPDF, pypdf) + Windows OCR of picture pages; both rule sets (check-media.mjs, scan-documents.py)"
1jF7ZOURnUa8LoPZZ3sjRnzJ7EbGtaZl5,2026-10-06,cleared: General Service Office line,"document archive-gso-2023-aagv-comunicado-aumento-precios-span-2023-es-redacted · pre-launch scan 2026-10-06: every page (pdftotext, PyMuPDF, pypdf) + Windows OCR of picture pages; both rule sets (check-media.mjs, scan-documents.py)"
1FyrjV1OdMmJT7ZE-t-vFwKLaZ9xIXi-b,2026-10-06,"cleared: General Service Office line; role or event mailbox, or a text-extraction fragment","document archive-gso-2023-announcement-appointed-committee-member-for-the-trustees-literature-committee-2023-05-en · pre-launch scan 2026-10-06: every page (pdftotext, PyMuPDF, pypdf) + Windows OCR of picture pages; both rule sets (check-media.mjs, scan-documents.py)"
1md7gwRkxdfjLd2i_7P9fBYIpmhcV2UmS,2026-10-06,"cleared: sobriety phrase without a member's date (requirement, heading, total, anonymous sharing or length only)","document archive-gso-2023-announcement-appointed-committee-member-for-the-trustees-literature-committee-2023-05-es · pre-launch scan 2026-10-06: every page (pdftotext, PyMuPDF, pypdf) + Windows OCR of picture pages; both rule sets (check-media.mjs, scan-documents.py)"
1zWNyj0Wn6DCNIoWLc5ofxE7bSnXW4Rya,2026-10-06,clean,"document archive-gso-2023-announcement-literature-price-increase-effective-april-3-2023-en · pre-launch scan 2026-10-06: every page (pdftotext, PyMuPDF, pypdf) + Windows OCR of picture pages; both rule sets (check-media.mjs, scan-documents.py)"
1-n1CVN9VUtVv41WxQ9VbuoARi2-xSNQk,2026-10-06,clean,"document archive-gso-2023-announcement-literature-price-increase-effective-april-3-2023-es · pre-launch scan 2026-10-06: every page (pdftotext, PyMuPDF, pypdf) + Windows OCR of picture pages; both rule sets (check-media.mjs, scan-documents.py)"
1R3mAfVZcIbXMYFpDQV41YmsH859Q0Iny,2026-10-06,clean,"document archive-gso-2023-class-a-trustee-vacancies-2024-announcement-and-election-procedures-en · pre-launch scan 2026-10-06: every page (pdftotext, PyMuPDF, pypdf) + Windows OCR of picture pages; both rule sets (check-media.mjs, scan-documents.py)"
11z9g9JBaoxSPFr7D6ozcb6I8H7sKoY2Q,2026-10-06,clean,"document archive-gso-2023-class-a-trustee-vacancies-2024-announcement-and-election-procedures-es · pre-launch scan 2026-10-06: every page (pdftotext, PyMuPDF, pypdf) + Windows OCR of picture pages; both rule sets (check-media.mjs, scan-documents.py)"
1Rc9k2_0q7K7zgERP8DWa8k7MHulGqZPz,2026-10-06,clean,"document archive-gso-2023-general-service-board-quarterly-report-4th-quarter-2023-f-14-en · pre-launch scan 2026-10-06: every page (pdftotext, PyMuPDF, pypdf) + Windows OCR of picture pages; both rule sets (check-media.mjs, scan-documents.py)"
1t7Ro1KfCfpXU7usa0l2BpQsy4X7J5WrO,2026-10-06,clean,"document archive-gso-2023-general-service-board-quarterly-report-4th-quarter-2023-f-14-es · pre-launch scan 2026-10-06: every page (pdftotext, PyMuPDF, pypdf) + Windows OCR of picture pages; both rule sets (check-media.mjs, scan-documents.py)"
1ArXWM-znoBuwKY9tDFziC6bUBk4Jzav0,2026-10-06,clean,"document archive-gso-2023-general-service-board-quarterly-report-july-september-2023-f-14-en · pre-launch scan 2026-10-06: every page (pdftotext, PyMuPDF, pypdf) + Windows OCR of picture pages; both rule sets (check-media.mjs, scan-documents.py)"
1Wohi2eCM1Nw9l0n9zMyXtg2pmx4fIkrP,2026-10-06,clean,"document archive-gso-2023-general-service-board-quarterly-report-july-september-2023-f-14-es · pre-launch scan 2026-10-06: every page (pdftotext, PyMuPDF, pypdf) + Windows OCR of picture pages; both rule sets (check-media.mjs, scan-documents.py)"
1ifUxnCqwGQul-UQyAP8470kFakfCsFIk,2026-10-06,"cleared: General Service Office line; role or event mailbox, or a text-extraction fragment","document archive-gso-2023-gsb-centennial-commemoration-ad-hoc-committee-announcement-2023-en · pre-launch scan 2026-10-06: every page (pdftotext, PyMuPDF, pypdf) + Windows OCR of picture pages; both rule sets (check-media.mjs, scan-documents.py)"
17ampg4k-6RKjnJ61mNeDKnG50g6S49oJ,2026-10-06,"cleared: General Service Office line; role or event mailbox, or a text-extraction fragment","document archive-gso-2023-gsb-centennial-commemoration-ad-hoc-committee-announcement-2023-es · pre-launch scan 2026-10-06: every page (pdftotext, PyMuPDF, pypdf) + Windows OCR of picture pages; both rule sets (check-media.mjs, scan-documents.py)"
1kyMwVENOCcqWDPVr6q8ey-pOkq2T8bgu,2026-10-06,clean,"document archive-gso-2023-gsb-treasurer-memo-grapevine-subscription-liability-reserve-fund-june-2023-en · pre-launch scan 2026-10-06: every page (pdftotext, PyMuPDF, pypdf) + Windows OCR of picture pages; both rule sets (check-media.mjs, scan-documents.py)"
1stl1q7I2wDvzgrKosu0n7bLcd9fKDpF0,2026-10-06,clean,"document archive-gso-2023-gsb-treasurer-memo-grapevine-subscription-liability-reserve-fund-june-2023-es · pre-launch scan 2026-10-06: every page (pdftotext, PyMuPDF, pypdf) + Windows OCR of picture pages; both rule sets (check-media.mjs, scan-documents.py)"
1On4qkr7ZdV6kDyJ8ceUXUP9vo64Zup5j,2026-10-06,clean,"document archive-gso-2023-gsb-treasurer-memo-insurance-settlement-from-the-2020-international-convention-en · pre-launch scan 2026-10-06: every page (pdftotext, PyMuPDF, pypdf) + Windows OCR of picture pages; both rule sets (check-media.mjs, scan-documents.py)"
1t62A7NodbYnZAmuBvulVIyjA-Qi2JMLT,2026-10-06,clean,"document archive-gso-2023-gso-operating-budget-2023-en · pre-launch scan 2026-10-06: every page (pdftotext, PyMuPDF, pypdf) + Windows OCR of picture pages; both rule sets (check-media.mjs, scan-documents.py)"
1eHVj9AURzWmcDCQvgeS6VlDbVn-FQrcF,2026-10-06,clean,"document archive-gso-2023-gso-operating-budget-2023-es · pre-launch scan 2026-10-06: every page (pdftotext, PyMuPDF, pypdf) + Windows OCR of picture pages; both rule sets (check-media.mjs, scan-documents.py)"
1DWtwuMMn3sGVTn8V06MxlyjVNG36cFXc,2026-10-06,clean,"document archive-gso-2023-gso-quarterly-financial-report-3rd-quarter-2023-en · pre-launch scan 2026-10-06: every page (pdftotext, PyMuPDF, pypdf) + Windows OCR of picture pages; both rule sets (check-media.mjs, scan-documents.py)"
1jV0atV5f8S4r_aoSW2YzKgFwqXZ65hpp,2026-10-06,clean,"document archive-gso-2023-gso-quarterly-financial-report-3rd-quarter-2023-es · pre-launch scan 2026-10-06: every page (pdftotext, PyMuPDF, pypdf) + Windows OCR of picture pages; both rule sets (check-media.mjs, scan-documents.py)"
1u9rSUM54WfZ33q73s8LfSuhWpP5JlL8I,2026-10-06,"cleared: not a phone number (figures in a table, receipt or ID number)","document archive-gso-2023-gso-quarterly-financial-report-4th-quarter-2023-and-2024-budgets-en · pre-launch scan 2026-10-06: every page (pdftotext, PyMuPDF, pypdf) + Windows OCR of picture pages; both rule sets (check-media.mjs, scan-documents.py)"
1VZm1jXaV4w64wTEH_q6MWOabtaHXVbKg,2026-10-06,"cleared: not a phone number (figures in a table, receipt or ID number)","document archive-gso-2023-gso-quarterly-financial-report-4th-quarter-2023-and-2024-budgets-es · pre-launch scan 2026-10-06: every page (pdftotext, PyMuPDF, pypdf) + Windows OCR of picture pages; both rule sets (check-media.mjs, scan-documents.py)"
1tzZ3suzUzn5UT7qVm5B5GoiTtzhHLkFy,2026-10-06,cleared: role mailbox,"document archive-gso-2023-gso-update-on-quarterly-contribution-statements-july-2023-en · pre-launch scan 2026-10-06: every page (pdftotext, PyMuPDF, pypdf) + Windows OCR of picture pages; both rule sets (check-media.mjs, scan-documents.py)"
1rz2Fs96XAUwl8c1cRgGYFyjtKmslXZsY,2026-10-06,cleared: role mailbox,"document archive-gso-2023-gso-update-on-quarterly-contribution-statements-july-2023-es · pre-launch scan 2026-10-06: every page (pdftotext, PyMuPDF, pypdf) + Windows OCR of picture pages; both rule sets (check-media.mjs, scan-documents.py)"
1d4xPdoZCz5rV-YC2FV4AsUd4H96x_IFJ,2026-10-06,clean,"document archive-gso-2023-letter-on-the-policy-admissions-committee-consideration-august-2023-en · pre-launch scan 2026-10-06: every page (pdftotext, PyMuPDF, pypdf) + Windows OCR of picture pages; both rule sets (check-media.mjs, scan-documents.py)"
1jMq4rwfI4oAj9nYhHN3ugft4jECnZ1oP,2026-10-06,cleared: General Service Office line,"document archive-gso-2023-letter-on-the-policy-admissions-committee-consideration-august-2023-es · pre-launch scan 2026-10-06: every page (pdftotext, PyMuPDF, pypdf) + Windows OCR of picture pages; both rule sets (check-media.mjs, scan-documents.py)"
14sX5F1iLn0VV1phbj76PAWQTV2OVsBMM,2026-10-06,"cleared: General Service Office line; role or event mailbox, or a text-extraction fragment","document archive-gso-2023-memo-on-anonymity-breaks-at-the-public-level-february-2023-en · pre-launch scan 2026-10-06: every page (pdftotext, PyMuPDF, pypdf) + Windows OCR of picture pages; both rule sets (check-media.mjs, scan-documents.py)"
1IRqYg_ExLpVYLSei0B7A73jQxxHjc1BG,2026-10-06,"cleared: General Service Office line; role or event mailbox, or a text-extraction fragment","document archive-gso-2023-memo-on-anonymity-breaks-at-the-public-level-february-2023-es · pre-launch scan 2026-10-06: every page (pdftotext, PyMuPDF, pypdf) + Windows OCR of picture pages; both rule sets (check-media.mjs, scan-documents.py)"
11KT9GOcAdRuQsZq7Bh1D1O_0kpeIP7c-,2026-10-06,clean,"document archive-gso-2023-memo-to-audio-technicians-f-226-february-2023-en · pre-launch scan 2026-10-06: every page (pdftotext, PyMuPDF, pypdf) + Windows OCR of picture pages; both rule sets (check-media.mjs, scan-documents.py)"
1FjcwZdpxfnrXehI67dtgQCzf1kz_aAXL,2026-10-06,clean,"document archive-gso-2023-memo-to-audio-technicians-f-226-february-2023-es · pre-launch scan 2026-10-06: every page (pdftotext, PyMuPDF, pypdf) + Windows OCR of picture pages; both rule sets (check-media.mjs, scan-documents.py)"
1FJpnk9_GC6qO0fzcXklB3vivXlOzxNgQ,2026-10-06,clean,"document archive-gso-2023-the-grapevine-and-la-vina-apps-flyer-2023-09-en · pre-launch scan 2026-10-06: every page (pdftotext, PyMuPDF, pypdf) + Windows OCR of picture pages; both rule sets (check-media.mjs, scan-documents.py)"
1dh1msiTru39YrL6fhoQXB8NfYv80BE8l,2026-10-06,clean,"document archive-gso-2023-the-grapevine-and-la-vina-apps-flyer-2023-09-es · pre-launch scan 2026-10-06: every page (pdftotext, PyMuPDF, pypdf) + Windows OCR of picture pages; both rule sets (check-media.mjs, scan-documents.py)"
1IQ1qhZnZpqVGsfw3RFQkA3yV8iOsgRXh,2026-10-06,clean,"document archive-gso-2023-three-sample-letters-to-a-member-whose-anonymity-was-broken-2023-en · pre-launch scan 2026-10-06: every page (pdftotext, PyMuPDF, pypdf) + Windows OCR of picture pages; both rule sets (check-media.mjs, scan-documents.py)"
1sb51UZewyLB1l_x-lAJml3Jvh59RhHwU,2026-10-06,clean,"document archive-gso-2023-three-sample-letters-to-a-member-whose-anonymity-was-broken-2023-es · pre-launch scan 2026-10-06: every page (pdftotext, PyMuPDF, pypdf) + Windows OCR of picture pages; both rule sets (check-media.mjs, scan-documents.py)"
1grY1MRBYBnz2ijbRGiBEjzE8TP2Afx4b,2026-10-06,"cleared: sobriety phrase without a member's date (requirement, heading, total, anonymous sharing or length only)","document archive-gso-2023-vacancy-non-trustee-director-aa-grapevine-board-june-2023-en · pre-launch scan 2026-10-06: every page (pdftotext, PyMuPDF, pypdf) + Windows OCR of picture pages; both rule sets (check-media.mjs, scan-documents.py)"
1nWlHuG94O9jM26vw0B0lvqJ-H8Mx_HKM,2026-10-06,cleared: General Service Office line,"document archive-gso-2024-about-a-a-newsletter-for-professionals-fall-2024-en · pre-launch scan 2026-10-06: every page (pdftotext, PyMuPDF, pypdf) + Windows OCR of picture pages; both rule sets (check-media.mjs, scan-documents.py)"
1SU-lMJ_CIPk3Uq2F6ptyTtaBpJhjobcr,2026-10-06,clean,"document archive-gso-2024-general-service-board-quarterly-report-3rd-quarter-2024-f-14-en · pre-launch scan 2026-10-06: every page (pdftotext, PyMuPDF, pypdf) + Windows OCR of picture pages; both rule sets (check-media.mjs, scan-documents.py)"
1NktKTrCgi3WhHwhr3Fu2FMEMHm1uIPDR,2026-10-06,clean,"document archive-gso-2024-general-service-board-quarterly-report-3rd-quarter-2024-f-14-es · pre-launch scan 2026-10-06: every page (pdftotext, PyMuPDF, pypdf) + Windows OCR of picture pages; both rule sets (check-media.mjs, scan-documents.py)"
1JEjjYVt53_w6ZgVdDbLugjgTifWmApch,2026-10-06,clean,"document archive-gso-2024-general-service-board-quarterly-report-4th-quarter-2024-f-14-en · pre-launch scan 2026-10-06: every page (pdftotext, PyMuPDF, pypdf) + Windows OCR of picture pages; both rule sets (check-media.mjs, scan-documents.py)"
1SKJjVkErU7KW1u0h_8NV-hKO8g-oLb-X,2026-10-06,clean,"document archive-gso-2024-general-service-board-quarterly-report-4th-quarter-2024-f-14-es · pre-launch scan 2026-10-06: every page (pdftotext, PyMuPDF, pypdf) + Windows OCR of picture pages; both rule sets (check-media.mjs, scan-documents.py)"
1TJAZGA_mRksH1GLGt3EJJCPlTLQtQKxc,2026-10-06,clean,"document archive-gso-2024-gso-quarterly-financial-report-1st-quarter-2024-en · pre-launch scan 2026-10-06: every page (pdftotext, PyMuPDF, pypdf) + Windows OCR of picture pages; both rule sets (check-media.mjs, scan-documents.py)"
1QK3EuKX459qCnqH-t7T-fTRCnbxPJHm6,2026-10-06,clean,"document archive-gso-2024-gso-quarterly-financial-report-2nd-quarter-2024-en · pre-launch scan 2026-10-06: every page (pdftotext, PyMuPDF, pypdf) + Windows OCR of picture pages; both rule sets (check-media.mjs, scan-documents.py)"
1J53X1Ig7aLOqF9ZBbhvl7nzFIvEAx_wH,2026-10-06,clean,"document archive-gso-2024-gso-quarterly-financial-report-3rd-quarter-2024-en · pre-launch scan 2026-10-06: every page (pdftotext, PyMuPDF, pypdf) + Windows OCR of picture pages; both rule sets (check-media.mjs, scan-documents.py)"
14sOYZXkKdscEfznXgh1uDke29GNnU2xN,2026-10-06,clean,"document archive-gso-2024-gso-quarterly-financial-report-3rd-quarter-2024-es · pre-launch scan 2026-10-06: every page (pdftotext, PyMuPDF, pypdf) + Windows OCR of picture pages; both rule sets (check-media.mjs, scan-documents.py)"
1styN-qzINNvHr5YvX2foniz0LHtz8wei,2026-10-06,clean,"document archive-gso-2024-gso-quarterly-financial-report-4th-quarter-2024-en · pre-launch scan 2026-10-06: every page (pdftotext, PyMuPDF, pypdf) + Windows OCR of picture pages; both rule sets (check-media.mjs, scan-documents.py)"
1LAHw0c84_0am1LyO399HdUdG6ZToKToZ,2026-10-06,clean,"document archive-gso-2024-gso-quarterly-financial-report-4th-quarter-2024-es · pre-launch scan 2026-10-06: every page (pdftotext, PyMuPDF, pypdf) + Windows OCR of picture pages; both rule sets (check-media.mjs, scan-documents.py)"
1HL-hXPp9nAhWfEav7FwaNtfF5C-PHs8O,2026-10-06,cleared: General Service Office line,"document archive-gso-2024-international-convention-limited-use-logo-memo-march-2024-en · pre-launch scan 2026-10-06: every page (pdftotext, PyMuPDF, pypdf) + Windows OCR of picture pages; both rule sets (check-media.mjs, scan-documents.py)"
1FR8BhODqEQCajsoqT7Tkre4GuGI5wgv_,2026-10-06,cleared: General Service Office line,"document archive-gso-2024-international-convention-request-for-non-a-a-speaker-suggestions-april-2024-en · pre-launch scan 2026-10-06: every page (pdftotext, PyMuPDF, pypdf) + Windows OCR of picture pages; both rule sets (check-media.mjs, scan-documents.py)"
1duwIv4HugA9IjpgL65-YmDCPfKMae72B,2026-10-06,clean,"document archive-gso-2024-memo-on-the-plan-for-a-a-s-inventory-pai-communications-november-2024-en · pre-launch scan 2026-10-06: every page (pdftotext, PyMuPDF, pypdf) + Windows OCR of picture pages; both rule sets (check-media.mjs, scan-documents.py)"
127g_viqQww7qsZYL3G1mWZvhmtgoyVrp,2026-10-06,clean,"document archive-gso-2024-plain-language-big-book-flyer-2024-08-en · pre-launch scan 2026-10-06: every page (pdftotext, PyMuPDF, pypdf) + Windows OCR of picture pages; both rule sets (check-media.mjs, scan-documents.py)"
1K1rxFgGD47yghP5EDLQyZ8MIbBaBHnUt,2026-10-06,clean,"document archive-gso-2024-plain-language-big-book-flyer-2024-08-es · pre-launch scan 2026-10-06: every page (pdftotext, PyMuPDF, pypdf) + Windows OCR of picture pages; both rule sets (check-media.mjs, scan-documents.py)"
1W6k91ZI_wLV1f4Wag_s55Y6-vbxiWL60,2026-10-06,"cleared: role or event mailbox, or a text-extraction fragment","document archive-gso-2024-remote-communities-communicator-spring-2024-en · pre-launch scan 2026-10-06: every page (pdftotext, PyMuPDF, pypdf) + Windows OCR of picture pages; both rule sets (check-media.mjs, scan-documents.py)"
1DOObH8H521bpg7O23Jlpfy91ZayaZy8C,2026-10-06,"cleared: role or event mailbox, or a text-extraction fragment","document archive-gso-2024-remote-communities-communicator-spring-2024-es · pre-launch scan 2026-10-06: every page (pdftotext, PyMuPDF, pypdf) + Windows OCR of picture pages; both rule sets (check-media.mjs, scan-documents.py)"
1ynKjXwccM9e15KkssWBMFAbezTUHQqOi,2026-10-06,clean,"document archive-gso-2024-young-people-s-video-project-share-your-experience-poster-2024-01-en · pre-launch scan 2026-10-06: every page (pdftotext, PyMuPDF, pypdf) + Windows OCR of picture pages; both rule sets (check-media.mjs, scan-documents.py)"
1w9c-XjgD98eZ3YEctZpR4BIK8PV9kv_Z,2026-10-06,clean,"document archive-guidelines-1999-finance-committee-guidelines-1999-en · pre-launch scan 2026-10-06: every page (pdftotext, PyMuPDF, pypdf) + Windows OCR of picture pages; both rule sets (check-media.mjs, scan-documents.py)"
1_bz-c_RRo_QioMStIb2QK2y9P_BBAVsE,2026-10-06,clean,"document archive-guidelines-2000-guidelines-special-needs-english-2000-en · pre-launch scan 2026-10-06: every page (pdftotext, PyMuPDF, pypdf) + Windows OCR of picture pages; both rule sets (check-media.mjs, scan-documents.py)"
1ZUEhSwLyzVLhNAr_H69qGWKQKA-tlA2Z,2026-10-06,clean,"document archive-guidelines-2004-english-literature-guidelines-2004-en · pre-launch scan 2026-10-06: every page (pdftotext, PyMuPDF, pypdf) + Windows OCR of picture pages; both rule sets (check-media.mjs, scan-documents.py)"
1WCnRUX6UGGpz-No8Pogn_YSnIw2i0Q6l,2026-10-06,clean,"document archive-guidelines-2007-corrections-guidelines-final-draft-2007-en · pre-launch scan 2026-10-06: every page (pdftotext, PyMuPDF, pypdf) + Windows OCR of picture pages; both rule sets (check-media.mjs, scan-documents.py)"
1aYaVOkpv7iF99eoDELihh9hN8JxdVtRj,2026-10-06,cleared: General Service Office line,"document archive-guidelines-2008-2008-02-yp-videos-guidelines-eng-en · pre-launch scan 2026-10-06: every page (pdftotext, PyMuPDF, pypdf) + Windows OCR of picture pages; both rule sets (check-media.mjs, scan-documents.py)"
1T0ZhQ5A54Gx3fcHcM5NI0PhlUw0IA4Ef,2026-10-06,cleared: General Service Office line,"document archive-guidelines-2008-gso-aa-internet-faq-2008-en · pre-launch scan 2026-10-06: every page (pdftotext, PyMuPDF, pypdf) + Windows OCR of picture pages; both rule sets (check-media.mjs, scan-documents.py)"
1_IIn5_Z3teqF2BlSUUygE_xIVBsVxVXg,2026-10-06,clean,"document archive-guidelines-2009-msca-bylaws-final-12-2009-en · pre-launch scan 2026-10-06: every page (pdftotext, PyMuPDF, pypdf) + Windows OCR of picture pages; both rule sets (check-media.mjs, scan-documents.py)"
1zt7xoawmt5EOLcIKnWIb-HBgS4Kzq7eK,2026-10-06,"cleared: sobriety phrase without a member's date (requirement, heading, total, anonymous sharing or length only)","document archive-guidelines-2016-grapevine-lavina-final-guidelines-in-english-january-2016-en · pre-launch scan 2026-10-06: every page (pdftotext, PyMuPDF, pypdf) + Windows OCR of picture pages; both rule sets (check-media.mjs, scan-documents.py)"
1RJL48uDHyVsoEFyzYNrABK3P9Cin1IdV,2026-10-06,"cleared: sobriety phrase without a member's date (requirement, heading, total, anonymous sharing or length only)","document archive-guidelines-2016-grapevine-lavina-final-guidelines-in-spanish-january-2016-es · pre-launch scan 2026-10-06: every page (pdftotext, PyMuPDF, pypdf) + Windows OCR of picture pages; both rule sets (check-media.mjs, scan-documents.py)"
1UB1F6Jc5CVJDdu9jyUPXUMDhfbR96ODZ,2026-10-06,clean,"document archive-guidelines-2017-msca-bylaws-as-of-january-2017-en · pre-launch scan 2026-10-06: every page (pdftotext, PyMuPDF, pypdf) + Windows OCR of picture pages; both rule sets (check-media.mjs, scan-documents.py)"
18QkWBYbCD1phFjZpMpMCB2Nyqob26mn6,2026-10-06,clean,"document archive-guidelines-2017-msca-guidelines-january-2017-en · pre-launch scan 2026-10-06: every page (pdftotext, PyMuPDF, pypdf) + Windows OCR of picture pages; both rule sets (check-media.mjs, scan-documents.py)"
1y0PYPxx0uWLVX07bB2bbQD28_1asxMjp,2026-10-06,clean,"document archive-guidelines-2017-msca09-gap-committeeguidelines-05222017-en · pre-launch scan 2026-10-06: every page (pdftotext, PyMuPDF, pypdf) + Windows OCR of picture pages; both rule sets (check-media.mjs, scan-documents.py)"
1COKwRDTUW15P5iaBDE6PRjpOV0Nu6_M5,2026-10-06,clean,"document archive-guidelines-2018-dcm-overview-area09-august-2018-en · pre-launch scan 2026-10-06: every page (pdftotext, PyMuPDF, pypdf) + Windows OCR of picture pages; both rule sets (check-media.mjs, scan-documents.py)"
1T4ilDJR6Yv7yNLcRExr8mZKwOfyPtXLe,2026-10-06,clean,"document archive-guidelines-2019-guidelines-finance-committee-english-draft-2019-02-13-en · pre-launch scan 2026-10-06: every page (pdftotext, PyMuPDF, pypdf) + Windows OCR of picture pages; both rule sets (check-media.mjs, scan-documents.py)"
10ir_n2MxoZqn8cmMMLfT9CNaMbn6fngY,2026-10-06,clean,"document archive-guidelines-2019-guidelines-finance-committee-spanish-draft-2019-02-13-es · pre-launch scan 2026-10-06: every page (pdftotext, PyMuPDF, pypdf) + Windows OCR of picture pages; both rule sets (check-media.mjs, scan-documents.py)"
1H5eabF43s8Nb_aiiVqaLknF4-nr58N0X,2026-10-06,clean,"document archive-guidelines-2019-guidelines-msca-yppa-ver1-english-2019-01-15-en · pre-launch scan 2026-10-06: every page (pdftotext, PyMuPDF, pypdf) + Windows OCR of picture pages; both rule sets (check-media.mjs, scan-documents.py)"
1bdDtxflyWf8KuYOJbeU9TjvTZU5gVeP4,2026-10-06,clean,"document archive-guidelines-2019-guidelines-msca-yppa-ver1-spanish-2019-01-15-es · pre-launch scan 2026-10-06: every page (pdftotext, PyMuPDF, pypdf) + Windows OCR of picture pages; both rule sets (check-media.mjs, scan-documents.py)"
1WQib7r_k1OEFu7UM54VRmRIsE9tg_qWw,2026-10-06,clean,"document archive-guidelines-2021-archives-guidelines-revision-g-sp-jan-2015-es · pre-launch scan 2026-10-06: every page (pdftotext, PyMuPDF, pypdf) + Windows OCR of picture pages; both rule sets (check-media.mjs, scan-documents.py)"
1fWAYDQp0-2HJ-Gk_g2hSMM8I1XaIlm4-,2026-10-06,clean,"document archive-guidelines-2021-area-bylaws-2021-en · pre-launch scan 2026-10-06: every page (pdftotext, PyMuPDF, pypdf) + Windows OCR of picture pages; both rule sets (check-media.mjs, scan-documents.py)"
1h0buZTBU_k2AVYnqhK1b8UYOl0t8ZdKP,2026-10-06,clean,"document archive-guidelines-2021-area-guidelines-revision-n-august-2021-en · pre-launch scan 2026-10-06: every page (pdftotext, PyMuPDF, pypdf) + Windows OCR of picture pages; both rule sets (check-media.mjs, scan-documents.py)"
1VjUkscd3IOKV5e2dhBzxiWVfLJ74zKKS,2026-10-06,"cleared: sobriety phrase without a member's date (requirement, heading, total, anonymous sharing or length only)","document archive-guidelines-2021-dcm-school-committee-guidelines-may-2021-es · pre-launch scan 2026-10-06: every page (pdftotext, PyMuPDF, pypdf) + Windows OCR of picture pages; both rule sets (check-media.mjs, scan-documents.py)"
1BF-cpxDn0EecttaVs_WiowDuPaA2b3lZ,2026-10-06,clean,"document archive-guidelines-2021-guidelines-dcm-school-english-2021-1-en · pre-launch scan 2026-10-06: every page (pdftotext, PyMuPDF, pypdf) + Windows OCR of picture pages; both rule sets (check-media.mjs, scan-documents.py)"
1Djii-tJDEnD090ptLlGy5Jmucr6a3bfK,2026-10-06,"cleared: sobriety phrase without a member's date (requirement, heading, total, anonymous sharing or length only)","document archive-guidelines-2021-guidelines-grapevine-lavina-spanish-2016-es · pre-launch scan 2026-10-06: every page (pdftotext, PyMuPDF, pypdf) + Windows OCR of picture pages; both rule sets (check-media.mjs, scan-documents.py)"
1hpXIh9ZhwZWr7C3YWfDsoiBJxkOvIpfx,2026-10-06,clean,"document archive-guidelines-2021-guidelines-msca-guidelines-and-policy-gap-committee-2017-en · pre-launch scan 2026-10-06: every page (pdftotext, PyMuPDF, pypdf) + Windows OCR of picture pages; both rule sets (check-media.mjs, scan-documents.py)"
1NXocfeZBhvxq8MhlCD0boW7hun8R8Qwn,2026-10-06,clean,"document archive-guidelines-2021-guidelines-msca-special-needs-english-2003-1-en · pre-launch scan 2026-10-06: every page (pdftotext, PyMuPDF, pypdf) + Windows OCR of picture pages; both rule sets (check-media.mjs, scan-documents.py)"
1lWDJ86hyTKonuhtpn3F4ekVWebUE54sg,2026-10-06,clean,"document archive-guidelines-2021-guidelines-treatment-committee-spanish-2004-es · pre-launch scan 2026-10-06: every page (pdftotext, PyMuPDF, pypdf) + Windows OCR of picture pages; both rule sets (check-media.mjs, scan-documents.py)"
1UtxbHIIQR6cZwUDKrfCKezYcMxEJjLO6,2026-10-06,clean,"document archive-guidelines-2021-literature-guidelines-spanish-2013-es · pre-launch scan 2026-10-06: every page (pdftotext, PyMuPDF, pypdf) + Windows OCR of picture pages; both rule sets (check-media.mjs, scan-documents.py)"
1gOOLSNJu4vUw8I8zVJ-FA5k3FII-cuzL,2026-10-06,clean,"document archive-guidelines-2022-area-guidelines-revision-o-may-2022-en · pre-launch scan 2026-10-06: every page (pdftotext, PyMuPDF, pypdf) + Windows OCR of picture pages; both rule sets (check-media.mjs, scan-documents.py)"
1ItINYIGsun9bd8AobeGWt5G7N_nRHHZa,2026-10-06,"cleared: not a member's full name (place, group, heading, staff or historic name); sobriety phrase without a member's date (requirement, heading, total, anonymous sharing or length only)","document archive-guidelines-2022-area-guidelines-revision-o-may-2022-es · pre-launch scan 2026-10-06: every page (pdftotext, PyMuPDF, pypdf) + Windows OCR of picture pages; both rule sets (check-media.mjs, scan-documents.py)"
1scnK1955dNt14Bw5wkHmzlhwCPVnPY8V,2026-10-06,clean,"document archive-guidelines-2022-communications-committee-guidelines-revised-draft-late-2022-en · pre-launch scan 2026-10-06: every page (pdftotext, PyMuPDF, pypdf) + Windows OCR of picture pages; both rule sets (check-media.mjs, scan-documents.py)"
1Js-USrAa7hiFAppGBsbsCfvISXiYI2vp,2026-10-06,clean,"document archive-guidelines-2022-communications-committee-guidelines-revised-draft-late-2022-es · pre-launch scan 2026-10-06: every page (pdftotext, PyMuPDF, pypdf) + Windows OCR of picture pages; both rule sets (check-media.mjs, scan-documents.py)"
1F4uUWtmBJxW3js_5aGIpyoY-KdCm8FqE,2026-10-06,clean,"document archive-guidelines-2023-area-guidelines-proposed-revision-june-2023-en · pre-launch scan 2026-10-06: every page (pdftotext, PyMuPDF, pypdf) + Windows OCR of picture pages; both rule sets (check-media.mjs, scan-documents.py)"
1-7noXYEvLF9-_ai-ARYqNTqOaaxKVPW0,2026-10-06,clean,"document archive-guidelines-2023-area-guidelines-proposed-revision-spanish-translation-june-2023-es · pre-launch scan 2026-10-06: every page (pdftotext, PyMuPDF, pypdf) + Windows OCR of picture pages; both rule sets (check-media.mjs, scan-documents.py)"
1wPp9ksjd2yp0JczBQEvqrwY9ZjQBA9HQ,2026-10-06,clean,"document archive-guidelines-2023-literature-committee-guidelines-draft-3-october-2023-en · pre-launch scan 2026-10-06: every page (pdftotext, PyMuPDF, pypdf) + Windows OCR of picture pages; both rule sets (check-media.mjs, scan-documents.py)"
1MX3i2RM9VHj-mhJ_cJJ19tr3xXYqiSy_,2026-10-06,"cleared: sobriety phrase without a member's date (requirement, heading, total, anonymous sharing or length only)","document archive-guidelines-2023-literature-committee-guidelines-draft-3-october-2023-es · pre-launch scan 2026-10-06: every page (pdftotext, PyMuPDF, pypdf) + Windows OCR of picture pages; both rule sets (check-media.mjs, scan-documents.py)"
19rnMVN_qybZyfSDu7o_Xh-IzHCSBt7hB,2026-10-06,clean,"document archive-guidelines-2023-literature-committee-guidelines-revised-draft-2-2023-en · pre-launch scan 2026-10-06: every page (pdftotext, PyMuPDF, pypdf) + Windows OCR of picture pages; both rule sets (check-media.mjs, scan-documents.py)"
1aeL1D7EaMARuKyQr5Rywa-WN7uni9Df6,2026-10-06,clean,"document archive-guidelines-2023-literature-committee-guidelines-revised-draft-3-2023-en · pre-launch scan 2026-10-06: every page (pdftotext, PyMuPDF, pypdf) + Windows OCR of picture pages; both rule sets (check-media.mjs, scan-documents.py)"
1marhXJNIzivpoZH63YvnkewZ4_M-mizS,2026-10-06,clean,"document archive-guidelines-2023-technology-committee-guidelines-draft-revision-b-march-2023-en · pre-launch scan 2026-10-06: every page (pdftotext, PyMuPDF, pypdf) + Windows OCR of picture pages; both rule sets (check-media.mjs, scan-documents.py)"
1GqIM0n3O9bg12MuYynM93CZVLhQmEyDE,2026-10-06,clean,"document archive-guidelines-2023-technology-committee-guidelines-draft-revision-b-revised-march-2023-en · pre-launch scan 2026-10-06: every page (pdftotext, PyMuPDF, pypdf) + Windows OCR of picture pages; both rule sets (check-media.mjs, scan-documents.py)"
1S25lfbOJ5AQ3aFgZL_73GiPobs0pF3D6,2026-10-06,clean,"document archive-guidelines-2024-archives-committee-guidelines-revision-g-2024-gap-review-copy-es · pre-launch scan 2026-10-06: every page (pdftotext, PyMuPDF, pypdf) + Windows OCR of picture pages; both rule sets (check-media.mjs, scan-documents.py)"
1XDGHFG_eOD_YWnvhwdIGsXww_dqGzWNg,2026-10-06,clean,"document archive-guidelines-2024-treatment-facilities-committee-guidelines-2024-es · pre-launch scan 2026-10-06: every page (pdftotext, PyMuPDF, pypdf) + Windows OCR of picture pages; both rule sets (check-media.mjs, scan-documents.py)"
1db986Rbtcom_IvhmYuW7NJdVpdTJueNl,2026-10-06,clean,"document archive-guidelines-aa-msca-acc-guidelines-10-08-spanish-es · pre-launch scan 2026-10-06: every page (pdftotext, PyMuPDF, pypdf) + Windows OCR of picture pages; both rule sets (check-media.mjs, scan-documents.py)"
1eIHzJjM4nF0T4QvJngunm65mS9LcSTrS,2026-10-06,clean,"document archive-guidelines-aa-msca-acc-guidelines-spanish-final-01-09-es · pre-launch scan 2026-10-06: every page (pdftotext, PyMuPDF, pypdf) + Windows OCR of picture pages; both rule sets (check-media.mjs, scan-documents.py)"
1L5M-4SI7fMiCJ_gypZaPjyiheX2JVfRz,2026-10-06,clean,"document archive-guidelines-aa-msca-accc-guidelines-final-01-09-no-watermark-en · pre-launch scan 2026-10-06: every page (pdftotext, PyMuPDF, pypdf) + Windows OCR of picture pages; both rule sets (check-media.mjs, scan-documents.py)"
1j2jL6_PO8qf5ZhIPeiOC3Wa-zQWyAUc6,2026-10-06,clean,"document archive-guidelines-archguide-en · pre-launch scan 2026-10-06: every page (pdftotext, PyMuPDF, pypdf) + Windows OCR of picture pages; both rule sets (check-media.mjs, scan-documents.py)"
1Knd0JTSutAXHgB7_x8Qa0LWhpvv_78m8,2026-10-06,clean,"document archive-guidelines-archives-guidelines-revision-g-sp-es · pre-launch scan 2026-10-06: every page (pdftotext, PyMuPDF, pypdf) + Windows OCR of picture pages; both rule sets (check-media.mjs, scan-documents.py)"
1exOOBFs8DysNxl4GtSGGhCoqvB92-rxm,2026-10-06,clean,"document archive-guidelines-area09-sound-guidelines-en · pre-launch scan 2026-10-06: every page (pdftotext, PyMuPDF, pypdf) + Windows OCR of picture pages; both rule sets (check-media.mjs, scan-documents.py)"
1ky8AfwVcjOiI-E7Q1ZEtaYtnZ1gfehJn,2026-10-06,"cleared: sobriety phrase without a member's date (requirement, heading, total, anonymous sharing or length only)","document archive-guidelines-cecgl-en · pre-launch scan 2026-10-06: every page (pdftotext, PyMuPDF, pypdf) + Windows OCR of picture pages; both rule sets (check-media.mjs, scan-documents.py)"
1DYVa64Sm3CIOdRXv6NOF5mNJ1JKI778P,2026-10-06,clean,"document archive-guidelines-clglines-en · pre-launch scan 2026-10-06: every page (pdftotext, PyMuPDF, pypdf) + Windows OCR of picture pages; both rule sets (check-media.mjs, scan-documents.py)"
1b6us3KppFJiAwJuxSpQWYK19IMFCQRan,2026-10-06,clean,"document archive-guidelines-committee-for-policy-and-procedure-02-09-en · pre-launch scan 2026-10-06: every page (pdftotext, PyMuPDF, pypdf) + Windows OCR of picture pages; both rule sets (check-media.mjs, scan-documents.py)"
1qCzQUV8G9P55pyELeIzGSegx7eAXu-Fj,2026-10-06,clean,"document archive-guidelines-cpcglines2-en · pre-launch scan 2026-10-06: every page (pdftotext, PyMuPDF, pypdf) + Windows OCR of picture pages; both rule sets (check-media.mjs, scan-documents.py)"
10VAwDe3R_UJ2ycNgLlbwDAy8FdsfWiXJ,2026-10-06,clean,"document archive-guidelines-dcm-conference-process-en · pre-launch scan 2026-10-06: every page (pdftotext, PyMuPDF, pypdf) + Windows OCR of picture pages; both rule sets (check-media.mjs, scan-documents.py)"
1n2sTWGMpKT1ZjdHj28cecbMip5ptF3aP,2026-10-06,clean,"document archive-guidelines-dcmglines-en · pre-launch scan 2026-10-06: every page (pdftotext, PyMuPDF, pypdf) + Windows OCR of picture pages; both rule sets (check-media.mjs, scan-documents.py)"
1X9n1N9jVzf6N4R9QgPlNvNO0_uGNc7Zt,2026-10-06,cleared: General Service Office line,"document archive-guidelines-faq-on-a-a-websites-en · pre-launch scan 2026-10-06: every page (pdftotext, PyMuPDF, pypdf) + Windows OCR of picture pages; both rule sets (check-media.mjs, scan-documents.py)"
1p8OhYKfF45uVPqj-quNhNAQxClzM3lvp,2026-10-06,clean,"document archive-guidelines-final-english-area-guidelines-revision-h-12-14-08-en · pre-launch scan 2026-10-06: every page (pdftotext, PyMuPDF, pypdf) + Windows OCR of picture pages; both rule sets (check-media.mjs, scan-documents.py)"
1X6GN3pay1u866JGo_-IQC_PUSfHQ97FE,2026-10-06,"cleared: sobriety phrase without a member's date (requirement, heading, total, anonymous sharing or length only)","document archive-guidelines-final-spansih-area-guidelines-revision-h-12-14-08-en · pre-launch scan 2026-10-06: every page (pdftotext, PyMuPDF, pypdf) + Windows OCR of picture pages; both rule sets (check-media.mjs, scan-documents.py)"
14Qdv4c8ol1E_uozMm1rt8A_heaZvDRR8,2026-10-06,clean,"document archive-guidelines-gsr-school-en · pre-launch scan 2026-10-06: every page (pdftotext, PyMuPDF, pypdf) + Windows OCR of picture pages; both rule sets (check-media.mjs, scan-documents.py)"
1QYjpDr4Rggt0uD4T10lmXtYPhziRGuXF,2026-10-06,clean,"document archive-guidelines-guidelines-gsr-school-english-en · pre-launch scan 2026-10-06: every page (pdftotext, PyMuPDF, pypdf) + Windows OCR of picture pages; both rule sets (check-media.mjs, scan-documents.py)"
11zQTj8NML4xD4c9NmmQ142lSUA8_fmy1,2026-10-06,clean,"document archive-guidelines-making-a-motion-with-the-gap-committee-en · pre-launch scan 2026-10-06: every page (pdftotext, PyMuPDF, pypdf) + Windows OCR of picture pages; both rule sets (check-media.mjs, scan-documents.py)"
1qXoL2X2g4HPppOri-gfJZ7RXiBYHw9io,2026-10-06,clean,"document archive-guidelines-msca-business-meeting-procedures-en · pre-launch scan 2026-10-06: every page (pdftotext, PyMuPDF, pypdf) + Windows OCR of picture pages; both rule sets (check-media.mjs, scan-documents.py)"
1oKEwKwtk5E6xlWSdl-0lERNY0sQ8scbX,2026-10-06,clean,"document archive-guidelines-mscaglinesg-en · pre-launch scan 2026-10-06: every page (pdftotext, PyMuPDF, pypdf) + Windows OCR of picture pages; both rule sets (check-media.mjs, scan-documents.py)"
1CuPqjSseiajbH-sdGWwqhNKcUrMm5bj3,2026-10-06,clean,"document archive-guidelines-mscahostguide-en · pre-launch scan 2026-10-06: every page (pdftotext, PyMuPDF, pypdf) + Windows OCR of picture pages; both rule sets (check-media.mjs, scan-documents.py)"
1ji2VKze1y5OVRJm7JAGwh3HGaSGoKQtX,2026-10-06,clean,"document archive-guidelines-mscahostguide-rev-en · pre-launch scan 2026-10-06: every page (pdftotext, PyMuPDF, pypdf) + Windows OCR of picture pages; both rule sets (check-media.mjs, scan-documents.py)"
1N3TQNLPJlVocyASp6nZ2ZbdE_EdwlYIM,2026-10-06,"cleared: not a member's full name (place, group, heading, staff or historic name)","document archive-guidelines-newsgl090407-en · pre-launch scan 2026-10-06: every page (pdftotext, PyMuPDF, pypdf) + Windows OCR of picture pages; both rule sets (check-media.mjs, scan-documents.py)"
17Va_xvPlWWvaf3puUdMd8JnjFFbSojUf,2026-10-06,clean,"document archive-guidelines-piglines-en · pre-launch scan 2026-10-06: every page (pdftotext, PyMuPDF, pypdf) + Windows OCR of picture pages; both rule sets (check-media.mjs, scan-documents.py)"
15UCPqPbIDrLy7_3SfFXlWJzc7i86HnDr,2026-10-06,clean,"document archive-guidelines-proposal-for-amendment-to-the-msca-09-guidelines-9-01-02-09-en · pre-launch scan 2026-10-06: every page (pdftotext, PyMuPDF, pypdf) + Windows OCR of picture pages; both rule sets (check-media.mjs, scan-documents.py)"
1CBYZ9W9Wl2aS6GZDKWCgumwljsurZHHF,2026-10-06,clean,"document archive-guidelines-proposal-for-amendment-to-the-msca-09-guidelines-9-02-02-09-en · pre-launch scan 2026-10-06: every page (pdftotext, PyMuPDF, pypdf) + Windows OCR of picture pages; both rule sets (check-media.mjs, scan-documents.py)"
1gQcV66-CxQew_HqHs5ujNb2XFvNs7Nah,2026-10-06,clean,"document archive-guidelines-proposal-for-procedure-msca-09-02-09-en · pre-launch scan 2026-10-06: every page (pdftotext, PyMuPDF, pypdf) + Windows OCR of picture pages; both rule sets (check-media.mjs, scan-documents.py)"
118jtsj97cXC3SP-p0HNNXA0bdrqsXFSf,2026-10-06,clean,"document archive-guidelines-regglines-en · pre-launch scan 2026-10-06: every page (pdftotext, PyMuPDF, pypdf) + Windows OCR of picture pages; both rule sets (check-media.mjs, scan-documents.py)"
1_SlQm2TJ-M56SgcqXGkTu1fC8nCxwUQF,2026-10-06,clean,"document archive-guidelines-s-msca-business-meeting-procedures-en · pre-launch scan 2026-10-06: every page (pdftotext, PyMuPDF, pypdf) + Windows OCR of picture pages; both rule sets (check-media.mjs, scan-documents.py)"
1kPFSBY9JOlqFQGQst17orG7XK_biwguD,2026-10-06,clean,"document archive-guidelines-sarchguide-en · pre-launch scan 2026-10-06: every page (pdftotext, PyMuPDF, pypdf) + Windows OCR of picture pages; both rule sets (check-media.mjs, scan-documents.py)"
1L6YsHISAc6_jSDgesyBfFqORIBw4-YRa,2026-10-06,"cleared: sobriety phrase without a member's date (requirement, heading, total, anonymous sharing or length only)","document archive-guidelines-scecgl-en · pre-launch scan 2026-10-06: every page (pdftotext, PyMuPDF, pypdf) + Windows OCR of picture pages; both rule sets (check-media.mjs, scan-documents.py)"
1z8kwogqPNqSw-mpeeZHz3KAydOk-tdsx,2026-10-06,clean,"document archive-guidelines-scpcglines2-en · pre-launch scan 2026-10-06: every page (pdftotext, PyMuPDF, pypdf) + Windows OCR of picture pages; both rule sets (check-media.mjs, scan-documents.py)"
1nrx8tEZlTCctI7AhAEk2pOVg0rMBmk3V,2026-10-06,"cleared: sobriety phrase without a member's date (requirement, heading, total, anonymous sharing or length only)","document archive-guidelines-sdcmglines-en · pre-launch scan 2026-10-06: every page (pdftotext, PyMuPDF, pypdf) + Windows OCR of picture pages; both rule sets (check-media.mjs, scan-documents.py)"
1z3izFSEdERkhTdOLW426e7R7oJ4zvrNU,2026-10-06,clean,"document archive-guidelines-smscaglinesg-en · pre-launch scan 2026-10-06: every page (pdftotext, PyMuPDF, pypdf) + Windows OCR of picture pages; both rule sets (check-media.mjs, scan-documents.py)"
1eny8oir49jZB6ir5p2pmgDWuMiYSY8RY,2026-10-06,clean,"document archive-guidelines-spiglines-en · pre-launch scan 2026-10-06: every page (pdftotext, PyMuPDF, pypdf) + Windows OCR of picture pages; both rule sets (check-media.mjs, scan-documents.py)"
1y3Az_6B9BuYrONC2n-l4pH2k0Uk_wVof,2026-10-06,clean,"document archive-guidelines-sregglines-en · pre-launch scan 2026-10-06: every page (pdftotext, PyMuPDF, pypdf) + Windows OCR of picture pages; both rule sets (check-media.mjs, scan-documents.py)"
1Lf5eTdHY56WkBbHaKpqXrw-_-CgLTEhK,2026-10-06,clean,"document archive-guidelines-stfcglines-en · pre-launch scan 2026-10-06: every page (pdftotext, PyMuPDF, pypdf) + Windows OCR of picture pages; both rule sets (check-media.mjs, scan-documents.py)"
1u9U43qUZsoLlFZMUvzWKsdLWOviNy28Q,2026-10-06,clean,"document archive-guidelines-tfcglines-en · pre-launch scan 2026-10-06: every page (pdftotext, PyMuPDF, pypdf) + Windows OCR of picture pages; both rule sets (check-media.mjs, scan-documents.py)"
1t9mEVMe4Qzt-K33n1BSyuwNaC-NjFG_2,2026-10-06,clean,"document archive-minutes-2005-area-minutes-november-12-2005-en · pre-launch scan 2026-10-06: every page (pdftotext, PyMuPDF, pypdf) + Windows OCR of picture pages; both rule sets (check-media.mjs, scan-documents.py)"
1fztz9TFCK1J7p9y3y1apioQyDWDUI6WR,2026-10-06,clean,"document archive-minutes-2005-area-minutes-september-10-2005-en · pre-launch scan 2026-10-06: every page (pdftotext, PyMuPDF, pypdf) + Windows OCR of picture pages; both rule sets (check-media.mjs, scan-documents.py)"
1-Gt4NERO22a7NcKXkKzr4KQTOPsH9SCY,2026-10-06,clean,"document archive-minutes-2006-area-minutes-january-6-2006-en · pre-launch scan 2026-10-06: every page (pdftotext, PyMuPDF, pypdf) + Windows OCR of picture pages; both rule sets (check-media.mjs, scan-documents.py)"
1q4_U-RmkFbRRxCaNyaGXePOEmSGlKhaz,2026-10-06,clean,"document archive-minutes-2006-area-minutes-march-11-2006-en · pre-launch scan 2026-10-06: every page (pdftotext, PyMuPDF, pypdf) + Windows OCR of picture pages; both rule sets (check-media.mjs, scan-documents.py)"
1QRVTqsAqbgcVI_cS3n0cVXuYJ5HPo0nr,2026-10-06,clean,"document archive-minutes-2007-cec-october-14-2007-minutes-1-en · pre-launch scan 2026-10-06: every page (pdftotext, PyMuPDF, pypdf) + Windows OCR of picture pages; both rule sets (check-media.mjs, scan-documents.py)"
1r2CgDVbv9b7xxiLLIfSBkPiPFczwwZm0,2026-10-06,"cleared: sobriety phrase without a member's date (requirement, heading, total, anonymous sharing or length only)","document archive-minutes-2008-december-minutes-08-en-redacted · pre-launch scan 2026-10-06: every page (pdftotext, PyMuPDF, pypdf) + Windows OCR of picture pages; both rule sets (check-media.mjs, scan-documents.py)"
1ujeaq-zFuvZZrwKb-tGs5pSaoPi6cvGy,2026-10-06,clean,"document archive-minutes-2008-feb-2008-asc-minutes-final1-en · pre-launch scan 2026-10-06: every page (pdftotext, PyMuPDF, pypdf) + Windows OCR of picture pages; both rule sets (check-media.mjs, scan-documents.py)"
1jQ8dfkPpO3Ir7GYXUf63NeDZzfOahQWu,2026-10-06,"cleared: sobriety phrase without a member's date (requirement, heading, total, anonymous sharing or length only)","document archive-minutes-2008-march08minutesarea09-en-redacted · pre-launch scan 2026-10-06: every page (pdftotext, PyMuPDF, pypdf) + Windows OCR of picture pages; both rule sets (check-media.mjs, scan-documents.py) · re-redacted 2026-10-06 (sobriety dates / birthday-list years removed), then read again"
1li2JorvQ0mZ0SZ8-VqXrarNbRSewyySH,2026-10-06,clean,"document archive-minutes-2008-msca-2009-meeting-schedule-en · pre-launch scan 2026-10-06: every page (pdftotext, PyMuPDF, pypdf) + Windows OCR of picture pages; both rule sets (check-media.mjs, scan-documents.py)"
1s7Pbas3PeVdlEtGu2z4fS_Kiv8i4XPNc,2026-10-06,"cleared: sobriety phrase without a member's date (requirement, heading, total, anonymous sharing or length only)","document archive-minutes-2008-sdec-08-asc-minutes-en-redacted · pre-launch scan 2026-10-06: every page (pdftotext, PyMuPDF, pypdf) + Windows OCR of picture pages; both rule sets (check-media.mjs, scan-documents.py)"
1vQajMqyTR5q15yALwUhBfB7IPmrDlFiT,2026-10-06,"cleared: sobriety phrase without a member's date (requirement, heading, total, anonymous sharing or length only)","document archive-minutes-2008-sfeb2008minutes-en-redacted · pre-launch scan 2026-10-06: every page (pdftotext, PyMuPDF, pypdf) + Windows OCR of picture pages; both rule sets (check-media.mjs, scan-documents.py) · re-redacted 2026-10-06 (full names removed), then read again"
19LiHkGmOmJmupZQM-kCBYDe9xXY1qMUq,2026-10-06,"cleared: sobriety phrase without a member's date (requirement, heading, total, anonymous sharing or length only)","document archive-minutes-2008-sminutesaug1008-en-redacted · pre-launch scan 2026-10-06: every page (pdftotext, PyMuPDF, pypdf) + Windows OCR of picture pages; both rule sets (check-media.mjs, scan-documents.py)"
180LrCnjnaFaf01TJLCh2bBMSXdj1Z2yn,2026-10-06,clean,"document archive-minutes-2008-spanmscameetingschedule2009-en · pre-launch scan 2026-10-06: every page (pdftotext, PyMuPDF, pypdf) + Windows OCR of picture pages; both rule sets (check-media.mjs, scan-documents.py)"
1tczGZwI4Yfv4x6IDzo6HU-0Qmz4e7HXU,2026-10-06,cleared: General Service Office line,"document archive-minutes-2009-aa-msca-november-asc-minutes-2009-en-redacted · pre-launch scan 2026-10-06: every page (pdftotext, PyMuPDF, pypdf) + Windows OCR of picture pages; both rule sets (check-media.mjs, scan-documents.py)"
1Giy_9qP-sLGD-Qxf2NFPtHAtJKT2wKM5,2026-10-06,clean,"document archive-minutes-2009-area-09-august-asc-2009-en-redacted · pre-launch scan 2026-10-06: every page (pdftotext, PyMuPDF, pypdf) + Windows OCR of picture pages; both rule sets (check-media.mjs, scan-documents.py)"
17tzDqIHcBzHIOn6NXkc5ywr7tY5MTIbS,2026-10-06,"cleared: sobriety phrase without a member's date (requirement, heading, total, anonymous sharing or length only)","document archive-minutes-2009-area-09-june-asc-2009final-en-redacted · pre-launch scan 2026-10-06: every page (pdftotext, PyMuPDF, pypdf) + Windows OCR of picture pages; both rule sets (check-media.mjs, scan-documents.py) · re-redacted 2026-10-06 (sobriety dates / birthday-list years removed), then read again"
1XtZCuvQWa7hx23Xmzs2h-6o6lyeCAihX,2026-10-06,clean,"document archive-minutes-2009-area09mayassembly09final-090509-en · pre-launch scan 2026-10-06: every page (pdftotext, PyMuPDF, pypdf) + Windows OCR of picture pages; both rule sets (check-media.mjs, scan-documents.py)"
1YKM8am5RzsOJkJwg2utUu0nxVaeO-4X6,2026-10-06,clean,"document archive-minutes-2009-december-2009-asc-draft-en · pre-launch scan 2026-10-06: every page (pdftotext, PyMuPDF, pypdf) + Windows OCR of picture pages; both rule sets (check-media.mjs, scan-documents.py)"
1E1cavEXnK6PC8-VEwuDvtYKutmJkCl6f,2026-10-06,clean,"document archive-minutes-2009-minutes-feb-9-2009-en · pre-launch scan 2026-10-06: every page (pdftotext, PyMuPDF, pypdf) + Windows OCR of picture pages; both rule sets (check-media.mjs, scan-documents.py)"
1dkpV30ouIpqAULOsgYjUISEVKpbvcSFb,2026-10-06,clean,"document archive-minutes-2009-minutes-mar-9-2009-en · pre-launch scan 2026-10-06: every page (pdftotext, PyMuPDF, pypdf) + Windows OCR of picture pages; both rule sets (check-media.mjs, scan-documents.py)"
12yU9jHxjV9QnOWY5U53aO4Fw4vSOxz66,2026-10-06,clean,"document archive-minutes-2009-smsca-asc-08-09-minutes-en-redacted · pre-launch scan 2026-10-06: every page (pdftotext, PyMuPDF, pypdf) + Windows OCR of picture pages; both rule sets (check-media.mjs, scan-documents.py)"
1LCyHSmiRBk7RGPfjHgr2cS1k4tdfBaRh,2026-10-06,cleared: General Service Office line,"document archive-minutes-2009-snovember-asc-2009-i-en-redacted · pre-launch scan 2026-10-06: every page (pdftotext, PyMuPDF, pypdf) + Windows OCR of picture pages; both rule sets (check-media.mjs, scan-documents.py)"
1X3ftCuycKcXKPd3rBjRqcp86w2HxQ7dZ,2026-10-06,clean,"document archive-minutes-2009-spanish-area-09-election-minutes-no-last-names-october-2009-es-redacted · pre-launch scan 2026-10-06: every page (pdftotext, PyMuPDF, pypdf) + Windows OCR of picture pages; both rule sets (check-media.mjs, scan-documents.py)"
1Xo660XhIRMwtByBVa4ZbEVsUhLdRs6Bu,2026-10-06,clean,"document archive-minutes-2009-spanisharea09minutes0209-es · pre-launch scan 2026-10-06: every page (pdftotext, PyMuPDF, pypdf) + Windows OCR of picture pages; both rule sets (check-media.mjs, scan-documents.py)"
13eddGSjeOpFN01diA6-1dh4mp1FlHwtr,2026-10-06,clean,"document archive-minutes-2010-aa-pacific-region-trustee-report-oct-2010-en · pre-launch scan 2026-10-06: every page (pdftotext, PyMuPDF, pypdf) + Windows OCR of picture pages; both rule sets (check-media.mjs, scan-documents.py)"
1Xw86coh6aqhIEFiYUdhDbNFXpPsmOHwP,2026-10-06,clean,"document archive-minutes-2010-area-committee-meeting-minutes-august-8-2010-en · pre-launch scan 2026-10-06: every page (pdftotext, PyMuPDF, pypdf) + Windows OCR of picture pages; both rule sets (check-media.mjs, scan-documents.py)"
1iC4yJcnXO0nIGXIgnn80CcbhOmVvg51-,2026-10-06,clean,"document archive-minutes-2010-area-committee-meeting-minutes-december-12-2010-en · pre-launch scan 2026-10-06: every page (pdftotext, PyMuPDF, pypdf) + Windows OCR of picture pages; both rule sets (check-media.mjs, scan-documents.py)"
1srsJmWitO37MrTZPMQ4j-KJSe--x00S3,2026-10-06,clean,"document archive-minutes-2010-area-committee-meeting-minutes-january-10-2010-en · pre-launch scan 2026-10-06: every page (pdftotext, PyMuPDF, pypdf) + Windows OCR of picture pages; both rule sets (check-media.mjs, scan-documents.py)"
1MpCO13zwKhrkaGR6eA0W6Ci1f5AGDfy5,2026-10-06,clean,"document archive-minutes-2010-area-committee-meeting-minutes-march-14-2010-en · pre-launch scan 2026-10-06: every page (pdftotext, PyMuPDF, pypdf) + Windows OCR of picture pages; both rule sets (check-media.mjs, scan-documents.py)"
11pwZ-0IfSjxcz8_jHDXCXLBPyCSXSpPh,2026-10-06,"cleared: sobriety phrase without a member's date (requirement, heading, total, anonymous sharing or length only)","document archive-minutes-2010-dec12-2010-asc-en-redacted · pre-launch scan 2026-10-06: every page (pdftotext, PyMuPDF, pypdf) + Windows OCR of picture pages; both rule sets (check-media.mjs, scan-documents.py)"
1W3LvnxdAlUZULBJH4fHITdcdqYV6rKdC,2026-10-06,clean,"document archive-minutes-2010-dseptember-2010-assembly-en-redacted · pre-launch scan 2026-10-06: every page (pdftotext, PyMuPDF, pypdf) + Windows OCR of picture pages; both rule sets (check-media.mjs, scan-documents.py)"
1dXPaZDBv1gs2VLBezk8SoJgS_HueQCKL,2026-10-06,"cleared: public line (central office, hotel, venue or event info line)","document archive-minutes-2010-february-2010-asc-en-redacted · pre-launch scan 2026-10-06: every page (pdftotext, PyMuPDF, pypdf) + Windows OCR of picture pages; both rule sets (check-media.mjs, scan-documents.py)"
1Nq4Srwx6d_ipaOReCVEVekM5k_AHRYTf,2026-10-06,clean,"document archive-minutes-2010-january-2010-assembly-en-redacted · pre-launch scan 2026-10-06: every page (pdftotext, PyMuPDF, pypdf) + Windows OCR of picture pages; both rule sets (check-media.mjs, scan-documents.py)"
1tUMMQDpld0D-J0B0BW7E5AXUCQzoBw1G,2026-10-06,clean,"document archive-minutes-2010-minutes-april-2010-en · pre-launch scan 2026-10-06: every page (pdftotext, PyMuPDF, pypdf) + Windows OCR of picture pages; both rule sets (check-media.mjs, scan-documents.py)"
1fHkq76KxZoHoRBxB8btEYPZd7FUXkRbY,2026-10-06,clean,"document archive-minutes-2010-minutes-feb-2010-en · pre-launch scan 2026-10-06: every page (pdftotext, PyMuPDF, pypdf) + Windows OCR of picture pages; both rule sets (check-media.mjs, scan-documents.py)"
1aiRvY8W6FPNzf08loTfTdXchFFKeU9yU,2026-10-06,clean,"document archive-minutes-2010-minutes-jan-10-2010-en · pre-launch scan 2026-10-06: every page (pdftotext, PyMuPDF, pypdf) + Windows OCR of picture pages; both rule sets (check-media.mjs, scan-documents.py)"
1p4rimaLS7-GBu5QGbG0ap29_FgB3t8GU,2026-10-06,clean,"document archive-minutes-2010-minutes-mar-2010-en · pre-launch scan 2026-10-06: every page (pdftotext, PyMuPDF, pypdf) + Windows OCR of picture pages; both rule sets (check-media.mjs, scan-documents.py)"
1lCTw3jkLlgE3c4JEupAF-flnnOHpvnvB,2026-10-06,clean,"document archive-minutes-2010-minutes-may-2010-en · pre-launch scan 2026-10-06: every page (pdftotext, PyMuPDF, pypdf) + Windows OCR of picture pages; both rule sets (check-media.mjs, scan-documents.py)"
1jG_tH7XuAVJt4S20I3E_diuCePVPko_n,2026-10-06,clean,"document archive-minutes-2010-minutes-november-08-2010-en · pre-launch scan 2026-10-06: every page (pdftotext, PyMuPDF, pypdf) + Windows OCR of picture pages; both rule sets (check-media.mjs, scan-documents.py)"
1LNF7aDg3sDKDLnOheCa4NbwAk34KqAfA,2026-10-06,clean,"document archive-minutes-2010-minutes-oct-11-2010-en · pre-launch scan 2026-10-06: every page (pdftotext, PyMuPDF, pypdf) + Windows OCR of picture pages; both rule sets (check-media.mjs, scan-documents.py)"
1dYaFpMSRf2So0X_oZlGFZg_k-YlwC6Cj,2026-10-06,"cleared: not a member's full name (place, group, heading, staff or historic name)","document archive-minutes-2010-s-dec12-2010-asc-en-redacted · pre-launch scan 2026-10-06: every page (pdftotext, PyMuPDF, pypdf) + Windows OCR of picture pages; both rule sets (check-media.mjs, scan-documents.py)"
1MHojCzTa5iACL3qU4xFywFHbWmXDL7bA,2026-10-06,clean,"document archive-minutes-2010-smay-minutes-2010-en-redacted · pre-launch scan 2026-10-06: every page (pdftotext, PyMuPDF, pypdf) + Windows OCR of picture pages; both rule sets (check-media.mjs, scan-documents.py)"
1QKfyW0ZNLqd1-6kp1AbL5MWyW7CK0opy,2026-10-06,"cleared: not a member's full name (place, group, heading, staff or historic name)","document archive-minutes-2010-spanish-august-8-2010-asc-es · pre-launch scan 2026-10-06: every page (pdftotext, PyMuPDF, pypdf) + Windows OCR of picture pages; both rule sets (check-media.mjs, scan-documents.py)"
1ltWV2iDiaUpwnoFa52IQgrKmCqwOEbBJ,2026-10-06,clean,"document archive-minutes-2010-spanish-feb2010-asc-es-redacted · pre-launch scan 2026-10-06: every page (pdftotext, PyMuPDF, pypdf) + Windows OCR of picture pages; both rule sets (check-media.mjs, scan-documents.py)"
1_AL2yurV1USH9YbeqEJQy_UV3Y_pAgUz,2026-10-06,clean,"document archive-minutes-2010-spanishmarch-2010-asc-es-redacted · pre-launch scan 2026-10-06: every page (pdftotext, PyMuPDF, pypdf) + Windows OCR of picture pages; both rule sets (check-media.mjs, scan-documents.py)"
1WbRNoKV65aFjG2wBCcu4KAdU1jeK8woj,2026-10-06,clean,"document archive-minutes-2010-spanishofficer-may-29-2-es-redacted · pre-launch scan 2026-10-06: every page (pdftotext, PyMuPDF, pypdf) + Windows OCR of picture pages; both rule sets (check-media.mjs, scan-documents.py)"
152oDp68PxX81NA1fLA2K9qpJS9yKwO6F,2026-10-06,clean,"document archive-minutes-2011-apr16-2011-board-minutes-en · pre-launch scan 2026-10-06: every page (pdftotext, PyMuPDF, pypdf) + Windows OCR of picture pages; both rule sets (check-media.mjs, scan-documents.py)"
1idmTTwg_LQTLEEwxiisOSsvKkTxxsvi8,2026-10-06,clean,"document archive-minutes-2011-area-committee-meeting-minutes-january-9-2011-en · pre-launch scan 2026-10-06: every page (pdftotext, PyMuPDF, pypdf) + Windows OCR of picture pages; both rule sets (check-media.mjs, scan-documents.py)"
1ToXTKPbdejTtZ-KvbHTu_UpWKNiP4ypv,2026-10-06,clean,"document archive-minutes-2011-area-committee-meeting-minutes-march-13-2011-en · pre-launch scan 2026-10-06: every page (pdftotext, PyMuPDF, pypdf) + Windows OCR of picture pages; both rule sets (check-media.mjs, scan-documents.py)"
1UXMWL9eQhcxIHsZFpg4bY2_anp-gKijk,2026-10-06,clean,"document archive-minutes-2011-area-committee-meeting-minutes-november-20-2011-en · pre-launch scan 2026-10-06: every page (pdftotext, PyMuPDF, pypdf) + Windows OCR of picture pages; both rule sets (check-media.mjs, scan-documents.py)"
1qiJ8bhUDJq0ojjgxR5kxfeA9djhqSdBa,2026-10-06,clean,"document archive-minutes-2011-area-committee-minutes-february-13-2011-en · pre-launch scan 2026-10-06: every page (pdftotext, PyMuPDF, pypdf) + Windows OCR of picture pages; both rule sets (check-media.mjs, scan-documents.py)"
1Oa08toSmJQgv0YRsatCo79hpaENf__gB,2026-10-06,clean,"document archive-minutes-2011-asc-aug14-minutes-en-redacted · pre-launch scan 2026-10-06: every page (pdftotext, PyMuPDF, pypdf) + Windows OCR of picture pages; both rule sets (check-media.mjs, scan-documents.py)"
1z3Os1RFxvnfnBjImrD0Mtel5rpOa9m_3,2026-10-06,clean,"document archive-minutes-2011-aug27-2011-board-minutes-en · pre-launch scan 2026-10-06: every page (pdftotext, PyMuPDF, pypdf) + Windows OCR of picture pages; both rule sets (check-media.mjs, scan-documents.py)"
1oErTCWrxHZvTOE3hAbtTlung-ysocRMM,2026-10-06,clean,"document archive-minutes-2011-d-7-minutes-apr-2011-en · pre-launch scan 2026-10-06: every page (pdftotext, PyMuPDF, pypdf) + Windows OCR of picture pages; both rule sets (check-media.mjs, scan-documents.py)"
1OyYe_KPTDGNqE47Rg1FsdoPNzKNuGN0Z,2026-10-06,clean,"document archive-minutes-2011-d-7-minutes-feb-2011-en · pre-launch scan 2026-10-06: every page (pdftotext, PyMuPDF, pypdf) + Windows OCR of picture pages; both rule sets (check-media.mjs, scan-documents.py)"
1ULPbv_kA1u5gvb9gxDBS0G25Qj3lOFWf,2026-10-06,clean,"document archive-minutes-2011-d-7-minutes-june-2011-en · pre-launch scan 2026-10-06: every page (pdftotext, PyMuPDF, pypdf) + Windows OCR of picture pages; both rule sets (check-media.mjs, scan-documents.py)"
1C_P0aw1ojBGxPYyWK4nNA9inR8VMnSnj,2026-10-06,clean,"document archive-minutes-2011-d-7-minutes-mar-2011-en · pre-launch scan 2026-10-06: every page (pdftotext, PyMuPDF, pypdf) + Windows OCR of picture pages; both rule sets (check-media.mjs, scan-documents.py)"
19dgJBzs7KcjcmaNBVcvs90OJ-LmUG2M4,2026-10-06,clean,"document archive-minutes-2011-d-7-minutes-oct-2011-en · pre-launch scan 2026-10-06: every page (pdftotext, PyMuPDF, pypdf) + Windows OCR of picture pages; both rule sets (check-media.mjs, scan-documents.py)"
1l9fdK10tE9Y4baoE-inBLyMrd16FwmjG,2026-10-06,clean,"document archive-minutes-2011-dec-2011-asc-en-redacted · pre-launch scan 2026-10-06: every page (pdftotext, PyMuPDF, pypdf) + Windows OCR of picture pages; both rule sets (check-media.mjs, scan-documents.py)"
1Jyq_6nL0ifcBrOM8o0KVvjtizGzjIxhn,2026-10-06,clean,"document archive-minutes-2011-dec-2011-board-en · pre-launch scan 2026-10-06: every page (pdftotext, PyMuPDF, pypdf) + Windows OCR of picture pages; both rule sets (check-media.mjs, scan-documents.py)"
1ZQ14hG_c5yg7R0vhPg0k79V2L0SXgTL7,2026-10-06,clean,"document archive-minutes-2011-jan15-2011-board-minutes-en-redacted · pre-launch scan 2026-10-06: every page (pdftotext, PyMuPDF, pypdf) + Windows OCR of picture pages; both rule sets (check-media.mjs, scan-documents.py)"
1pu6y6qALuSo-fV0AAWhhzrhrb8tzFrOa,2026-10-06,"cleared: sobriety phrase without a member's date (requirement, heading, total, anonymous sharing or length only)","document archive-minutes-2011-jan2011assembly-en · pre-launch scan 2026-10-06: every page (pdftotext, PyMuPDF, pypdf) + Windows OCR of picture pages; both rule sets (check-media.mjs, scan-documents.py)"
1S2d-wjG3hiZRFLbek9gQs3IJiGTXHKmc,2026-10-06,clean,"document archive-minutes-2011-may21-2011-board-minutes-en · pre-launch scan 2026-10-06: every page (pdftotext, PyMuPDF, pypdf) + Windows OCR of picture pages; both rule sets (check-media.mjs, scan-documents.py)"
18zxBDxMHB6USuRXc4p0kBlPKbv4cUu7e,2026-10-06,clean,"document archive-minutes-2011-oct-2011-assembly-en · pre-launch scan 2026-10-06: every page (pdftotext, PyMuPDF, pypdf) + Windows OCR of picture pages; both rule sets (check-media.mjs, scan-documents.py)"
1gKDI8N1cT_1xm8sR1OKZagt_74a7FlDK,2026-10-06,clean,"document archive-minutes-2011-oct15-board-minutes-en · pre-launch scan 2026-10-06: every page (pdftotext, PyMuPDF, pypdf) + Windows OCR of picture pages; both rule sets (check-media.mjs, scan-documents.py)"
1EkO3BbfVh0x5nfE6J-zee0RV2-ydfp_h,2026-10-06,clean,"document archive-minutes-2011-sept2011assemblyminutes-en · pre-launch scan 2026-10-06: every page (pdftotext, PyMuPDF, pypdf) + Windows OCR of picture pages; both rule sets (check-media.mjs, scan-documents.py)"
1jV0VY2IZKhY3E6uz_zB-P_E80WvchaEW,2026-10-06,clean,"document archive-minutes-2012-aug18-2012-board-en · pre-launch scan 2026-10-06: every page (pdftotext, PyMuPDF, pypdf) + Windows OCR of picture pages; both rule sets (check-media.mjs, scan-documents.py)"
1OzI0suoK4nD2mltjC0XOM4oeoTQLvk_I,2026-10-06,clean,"document archive-minutes-2012-august-asc-2012-en · pre-launch scan 2026-10-06: every page (pdftotext, PyMuPDF, pypdf) + Windows OCR of picture pages; both rule sets (check-media.mjs, scan-documents.py)"
1xiIVhNxIfP-EJkdmRdn4JTamfL5LItjU,2026-10-06,clean,"document archive-minutes-2012-dec-2012-asc-en-redacted · pre-launch scan 2026-10-06: every page (pdftotext, PyMuPDF, pypdf) + Windows OCR of picture pages; both rule sets (check-media.mjs, scan-documents.py)"
1VvTqR5Rn3xLkBFDP-Y-NDrmSdkL_Rzj0,2026-10-06,clean,"document archive-minutes-2012-dec15-2012-board-en · pre-launch scan 2026-10-06: every page (pdftotext, PyMuPDF, pypdf) + Windows OCR of picture pages; both rule sets (check-media.mjs, scan-documents.py)"
1_Zgew-Ezog_HCEIiabAmZ316CIMRrZZh,2026-10-06,clean,"document archive-minutes-2012-feb18-2012-board-en-redacted · pre-launch scan 2026-10-06: every page (pdftotext, PyMuPDF, pypdf) + Windows OCR of picture pages; both rule sets (check-media.mjs, scan-documents.py)"
1NHghiaArJcj5HP3v7zalwjScRxjz7H2s,2026-10-06,clean,"document archive-minutes-2012-jan21-2012-board-en-redacted · pre-launch scan 2026-10-06: every page (pdftotext, PyMuPDF, pypdf) + Windows OCR of picture pages; both rule sets (check-media.mjs, scan-documents.py)"
1z-MlTh77WJzNo7KpgL0uDUMb9iSQ4mry,2026-10-06,clean,"document archive-minutes-2012-january2012assemblyii-en-redacted · pre-launch scan 2026-10-06: every page (pdftotext, PyMuPDF, pypdf) + Windows OCR of picture pages; both rule sets (check-media.mjs, scan-documents.py)"
1fX8FdUB4g82hK2k4h4ZAalqMKfLAAy_P,2026-10-06,clean,"document archive-minutes-2012-jul21-2012-board-en · pre-launch scan 2026-10-06: every page (pdftotext, PyMuPDF, pypdf) + Windows OCR of picture pages; both rule sets (check-media.mjs, scan-documents.py)"
1x-zj-Q-RwrVeil3UjQDS6SovqSZ0j0oD,2026-10-06,clean,"document archive-minutes-2012-may26-2012-board-en · pre-launch scan 2026-10-06: every page (pdftotext, PyMuPDF, pypdf) + Windows OCR of picture pages; both rule sets (check-media.mjs, scan-documents.py)"
1r1J7kfwrisKiB-XDgKlegl4sBuaeKaAK,2026-10-06,clean,"document archive-minutes-2012-minutes-2012-apr-en-redacted · pre-launch scan 2026-10-06: every page (pdftotext, PyMuPDF, pypdf) + Windows OCR of picture pages; both rule sets (check-media.mjs, scan-documents.py)"
1m1Rccq-Tgemdy_ARjgH29xXY9k3K784d,2026-10-06,"cleared: sobriety phrase without a member's date (requirement, heading, total, anonymous sharing or length only)","document archive-minutes-2012-minutes-2012-feb-en-redacted · pre-launch scan 2026-10-06: every page (pdftotext, PyMuPDF, pypdf) + Windows OCR of picture pages; both rule sets (check-media.mjs, scan-documents.py)"
1o9Dm089a-YIx-9gMeLoRmvKPP3fmA43K,2026-10-06,"cleared: sobriety phrase without a member's date (requirement, heading, total, anonymous sharing or length only)","document archive-minutes-2012-minutes-2012-jan-en-redacted · pre-launch scan 2026-10-06: every page (pdftotext, PyMuPDF, pypdf) + Windows OCR of picture pages; both rule sets (check-media.mjs, scan-documents.py)"
1HriwXYoWBe8hXd0kMbwIxzarZzdsGxpi,2026-10-06,clean,"document archive-minutes-2012-s-dec-2012-asc-en-redacted · pre-launch scan 2026-10-06: every page (pdftotext, PyMuPDF, pypdf) + Windows OCR of picture pages; both rule sets (check-media.mjs, scan-documents.py)"
111sXCqCJeogZvr79FAyroKqSy4hDTMle,2026-10-06,clean,"document archive-minutes-2012-s-janassembly2012-en · pre-launch scan 2026-10-06: every page (pdftotext, PyMuPDF, pypdf) + Windows OCR of picture pages; both rule sets (check-media.mjs, scan-documents.py)"
1lIAMqItGm_HFv1Sf7ZAeF2L2zfDykS8S,2026-10-06,clean,"document archive-minutes-2012-s-octoberasc2012-en-redacted · pre-launch scan 2026-10-06: every page (pdftotext, PyMuPDF, pypdf) + Windows OCR of picture pages; both rule sets (check-media.mjs, scan-documents.py)"
1r_-377GPNL6pnLcmjrNZ45Sq67aU_Atg,2026-10-06,clean,"document archive-minutes-2012-s-sep-2012assembly-en-redacted · pre-launch scan 2026-10-06: every page (pdftotext, PyMuPDF, pypdf) + Windows OCR of picture pages; both rule sets (check-media.mjs, scan-documents.py)"
15bu2IV54Uiar_LqcQLtt5vP9kIVtJWPS,2026-10-06,clean,"document archive-minutes-2012-sep-2012assembly-en-redacted · pre-launch scan 2026-10-06: every page (pdftotext, PyMuPDF, pypdf) + Windows OCR of picture pages; both rule sets (check-media.mjs, scan-documents.py)"
1WnUz0mLhUKzJhxz_g_5fNq4jCt9nvkaZ,2026-10-06,clean,"document archive-minutes-2012-sept22-2012-board-en-redacted · pre-launch scan 2026-10-06: every page (pdftotext, PyMuPDF, pypdf) + Windows OCR of picture pages; both rule sets (check-media.mjs, scan-documents.py)"
1uVyVmuhSysDVi_P9zcw1LzAEhGEET9u8,2026-10-06,clean,"document archive-minutes-2013-aug2013asc-en-redacted · pre-launch scan 2026-10-06: every page (pdftotext, PyMuPDF, pypdf) + Windows OCR of picture pages; both rule sets (check-media.mjs, scan-documents.py)"
1_MGjtlOe7Z2Z3pnaRZOJZJz4XqMn62an,2026-10-06,clean,"document archive-minutes-2013-feb16-2013-board-en-redacted · pre-launch scan 2026-10-06: every page (pdftotext, PyMuPDF, pypdf) + Windows OCR of picture pages; both rule sets (check-media.mjs, scan-documents.py)"
1OYW5X61xyMN4DNST3NGrpB-V3Delhe6m,2026-10-06,clean,"document archive-minutes-2013-jan19-2013-board-en · pre-launch scan 2026-10-06: every page (pdftotext, PyMuPDF, pypdf) + Windows OCR of picture pages; both rule sets (check-media.mjs, scan-documents.py)"
1__cbl6iK0IJoG0ocbYpCWvIBSOvISRiC,2026-10-06,clean,"document archive-minutes-2013-janassembly-minutes-en-redacted · pre-launch scan 2026-10-06: every page (pdftotext, PyMuPDF, pypdf) + Windows OCR of picture pages; both rule sets (check-media.mjs, scan-documents.py)"
1eiC9BSiMFTGYLYuvTZwnwhic3fUoUtLw,2026-10-06,clean,"document archive-minutes-2013-june15-2013-board-en · pre-launch scan 2026-10-06: every page (pdftotext, PyMuPDF, pypdf) + Windows OCR of picture pages; both rule sets (check-media.mjs, scan-documents.py)"
1-GJBoEgE8TMV4bWBXlgmVEAOdj60PBv3,2026-10-06,clean,"document archive-minutes-2013-march-asc-2013-en · pre-launch scan 2026-10-06: every page (pdftotext, PyMuPDF, pypdf) + Windows OCR of picture pages; both rule sets (check-media.mjs, scan-documents.py)"
10RlagvR-ExrQ7JRhl7yBC2d-YjRxNBx1,2026-10-06,clean,"document archive-minutes-2013-nov2013asc-en-redacted · pre-launch scan 2026-10-06: every page (pdftotext, PyMuPDF, pypdf) + Windows OCR of picture pages; both rule sets (check-media.mjs, scan-documents.py)"
1S0ZfSqFNQwkbLgB7xU8up46BZOM28yFM,2026-10-06,clean,"document archive-minutes-2013-oct13assembly-2013-en · pre-launch scan 2026-10-06: every page (pdftotext, PyMuPDF, pypdf) + Windows OCR of picture pages; both rule sets (check-media.mjs, scan-documents.py)"
1E74VXL331ZhZpijOlIHjplZdFYI2C6-J,2026-10-06,"cleared: not a member's full name (place, group, heading, staff or historic name)","document archive-minutes-2013-s-march-asc-2013-en · pre-launch scan 2026-10-06: every page (pdftotext, PyMuPDF, pypdf) + Windows OCR of picture pages; both rule sets (check-media.mjs, scan-documents.py)"
1w1C4L38wKbfm8faUj_c1jEl4LyC9Y-1X,2026-10-06,clean,"document archive-minutes-2013-s-nov2013asc-en-redacted · pre-launch scan 2026-10-06: every page (pdftotext, PyMuPDF, pypdf) + Windows OCR of picture pages; both rule sets (check-media.mjs, scan-documents.py)"
1x8VYUKJzUzCGjqbsBPfIn6FBvkmeVKyU,2026-10-06,clean,"document archive-minutes-2013-s-sep8assembly-en · pre-launch scan 2026-10-06: every page (pdftotext, PyMuPDF, pypdf) + Windows OCR of picture pages; both rule sets (check-media.mjs, scan-documents.py)"
1XZPldAc7ptlQjoHY9FldueI5LfFnKR2P,2026-10-06,clean,"document archive-minutes-2013-sep8assembly-en · pre-launch scan 2026-10-06: every page (pdftotext, PyMuPDF, pypdf) + Windows OCR of picture pages; both rule sets (check-media.mjs, scan-documents.py)"
1D7WLpf0nZ0RFlfYvSXRIwL7v89KNdmVu,2026-10-06,clean,"document archive-minutes-2014-01-2014-board-meeting-minutes-en · pre-launch scan 2026-10-06: every page (pdftotext, PyMuPDF, pypdf) + Windows OCR of picture pages; both rule sets (check-media.mjs, scan-documents.py)"
1Cv9qsQE7r2X-MolScNzoNwMYXtDTFgTm,2026-10-06,clean,"document archive-minutes-2014-02-2014-asc-minutes-english-en-redacted · pre-launch scan 2026-10-06: every page (pdftotext, PyMuPDF, pypdf) + Windows OCR of picture pages; both rule sets (check-media.mjs, scan-documents.py)"
1hy9ICRrma8PQ2U82QypMKHRS23wRE1GN,2026-10-06,"cleared: role mailbox; sobriety phrase without a member's date (requirement, heading, total, anonymous sharing or length only)","document archive-minutes-2014-05-2014-asc-minutes-english-en-redacted · pre-launch scan 2026-10-06: every page (pdftotext, PyMuPDF, pypdf) + Windows OCR of picture pages; both rule sets (check-media.mjs, scan-documents.py)"
1KBVveVeG8oXL4Bx5NS8V0a_973FDc6LO,2026-10-06,cleared: role mailbox,"document archive-minutes-2014-06-2014-asc-minutes-english-en-redacted · pre-launch scan 2026-10-06: every page (pdftotext, PyMuPDF, pypdf) + Windows OCR of picture pages; both rule sets (check-media.mjs, scan-documents.py)"
1Qkm3GPT46XbsRvMNDutIECXTdRYRGxW0,2026-10-06,clean,"document archive-minutes-2014-2-16-board-minutes-en · pre-launch scan 2026-10-06: every page (pdftotext, PyMuPDF, pypdf) + Windows OCR of picture pages; both rule sets (check-media.mjs, scan-documents.py)"
1lhXorg4Ldcu20sMlvJsIRUeJPLKLf0QX,2026-10-06,clean,"document archive-minutes-2014-3-board-minutes-en · pre-launch scan 2026-10-06: every page (pdftotext, PyMuPDF, pypdf) + Windows OCR of picture pages; both rule sets (check-media.mjs, scan-documents.py)"
12GyzvVVlMf3eZUdrpUOFxy56u74HIPYd,2026-10-06,clean,"document archive-minutes-2014-aug-asc-minutes-english-en-redacted · pre-launch scan 2026-10-06: every page (pdftotext, PyMuPDF, pypdf) + Windows OCR of picture pages; both rule sets (check-media.mjs, scan-documents.py)"
1fCg2DI9DJZHa5wz94c8IZtXwcydWxsai,2026-10-06,clean,"document archive-minutes-2014-oct-asc-minutes-english-en-redacted · pre-launch scan 2026-10-06: every page (pdftotext, PyMuPDF, pypdf) + Windows OCR of picture pages; both rule sets (check-media.mjs, scan-documents.py)"
1YJrXZjhfInHYZ5mdjaBGD5dqI2bW9wOt,2026-10-06,"cleared: not a member's full name (place, group, heading, staff or historic name); sobriety phrase without a member's date (requirement, heading, total, anonymous sharing or length only)","document archive-minutes-2014-sept-assembly-minutes-2014-english-en-redacted · pre-launch scan 2026-10-06: every page (pdftotext, PyMuPDF, pypdf) + Windows OCR of picture pages; both rule sets (check-media.mjs, scan-documents.py)"
1EVKZt94Is8QDzQARLvf9DpEMBw4Hr4BP,2026-10-06,"cleared: sobriety phrase without a member's date (requirement, heading, total, anonymous sharing or length only)","document archive-minutes-2014-sept-assembly-minutes-2014-spanish-es-redacted · pre-launch scan 2026-10-06: every page (pdftotext, PyMuPDF, pypdf) + Windows OCR of picture pages; both rule sets (check-media.mjs, scan-documents.py)"
1tfnrEwwBS2qE5OrtRZzsG_h58f3U-xyx,2026-10-06,clean,"document archive-minutes-2014-sept-board-minutes-2014-en · pre-launch scan 2026-10-06: every page (pdftotext, PyMuPDF, pypdf) + Windows OCR of picture pages; both rule sets (check-media.mjs, scan-documents.py)"
1eSUjghZHcAIsesVryef5jaquukQiZzHI,2026-10-06,clean,"document archive-minutes-2015-aug-asc-minutes-english-2015-en-redacted · pre-launch scan 2026-10-06: every page (pdftotext, PyMuPDF, pypdf) + Windows OCR of picture pages; both rule sets (check-media.mjs, scan-documents.py)"
1rlpoPWJb5FJPnijtOzDX4agELi4QoeC4,2026-10-06,clean,"document archive-minutes-2015-dec-asc-minutes-2015-english-en · pre-launch scan 2026-10-06: every page (pdftotext, PyMuPDF, pypdf) + Windows OCR of picture pages; both rule sets (check-media.mjs, scan-documents.py)"
1gb0GfDYrj62630A1MTbqyKwA_gbJdQtL,2026-10-06,"cleared: not a member's full name (place, group, heading, staff or historic name)","document archive-minutes-2015-feb-asc-minutes-2015-english-en-redacted · pre-launch scan 2026-10-06: every page (pdftotext, PyMuPDF, pypdf) + Windows OCR of picture pages; both rule sets (check-media.mjs, scan-documents.py)"
1UEPnGESlNUY3gQGl8DN0d9V6dHs-IIcu,2026-10-06,clean,"document archive-minutes-2015-jan-assembly-minutes-2015-english-en-redacted · pre-launch scan 2026-10-06: every page (pdftotext, PyMuPDF, pypdf) + Windows OCR of picture pages; both rule sets (check-media.mjs, scan-documents.py)"
1gqDoXqMoNy3sBGZhbNAZ8gM0mkZQZhJS,2026-10-06,clean,"document archive-minutes-2015-june-asc-minutes-english-2015-en-redacted · pre-launch scan 2026-10-06: every page (pdftotext, PyMuPDF, pypdf) + Windows OCR of picture pages; both rule sets (check-media.mjs, scan-documents.py)"
1AkTLwehQ-t32k9QNMtWXcbb3RNX_wvwI,2026-10-06,clean,"document archive-minutes-2015-march-asc-minutes-2015-english-a-en-redacted · pre-launch scan 2026-10-06: every page (pdftotext, PyMuPDF, pypdf) + Windows OCR of picture pages; both rule sets (check-media.mjs, scan-documents.py)"
1Ago4yh7Hv8eyxgMdSs5vYt1sPzdC7ic7,2026-10-06,clean,"document archive-minutes-2015-may-assembly-minutes-english-2015-en · pre-launch scan 2026-10-06: every page (pdftotext, PyMuPDF, pypdf) + Windows OCR of picture pages; both rule sets (check-media.mjs, scan-documents.py)"
1yHGey128NkmQueqpX4Srrpkvou2C9roT,2026-10-06,clean,"document archive-minutes-2015-oct-election-minutes-2015-english-en · pre-launch scan 2026-10-06: every page (pdftotext, PyMuPDF, pypdf) + Windows OCR of picture pages; both rule sets (check-media.mjs, scan-documents.py)"
1jikWVE605DXEY8hZEjPwigIA6VvjWd5S,2026-10-06,clean,"document archive-minutes-2015-s-aug-asc-minutess-spanish-2015-2-es-redacted · pre-launch scan 2026-10-06: every page (pdftotext, PyMuPDF, pypdf) + Windows OCR of picture pages; both rule sets (check-media.mjs, scan-documents.py)"
1hWKNqyOj8SWSPH47w4H-QUFOOUJEYkkZ,2026-10-06,clean,"document archive-minutes-2015-s-feb-asc-minutes-2015-spanish-es-redacted · pre-launch scan 2026-10-06: every page (pdftotext, PyMuPDF, pypdf) + Windows OCR of picture pages; both rule sets (check-media.mjs, scan-documents.py)"
1tjZOOX1OB39ie0AUTGepkfP0auO-uAzt,2026-10-06,clean,"document archive-minutes-2015-s-jan-assembly-minutes-2015-spanish-es-redacted · pre-launch scan 2026-10-06: every page (pdftotext, PyMuPDF, pypdf) + Windows OCR of picture pages; both rule sets (check-media.mjs, scan-documents.py)"
1d37dhN0tPKDuMw2i0K0KhhO7S5H2k2Mo,2026-10-06,clean,"document archive-minutes-2015-s-march-asc-minutes-spanish-2015-es · pre-launch scan 2026-10-06: every page (pdftotext, PyMuPDF, pypdf) + Windows OCR of picture pages; both rule sets (check-media.mjs, scan-documents.py)"
1vt1W0f2KDz-MrSEYn1gjybG7f8w1iEGh,2026-10-06,clean,"document archive-minutes-2015-s-may-assembly-minutes-spanish-2015-es · pre-launch scan 2026-10-06: every page (pdftotext, PyMuPDF, pypdf) + Windows OCR of picture pages; both rule sets (check-media.mjs, scan-documents.py)"
1wCZUQl8zB8s9ob4ayT51S7a7W2vDZkQZ,2026-10-06,clean,"document archive-minutes-2016-06-jun-2016-asc-final-minutes-spanish-es-redacted · pre-launch scan 2026-10-06: every page (pdftotext, PyMuPDF, pypdf) + Windows OCR of picture pages; both rule sets (check-media.mjs, scan-documents.py)"
1ZK35-0kmTvRlYH61k3syzA0Q6Ho7C5SH,2026-10-06,clean,"document archive-minutes-2016-09-sept-2016-asa-final-minutes-english-en · pre-launch scan 2026-10-06: every page (pdftotext, PyMuPDF, pypdf) + Windows OCR of picture pages; both rule sets (check-media.mjs, scan-documents.py)"
1JB__JHcSHPHJbETDuYGpA86FDpm_sSJ2,2026-10-06,clean,"document archive-minutes-2016-12-dec-2016-asc-final-minutes-english-en · pre-launch scan 2026-10-06: every page (pdftotext, PyMuPDF, pypdf) + Windows OCR of picture pages; both rule sets (check-media.mjs, scan-documents.py)"
1MGoOMRYGOUVZdRCmvrXb75H14ZC0YFiU,2026-10-06,clean,"document archive-minutes-2016-12-dec-2016-asc-final-minutes-spanish-es-redacted · pre-launch scan 2026-10-06: every page (pdftotext, PyMuPDF, pypdf) + Windows OCR of picture pages; both rule sets (check-media.mjs, scan-documents.py) · re-redacted 2026-10-06 (personal phone numbers removed), then read again"
1jECtNdhVsvsbb6Wic6mjWOMjMy6OaNop,2026-10-06,cleared: General Service Office line,"document archive-minutes-2016-feb-2016-asc-final-minutes-english-en-redacted · pre-launch scan 2026-10-06: every page (pdftotext, PyMuPDF, pypdf) + Windows OCR of picture pages; both rule sets (check-media.mjs, scan-documents.py) · re-redacted 2026-10-06 (personal phone numbers removed), then read again"
1AAL9ppP4bS3etWGoZmseGQitJGpxD-Md,2026-10-06,clean,"document archive-minutes-2016-jun-2016-asc-final-minutes-english-en-redacted · pre-launch scan 2026-10-06: every page (pdftotext, PyMuPDF, pypdf) + Windows OCR of picture pages; both rule sets (check-media.mjs, scan-documents.py)"
15goP8kx3gPoegWBZ3d88oENpTc5eNSKA,2026-10-06,clean,"document archive-minutes-2016-mar-2016-asc-final-minutes-english-en-redacted · pre-launch scan 2026-10-06: every page (pdftotext, PyMuPDF, pypdf) + Windows OCR of picture pages; both rule sets (check-media.mjs, scan-documents.py)"
1Tvqk1ehN_sCOzYEkoWx5MDyM1yEYPX6U,2026-10-06,cleared: General Service Office line; role mailbox,"document archive-minutes-2016-s-feb-2016-asc-final-minutes-spanish-es-redacted · pre-launch scan 2026-10-06: every page (pdftotext, PyMuPDF, pypdf) + Windows OCR of picture pages; both rule sets (check-media.mjs, scan-documents.py)"
1vw-e5ABzJg5XD0FSgu48cS-G-CP8FWvu,2026-10-06,"cleared: sobriety phrase without a member's date (requirement, heading, total, anonymous sharing or length only)","document archive-minutes-2016-s-jan-2016-asa-final-minutes-spanish-es · pre-launch scan 2026-10-06: every page (pdftotext, PyMuPDF, pypdf) + Windows OCR of picture pages; both rule sets (check-media.mjs, scan-documents.py)"
1iFf2w5liSGlx8O0Bn55UIBphaf_Ubnk0,2026-10-06,clean,"document archive-minutes-2016-s-mar-2016-asc-final-minutes-spanish-es-redacted · pre-launch scan 2026-10-06: every page (pdftotext, PyMuPDF, pypdf) + Windows OCR of picture pages; both rule sets (check-media.mjs, scan-documents.py)"
1baXoeuCneH-5IlBKAolK_efY2CWdz9Um,2026-10-06,clean,"document archive-minutes-2017-01-jan-2017-asa-final-minutes-english-en-redacted · pre-launch scan 2026-10-06: every page (pdftotext, PyMuPDF, pypdf) + Windows OCR of picture pages; both rule sets (check-media.mjs, scan-documents.py)"
1qtus8rpF1XGjKlRwZmpsxUvN9vZWjGYQ,2026-10-06,clean,"document archive-minutes-2017-01-jan-2017-asa-final-minutes-spanish-es-redacted · pre-launch scan 2026-10-06: every page (pdftotext, PyMuPDF, pypdf) + Windows OCR of picture pages; both rule sets (check-media.mjs, scan-documents.py)"
1OjemI0BYLAVWnqIkDDYd3EV36HN_maKG,2026-10-06,clean,"document archive-minutes-2017-02-feb-2017-asc-final-minutes-english-en · pre-launch scan 2026-10-06: every page (pdftotext, PyMuPDF, pypdf) + Windows OCR of picture pages; both rule sets (check-media.mjs, scan-documents.py)"
1DkiGB9KnWJ-8cgyClU0f7qDjwrBSa-3E,2026-10-06,clean,"document archive-minutes-2017-02-feb-2017-asc-final-minutes-spanish-es · pre-launch scan 2026-10-06: every page (pdftotext, PyMuPDF, pypdf) + Windows OCR of picture pages; both rule sets (check-media.mjs, scan-documents.py)"
1YSHrYYFBpWjvkKXSOoSYzJu-d0ZHJjUm,2026-10-06,clean,"document archive-minutes-2017-05-may-2017-asa-final-minutes-english-en-redacted · pre-launch scan 2026-10-06: every page (pdftotext, PyMuPDF, pypdf) + Windows OCR of picture pages; both rule sets (check-media.mjs, scan-documents.py)"
1y8t9wFXfM_CXZ4g3cdOiN91ifgvYPPDE,2026-10-06,clean,"document archive-minutes-2017-05-may-2017-asa-final-minutes-spanish-es-redacted · pre-launch scan 2026-10-06: every page (pdftotext, PyMuPDF, pypdf) + Windows OCR of picture pages; both rule sets (check-media.mjs, scan-documents.py)"
1PpIdmmtXQ6ZnhjzGi7i_D2E8kXNby_Ec,2026-10-06,clean,"document archive-minutes-2017-06-jun-2017-asc-final-minutes-english-en · pre-launch scan 2026-10-06: every page (pdftotext, PyMuPDF, pypdf) + Windows OCR of picture pages; both rule sets (check-media.mjs, scan-documents.py)"
1PF_HgngSLzxkcwi8oGI5e9uhK6VFxBJT,2026-10-06,clean,"document archive-minutes-2017-06-jun-2017-asc-final-minutes-spanish-es · pre-launch scan 2026-10-06: every page (pdftotext, PyMuPDF, pypdf) + Windows OCR of picture pages; both rule sets (check-media.mjs, scan-documents.py)"
11Efd25CxDQAfix4Iy_rNsNor8aiPVsTW,2026-10-06,clean,"document archive-minutes-2017-08-aug-2017-asc-draft-minutes-english-en-redacted · pre-launch scan 2026-10-06: every page (pdftotext, PyMuPDF, pypdf) + Windows OCR of picture pages; both rule sets (check-media.mjs, scan-documents.py)"
1BeehASdq_V5mMKiljQXcHxjZMhb80kjL,2026-10-06,clean,"document archive-minutes-2017-08-aug-2017-asc-draft-minutes-spanish-es-redacted · pre-launch scan 2026-10-06: every page (pdftotext, PyMuPDF, pypdf) + Windows OCR of picture pages; both rule sets (check-media.mjs, scan-documents.py)"
1jD9VmSU8pGV_l15XnSqxHCHaIri1VT1A,2026-10-06,"cleared: sobriety phrase without a member's date (requirement, heading, total, anonymous sharing or length only)","document archive-minutes-2017-11-nov-2017-asc-final-minutes-english-en · pre-launch scan 2026-10-06: every page (pdftotext, PyMuPDF, pypdf) + Windows OCR of picture pages; both rule sets (check-media.mjs, scan-documents.py)"
1GH3ZQrz--rmFWdW20zmXfbgo7G99TDW6,2026-10-06,clean,"document archive-minutes-2017-12-dec-2017-asc-draft-minutes-english-rev-en · pre-launch scan 2026-10-06: every page (pdftotext, PyMuPDF, pypdf) + Windows OCR of picture pages; both rule sets (check-media.mjs, scan-documents.py)"
196yzggYc-wRqjKhebCxMfDUJwGb7F53Z,2026-10-06,clean,"document archive-minutes-2017-12-dec-2017-asc-draft-minutes-spanish-es · pre-launch scan 2026-10-06: every page (pdftotext, PyMuPDF, pypdf) + Windows OCR of picture pages; both rule sets (check-media.mjs, scan-documents.py)"
1BEHdJyOPZFUIinTgZBGhosjnhsduy-dC,2026-10-06,clean,"document archive-minutes-2018-09-minutes-assembly-final-english-2018-09-16-en-redacted · pre-launch scan 2026-10-06: every page (pdftotext, PyMuPDF, pypdf) + Windows OCR of picture pages; both rule sets (check-media.mjs, scan-documents.py)"
1OD3fUt_0ueamg1Df21nyIXyNj9Hp-hLe,2026-10-06,clean,"document archive-minutes-2018-09-minutes-assembly-final-spanish-2018-09-16-es-redacted · pre-launch scan 2026-10-06: every page (pdftotext, PyMuPDF, pypdf) + Windows OCR of picture pages; both rule sets (check-media.mjs, scan-documents.py)"
1bfMiLCOg-Rm5-SSO7qUsiawgEou5PzHM,2026-10-06,clean,"document archive-minutes-2018-10-minutes-october-asc-2018-final-english-en-redacted · pre-launch scan 2026-10-06: every page (pdftotext, PyMuPDF, pypdf) + Windows OCR of picture pages; both rule sets (check-media.mjs, scan-documents.py)"
1T5tjlV-iWLjohcNeaS8gZ5zfC_qmynlZ,2026-10-06,"cleared: sobriety phrase without a member's date (requirement, heading, total, anonymous sharing or length only)","document archive-minutes-2018-12-minutes-december-asc-final-2018-english-en · pre-launch scan 2026-10-06: every page (pdftotext, PyMuPDF, pypdf) + Windows OCR of picture pages; both rule sets (check-media.mjs, scan-documents.py)"
1E7D0cyQk5kNiYaO7gF-Vh0jtwg7wVhd-,2026-10-06,clean,"document archive-minutes-2018-12-minutes-december-asc-final-2018-spanish-es · pre-launch scan 2026-10-06: every page (pdftotext, PyMuPDF, pypdf) + Windows OCR of picture pages; both rule sets (check-media.mjs, scan-documents.py)"
1hirThPBxXaY6af_HkeFM8ct1Bb1CiueI,2026-10-06,clean,"document archive-minutes-2018-may-2018-asa-minutes-english-en-redacted · pre-launch scan 2026-10-06: every page (pdftotext, PyMuPDF, pypdf) + Windows OCR of picture pages; both rule sets (check-media.mjs, scan-documents.py)"
1VygxdDSgpO34HSF6u6lLPM03l83_aj8T,2026-10-06,clean,"document archive-minutes-2018-may-2018-asa-minutes-spanish-es-redacted · pre-launch scan 2026-10-06: every page (pdftotext, PyMuPDF, pypdf) + Windows OCR of picture pages; both rule sets (check-media.mjs, scan-documents.py)"
1KxNMV1vJ4SFusTQMyVz-eqWm8X7hPoCu,2026-10-06,clean,"document archive-minutes-2019-april-2019-en · pre-launch scan 2026-10-06: every page (pdftotext, PyMuPDF, pypdf) + Windows OCR of picture pages; both rule sets (check-media.mjs, scan-documents.py)"
1d8h9ljhc0UJm09zEm3JaF1HlD00wt911,2026-10-06,clean,"document archive-minutes-2019-august-2019-en · pre-launch scan 2026-10-06: every page (pdftotext, PyMuPDF, pypdf) + Windows OCR of picture pages; both rule sets (check-media.mjs, scan-documents.py)"
1dERzn5K4lqPbjS2YOXjQrEl2L7rQGpbH,2026-10-06,clean,"document archive-minutes-2019-december-2019-en · pre-launch scan 2026-10-06: every page (pdftotext, PyMuPDF, pypdf) + Windows OCR of picture pages; both rule sets (check-media.mjs, scan-documents.py)"
1j5T_wV_dfSrGtHMER1FSeIi7oy2kUGl6,2026-10-06,clean,"document archive-minutes-2019-march-2019-en · pre-launch scan 2026-10-06: every page (pdftotext, PyMuPDF, pypdf) + Windows OCR of picture pages; both rule sets (check-media.mjs, scan-documents.py)"
1fsZ89foZK9shAVCETFEspFj3u6xecrQn,2026-10-06,clean,"document archive-minutes-2019-may-2019-en · pre-launch scan 2026-10-06: every page (pdftotext, PyMuPDF, pypdf) + Windows OCR of picture pages; both rule sets (check-media.mjs, scan-documents.py)"
1KlOjBmBPnImuxUC2KNUMlag8tUvKZQQK,2026-10-06,clean,"document archive-minutes-2019-minutes-asa-april-2019-final-english-2018-04-14-en-redacted · pre-launch scan 2026-10-06: every page (pdftotext, PyMuPDF, pypdf) + Windows OCR of picture pages; both rule sets (check-media.mjs, scan-documents.py)"
1Ifq4vTCQkgI2TOqEFTV5NximZLGWE3ju,2026-10-06,clean,"document archive-minutes-2019-minutes-asa-april-2019-final-spanish-2018-04-12-es-redacted · pre-launch scan 2026-10-06: every page (pdftotext, PyMuPDF, pypdf) + Windows OCR of picture pages; both rule sets (check-media.mjs, scan-documents.py)"
1YxPpejfAxkQyAS-xcGWZeL-Z6gC4k_UT,2026-10-06,clean,"document archive-minutes-2019-minutes-asa-january-2019-final-english-en-redacted · pre-launch scan 2026-10-06: every page (pdftotext, PyMuPDF, pypdf) + Windows OCR of picture pages; both rule sets (check-media.mjs, scan-documents.py)"
1jhrlTS84toLaEZ-JYdZX8PtKTYQGgsFk,2026-10-06,clean,"document archive-minutes-2019-minutes-asa-october-election-2019-final-english-en-redacted · pre-launch scan 2026-10-06: every page (pdftotext, PyMuPDF, pypdf) + Windows OCR of picture pages; both rule sets (check-media.mjs, scan-documents.py)"
1DNg87ESrqbdkYGIKoslgsxNxKtzc3Owp,2026-10-06,clean,"document archive-minutes-2019-minutes-asc-2019-12-08-final-spanish-rev-es · pre-launch scan 2026-10-06: every page (pdftotext, PyMuPDF, pypdf) + Windows OCR of picture pages; both rule sets (check-media.mjs, scan-documents.py)"
1Lf9VnjtAOOhIYmd8wLHrqn9In7md1MDV,2026-10-06,clean,"document archive-minutes-2019-minutes-asc-august-2019-final-english-en · pre-launch scan 2026-10-06: every page (pdftotext, PyMuPDF, pypdf) + Windows OCR of picture pages; both rule sets (check-media.mjs, scan-documents.py)"
1-usAaP1a4I7lALz4uf7TqIdmvY3QAsuc,2026-10-06,cleared: role mailbox,"document archive-minutes-2019-minutes-asc-february-2019-final-english-en-redacted · pre-launch scan 2026-10-06: every page (pdftotext, PyMuPDF, pypdf) + Windows OCR of picture pages; both rule sets (check-media.mjs, scan-documents.py)"
1AAJbGUdKLfBskMgOoZsPIGWogJxhXNu9,2026-10-06,clean,"document archive-minutes-2019-minutes-asc-june-2019-final-english-en · pre-launch scan 2026-10-06: every page (pdftotext, PyMuPDF, pypdf) + Windows OCR of picture pages; both rule sets (check-media.mjs, scan-documents.py)"
1uZB9Sw8WLK_1jvlkbWHreTl2F64cSqUG,2026-10-06,"cleared: sobriety phrase without a member's date (requirement, heading, total, anonymous sharing or length only)","document archive-minutes-2019-minutes-asc-november-2019-final-english-en-redacted · pre-launch scan 2026-10-06: every page (pdftotext, PyMuPDF, pypdf) + Windows OCR of picture pages; both rule sets (check-media.mjs, scan-documents.py)"
11whr6jTbBoioI38-WA17rfqti47AR-U-,2026-10-06,clean,"document archive-minutes-2019-minutes-asc-november-2019-final-spanish-es · pre-launch scan 2026-10-06: every page (pdftotext, PyMuPDF, pypdf) + Windows OCR of picture pages; both rule sets (check-media.mjs, scan-documents.py)"
1obkYA5aTOJHx-j079oQBg2A9ouqvL0Ii,2026-10-06,clean,"document archive-minutes-2019-september-2019-en · pre-launch scan 2026-10-06: every page (pdftotext, PyMuPDF, pypdf) + Windows OCR of picture pages; both rule sets (check-media.mjs, scan-documents.py)"
1VwzXZtmoZyXUIxhJD01dNpEWWWkWXXtd,2026-10-06,clean,"document archive-minutes-2020-20200112-minutes-jan-asa-approved-docx-en · pre-launch scan 2026-10-06: every page (pdftotext, PyMuPDF, pypdf) + Windows OCR of picture pages; both rule sets (check-media.mjs, scan-documents.py)"
1I7FQeBGzBAVUgcDxt8mBGRRMZtXnQ7cl,2026-10-06,clean,"document archive-minutes-2020-20200209-minutes-febasc-approved-english-en-redacted · pre-launch scan 2026-10-06: every page (pdftotext, PyMuPDF, pypdf) + Windows OCR of picture pages; both rule sets (check-media.mjs, scan-documents.py)"
1sebfbNxGUPcn3_mzGPJwZrUV1qYIIWck,2026-10-06,clean,"document archive-minutes-2021-01-minutes-asa-january-2019-final-spanish-es-redacted · pre-launch scan 2026-10-06: every page (pdftotext, PyMuPDF, pypdf) + Windows OCR of picture pages; both rule sets (check-media.mjs, scan-documents.py) · re-redacted 2026-10-06 (personal phone numbers removed), then read again"
1BSNjz0P5k8Drr9sMRhDbAauZ0d4eYdsd,2026-10-06,clean,"document archive-minutes-2021-01-minutes-jan-2018-asa-final-spanish-es-redacted · pre-launch scan 2026-10-06: every page (pdftotext, PyMuPDF, pypdf) + Windows OCR of picture pages; both rule sets (check-media.mjs, scan-documents.py)"
1tIvph_ZRUQ01XurzFrfwps5DzNfkcYRv,2026-10-06,clean,"document archive-minutes-2021-02-minutes-asc-february-2018-final-english-en-redacted · pre-launch scan 2026-10-06: every page (pdftotext, PyMuPDF, pypdf) + Windows OCR of picture pages; both rule sets (check-media.mjs, scan-documents.py)"
1h6MDPFW0mUew3C1OMSqdbLArm23CcKdQ,2026-10-06,clean,"document archive-minutes-2021-02-minutes-asc-february-2018-final-spanish-es-redacted · pre-launch scan 2026-10-06: every page (pdftotext, PyMuPDF, pypdf) + Windows OCR of picture pages; both rule sets (check-media.mjs, scan-documents.py)"
1vvpyV0-j3GnsVYbvEbOmmqhDOXbxTFPS,2026-10-06,clean,"document archive-minutes-2021-03-minutes-asc-march-2019-final-spanish-es · pre-launch scan 2026-10-06: every page (pdftotext, PyMuPDF, pypdf) + Windows OCR of picture pages; both rule sets (check-media.mjs, scan-documents.py)"
1uZDPutDaXPZkuLWQ9OnOSkuHzceeRkIv,2026-10-06,clean,"document archive-minutes-2021-03-minutes-asc-march-2021-english-en · pre-launch scan 2026-10-06: every page (pdftotext, PyMuPDF, pypdf) + Windows OCR of picture pages; both rule sets (check-media.mjs, scan-documents.py)"
1sb-nSOwj9eC8R8CTdqA0jA_YYp5qLbiN,2026-10-06,"cleared: sobriety phrase without a member's date (requirement, heading, total, anonymous sharing or length only)","document archive-minutes-2021-03-minutes-march-2018-asc-final-spanish-es-redacted · pre-launch scan 2026-10-06: every page (pdftotext, PyMuPDF, pypdf) + Windows OCR of picture pages; both rule sets (check-media.mjs, scan-documents.py)"
1u3_TXFc4lpEyjKuYNXcmYfOnkbuxwKnv,2026-10-06,clean,"document archive-minutes-2021-04-minutes-asa-april-2019-final-spanish-es-redacted · pre-launch scan 2026-10-06: every page (pdftotext, PyMuPDF, pypdf) + Windows OCR of picture pages; both rule sets (check-media.mjs, scan-documents.py)"
1jtG_li1tyww0lH9lpyREBl-uW90nX5iL,2026-10-06,clean,"document archive-minutes-2021-05-minutes-asa-20-may-2018-final-english-en-redacted · pre-launch scan 2026-10-06: every page (pdftotext, PyMuPDF, pypdf) + Windows OCR of picture pages; both rule sets (check-media.mjs, scan-documents.py)"
18h11a9Vby1HFPXrudF6teKp-vCCm_6Cg,2026-10-06,clean,"document archive-minutes-2021-05-minutes-asa-may-2018-final-spanish-es-redacted · pre-launch scan 2026-10-06: every page (pdftotext, PyMuPDF, pypdf) + Windows OCR of picture pages; both rule sets (check-media.mjs, scan-documents.py)"
1BqxWiNO_m5rsCXqwEwhLg1JZAblwgEWG,2026-10-06,clean,"document archive-minutes-2021-06-minutes-asc-june-2019-final-spanish-es · pre-launch scan 2026-10-06: every page (pdftotext, PyMuPDF, pypdf) + Windows OCR of picture pages; both rule sets (check-media.mjs, scan-documents.py)"
1cPpVydwl_XN3bwTZrat24SBxzK6G8YE-,2026-10-06,clean,"document archive-minutes-2021-08-minutes-asc-august-2019-final-spanish-es · pre-launch scan 2026-10-06: every page (pdftotext, PyMuPDF, pypdf) + Windows OCR of picture pages; both rule sets (check-media.mjs, scan-documents.py)"
1LEQHKHeAB39a2zOncnDD7G2qkV5lrD8g,2026-10-06,clean,"document archive-minutes-2021-08-minutes-august-asc-2018-final-spanish-es · pre-launch scan 2026-10-06: every page (pdftotext, PyMuPDF, pypdf) + Windows OCR of picture pages; both rule sets (check-media.mjs, scan-documents.py)"
11h1DTOPV3apMNUoefWcqozzppFAe0X1q,2026-10-06,clean,"document archive-minutes-2021-08-minutes-august-asc-final-2018-english-en-redacted · pre-launch scan 2026-10-06: every page (pdftotext, PyMuPDF, pypdf) + Windows OCR of picture pages; both rule sets (check-media.mjs, scan-documents.py)"
1HEiPQ1b4_e4TgP9A0lvz3Tm9NQQ5PIDh,2026-10-06,clean,"document archive-minutes-2021-09-minutes-asa-september-2019-final-english-en-redacted · pre-launch scan 2026-10-06: every page (pdftotext, PyMuPDF, pypdf) + Windows OCR of picture pages; both rule sets (check-media.mjs, scan-documents.py)"
12eS3YJfLkqDQHlVEJCpheBoW2IQ_Q-cu,2026-10-06,clean,"document archive-minutes-2021-09-minutes-asa-september-2019-final-spanish-es-redacted · pre-launch scan 2026-10-06: every page (pdftotext, PyMuPDF, pypdf) + Windows OCR of picture pages; both rule sets (check-media.mjs, scan-documents.py)"
1rOsvMHYqRkQ2A4lpM3BkxykGDpgW3UTc,2026-10-06,clean,"document archive-minutes-2021-10-minutes-asa-october-election-2019-final-spanish-es-redacted · pre-launch scan 2026-10-06: every page (pdftotext, PyMuPDF, pypdf) + Windows OCR of picture pages; both rule sets (check-media.mjs, scan-documents.py)"
1Z1BUFrnkt2T3oORpMBhN5dJg38donBps,2026-10-06,clean,"document archive-minutes-2021-11-minutes-asc-november-2019-final-spanish-es · pre-launch scan 2026-10-06: every page (pdftotext, PyMuPDF, pypdf) + Windows OCR of picture pages; both rule sets (check-media.mjs, scan-documents.py)"
1uJozwTdcYhqJQ6XG2YXjukjnAlIOz6t1,2026-10-06,clean,"document archive-minutes-2021-12-minutes-asc-december-2019-final-spanish-2019-12-es · pre-launch scan 2026-10-06: every page (pdftotext, PyMuPDF, pypdf) + Windows OCR of picture pages; both rule sets (check-media.mjs, scan-documents.py)"
1fPd-FxkML33pdhG01PsMxOJ0jHa9x-uE,2026-10-06,clean,"document archive-minutes-2021-20200112-minutes-asa-january-spanish-final-es · pre-launch scan 2026-10-06: every page (pdftotext, PyMuPDF, pypdf) + Windows OCR of picture pages; both rule sets (check-media.mjs, scan-documents.py)"
11Bfi_Cf_HWvClmhZ9dgQNUg0NRxBldj6,2026-10-06,clean,"document archive-minutes-2021-202003-marasc-minutes-spanish-final-1-es · pre-launch scan 2026-10-06: every page (pdftotext, PyMuPDF, pypdf) + Windows OCR of picture pages; both rule sets (check-media.mjs, scan-documents.py)"
15PZB_L2fC9f5HjwjWPNO4lrj_1CEtkaB,2026-10-06,"cleared: role or event mailbox, or a text-extraction fragment","document archive-minutes-2021-202009-sept-asa-notas-spanish-final-2021-es-redacted · pre-launch scan 2026-10-06: every page (pdftotext, PyMuPDF, pypdf) + Windows OCR of picture pages; both rule sets (check-media.mjs, scan-documents.py)"
1Fb3yOfHzjvBO2pn-uRSQLnEThg8fbKrj,2026-10-06,clean,"document archive-minutes-2021-202009-septemberasaminutes-english-final-en · pre-launch scan 2026-10-06: every page (pdftotext, PyMuPDF, pypdf) + Windows OCR of picture pages; both rule sets (check-media.mjs, scan-documents.py)"
1arPfzTOW8DKpRLE6_dk5Egqx8TTxGBVH,2026-10-06,clean,"document archive-minutes-2021-202010-octasc-minutes-english-final-en · pre-launch scan 2026-10-06: every page (pdftotext, PyMuPDF, pypdf) + Windows OCR of picture pages; both rule sets (check-media.mjs, scan-documents.py)"
1QpOkyPDsukQBtvCJcZW1HmhwA0BtsuMd,2026-10-06,"cleared: role or event mailbox, or a text-extraction fragment","document archive-minutes-2021-202012-decasc-minutes-final-spanish-final-es · pre-launch scan 2026-10-06: every page (pdftotext, PyMuPDF, pypdf) + Windows OCR of picture pages; both rule sets (check-media.mjs, scan-documents.py)"
1AzuuSvJjZgFY2Y0ed96QiHJdpBr4bEFl,2026-10-06,clean,"document archive-minutes-2021-20201213-decemberascminutes-final-english-en · pre-launch scan 2026-10-06: every page (pdftotext, PyMuPDF, pypdf) + Windows OCR of picture pages; both rule sets (check-media.mjs, scan-documents.py)"
1h0YTx2sYmgdzdaQimdzXGEVKnkvSFW1l,2026-10-06,clean,"document archive-minutes-2021-dcm-school-minutes-november-docx-en · pre-launch scan 2026-10-06: every page (pdftotext, PyMuPDF, pypdf) + Windows OCR of picture pages; both rule sets (check-media.mjs, scan-documents.py)"
1JegzBARyXUXxR1sqFSSrH3RUd2O0Z04d,2026-10-06,clean,"document archive-minutes-2021-dcm-school-minutes-october-docx-en · pre-launch scan 2026-10-06: every page (pdftotext, PyMuPDF, pypdf) + Windows OCR of picture pages; both rule sets (check-media.mjs, scan-documents.py)"
1QarB4Y57pxlyx5tx6A_2OUDyMF-2rZCB,2026-10-06,clean,"document archive-minutes-2021-dist-8-draft-minutes-february2021-en · pre-launch scan 2026-10-06: every page (pdftotext, PyMuPDF, pypdf) + Windows OCR of picture pages; both rule sets (check-media.mjs, scan-documents.py)"
1Y8IQ1gsRa92DQCzZT7n7CRw7TyDLxuX8,2026-10-06,clean,"document archive-minutes-2021-dist-8-minutes-january2021-en · pre-launch scan 2026-10-06: every page (pdftotext, PyMuPDF, pypdf) + Windows OCR of picture pages; both rule sets (check-media.mjs, scan-documents.py)"
1f5LRqoB2uZy9q4uKKwbIQi3_OUEgggG0,2026-10-06,clean,"document archive-minutes-2021-march-minutes-asc-final-english-2021-en · pre-launch scan 2026-10-06: every page (pdftotext, PyMuPDF, pypdf) + Windows OCR of picture pages; both rule sets (check-media.mjs, scan-documents.py)"
1-ftbaJhDkyA1UnMRvdQlkPauNRr7MwlH,2026-10-06,clean,"document archive-minutes-2021-march-minutes-asc-final-spanish-2021-es · pre-launch scan 2026-10-06: every page (pdftotext, PyMuPDF, pypdf) + Windows OCR of picture pages; both rule sets (check-media.mjs, scan-documents.py)"
13ZqGEdcvf5cTti3IA3zIu_QllBrUj-GG,2026-10-06,clean,"document archive-minutes-2021-minutes-aa-cec-area-9-october-11-2020-docx-en-redacted · pre-launch scan 2026-10-06: every page (pdftotext, PyMuPDF, pypdf) + Windows OCR of picture pages; both rule sets (check-media.mjs, scan-documents.py)"
1fVfNhtrcTK2qzwZ_IH7Dsog0u8-EWI6N,2026-10-06,clean,"document archive-minutes-2021-minutes-asa-january-2021-final-english-en · pre-launch scan 2026-10-06: every page (pdftotext, PyMuPDF, pypdf) + Windows OCR of picture pages; both rule sets (check-media.mjs, scan-documents.py)"
1eHWXwAfTpnLRtuC_tDjT6J-62p52Ofrr,2026-10-06,clean,"document archive-minutes-2021-minutes-asa-january-2021-final-spanish-es · pre-launch scan 2026-10-06: every page (pdftotext, PyMuPDF, pypdf) + Windows OCR of picture pages; both rule sets (check-media.mjs, scan-documents.py)"
1cvGBF5d0gQ6tlPJosuZNbcDBUMuo5Zaf,2026-10-06,clean,"document archive-minutes-apr-4-minutes-05-en · pre-launch scan 2026-10-06: every page (pdftotext, PyMuPDF, pypdf) + Windows OCR of picture pages; both rule sets (check-media.mjs, scan-documents.py)"
1s-LXAV2apzKzzifijZ4JJOa1mjEkgVqk,2026-10-06,"cleared: not a member's full name (place, group, heading, staff or historic name); sobriety phrase without a member's date (requirement, heading, total, anonymous sharing or length only)","document archive-minutes-ascmarmin05-en-redacted · pre-launch scan 2026-10-06: every page (pdftotext, PyMuPDF, pypdf) + Windows OCR of picture pages; both rule sets (check-media.mjs, scan-documents.py)"
1mtr2FRIjqmorLs5tp-Nb6wqz6g9uius_,2026-10-06,clean,"document archive-minutes-aug-13-minutes-07-en · pre-launch scan 2026-10-06: every page (pdftotext, PyMuPDF, pypdf) + Windows OCR of picture pages; both rule sets (check-media.mjs, scan-documents.py)"
1ccFAR1qoEdeKMdFAnlVJuYzZ5AFAWkdK,2026-10-06,"cleared: sobriety phrase without a member's date (requirement, heading, total, anonymous sharing or length only)","document archive-minutes-augmin06-en-redacted · pre-launch scan 2026-10-06: every page (pdftotext, PyMuPDF, pypdf) + Windows OCR of picture pages; both rule sets (check-media.mjs, scan-documents.py)"
12y6bKv-A-3SPcsYxNfb2NUg5MxVXdD1t,2026-10-06,clean,"document archive-minutes-augmin07asc-en · pre-launch scan 2026-10-06: every page (pdftotext, PyMuPDF, pypdf) + Windows OCR of picture pages; both rule sets (check-media.mjs, scan-documents.py)"
1bOR2qUlJw2YfrpVYBKEJeKjp4Xppj8FP,2026-10-06,clean,"document archive-minutes-d-6-16-aug-en · pre-launch scan 2026-10-06: every page (pdftotext, PyMuPDF, pypdf) + Windows OCR of picture pages; both rule sets (check-media.mjs, scan-documents.py)"
1XbSWYS3t2WmgasQbsz185UONacenmr8J,2026-10-06,clean,"document archive-minutes-d-6-16-dec-en · pre-launch scan 2026-10-06: every page (pdftotext, PyMuPDF, pypdf) + Windows OCR of picture pages; both rule sets (check-media.mjs, scan-documents.py)"
1Bj3wvykGUEOxvEKV6P-ZbnTMr_qVf-zd,2026-10-06,clean,"document archive-minutes-d-6-16-feb-en · pre-launch scan 2026-10-06: every page (pdftotext, PyMuPDF, pypdf) + Windows OCR of picture pages; both rule sets (check-media.mjs, scan-documents.py)"
1UtBlPoJass2_KJXHKotUPwfyY6JhTaPO,2026-10-06,clean,"document archive-minutes-d-6-16-jun-en · pre-launch scan 2026-10-06: every page (pdftotext, PyMuPDF, pypdf) + Windows OCR of picture pages; both rule sets (check-media.mjs, scan-documents.py)"
1FzgoxCkxfNhJF-GCWKYih93RE6gf51WH,2026-10-06,clean,"document archive-minutes-d-6-16-may-en · pre-launch scan 2026-10-06: every page (pdftotext, PyMuPDF, pypdf) + Windows OCR of picture pages; both rule sets (check-media.mjs, scan-documents.py)"
1Wcn6mloaHkVnNoHGC4lmdVNQhy7CeUAO,2026-10-06,clean,"document archive-minutes-d-6-16-oct-en · pre-launch scan 2026-10-06: every page (pdftotext, PyMuPDF, pypdf) + Windows OCR of picture pages; both rule sets (check-media.mjs, scan-documents.py)"
1jSa0cOgCj4iM1vmh71b_soCsDUilGwye,2026-10-06,clean,"document archive-minutes-d-6-16-sep-en · pre-launch scan 2026-10-06: every page (pdftotext, PyMuPDF, pypdf) + Windows OCR of picture pages; both rule sets (check-media.mjs, scan-documents.py)"
1MKryISiagNDl8O4qbjijzZneQY6lYuPi,2026-10-06,clean,"document archive-minutes-d-6-17-apr-en · pre-launch scan 2026-10-06: every page (pdftotext, PyMuPDF, pypdf) + Windows OCR of picture pages; both rule sets (check-media.mjs, scan-documents.py)"
18OZHwXTC5LNhnrHzwXWIB2BcF6F8DAvj,2026-10-06,clean,"document archive-minutes-d-6-17-mar-en · pre-launch scan 2026-10-06: every page (pdftotext, PyMuPDF, pypdf) + Windows OCR of picture pages; both rule sets (check-media.mjs, scan-documents.py)"
1FLplP58Wa-8Doqyjur7W7Xheh4VriyCK,2026-10-06,"cleared: sobriety phrase without a member's date (requirement, heading, total, anonymous sharing or length only)","document archive-minutes-feb05ascmin-en-redacted · pre-launch scan 2026-10-06: every page (pdftotext, PyMuPDF, pypdf) + Windows OCR of picture pages; both rule sets (check-media.mjs, scan-documents.py)"
1MN0lAWvBhzQP4iaFZtfzi1-j3uXf4wDM,2026-10-06,clean,"document archive-minutes-feb06ascmin-en · pre-launch scan 2026-10-06: every page (pdftotext, PyMuPDF, pypdf) + Windows OCR of picture pages; both rule sets (check-media.mjs, scan-documents.py)"
1pEZaEGzqge-zFXuW5IbmHw4iz-DfHUMI,2026-10-06,"cleared: sobriety phrase without a member's date (requirement, heading, total, anonymous sharing or length only)","document archive-minutes-febasc07minfinal-en-redacted · pre-launch scan 2026-10-06: every page (pdftotext, PyMuPDF, pypdf) + Windows OCR of picture pages; both rule sets (check-media.mjs, scan-documents.py)"
1LcQuLoJjUyc3kOlgKhcY0E3DDeS2Uvrh,2026-10-06,clean,"document archive-minutes-jan-07-arch-minutes-en · pre-launch scan 2026-10-06: every page (pdftotext, PyMuPDF, pypdf) + Windows OCR of picture pages; both rule sets (check-media.mjs, scan-documents.py)"
13cN5pyRn9rrf3Tkbx_zzwSi2YqqwjGl8,2026-10-06,clean,"document archive-minutes-jul-06-arch-minutes-en · pre-launch scan 2026-10-06: every page (pdftotext, PyMuPDF, pypdf) + Windows OCR of picture pages; both rule sets (check-media.mjs, scan-documents.py)"
1W8VrXkKANPvavZqLLCnIUtzl-M1pbA4e,2026-10-06,"cleared: sobriety phrase without a member's date (requirement, heading, total, anonymous sharing or length only)","document archive-minutes-jun05ascmin-en · pre-launch scan 2026-10-06: every page (pdftotext, PyMuPDF, pypdf) + Windows OCR of picture pages; both rule sets (check-media.mjs, scan-documents.py)"
12YrLjBMK_XOBlYlKV5tJ51p099cseH8S,2026-10-06,"cleared: sobriety phrase without a member's date (requirement, heading, total, anonymous sharing or length only)","document archive-minutes-junmin07asc-en · pre-launch scan 2026-10-06: every page (pdftotext, PyMuPDF, pypdf) + Windows OCR of picture pages; both rule sets (check-media.mjs, scan-documents.py)"
1qdUYoZHid3czGLnkF-CcwLXxlx6P13SA,2026-10-06,clean,"document archive-minutes-may-06-arch-minutes-en · pre-launch scan 2026-10-06: every page (pdftotext, PyMuPDF, pypdf) + Windows OCR of picture pages; both rule sets (check-media.mjs, scan-documents.py)"
1OPCNAgY9hOfM6YvXwxIKtdQDnrF-9oQ6,2026-10-06,"cleared: sobriety phrase without a member's date (requirement, heading, total, anonymous sharing or length only)","document archive-minutes-mayassembly07-minutes-2-en-redacted · pre-launch scan 2026-10-06: every page (pdftotext, PyMuPDF, pypdf) + Windows OCR of picture pages; both rule sets (check-media.mjs, scan-documents.py)"
1ZdD7TiXTY9ElXSAM4xpd_Pn9BJ-_8-D8,2026-10-06,"cleared: sobriety phrase without a member's date (requirement, heading, total, anonymous sharing or length only)","document archive-minutes-mayassemmin05-en · pre-launch scan 2026-10-06: every page (pdftotext, PyMuPDF, pypdf) + Windows OCR of picture pages; both rule sets (check-media.mjs, scan-documents.py)"
1lPV8iRcOVUqON7WW2fZVT1ri_Uits329,2026-10-06,clean,"document archive-minutes-maymin06-en · pre-launch scan 2026-10-06: every page (pdftotext, PyMuPDF, pypdf) + Windows OCR of picture pages; both rule sets (check-media.mjs, scan-documents.py)"
1tpGSai-lEVb8M0Wab_ngVfHap7blGBOt,2026-10-06,"cleared: sobriety phrase without a member's date (requirement, heading, total, anonymous sharing or length only)","document archive-minutes-mindec06ascfinal-en-redacted · pre-launch scan 2026-10-06: every page (pdftotext, PyMuPDF, pypdf) + Windows OCR of picture pages; both rule sets (check-media.mjs, scan-documents.py)"
1QO5QoGB4iQbcXyKtmTRkUoKu-SFx6Yyu,2026-10-06,"cleared: sobriety phrase without a member's date (requirement, heading, total, anonymous sharing or length only)","document archive-minutes-minjanassem07-en-redacted · pre-launch scan 2026-10-06: every page (pdftotext, PyMuPDF, pypdf) + Windows OCR of picture pages; both rule sets (check-media.mjs, scan-documents.py)"
1MugI7HB99heEfSUD3uexK4hHk5hYDF3J,2026-10-06,"cleared: sobriety phrase without a member's date (requirement, heading, total, anonymous sharing or length only)","document archive-minutes-minoctasc06-en-redacted · pre-launch scan 2026-10-06: every page (pdftotext, PyMuPDF, pypdf) + Windows OCR of picture pages; both rule sets (check-media.mjs, scan-documents.py)"
11Kw1prXP71MoTZjdonSOLK0NJFWyrl7Z,2026-10-06,"cleared: sobriety phrase without a member's date (requirement, heading, total, anonymous sharing or length only)","document archive-minutes-nov-06-arch-minutes-en · pre-launch scan 2026-10-06: every page (pdftotext, PyMuPDF, pypdf) + Windows OCR of picture pages; both rule sets (check-media.mjs, scan-documents.py)"
1mKA2T5FIsZ-S42_Tal8r6GX4N1Ka270G,2026-10-06,"cleared: sobriety phrase without a member's date (requirement, heading, total, anonymous sharing or length only)","document archive-minutes-saugmin06-en-redacted · pre-launch scan 2026-10-06: every page (pdftotext, PyMuPDF, pypdf) + Windows OCR of picture pages; both rule sets (check-media.mjs, scan-documents.py)"
1SEP7ltgMROEsz26RrHPNxqeAXqwEfgkC,2026-10-06,clean,"document archive-minutes-sep-06-arch-minutes-en · pre-launch scan 2026-10-06: every page (pdftotext, PyMuPDF, pypdf) + Windows OCR of picture pages; both rule sets (check-media.mjs, scan-documents.py)"
1YEU1_zde-AY2GXC3yT9EebTi56Dbz5tb,2026-10-06,"cleared: sobriety phrase without a member's date (requirement, heading, total, anonymous sharing or length only)","document archive-minutes-sep06min-en · pre-launch scan 2026-10-06: every page (pdftotext, PyMuPDF, pypdf) + Windows OCR of picture pages; both rule sets (check-media.mjs, scan-documents.py)"
1QnqysFp9OC9dy7UBkLUY1TBGFLwgczWv,2026-10-06,"cleared: sobriety phrase without a member's date (requirement, heading, total, anonymous sharing or length only)","document archive-minutes-sepassemmin05-en · pre-launch scan 2026-10-06: every page (pdftotext, PyMuPDF, pypdf) + Windows OCR of picture pages; both rule sets (check-media.mjs, scan-documents.py)"
11TXjjBSQIoD8Bl_jX-E7GkSLQ0WgvQDB,2026-10-06,clean,"document archive-minutes-sfeb05ascmin-en-redacted · pre-launch scan 2026-10-06: every page (pdftotext, PyMuPDF, pypdf) + Windows OCR of picture pages; both rule sets (check-media.mjs, scan-documents.py)"
1-_TOtjksauMeFsQ2wBYn5s8bwb4sJ4Mn,2026-10-06,clean,"document archive-minutes-sfeb06ascmin-en · pre-launch scan 2026-10-06: every page (pdftotext, PyMuPDF, pypdf) + Windows OCR of picture pages; both rule sets (check-media.mjs, scan-documents.py)"
14930WaEdE6DS3qcesQyHEKQFGA7U6NPg,2026-10-06,"cleared: sobriety phrase without a member's date (requirement, heading, total, anonymous sharing or length only)","document archive-minutes-sfebasc07minfinal-en-redacted · pre-launch scan 2026-10-06: every page (pdftotext, PyMuPDF, pypdf) + Windows OCR of picture pages; both rule sets (check-media.mjs, scan-documents.py)"
1qeB2R5C_tvGDIB9YpYKNjMQCxgnC2OWt,2026-10-06,clean,"document archive-minutes-smaymin06-en · pre-launch scan 2026-10-06: every page (pdftotext, PyMuPDF, pypdf) + Windows OCR of picture pages; both rule sets (check-media.mjs, scan-documents.py)"
16Q6XTnxAOJS49HkWREyzoewL2_jpPpdJ,2026-10-06,"cleared: sobriety phrase without a member's date (requirement, heading, total, anonymous sharing or length only)","document archive-minutes-smin2decasc05-en-redacted · pre-launch scan 2026-10-06: every page (pdftotext, PyMuPDF, pypdf) + Windows OCR of picture pages; both rule sets (check-media.mjs, scan-documents.py)"
1e4ZSxsn6jwf5_JGyFpSs4uhr9XSVUvyd,2026-10-06,"cleared: sobriety phrase without a member's date (requirement, heading, total, anonymous sharing or length only)","document archive-minutes-sminassembjan07-en-redacted · pre-launch scan 2026-10-06: every page (pdftotext, PyMuPDF, pypdf) + Windows OCR of picture pages; both rule sets (check-media.mjs, scan-documents.py)"
1i8BvGaXOYcDxs6BvfzMHgvPlhvRuCWsD,2026-10-06,"cleared: sobriety phrase without a member's date (requirement, heading, total, anonymous sharing or length only)","document archive-minutes-smindec06ascfina-en-redacted · pre-launch scan 2026-10-06: every page (pdftotext, PyMuPDF, pypdf) + Windows OCR of picture pages; both rule sets (check-media.mjs, scan-documents.py)"
1unLC-VxzVxjw09IvAsjt6GtcddW7Ajf_,2026-10-06,"cleared: sobriety phrase without a member's date (requirement, heading, total, anonymous sharing or length only)","document archive-minutes-ssep06min-en-redacted · pre-launch scan 2026-10-06: every page (pdftotext, PyMuPDF, pypdf) + Windows OCR of picture pages; both rule sets (check-media.mjs, scan-documents.py)"
1FGFijmPX-BUoLrHRL3sJnRurUjg6Vh2l,2026-10-06,clean,"document archive-minutes-wjunmin06-en-redacted · pre-launch scan 2026-10-06: every page (pdftotext, PyMuPDF, pypdf) + Windows OCR of picture pages; both rule sets (check-media.mjs, scan-documents.py)"
1Lq09gMICPcq99RWX0QLml5q-fXM5RDM2,2026-10-06,clean,"document archive-misc-2008-2008directionsplancentiaca-en · pre-launch scan 2026-10-06: every page (pdftotext, PyMuPDF, pypdf) + Windows OCR of picture pages; both rule sets (check-media.mjs, scan-documents.py)"
19rJX_D9s2VLlaGuerb8dAflaHrBNu38s,2026-10-06,clean,"document archive-misc-2008-2008statistics-en · pre-launch scan 2026-10-06: every page (pdftotext, PyMuPDF, pypdf) + Windows OCR of picture pages; both rule sets (check-media.mjs, scan-documents.py)"
1MZxm0yslww2JDOGt0VAr4O6OBuA7J7wy,2026-10-06,clean,"document archive-misc-2008-area9-dec14-2008flier-en · pre-launch scan 2026-10-06: every page (pdftotext, PyMuPDF, pypdf) + Windows OCR of picture pages; both rule sets (check-media.mjs, scan-documents.py)"
1wMD0Cr-FEridpdE1IFD-C2UnIstnpocD,2026-10-06,clean,"document archive-misc-2008-cec-flayer-spnish-01-19-2008-en · pre-launch scan 2026-10-06: every page (pdftotext, PyMuPDF, pypdf) + Windows OCR of picture pages; both rule sets (check-media.mjs, scan-documents.py)"
1K7ZptVw83gfA5dh2mOsMlWDZZXtyFmUD,2026-10-06,clean,"document archive-misc-2008-redondobeach2008-en · pre-launch scan 2026-10-06: every page (pdftotext, PyMuPDF, pypdf) + Windows OCR of picture pages; both rule sets (check-media.mjs, scan-documents.py)"
1f0PEcUqUzTUjPr3gZZ69_CkHY_dvfTl7,2026-10-06,cleared: role mailbox,"document archive-misc-2008-sisreg11e052008-en-redacted · pre-launch scan 2026-10-06: every page (pdftotext, PyMuPDF, pypdf) + Windows OCR of picture pages; both rule sets (check-media.mjs, scan-documents.py)"
1FFM99UaZ9MjIExglw64v8-WS7EBvxXj-,2026-10-06,cleared: role mailbox,"document archive-misc-2008-sisreg11s052008-en-redacted · pre-launch scan 2026-10-06: every page (pdftotext, PyMuPDF, pypdf) + Windows OCR of picture pages; both rule sets (check-media.mjs, scan-documents.py)"
1qTt0qvBpmoQoHh82BEdIjCWD4L7pIANC,2026-10-06,clean,"document archive-misc-2009-abcrecoverycenter-indio-servathon11142009-en · pre-launch scan 2026-10-06: every page (pdftotext, PyMuPDF, pypdf) + Windows OCR of picture pages; both rule sets (check-media.mjs, scan-documents.py)"
1nn5PErRihEgjz-G8TznVbv49cenob0MN,2026-10-06,clean,"document archive-misc-2010-aaonlinemeetings2010-en-redacted · pre-launch scan 2026-10-06: every page (pdftotext, PyMuPDF, pypdf) + Windows OCR of picture pages; both rule sets (check-media.mjs, scan-documents.py)"
1KdT35drd1W0eEVbuWN0SnJPyykeAh4F-,2026-10-06,clean,"document archive-misc-2010-aaphonemeeting2010-en-redacted · pre-launch scan 2026-10-06: every page (pdftotext, PyMuPDF, pypdf) + Windows OCR of picture pages; both rule sets (check-media.mjs, scan-documents.py)"
1uo5F_jGxpFpf1GKzYaLPSWGaNbpfXeEA,2026-10-06,clean,"document archive-misc-2010-elks-lodge-map-08-2010-en · pre-launch scan 2026-10-06: every page (pdftotext, PyMuPDF, pypdf) + Windows OCR of picture pages; both rule sets (check-media.mjs, scan-documents.py)"
1c6hltlif14lK8qd2NMyckh1aocqFVhCM,2026-10-06,"cleared: meeting place, venue, business or map","document archive-misc-2010-kinghts-of-columbus-san-bernardino-02-2010-en · pre-launch scan 2026-10-06: every page (pdftotext, PyMuPDF, pypdf) + Windows OCR of picture pages; both rule sets (check-media.mjs, scan-documents.py)"
1AOkmTeYDBVsUiJFZ9qEqJfm0BBx7fd6u,2026-10-06,clean,"document archive-misc-2020-20200712-foro-recapnotes-revised-mcb-2020-07-18-en · pre-launch scan 2026-10-06: every page (pdftotext, PyMuPDF, pypdf) + Windows OCR of picture pages; both rule sets (check-media.mjs, scan-documents.py)"
1-twi8UfqcsZ2xOeLODYArJvX84rX-D9I,2026-10-06,clean,"document archive-misc-2020-20200712-foro-recapnotes-spanish-es · pre-launch scan 2026-10-06: every page (pdftotext, PyMuPDF, pypdf) + Windows OCR of picture pages; both rule sets (check-media.mjs, scan-documents.py)"
1Sc3jM3lRho5KPxlQU9MGKcjrqIYqCcJF,2026-10-06,clean,"document archive-misc-2020-aaws-highlights-oct2020-english-en · pre-launch scan 2026-10-06: every page (pdftotext, PyMuPDF, pypdf) + Windows OCR of picture pages; both rule sets (check-media.mjs, scan-documents.py)"
1PXFCfWA95RORaN9nyEyQQLQqB7iiLtsP,2026-10-06,clean,"document archive-misc-2020-aaws-highlights-oct2020-spanish-es · pre-launch scan 2026-10-06: every page (pdftotext, PyMuPDF, pypdf) + Windows OCR of picture pages; both rule sets (check-media.mjs, scan-documents.py)"
13NtXR1yxCXXxDbNU6-GJKIJPx3JYgH1v,2026-10-06,clean,"document archive-misc-2020-area-49-reopening-aa-groups-2020-05-23-en · pre-launch scan 2026-10-06: every page (pdftotext, PyMuPDF, pypdf) + Windows OCR of picture pages; both rule sets (check-media.mjs, scan-documents.py)"
1n8dZ7TM4Mnpmqnnbdzz3NY0hW-gGP1G6,2026-10-06,clean,"document archive-misc-2020-my-portal-gt-english-8-5-2020-en · pre-launch scan 2026-10-06: every page (pdftotext, PyMuPDF, pypdf) + Windows OCR of picture pages; both rule sets (check-media.mjs, scan-documents.py)"
1Z9CvJLrsaFKqgDu6utrQwH4FEwy-Rk_9,2026-10-06,clean,"document archive-misc-2020-public-reopening-ad-hoc-area-48-2020-05-29-en-redacted · pre-launch scan 2026-10-06: every page (pdftotext, PyMuPDF, pypdf) + Windows OCR of picture pages; both rule sets (check-media.mjs, scan-documents.py)"
1BgiPO7IpEI1K5_G1ZmflT2_bFkKq-rvm,2026-10-06,clean,"document archive-misc-2021-aagv-2021-pricing-and-shipping-changes-eng-sp-es · pre-launch scan 2026-10-06: every page (pdftotext, PyMuPDF, pypdf) + Windows OCR of picture pages; both rule sets (check-media.mjs, scan-documents.py)"
1Nmv-Z3pL6xBYToIl7gCWTLQI7rw8A2kk,2026-10-06,clean,"document archive-misc-2021-aaws-highlights-dec2020-english-en · pre-launch scan 2026-10-06: every page (pdftotext, PyMuPDF, pypdf) + Windows OCR of picture pages; both rule sets (check-media.mjs, scan-documents.py)"
1P4ezhNBO3KkTXC-cSL9xqqbnIM9_ZNYz,2026-10-06,clean,"document archive-misc-2021-aaws-highlights-dec2020-spanish-1-es · pre-launch scan 2026-10-06: every page (pdftotext, PyMuPDF, pypdf) + Windows OCR of picture pages; both rule sets (check-media.mjs, scan-documents.py)"
1ThLAn_cC3r2ob6X0pJ0I0q4pB-ZY6oBv,2026-10-06,clean,"document archive-misc-2021-aaws-highlights-jan2021-english-en · pre-launch scan 2026-10-06: every page (pdftotext, PyMuPDF, pypdf) + Windows OCR of picture pages; both rule sets (check-media.mjs, scan-documents.py)"
1mjoIsNR1Bwm2uhQO8YvONm5sPpARZ3Ny,2026-10-06,clean,"document archive-misc-2021-aaws-highlights-jan2021-spanish-es · pre-launch scan 2026-10-06: every page (pdftotext, PyMuPDF, pypdf) + Windows OCR of picture pages; both rule sets (check-media.mjs, scan-documents.py)"
17MCIm-74kkQ_9eXt6w0rGz6_9NW2Ep34,2026-10-06,clean,"document archive-misc-2021-aaws-highlights-june2021-english-en · pre-launch scan 2026-10-06: every page (pdftotext, PyMuPDF, pypdf) + Windows OCR of picture pages; both rule sets (check-media.mjs, scan-documents.py)"
1cUxmadAi5c6XRQeYghkkOpc7kq4u-cBF,2026-10-06,clean,"document archive-misc-2021-aaws-highlights-june2021-spanish-es · pre-launch scan 2026-10-06: every page (pdftotext, PyMuPDF, pypdf) + Windows OCR of picture pages; both rule sets (check-media.mjs, scan-documents.py)"
120Wln4gZ7FD4oQwiD2WFOjlSijTQFAJ_,2026-10-06,clean,"document archive-misc-2021-area-financial-audit-report-2021-en · pre-launch scan 2026-10-06: every page (pdftotext, PyMuPDF, pypdf) + Windows OCR of picture pages; both rule sets (check-media.mjs, scan-documents.py)"
1TxO3sijyVeppTNeK1SdGN8ZvLexUn3Jl,2026-10-06,clean,"document archive-misc-2021-assembly-actions-1959-69-en-redacted · pre-launch scan 2026-10-06: every page (pdftotext, PyMuPDF, pypdf) + Windows OCR of picture pages; both rule sets (check-media.mjs, scan-documents.py)"
1SGN29NrtGTmBovtYP_51OCmOAy9NCJVR,2026-10-06,clean,"document archive-misc-2021-district-5-elections-duties-quick-ref-guide-2021-en · pre-launch scan 2026-10-06: every page (pdftotext, PyMuPDF, pypdf) + Windows OCR of picture pages; both rule sets (check-media.mjs, scan-documents.py)"
1q3V5NyD8C2HJZFTq4kXFbvyVQ0GCxvwX,2026-10-06,clean,"document archive-misc-2021-district-5-elections-info-2019-08-07-en · pre-launch scan 2026-10-06: every page (pdftotext, PyMuPDF, pypdf) + Windows OCR of picture pages; both rule sets (check-media.mjs, scan-documents.py)"
1Uf7jAlEs6Cm4Xr1DdUtdA7JlEwBO5pah,2026-10-06,clean,"document archive-misc-2021-evaluation-and-summaries-for-gsb-strategic-plan-september-2020-d-en · pre-launch scan 2026-10-06: every page (pdftotext, PyMuPDF, pypdf) + Windows OCR of picture pages; both rule sets (check-media.mjs, scan-documents.py)"
18c2daSeQ1VPY26zJ5DJf9aQKESZFa_ky,2026-10-06,clean,"document archive-misc-2021-evaluation-and-summaries-for-gsb-strategic-plan-september-2020-d-es · pre-launch scan 2026-10-06: every page (pdftotext, PyMuPDF, pypdf) + Windows OCR of picture pages; both rule sets (check-media.mjs, scan-documents.py)"
1Hb3tSZrORxHXEi4w9D7DGwShH5l39j-p,2026-10-06,clean,"document archive-misc-2021-f-14-qtrly-january-2021-en · pre-launch scan 2026-10-06: every page (pdftotext, PyMuPDF, pypdf) + Windows OCR of picture pages; both rule sets (check-media.mjs, scan-documents.py)"
14x_qoxlM1ssXsAcpcsfOvigjQhF9xCff,2026-10-06,cleared: General Service Office line,"document archive-misc-2021-f-15-staff-assignment-jan-21-en · pre-launch scan 2026-10-06: every page (pdftotext, PyMuPDF, pypdf) + Windows OCR of picture pages; both rule sets (check-media.mjs, scan-documents.py)"
1Pgd5_XKUnrDuAWoUjaMtQetRCfz3uch9,2026-10-06,"cleared: not a member's full name (place, group, heading, staff or historic name); role or event mailbox, or a text-extraction fragment","document archive-misc-2021-gathering-area-09-group-conscience-3-7-2021-spanish-es-pdf-redacted · pre-launch scan 2026-10-06: every page (pdftotext, PyMuPDF, pypdf) + Windows OCR of picture pages; both rule sets (check-media.mjs, scan-documents.py)"
1RrlCIxQn78vznamlU-En3WAjgwyfJXVs,2026-10-06,clean,"document archive-misc-2021-grapevine-lv-item-d-progress-on-instagram-acct-en · pre-launch scan 2026-10-06: every page (pdftotext, PyMuPDF, pypdf) + Windows OCR of picture pages; both rule sets (check-media.mjs, scan-documents.py)"
14AkqtknOoo0pc755rWmOa1Xa2LEngzMJ,2026-10-06,clean,"document archive-misc-2021-guias-instituciones-correctionales-spanish-2007-1-es · pre-launch scan 2026-10-06: every page (pdftotext, PyMuPDF, pypdf) + Windows OCR of picture pages; both rule sets (check-media.mjs, scan-documents.py)"
1F8wrnhAsC-6RZ8haVdSoKtYyncx-D4Y9,2026-10-06,clean,"document archive-misc-2021-guias-necesidades-especiales-spanish-2003-1-es · pre-launch scan 2026-10-06: every page (pdftotext, PyMuPDF, pypdf) + Windows OCR of picture pages; both rule sets (check-media.mjs, scan-documents.py)"
1R23sZmWGTgi6CCMvDYY5tK0ZCNpm1ijn,2026-10-06,clean,"document archive-misc-2021-help-for-our-elders-en-redacted · pre-launch scan 2026-10-06: every page (pdftotext, PyMuPDF, pypdf) + Windows OCR of picture pages; both rule sets (check-media.mjs, scan-documents.py)"
1JrKDBkS8zjRQLVKS85jq3LpZScSKhEId,2026-10-06,"cleared: sobriety phrase without a member's date (requirement, heading, total, anonymous sharing or length only)","document archive-misc-2021-regional-class-b-trustee-nominees-for-2022-english-en · pre-launch scan 2026-10-06: every page (pdftotext, PyMuPDF, pypdf) + Windows OCR of picture pages; both rule sets (check-media.mjs, scan-documents.py)"
1zOkVYTWh8PsKHW1OtjDzca2jZlyhTeu7,2026-10-06,"cleared: sobriety phrase without a member's date (requirement, heading, total, anonymous sharing or length only)","document archive-misc-2021-regional-class-b-trustee-nominees-for-2022-spanish-es · pre-launch scan 2026-10-06: every page (pdftotext, PyMuPDF, pypdf) + Windows OCR of picture pages; both rule sets (check-media.mjs, scan-documents.py)"
12kJGovfjp3QJRF2jlAnI4tzHLEBUZB3C,2026-10-06,clean,"document archive-misc-2021-sf-14-qtrly-january-2021-en · pre-launch scan 2026-10-06: every page (pdftotext, PyMuPDF, pypdf) + Windows OCR of picture pages; both rule sets (check-media.mjs, scan-documents.py)"
1LZKmL1aEsNQb1l7rEzA2KBoLZOXcuASO,2026-10-06,clean,"document archive-misc-2022-area-financial-audit-report-2022-en · pre-launch scan 2026-10-06: every page (pdftotext, PyMuPDF, pypdf) + Windows OCR of picture pages; both rule sets (check-media.mjs, scan-documents.py)"
1cO69CkP9mLXnaN4MHbZOWyXiIhmfrBSg,2026-10-06,clean,"document archive-misc-2022-committee-considerations-72nd-gsc-2022-05-en · pre-launch scan 2026-10-06: every page (pdftotext, PyMuPDF, pypdf) + Windows OCR of picture pages; both rule sets (check-media.mjs, scan-documents.py)"
1qAzjIL8urH5XrmS2M98sbEgcluZ9Mj_Z,2026-10-06,clean,"document archive-misc-2022-committee-considerations-72nd-gsc-2022-05-es · pre-launch scan 2026-10-06: every page (pdftotext, PyMuPDF, pypdf) + Windows OCR of picture pages; both rule sets (check-media.mjs, scan-documents.py)"
1Lp-yrmKvbPnuyMPKQS0tOpo8hKX6EB0a,2026-10-06,cleared: General Service Office line,"document archive-misc-2023-aagv-price-increase-release-eng-2023-en-redacted · pre-launch scan 2026-10-06: every page (pdftotext, PyMuPDF, pypdf) + Windows OCR of picture pages; both rule sets (check-media.mjs, scan-documents.py)"
1MKSfHJsZR_5OFYngkkiHZHD1d3AlGXvI,2026-10-06,clean,"document archive-misc-2023-advisory-actions-of-the-73rd-gsc-2023-04-es-redacted · pre-launch scan 2026-10-06: every page (pdftotext, PyMuPDF, pypdf) + Windows OCR of picture pages; both rule sets (check-media.mjs, scan-documents.py)"
1Uv8cynyBvvPPZd6B5QMlyFGI2jW-f97z,2026-10-06,clean,"document archive-misc-2023-webservant-job-listing-2-1-final-en-redacted · pre-launch scan 2026-10-06: every page (pdftotext, PyMuPDF, pypdf) + Windows OCR of picture pages; both rule sets (check-media.mjs, scan-documents.py)"
1mKYL5TNOYXrNaGKlEgymxKARbEzFTyRs,2026-10-06,clean,"document archive-misc-2023-webservant-job-listing-2-1-final-es-redacted · pre-launch scan 2026-10-06: every page (pdftotext, PyMuPDF, pypdf) + Windows OCR of picture pages; both rule sets (check-media.mjs, scan-documents.py)"
1CBExb5wiYylVXNUAkX6rFXLg79HER_41,2026-10-06,clean,"document archive-misc-2024-floor-actions-74th-gsc-2024-04-en-redacted · pre-launch scan 2026-10-06: every page (pdftotext, PyMuPDF, pypdf) + Windows OCR of picture pages; both rule sets (check-media.mjs, scan-documents.py)"
1FjGdikP0F0ohJPrnSfS1loHULW9HA3ZP,2026-10-06,"cleared: not a member's full name (place, group, heading, staff or historic name)","document archive-misc-2024-gv-presentation-revised-2024-en-redacted · pre-launch scan 2026-10-06: every page (pdftotext, PyMuPDF, pypdf) + Windows OCR of picture pages; both rule sets (check-media.mjs, scan-documents.py) · re-redacted 2026-10-06 (personal phone numbers removed), then read again"
121skwJVOZGRAZ6cyKEAy-2OMKJrXjctd,2026-10-06,"cleared: General Service Office line; role or event mailbox, or a text-extraction fragment","document archive-misc-2024-the-apps-faqs-version-en-redacted · pre-launch scan 2026-10-06: every page (pdftotext, PyMuPDF, pypdf) + Windows OCR of picture pages; both rule sets (check-media.mjs, scan-documents.py)"
1JE_imAMu0WhZ0u2ixh0qIbrKUYONX-df,2026-10-06,clean,"document archive-misc-2026-conf-76-en-redacted · pre-launch scan 2026-10-06: every page (pdftotext, PyMuPDF, pypdf) + Windows OCR of picture pages; both rule sets (check-media.mjs, scan-documents.py)"
1QW0pkxL1WU2eCX4sAQA5XBAJ1hou5ZKQ,2026-10-06,clean,"document archive-misc-aawshilits121506-en · pre-launch scan 2026-10-06: every page (pdftotext, PyMuPDF, pypdf) + Windows OCR of picture pages; both rule sets (check-media.mjs, scan-documents.py)"
1cfKRIcTR46Khcy0KI9EWgXa39fjikDAI,2026-10-06,clean,"document archive-misc-abril06-en · pre-launch scan 2026-10-06: every page (pdftotext, PyMuPDF, pypdf) + Windows OCR of picture pages; both rule sets (check-media.mjs, scan-documents.py)"
1wwZi79-w2gPxcnxwxfXN69iFFURpJzh5,2026-10-06,clean,"document archive-misc-agosto06-en · pre-launch scan 2026-10-06: every page (pdftotext, PyMuPDF, pypdf) + Windows OCR of picture pages; both rule sets (check-media.mjs, scan-documents.py)"
1UgshqF3NCnXIWioMmaFRk4ejkpP-QeUA,2026-10-06,clean,"document archive-misc-cechistory-en · pre-launch scan 2026-10-06: every page (pdftotext, PyMuPDF, pypdf) + Windows OCR of picture pages; both rule sets (check-media.mjs, scan-documents.py)"
1vjwmY_3Wf-kRaa0Y3aYicGTyIS9nfDNR,2026-10-06,clean,"document archive-misc-cecmin060106-en · pre-launch scan 2026-10-06: every page (pdftotext, PyMuPDF, pypdf) + Windows OCR of picture pages; both rule sets (check-media.mjs, scan-documents.py)"
1MkgSBqFyn6gxRM-hw9ahxXBQk7ZH9KWM,2026-10-06,clean,"document archive-misc-cecmin081306-en · pre-launch scan 2026-10-06: every page (pdftotext, PyMuPDF, pypdf) + Windows OCR of picture pages; both rule sets (check-media.mjs, scan-documents.py)"
1_j13-MvhbxBCwUnLN-zK_amNdte-5Nkz,2026-10-06,clean,"document archive-misc-cipwrkshp07-en · pre-launch scan 2026-10-06: every page (pdftotext, PyMuPDF, pypdf) + Windows OCR of picture pages; both rule sets (check-media.mjs, scan-documents.py)"
1vzm3lCB_L7F8q6KC6So9O6K5ldh_CpGO,2026-10-06,clean,"document archive-misc-committeeaudiotimestamp-en · pre-launch scan 2026-10-06: every page (pdftotext, PyMuPDF, pypdf) + Windows OCR of picture pages; both rule sets (check-media.mjs, scan-documents.py)"
1j53avErUVp9pfgUgLLu8z4hbx2I9STmA,2026-10-06,"cleared: sobriety phrase without a member's date (requirement, heading, total, anonymous sharing or length only)","document archive-misc-correctionsvolunteer08-08-en · pre-launch scan 2026-10-06: every page (pdftotext, PyMuPDF, pypdf) + Windows OCR of picture pages; both rule sets (check-media.mjs, scan-documents.py)"
1IIwfV9ctVmgowxYahsXtkEwhLHTrG34-,2026-10-06,clean,"document archive-misc-corupd-en · pre-launch scan 2026-10-06: every page (pdftotext, PyMuPDF, pypdf) + Windows OCR of picture pages; both rule sets (check-media.mjs, scan-documents.py)"
16t4gfQIxM7GTSYdsAj2M8FRabb9gXPDH,2026-10-06,clean,"document archive-misc-dcmlinchpin4-en · pre-launch scan 2026-10-06: every page (pdftotext, PyMuPDF, pypdf) + Windows OCR of picture pages; both rule sets (check-media.mjs, scan-documents.py)"
1sYHoe7KfcGH1RMaSGLsd2ku_quccKa1a,2026-10-06,"cleared: sobriety phrase without a member's date (requirement, heading, total, anonymous sharing or length only)","document archive-misc-dcmvisit010806-en · pre-launch scan 2026-10-06: every page (pdftotext, PyMuPDF, pypdf) + Windows OCR of picture pages; both rule sets (check-media.mjs, scan-documents.py)"
1Ri_GuZMJv4qEDpn8lVvr0Y0kxal7tsyp,2026-10-06,clean,"document archive-misc-dcmviskit-en · pre-launch scan 2026-10-06: every page (pdftotext, PyMuPDF, pypdf) + Windows OCR of picture pages; both rule sets (check-media.mjs, scan-documents.py)"
1jQipn9tLS_eCzSFGIRcpub-lKkN-Hwjd,2026-10-06,clean,"document archive-misc-dechighlights05-en · pre-launch scan 2026-10-06: every page (pdftotext, PyMuPDF, pypdf) + Windows OCR of picture pages; both rule sets (check-media.mjs, scan-documents.py)"
17TrT8Ka_cPXuZSEfZdARMc2uTqFtvQ5h,2026-10-06,clean,"document archive-misc-enero06-en · pre-launch scan 2026-10-06: every page (pdftotext, PyMuPDF, pypdf) + Windows OCR of picture pages; both rule sets (check-media.mjs, scan-documents.py)"
1eLlfPEF39wdWOIqWzrvW_r7iGPZtrsrB,2026-10-06,clean,"document archive-misc-englilsh-accessibilities-checklist-for-meetings-and-groups-en · pre-launch scan 2026-10-06: every page (pdftotext, PyMuPDF, pypdf) + Windows OCR of picture pages; both rule sets (check-media.mjs, scan-documents.py)"
1CXZesSDaE_Dqt5XOLpgu06psuLYzc97W,2026-10-06,clean,"document archive-misc-feb05ag-en · pre-launch scan 2026-10-06: every page (pdftotext, PyMuPDF, pypdf) + Windows OCR of picture pages; both rule sets (check-media.mjs, scan-documents.py)"
1qQKe0RAonMYaBVleAiMKjdLDnibVGAMn,2026-10-06,clean,"document archive-misc-feb10mapdirections-compatibility-mode-en-redacted · pre-launch scan 2026-10-06: every page (pdftotext, PyMuPDF, pypdf) + Windows OCR of picture pages; both rule sets (check-media.mjs, scan-documents.py)"
14m-qeoN3n3mdjDH_1N3U35AVOdLAkC-0,2026-10-06,clean,"document archive-misc-febrero06-en · pre-launch scan 2026-10-06: every page (pdftotext, PyMuPDF, pypdf) + Windows OCR of picture pages; both rule sets (check-media.mjs, scan-documents.py)"
1lhOSu-paASYtP7vMzqHQIB3ud_gTr2Dt,2026-10-06,clean,"document archive-misc-foro08map-en · pre-launch scan 2026-10-06: every page (pdftotext, PyMuPDF, pypdf) + Windows OCR of picture pages; both rule sets (check-media.mjs, scan-documents.py)"
1J_hz7cUaEQQNuhCbIlp_IkTFzSYJ0zZF,2026-10-06,clean,"document archive-misc-gsb-strategic-plan-11-22-19-en · pre-launch scan 2026-10-06: every page (pdftotext, PyMuPDF, pypdf) + Windows OCR of picture pages; both rule sets (check-media.mjs, scan-documents.py)"
1esSuisKcEmCVj39wLVj2giC2wTAymJkE,2026-10-06,clean,"document archive-misc-himar07-en-redacted · pre-launch scan 2026-10-06: every page (pdftotext, PyMuPDF, pypdf) + Windows OCR of picture pages; both rule sets (check-media.mjs, scan-documents.py)"
1aVBqWTXVSbhKnqm_ZtDFIw5A7EZXiB9x,2026-10-06,clean,"document archive-misc-inventory-en · pre-launch scan 2026-10-06: every page (pdftotext, PyMuPDF, pypdf) + Windows OCR of picture pages; both rule sets (check-media.mjs, scan-documents.py)"
1VSlmmxClU2gX0qcuYe5ONHsVX6hPzESl,2026-10-06,clean,"document archive-misc-job-dcmc-dcm-alts-en · pre-launch scan 2026-10-06: every page (pdftotext, PyMuPDF, pypdf) + Windows OCR of picture pages; both rule sets (check-media.mjs, scan-documents.py)"
1KnuBsJgll6p8mrCMW4PoxOtuR669yTrU,2026-10-06,clean,"document archive-misc-julio06-en · pre-launch scan 2026-10-06: every page (pdftotext, PyMuPDF, pypdf) + Windows OCR of picture pages; both rule sets (check-media.mjs, scan-documents.py)"
1ZZ1aN4bnccRIzTLFxPAvy8q54F4izaSP,2026-10-06,"cleared: sobriety phrase without a member's date (requirement, heading, total, anonymous sharing or length only)","document archive-misc-junio06-en · pre-launch scan 2026-10-06: every page (pdftotext, PyMuPDF, pypdf) + Windows OCR of picture pages; both rule sets (check-media.mjs, scan-documents.py)"
1GeQQ-3uAA5sM_n3v1Pzppl7XxkuuwMaG,2026-10-06,"cleared: meeting place, venue, business or map","document archive-misc-mappreconf-0409-en · pre-launch scan 2026-10-06: every page (pdftotext, PyMuPDF, pypdf) + Windows OCR of picture pages; both rule sets (check-media.mjs, scan-documents.py)"
1fH_-8LzmaHHugrG_6kaULSK3GC56jcui,2026-10-06,clean,"document archive-misc-marzo06-en · pre-launch scan 2026-10-06: every page (pdftotext, PyMuPDF, pypdf) + Windows OCR of picture pages; both rule sets (check-media.mjs, scan-documents.py)"
1sgfPxx-UxixGdLZ_VcXKgSrAKh7fNHSB,2026-10-06,clean,"document archive-misc-mayo06-en · pre-launch scan 2026-10-06: every page (pdftotext, PyMuPDF, pypdf) + Windows OCR of picture pages; both rule sets (check-media.mjs, scan-documents.py)"
1xcr3tDYilKF-4BaLTIchDgZUFOqwJD9e,2026-10-06,"cleared: not a member's full name (place, group, heading, staff or historic name); not a phone number (figures in a table, receipt or ID number)","document archive-misc-mscawebinfo-en · pre-launch scan 2026-10-06: every page (pdftotext, PyMuPDF, pypdf) + Windows OCR of picture pages; both rule sets (check-media.mjs, scan-documents.py)"
1FfSTUxfh5wrtorWaWg8hsmncGUrnG1g3,2026-10-06,clean,"document archive-misc-noviembre06-en · pre-launch scan 2026-10-06: every page (pdftotext, PyMuPDF, pypdf) + Windows OCR of picture pages; both rule sets (check-media.mjs, scan-documents.py)"
1uPI7rrVWxCkY9Da-82DDunkBCY_Ltbqu,2026-10-06,clean,"document archive-misc-ochighlights05-en · pre-launch scan 2026-10-06: every page (pdftotext, PyMuPDF, pypdf) + Windows OCR of picture pages; both rule sets (check-media.mjs, scan-documents.py)"
12cspKOMqQyVt0pleUhlrDLGAhU650LQX,2026-10-06,clean,"document archive-misc-octelec07-en · pre-launch scan 2026-10-06: every page (pdftotext, PyMuPDF, pypdf) + Windows OCR of picture pages; both rule sets (check-media.mjs, scan-documents.py)"
1agCef0SgVhXBqEuOnfPLkwhpsIck3lSy,2026-10-06,clean,"document archive-misc-octubre06-en · pre-launch scan 2026-10-06: every page (pdftotext, PyMuPDF, pypdf) + Windows OCR of picture pages; both rule sets (check-media.mjs, scan-documents.py)"
1i3TX2qYS94U--i0AAqcR8JDP1VBiPur0,2026-10-06,clean,"document archive-misc-regnew2-en · pre-launch scan 2026-10-06: every page (pdftotext, PyMuPDF, pypdf) + Windows OCR of picture pages; both rule sets (check-media.mjs, scan-documents.py)"
1Bxt7sv9BbrYdwoGBn3oj75VCl5vXdGu2,2026-10-06,clean,"document archive-misc-regnewrc-en · pre-launch scan 2026-10-06: every page (pdftotext, PyMuPDF, pypdf) + Windows OCR of picture pages; both rule sets (check-media.mjs, scan-documents.py)"
1jy2X_MY97eRXtOMHQX4vdVe3_CkvSV2r,2026-10-06,clean,"document archive-misc-reopening-check-list-en · pre-launch scan 2026-10-06: every page (pdftotext, PyMuPDF, pypdf) + Windows OCR of picture pages; both rule sets (check-media.mjs, scan-documents.py)"
1khnolKX6yPmbdPMfRNLkdlNGsYYmBuId,2026-10-06,cleared: role mailbox,"document archive-misc-reopening-decisions-eng-en · pre-launch scan 2026-10-06: every page (pdftotext, PyMuPDF, pypdf) + Windows OCR of picture pages; both rule sets (check-media.mjs, scan-documents.py)"
11mP0UtQnPWM-3FB-gj8w7gQXxkPHJnO4,2026-10-06,cleared: role mailbox,"document archive-misc-reopening-decisions-span-en · pre-launch scan 2026-10-06: every page (pdftotext, PyMuPDF, pypdf) + Windows OCR of picture pages; both rule sets (check-media.mjs, scan-documents.py)"
1GOZ27dw4Q3Io71fFxA4yYUi-G5pnizFr,2026-10-06,clean,"document archive-misc-reopening-service-piece-en-redacted · pre-launch scan 2026-10-06: every page (pdftotext, PyMuPDF, pypdf) + Windows OCR of picture pages; both rule sets (check-media.mjs, scan-documents.py)"
1kolrjCkDT9mx8S5npPiw9u3WN7vcgy1e,2026-10-06,clean,"document archive-misc-requestfortemporarycontact02-08-08-en · pre-launch scan 2026-10-06: every page (pdftotext, PyMuPDF, pypdf) + Windows OCR of picture pages; both rule sets (check-media.mjs, scan-documents.py)"
15TzFZB6u5FwyospWJoPUqRq9g9pKOhyS,2026-10-06,"cleared: General Service Office line; role or event mailbox, or a text-extraction fragment","document archive-misc-responding-to-health-safety-issues-english-en · pre-launch scan 2026-10-06: every page (pdftotext, PyMuPDF, pypdf) + Windows OCR of picture pages; both rule sets (check-media.mjs, scan-documents.py)"
13cXlNjuc2hKq1198e6gH3C9UAk2o3tdS,2026-10-06,"cleared: General Service Office line; role or event mailbox, or a text-extraction fragment","document archive-misc-responding-to-heatlh-safety-issues-spanish-es · pre-launch scan 2026-10-06: every page (pdftotext, PyMuPDF, pypdf) + Windows OCR of picture pages; both rule sets (check-media.mjs, scan-documents.py)"
1iIykkBJL8iKkKqGM8lF6eEC8QbfDnpSL,2026-10-06,clean,"document archive-misc-saawshilits121506-en · pre-launch scan 2026-10-06: every page (pdftotext, PyMuPDF, pypdf) + Windows OCR of picture pages; both rule sets (check-media.mjs, scan-documents.py)"
1h7IiKzsneRQQDDMjp0JJCDEO3YJctb_W,2026-10-06,"cleared: sobriety phrase without a member's date (requirement, heading, total, anonymous sharing or length only)","document archive-misc-sbox459earlybird-en · pre-launch scan 2026-10-06: every page (pdftotext, PyMuPDF, pypdf) + Windows OCR of picture pages; both rule sets (check-media.mjs, scan-documents.py)"
1JMiNbFXKtLbWDD0n-ZB3rnHHpub0PvYS,2026-10-06,clean,"document archive-misc-scalndr07-en · pre-launch scan 2026-10-06: every page (pdftotext, PyMuPDF, pypdf) + Windows OCR of picture pages; both rule sets (check-media.mjs, scan-documents.py)"
1VfjaG3pOk8DZlXSjy39X6CSuWkB200zu,2026-10-06,"cleared: not a member's full name (place, group, heading, staff or historic name)","document archive-misc-scomunicador04-en · pre-launch scan 2026-10-06: every page (pdftotext, PyMuPDF, pypdf) + Windows OCR of picture pages; both rule sets (check-media.mjs, scan-documents.py)"
1CQ38XtAU09T6JhglkP1yh9WIjcnyvkS4,2026-10-06,clean,"document archive-misc-scorrglines-en · pre-launch scan 2026-10-06: every page (pdftotext, PyMuPDF, pypdf) + Windows OCR of picture pages; both rule sets (check-media.mjs, scan-documents.py)"
1oUxXH1m04jOzhTxuWnnXrLFUppNhlbqH,2026-10-06,clean,"document archive-misc-sdassemsepresults-en · pre-launch scan 2026-10-06: every page (pdftotext, PyMuPDF, pypdf) + Windows OCR of picture pages; both rule sets (check-media.mjs, scan-documents.py)"
1msMy8xxtJPdOGOQ14wxVnv6r5TV0xdBv,2026-10-06,clean,"document archive-misc-sdcmislink-en · pre-launch scan 2026-10-06: every page (pdftotext, PyMuPDF, pypdf) + Windows OCR of picture pages; both rule sets (check-media.mjs, scan-documents.py)"
1iu2MckZjzUAyaJ2Y5fntK5X98STycm_f,2026-10-06,clean,"document archive-misc-sdcmviskit-en · pre-launch scan 2026-10-06: every page (pdftotext, PyMuPDF, pypdf) + Windows OCR of picture pages; both rule sets (check-media.mjs, scan-documents.py)"
1HK_locdo2a5mQqOEfKHvoYRWKAlbQ-Ts,2026-10-06,clean,"document archive-misc-septiembre06-en · pre-launch scan 2026-10-06: every page (pdftotext, PyMuPDF, pypdf) + Windows OCR of picture pages; both rule sets (check-media.mjs, scan-documents.py)"
1XESOHZGBhRDywK1zTOc9c9ZmN29nXyrT,2026-10-06,clean,"document archive-misc-sgroupupdaterqst-en · pre-launch scan 2026-10-06: every page (pdftotext, PyMuPDF, pypdf) + Windows OCR of picture pages; both rule sets (check-media.mjs, scan-documents.py)"
1F3EYDgavT5TYGpKAqh-VMo83b88a3Shf,2026-10-06,clean,"document archive-misc-shimar07-en · pre-launch scan 2026-10-06: every page (pdftotext, PyMuPDF, pypdf) + Windows OCR of picture pages; both rule sets (check-media.mjs, scan-documents.py)"
1lMUVLddl_VbkRD9eqSex44iFMlriYa4k,2026-10-06,clean,"document archive-misc-sinventory-en · pre-launch scan 2026-10-06: every page (pdftotext, PyMuPDF, pypdf) + Windows OCR of picture pages; both rule sets (check-media.mjs, scan-documents.py)"
1-_UdikP31HoXC1kXFaLNjfUA-chyDAYv,2026-10-06,clean,"document archive-misc-sitestats072207-en · pre-launch scan 2026-10-06: every page (pdftotext, PyMuPDF, pypdf) + Windows OCR of picture pages; both rule sets (check-media.mjs, scan-documents.py)"
1OZf5PJdoI0rVmJlEcbJ5ylPTVuGtF8K2,2026-10-06,clean,"document archive-misc-sitestatsoct07-en · pre-launch scan 2026-10-06: every page (pdftotext, PyMuPDF, pypdf) + Windows OCR of picture pages; both rule sets (check-media.mjs, scan-documents.py)"
15S8q4NHVAsfdMqG_wz_EVnu9E03e_Z25,2026-10-06,clean,"document archive-misc-slitglines-en · pre-launch scan 2026-10-06: every page (pdftotext, PyMuPDF, pypdf) + Windows OCR of picture pages; both rule sets (check-media.mjs, scan-documents.py)"
1LQGlYAWSyqdiuh_qpjfcmmmsst_3Yw5W,2026-10-06,clean,"document archive-misc-socthighlights05-en · pre-launch scan 2026-10-06: every page (pdftotext, PyMuPDF, pypdf) + Windows OCR of picture pages; both rule sets (check-media.mjs, scan-documents.py)"
1WO5CdvwjR2HRbWW9_DxRP8wQa1hSY-Lo,2026-10-06,clean,"document archive-misc-sopinionpoll06-en · pre-launch scan 2026-10-06: every page (pdftotext, PyMuPDF, pypdf) + Windows OCR of picture pages; both rule sets (check-media.mjs, scan-documents.py)"
1P6Q52Pk2Ycgaa-lsJV5eh4KSo-FCOlCW,2026-10-06,clean,"document archive-misc-spanish-accessibilities-checklist-for-meetings-and-groups-es · pre-launch scan 2026-10-06: every page (pdftotext, PyMuPDF, pypdf) + Windows OCR of picture pages; both rule sets (check-media.mjs, scan-documents.py)"
1XVFJSqbsumPOJ8AqVWZ9ktamIQNiTZJa,2026-10-06,clean,"document archive-misc-spass-en · pre-launch scan 2026-10-06: every page (pdftotext, PyMuPDF, pypdf) + Windows OCR of picture pages; both rule sets (check-media.mjs, scan-documents.py)"
1aBR-Nu-20pVn12d9ng6bkAi0u3lrWBoB,2026-10-06,clean,"document archive-misc-sregnew-en · pre-launch scan 2026-10-06: every page (pdftotext, PyMuPDF, pypdf) + Windows OCR of picture pages; both rule sets (check-media.mjs, scan-documents.py)"
1jQ6bYfMbI2LcIeq-azDlEvZCOKVuPCun,2026-10-06,clean,"document archive-misc-sregnewrc-en · pre-launch scan 2026-10-06: every page (pdftotext, PyMuPDF, pypdf) + Windows OCR of picture pages; both rule sets (check-media.mjs, scan-documents.py)"
1IoHm7jqac43OGB20uoXSp6EKzZ0HrKve,2026-10-06,clean,"document archive-misc-ssched06-en · pre-launch scan 2026-10-06: every page (pdftotext, PyMuPDF, pypdf) + Windows OCR of picture pages; both rule sets (check-media.mjs, scan-documents.py)"
1rmlnYuDm2CIbYyHzmwe49vXsyIPmtfnC,2026-10-06,clean,"document archive-misc-sspecialglines-en · pre-launch scan 2026-10-06: every page (pdftotext, PyMuPDF, pypdf) + Windows OCR of picture pages; both rule sets (check-media.mjs, scan-documents.py)"
1UT8qcJBFNCKburHKYJof4S2JX5x9h0o-,2026-10-06,clean,"document archive-misc-stfglines-en · pre-launch scan 2026-10-06: every page (pdftotext, PyMuPDF, pypdf) + Windows OCR of picture pages; both rule sets (check-media.mjs, scan-documents.py)"
11qKf_ucLf_fFa9Xge7VxAgMOdIDSZ6ri,2026-10-06,clean,"document archive-misc-stheme3-en · pre-launch scan 2026-10-06: every page (pdftotext, PyMuPDF, pypdf) + Windows OCR of picture pages; both rule sets (check-media.mjs, scan-documents.py)"
1bshrn8nOsiOrjikiE8aoA6cM4UWOtPa3,2026-10-06,clean,"document archive-misc-suncity5-en · pre-launch scan 2026-10-06: every page (pdftotext, PyMuPDF, pypdf) + Windows OCR of picture pages; both rule sets (check-media.mjs, scan-documents.py)"
1T8uCTl2JMPRR0_ivCoS1lDc_U5S2XJaE,2026-10-06,"cleared: sobriety phrase without a member's date (requirement, heading, total, anonymous sharing or length only)","document archive-misc-tfcontactnu-09-10-07-en · pre-launch scan 2026-10-06: every page (pdftotext, PyMuPDF, pypdf) + Windows OCR of picture pages; both rule sets (check-media.mjs, scan-documents.py)"
1j8qebo4tOZWpcnAGoKLvHyNn3G3hKFFC,2026-10-06,"cleared: not a member's full name (place, group, heading, staff or historic name)","document archive-misc-tfgoalsnu-09-10-07-en · pre-launch scan 2026-10-06: every page (pdftotext, PyMuPDF, pypdf) + Windows OCR of picture pages; both rule sets (check-media.mjs, scan-documents.py)"
1-_B-AYm2lU1gewjUGZ6Jxu30fOitub6G,2026-10-06,cleared: General Service Office line,"document archive-misc-tfpresentnsnu-09-10-07-en · pre-launch scan 2026-10-06: every page (pdftotext, PyMuPDF, pypdf) + Windows OCR of picture pages; both rule sets (check-media.mjs, scan-documents.py)"
1OfY5lDBgfOkA2K4kwbhlRm1CxdqD6xIv,2026-10-06,clean,"document archive-misc-tfrqstsnu-09-10-07-en · pre-launch scan 2026-10-06: every page (pdftotext, PyMuPDF, pypdf) + Windows OCR of picture pages; both rule sets (check-media.mjs, scan-documents.py)"
1UCdxfYLtqpq0PxihFyVz_FOlN13lt58c,2026-10-06,clean,"document archive-misc-theme3-en · pre-launch scan 2026-10-06: every page (pdftotext, PyMuPDF, pypdf) + Windows OCR of picture pages; both rule sets (check-media.mjs, scan-documents.py)"
1a0MWQWyDVggeXapscKe0Ws0-vyA09n3P,2026-10-06,clean,"document archive-misc-wcecarticle2-en · pre-launch scan 2026-10-06: every page (pdftotext, PyMuPDF, pypdf) + Windows OCR of picture pages; both rule sets (check-media.mjs, scan-documents.py)"
1dyMcIMCLW2L92M_HB5XaEyccrYk0nyMi,2026-10-06,clean,"document archive-misc-webservices4-en · pre-launch scan 2026-10-06: every page (pdftotext, PyMuPDF, pypdf) + Windows OCR of picture pages; both rule sets (check-media.mjs, scan-documents.py)"
1LXGEMDPP0lxkeXO2KJev54x6kLhq-YZ_,2026-10-06,clean,"document archive-misc-wsdcmc-dcm-alt-en · pre-launch scan 2026-10-06: every page (pdftotext, PyMuPDF, pypdf) + Windows OCR of picture pages; both rule sets (check-media.mjs, scan-documents.py)"
1IV4ccV3-TX8aKz9Ud7-UAE-POD1yunEw,2026-10-06,"cleared: not a member's full name (place, group, heading, staff or historic name)","document archive-motions-2021-motions-1970-1979-en-redacted · pre-launch scan 2026-10-06: every page (pdftotext, PyMuPDF, pypdf) + Windows OCR of picture pages; both rule sets (check-media.mjs, scan-documents.py) · re-redacted 2026-10-06 (personal phone numbers removed), then read again"
16Px6EcXKcnQlXOlYMeLQkLYZfw27Lpoq,2026-10-06,clean,"document archive-motions-2021-motions-2000-2009-en-redacted · pre-launch scan 2026-10-06: every page (pdftotext, PyMuPDF, pypdf) + Windows OCR of picture pages; both rule sets (check-media.mjs, scan-documents.py) · re-redacted 2026-10-06 (personal phone numbers removed), then read again"
1FD32g9mR-HbbKBE6Px3wFdQSS000rIdm,2026-10-06,"cleared: not a member's full name (place, group, heading, staff or historic name)","document archive-motions-2021-motions-2010-2019-en-redacted · pre-launch scan 2026-10-06: every page (pdftotext, PyMuPDF, pypdf) + Windows OCR of picture pages; both rule sets (check-media.mjs, scan-documents.py)"
1ikffhq5Mk1q17DOVfp_X6YyxpQdfl7Mp,2026-10-06,clean,"document archive-motions-2021-motions-2020-1-en · pre-launch scan 2026-10-06: every page (pdftotext, PyMuPDF, pypdf) + Windows OCR of picture pages; both rule sets (check-media.mjs, scan-documents.py)"
12TXZVhS-TXv55-aM69Oozv41-P57o1yW,2026-10-06,clean,"document archive-newsletters-2003-noticieroagosto2003-en-redacted · pre-launch scan 2026-10-06: every page (pdftotext, PyMuPDF, pypdf) + Windows OCR of picture pages; both rule sets (check-media.mjs, scan-documents.py) · re-redacted 2026-10-06 (personal phone numbers removed), then read again"
1bCFN1TVfQkuGeb_0n24vEzMPow3J7ZJq,2026-10-06,clean,"document archive-newsletters-2003-notidiciembre2003-en-redacted · pre-launch scan 2026-10-06: every page (pdftotext, PyMuPDF, pypdf) + Windows OCR of picture pages; both rule sets (check-media.mjs, scan-documents.py)"
1NJ4ePJ4DK8nGIelEfCucOmE0TGCu-GvP,2026-10-06,clean,"document archive-newsletters-2003-notijunio2003-en-redacted · pre-launch scan 2026-10-06: every page (pdftotext, PyMuPDF, pypdf) + Windows OCR of picture pages; both rule sets (check-media.mjs, scan-documents.py)"
14LtKholWzjZCZJqnQtdKNDcHmQjS9xzB,2026-10-06,clean,"document archive-newsletters-2009-saugnews09spanish-2009-es-redacted · pre-launch scan 2026-10-06: every page (pdftotext, PyMuPDF, pypdf) + Windows OCR of picture pages; both rule sets (check-media.mjs, scan-documents.py)"
11izUXhVVuWEpV7chSmZckao5X96TR-lm,2026-10-06,"cleared: sobriety phrase without a member's date (requirement, heading, total, anonymous sharing or length only)","document archive-newsletters-2009-spanjannews09v3-01-2009-en-redacted · pre-launch scan 2026-10-06: every page (pdftotext, PyMuPDF, pypdf) + Windows OCR of picture pages; both rule sets (check-media.mjs, scan-documents.py)"
1xKO337JC_AR36GPBxcSxMqgXmw7Dz3QD,2026-10-06,clean,"document archive-newsletters-2010-calendar2011-en · pre-launch scan 2026-10-06: every page (pdftotext, PyMuPDF, pypdf) + Windows OCR of picture pages; both rule sets (check-media.mjs, scan-documents.py)"
1O9m57EbXicXbbZE5kYBJ54od-WIP32Qq,2026-10-06,cleared: role mailbox,"document archive-newsletters-2010-en-box459-summer10-en-redacted · pre-launch scan 2026-10-06: every page (pdftotext, PyMuPDF, pypdf) + Windows OCR of picture pages; both rule sets (check-media.mjs, scan-documents.py)"
17bx1CMkfE-tC-3-ATQOVBzNn2ISM3sTZ,2026-10-06,clean,"document archive-newsletters-2010-jannews10-final-en · pre-launch scan 2026-10-06: every page (pdftotext, PyMuPDF, pypdf) + Windows OCR of picture pages; both rule sets (check-media.mjs, scan-documents.py)"
1el2Y0K9_i9ek8FTsvOBQFnGWy2KJMUxN,2026-10-06,clean,"document archive-newsletters-2011-news-aug-2011-en-redacted · pre-launch scan 2026-10-06: every page (pdftotext, PyMuPDF, pypdf) + Windows OCR of picture pages; both rule sets (check-media.mjs, scan-documents.py)"
1i13JNP9HBDsoUCWpBKIoX5JLpiKbN9Ts,2026-10-06,clean,"document archive-newsletters-2011-news-jun-2011-en-redacted · pre-launch scan 2026-10-06: every page (pdftotext, PyMuPDF, pypdf) + Windows OCR of picture pages; both rule sets (check-media.mjs, scan-documents.py)"
1OXQJj0pz7Lf_sUAPDM_UikA05XRr-JvS,2026-10-06,clean,"document archive-newsletters-2011-news-may-2011-en · pre-launch scan 2026-10-06: every page (pdftotext, PyMuPDF, pypdf) + Windows OCR of picture pages; both rule sets (check-media.mjs, scan-documents.py)"
1SyVabbte3e0uNd-V-ottYDpKMTQw2Po-,2026-10-06,clean,"document archive-newsletters-2011-news-nov-2011-en-redacted · pre-launch scan 2026-10-06: every page (pdftotext, PyMuPDF, pypdf) + Windows OCR of picture pages; both rule sets (check-media.mjs, scan-documents.py)"
1nZ093Ym8wbpLLaA5n2Rlz97bN9aroxdJ,2026-10-06,clean,"document archive-newsletters-2011-news-sep-2011-en-redacted · pre-launch scan 2026-10-06: every page (pdftotext, PyMuPDF, pypdf) + Windows OCR of picture pages; both rule sets (check-media.mjs, scan-documents.py)"
1_N5DzB6xmS4mTH87-IRwWP_gLpe_29b5,2026-10-06,clean,"document archive-newsletters-2011-s-news-feb-2011-es-redacted · pre-launch scan 2026-10-06: every page (pdftotext, PyMuPDF, pypdf) + Windows OCR of picture pages; both rule sets (check-media.mjs, scan-documents.py)"
1NniGPCGWjDvvkm43J9AF0UB6TSHswIXP,2026-10-06,"cleared: not a member's full name (place, group, heading, staff or historic name); sobriety phrase without a member's date (requirement, heading, total, anonymous sharing or length only)","document archive-newsletters-2011-s-news-jan-2011-es · pre-launch scan 2026-10-06: every page (pdftotext, PyMuPDF, pypdf) + Windows OCR of picture pages; both rule sets (check-media.mjs, scan-documents.py)"
1NqN8NpatV3OKJPDayKpVeTHob0cZ25j8,2026-10-06,"cleared: sobriety phrase without a member's date (requirement, heading, total, anonymous sharing or length only)","document archive-newsletters-2011-s-news-mar-2011-es-redacted · pre-launch scan 2026-10-06: every page (pdftotext, PyMuPDF, pypdf) + Windows OCR of picture pages; both rule sets (check-media.mjs, scan-documents.py)"
1XmhPFDeiYkzEZurK03QqU4HEppnL14Tz,2026-10-06,clean,"document archive-newsletters-2011-s-news-may-2011-es-redacted · pre-launch scan 2026-10-06: every page (pdftotext, PyMuPDF, pypdf) + Windows OCR of picture pages; both rule sets (check-media.mjs, scan-documents.py)"
1TUZm5URaZVmanI9aO1NgKGaYxRDA8orV,2026-10-06,clean,"document archive-newsletters-2012-junjulnews12-en · pre-launch scan 2026-10-06: every page (pdftotext, PyMuPDF, pypdf) + Windows OCR of picture pages; both rule sets (check-media.mjs, scan-documents.py)"
1JHOoJQgcoP0REqxR3Nxzdga-pf4WcGm-,2026-10-06,"cleared: role or event mailbox, or a text-extraction fragment; sobriety phrase without a member's date (requirement, heading, total, anonymous sharing or length only)","document archive-newsletters-2012-maynews12-en · pre-launch scan 2026-10-06: every page (pdftotext, PyMuPDF, pypdf) + Windows OCR of picture pages; both rule sets (check-media.mjs, scan-documents.py)"
1_RNf_iC0RgmBqvW6Z9ItZw4NFqDd5pIW,2026-10-06,clean,"document archive-newsletters-2012-novnews12-en · pre-launch scan 2026-10-06: every page (pdftotext, PyMuPDF, pypdf) + Windows OCR of picture pages; both rule sets (check-media.mjs, scan-documents.py)"
1r9phKYErn6MPDKVzM9hGxoRBeeMW30D5,2026-10-06,"cleared: not a member's full name (place, group, heading, staff or historic name)","document archive-newsletters-2012-octnews12-en · pre-launch scan 2026-10-06: every page (pdftotext, PyMuPDF, pypdf) + Windows OCR of picture pages; both rule sets (check-media.mjs, scan-documents.py)"
1zLAEl_RC4UL2Y12TpSOs2MiDSQjShOz4,2026-10-06,cleared: role mailbox,"document archive-newsletters-2012-s-maynews12-es · pre-launch scan 2026-10-06: every page (pdftotext, PyMuPDF, pypdf) + Windows OCR of picture pages; both rule sets (check-media.mjs, scan-documents.py)"
1w_uHKz5DHJwHdbRMuNRvpPR388MlP3Zn,2026-10-06,clean,"document archive-newsletters-2012-s-newsjunjul12-es · pre-launch scan 2026-10-06: every page (pdftotext, PyMuPDF, pypdf) + Windows OCR of picture pages; both rule sets (check-media.mjs, scan-documents.py)"
1DdMj4uBo5nluS9F0hJYHNNBBthZJ74Ed,2026-10-06,clean,"document archive-newsletters-2012-s-newsnov12-es · pre-launch scan 2026-10-06: every page (pdftotext, PyMuPDF, pypdf) + Windows OCR of picture pages; both rule sets (check-media.mjs, scan-documents.py)"
14H3WwdIAyIQ00r3qnnNu2O3AJOyH4VAI,2026-10-06,clean,"document archive-newsletters-2012-s-newssep12-es · pre-launch scan 2026-10-06: every page (pdftotext, PyMuPDF, pypdf) + Windows OCR of picture pages; both rule sets (check-media.mjs, scan-documents.py)"
1A6ucWGtNItar8Gi13bRNM5wynRJBOd0H,2026-10-06,cleared: General Service Office line,"document archive-newsletters-2013-augnews13-en · pre-launch scan 2026-10-06: every page (pdftotext, PyMuPDF, pypdf) + Windows OCR of picture pages; both rule sets (check-media.mjs, scan-documents.py)"
1gYe1MHGCLwtdpqy1L2-IEzJaaTrkxoU4,2026-10-06,clean,"document archive-newsletters-2013-decnews13-en · pre-launch scan 2026-10-06: every page (pdftotext, PyMuPDF, pypdf) + Windows OCR of picture pages; both rule sets (check-media.mjs, scan-documents.py)"
1AmvFKVMzUZdGfBY0jlX1ZZGqENUTmCJ0,2026-10-06,clean,"document archive-newsletters-2013-jannews13-en · pre-launch scan 2026-10-06: every page (pdftotext, PyMuPDF, pypdf) + Windows OCR of picture pages; both rule sets (check-media.mjs, scan-documents.py)"
1p9KLv_kICabKnrcgmQGXcjb9R1mw4qJF,2026-10-06,cleared: General Service Office line,"document archive-newsletters-2013-s-augnews13-en · pre-launch scan 2026-10-06: every page (pdftotext, PyMuPDF, pypdf) + Windows OCR of picture pages; both rule sets (check-media.mjs, scan-documents.py)"
1IRwgbdrH9QfupJscl8CoDkbM1iRabtkk,2026-10-06,"cleared: sobriety phrase without a member's date (requirement, heading, total, anonymous sharing or length only)","document archive-newsletters-2013-s-decnews13-en · pre-launch scan 2026-10-06: every page (pdftotext, PyMuPDF, pypdf) + Windows OCR of picture pages; both rule sets (check-media.mjs, scan-documents.py)"
1i4em7f6ZZr-zdeqK-GdOZ47uObgALf3O,2026-10-06,clean,"document archive-newsletters-2013-s-junnews13-en · pre-launch scan 2026-10-06: every page (pdftotext, PyMuPDF, pypdf) + Windows OCR of picture pages; both rule sets (check-media.mjs, scan-documents.py)"
1KKTIbbCx9g2V_4IjZGkO9s_ekPuE32Py,2026-10-06,"cleared: role or event mailbox, or a text-extraction fragment; sobriety phrase without a member's date (requirement, heading, total, anonymous sharing or length only)","document archive-newsletters-2013-s-marnews13-en-redacted · pre-launch scan 2026-10-06: every page (pdftotext, PyMuPDF, pypdf) + Windows OCR of picture pages; both rule sets (check-media.mjs, scan-documents.py)"
1KGjW8jZhg3s0SpG-s8TnsC15kVs1GR03,2026-10-06,clean,"document archive-newsletters-2014-volume-38-12-page1-en · pre-launch scan 2026-10-06: every page (pdftotext, PyMuPDF, pypdf) + Windows OCR of picture pages; both rule sets (check-media.mjs, scan-documents.py)"
1s7y3jQaXQ0G5rYEpn-3ZJyOkswoJ4i7g,2026-10-06,clean,"document archive-newsletters-2015-newsletter-may2015-en · pre-launch scan 2026-10-06: every page (pdftotext, PyMuPDF, pypdf) + Windows OCR of picture pages; both rule sets (check-media.mjs, scan-documents.py)"
1Yg1zIbnrqA0mTYhJ5rO25gT_h7nNi2ll,2026-10-06,"cleared: sobriety phrase without a member's date (requirement, heading, total, anonymous sharing or length only)","document archive-newsletters-2015-volume-39-12-en · pre-launch scan 2026-10-06: every page (pdftotext, PyMuPDF, pypdf) + Windows OCR of picture pages; both rule sets (check-media.mjs, scan-documents.py)"
19NwX0OtQwPWJMvtaM6yFaXdUcrfnUoin,2026-10-06,clean,"document archive-newsletters-2016-august-2016-english-en · pre-launch scan 2026-10-06: every page (pdftotext, PyMuPDF, pypdf) + Windows OCR of picture pages; both rule sets (check-media.mjs, scan-documents.py)"
1rxFtW9DY71OWMXf4jRNZ-9zwHqcNHtjB,2026-10-06,"cleared: sobriety phrase without a member's date (requirement, heading, total, anonymous sharing or length only)","document archive-newsletters-2016-volume-40-1-en · pre-launch scan 2026-10-06: every page (pdftotext, PyMuPDF, pypdf) + Windows OCR of picture pages; both rule sets (check-media.mjs, scan-documents.py)"
1ZyGSgFtwn2pkLUSo652YmZlDYVWwlIPC,2026-10-06,"cleared: sobriety phrase without a member's date (requirement, heading, total, anonymous sharing or length only)","document archive-newsletters-2018-january-newsletter-2018-english-en · pre-launch scan 2026-10-06: every page (pdftotext, PyMuPDF, pypdf) + Windows OCR of picture pages; both rule sets (check-media.mjs, scan-documents.py)"
1qf7J6LVqCF1KCdDPALagfrNrTCYfooz1,2026-10-06,"cleared: sobriety phrase without a member's date (requirement, heading, total, anonymous sharing or length only)","document archive-newsletters-2018-january-newsletter-2018-spanish-es · pre-launch scan 2026-10-06: every page (pdftotext, PyMuPDF, pypdf) + Windows OCR of picture pages; both rule sets (check-media.mjs, scan-documents.py)"
1orMHTeEnCqfyDCRaTGWqha8D8K7urBH1,2026-10-06,clean,"document archive-newsletters-2019-august-msca09-newsletter-english-en-redacted · pre-launch scan 2026-10-06: every page (pdftotext, PyMuPDF, pypdf) + Windows OCR of picture pages; both rule sets (check-media.mjs, scan-documents.py)"
18hcMaFFMjU_FPv3IUeQzJP7BTt1tlj6-,2026-10-06,clean,"document archive-newsletters-2019-august-msca09-newsletter-spanish-es-redacted · pre-launch scan 2026-10-06: every page (pdftotext, PyMuPDF, pypdf) + Windows OCR of picture pages; both rule sets (check-media.mjs, scan-documents.py)"
1ECxvV3k5LjSkzldM0Rmj0sYOSRBJBQkL,2026-10-06,clean,"document archive-newsletters-2019-grapevine-news-for-july-2019-en · pre-launch scan 2026-10-06: every page (pdftotext, PyMuPDF, pypdf) + Windows OCR of picture pages; both rule sets (check-media.mjs, scan-documents.py)"
1SG7dukd3qIRvBThP-01ecOyOt0JpC_XU,2026-10-06,cleared: General Service Office line,"document archive-newsletters-2019-la-vina-news-jul-aug-2019-en · pre-launch scan 2026-10-06: every page (pdftotext, PyMuPDF, pypdf) + Windows OCR of picture pages; both rule sets (check-media.mjs, scan-documents.py)"
1A7VNYbX-obh_8MEMUorzLbrypmQuFUnv,2026-10-06,clean,"document archive-newsletters-2019-news-19-may-en-en-redacted · pre-launch scan 2026-10-06: every page (pdftotext, PyMuPDF, pypdf) + Windows OCR of picture pages; both rule sets (check-media.mjs, scan-documents.py)"
1JC6gzPRi7Aml-7y9Rq0i7BTeeE1MFU7E,2026-10-06,clean,"document archive-newsletters-2019-news-19-may-sp-es-redacted · pre-launch scan 2026-10-06: every page (pdftotext, PyMuPDF, pypdf) + Windows OCR of picture pages; both rule sets (check-media.mjs, scan-documents.py)"
1patDw8S_h-AmkzoRlcAjzxXtDGPX7SYO,2026-10-06,cleared: role mailbox,"document archive-newsletters-2020-apr-en-en-redacted · pre-launch scan 2026-10-06: every page (pdftotext, PyMuPDF, pypdf) + Windows OCR of picture pages; both rule sets (check-media.mjs, scan-documents.py)"
1IQOke-h5vpgwzIZcR9EH5qEwnZpdyz2R,2026-10-06,cleared: role mailbox,"document archive-newsletters-2020-apr-sp-es-redacted · pre-launch scan 2026-10-06: every page (pdftotext, PyMuPDF, pypdf) + Windows OCR of picture pages; both rule sets (check-media.mjs, scan-documents.py)"
1IfuoFETLItSmDgr_0LvcIPTYB2-7o5pv,2026-10-06,"cleared: role or event mailbox, or a text-extraction fragment","document archive-newsletters-2020-area-newsletter-february-2020-es-redacted · pre-launch scan 2026-10-06: every page (pdftotext, PyMuPDF, pypdf) + Windows OCR of picture pages; both rule sets (check-media.mjs, scan-documents.py)"
1sdi0kdv7d8CZVfwV8bkQCBh9qo-uzPTL,2026-10-06,"cleared: sobriety phrase without a member's date (requirement, heading, total, anonymous sharing or length only)","document archive-newsletters-2020-jan-en-en · pre-launch scan 2026-10-06: every page (pdftotext, PyMuPDF, pypdf) + Windows OCR of picture pages; both rule sets (check-media.mjs, scan-documents.py)"
15e7nm4CSG1kJnKXxsrn9OlGFBBl8zRbV,2026-10-06,"cleared: sobriety phrase without a member's date (requirement, heading, total, anonymous sharing or length only)","document archive-newsletters-2020-jan-sp-es · pre-launch scan 2026-10-06: every page (pdftotext, PyMuPDF, pypdf) + Windows OCR of picture pages; both rule sets (check-media.mjs, scan-documents.py)"
1B07gt4M2D_U1E8m8Y6Ck8zJZj87VqdAs,2026-10-06,"cleared: Zoom meeting ID or dial-in number; sobriety phrase without a member's date (requirement, heading, total, anonymous sharing or length only)","document archive-newsletters-2021-district-5-newsletter-2nd-quarter-2021-1-en-redacted · pre-launch scan 2026-10-06: every page (pdftotext, PyMuPDF, pypdf) + Windows OCR of picture pages; both rule sets (check-media.mjs, scan-documents.py) · re-redacted 2026-10-06 (personal phone numbers, personal e-mail addresses, sobriety dates / birthday-list years removed), then read again"
1ItAJZQLRlCdQV27kAu4fohxSnvAtMs-N,2026-10-06,"cleared: Zoom meeting ID or dial-in number; public line (central office, hotel, venue or event info line); sobriety phrase without a member's date (requirement, heading, total, anonymous sharing or length only)","document archive-newsletters-2021-district-5-newsletter-3rd-quarter-2021-en-redacted · pre-launch scan 2026-10-06: every page (pdftotext, PyMuPDF, pypdf) + Windows OCR of picture pages; both rule sets (check-media.mjs, scan-documents.py) · re-redacted 2026-10-06 (personal phone numbers, personal e-mail addresses, sobriety dates / birthday-list years removed), then read again"
19T43hERSW0for3NdW9URHFoGCt_ebqVS,2026-10-06,"cleared: sobriety phrase without a member's date (requirement, heading, total, anonymous sharing or length only)","document archive-newsletters-2021-district-5-newsletter-first-quarter-2021-1-en-redacted · pre-launch scan 2026-10-06: every page (pdftotext, PyMuPDF, pypdf) + Windows OCR of picture pages; both rule sets (check-media.mjs, scan-documents.py) · re-redacted 2026-10-06 (sobriety dates / birthday-list years removed), then read again"
1Op1bmDY1SJtkdlsbjUuSD9e9l4pnAOgI,2026-10-06,clean,"document archive-newsletters-2022-area-newsletter-august-2022-en · pre-launch scan 2026-10-06: every page (pdftotext, PyMuPDF, pypdf) + Windows OCR of picture pages; both rule sets (check-media.mjs, scan-documents.py)"
13ZFDHU1qJH7FscB3B6XtW_lFiYZqbazk,2026-10-06,clean,"document archive-newsletters-2022-area-newsletter-december-2022-en · pre-launch scan 2026-10-06: every page (pdftotext, PyMuPDF, pypdf) + Windows OCR of picture pages; both rule sets (check-media.mjs, scan-documents.py) · re-redacted 2026-10-06 (personal phone numbers, personal e-mail addresses removed), then read again"
12Ni7CLFIi2hOTonhxSV4CZHzOAXFCFxl,2026-10-06,clean,"document archive-newsletters-2022-area-newsletter-december-2022-es · pre-launch scan 2026-10-06: every page (pdftotext, PyMuPDF, pypdf) + Windows OCR of picture pages; both rule sets (check-media.mjs, scan-documents.py) · re-redacted 2026-10-06 (personal phone numbers, personal e-mail addresses removed), then read again"
1W8tmMgRnlkZRkE_MXfhfMPbtCFTGTfwf,2026-10-06,clean,"document archive-newsletters-2022-area-newsletter-november-2022-en · pre-launch scan 2026-10-06: every page (pdftotext, PyMuPDF, pypdf) + Windows OCR of picture pages; both rule sets (check-media.mjs, scan-documents.py) · re-redacted 2026-10-06 (personal phone numbers, personal e-mail addresses removed), then read again"
1WEKNkVPPltOfnkCBVy9YM2jseoF6UcUe,2026-10-06,clean,"document archive-newsletters-2022-area-newsletter-november-2022-es · pre-launch scan 2026-10-06: every page (pdftotext, PyMuPDF, pypdf) + Windows OCR of picture pages; both rule sets (check-media.mjs, scan-documents.py) · re-redacted 2026-10-06 (personal phone numbers, personal e-mail addresses removed), then read again"
1VQq7cBKsdNQZiRtOOBjqAvewHOoS5wUq,2026-10-06,clean,"document archive-newsletters-2022-area-newsletter-october-2022-en · pre-launch scan 2026-10-06: every page (pdftotext, PyMuPDF, pypdf) + Windows OCR of picture pages; both rule sets (check-media.mjs, scan-documents.py)"
16wbGii3SZ8Par-BdvxcGW3ISr4KuKE4n,2026-10-06,clean,"document archive-newsletters-2022-area-newsletter-october-2022-es · pre-launch scan 2026-10-06: every page (pdftotext, PyMuPDF, pypdf) + Windows OCR of picture pages; both rule sets (check-media.mjs, scan-documents.py)"
14ioZALGrbo3kV-ai9vssPZRQEwtU1ndS,2026-10-06,clean,"document archive-newsletters-2022-area-newsletter-september-2022-en · pre-launch scan 2026-10-06: every page (pdftotext, PyMuPDF, pypdf) + Windows OCR of picture pages; both rule sets (check-media.mjs, scan-documents.py)"
11fY7t7xCQAz9h19H-l04b0lu5ua3kcFG,2026-10-06,"cleared: not a member's full name (place, group, heading, staff or historic name)","document archive-newsletters-2023-area-newsletter-april-2023-en-redacted · pre-launch scan 2026-10-06: every page (pdftotext, PyMuPDF, pypdf) + Windows OCR of picture pages; both rule sets (check-media.mjs, scan-documents.py) · re-redacted 2026-10-06 (personal phone numbers removed), then read again"
1mf6vebbWIwb8zsoZUws_J_gMQRt1UGiR,2026-10-06,clean,"document archive-newsletters-2023-area-newsletter-april-2023-es · pre-launch scan 2026-10-06: every page (pdftotext, PyMuPDF, pypdf) + Windows OCR of picture pages; both rule sets (check-media.mjs, scan-documents.py) · re-redacted 2026-10-06 (personal phone numbers removed), then read again"
1XmeXDFaqj97z6ChVm8CcBJ8qwTgoCm3H,2026-10-06,"cleared: General Service Office line; role or event mailbox, or a text-extraction fragment; sobriety phrase without a member's date (requirement, heading, total, anonymous sharing or length only)","document archive-newsletters-2023-area-newsletter-august-2023-en · pre-launch scan 2026-10-06: every page (pdftotext, PyMuPDF, pypdf) + Windows OCR of picture pages; both rule sets (check-media.mjs, scan-documents.py)"
1J3R4RgL9f31EcG5YSussyYfodPKT-YJB,2026-10-06,"cleared: General Service Office line; not a member's full name (place, group, heading, staff or historic name); role or event mailbox, or a text-extraction fragment","document archive-newsletters-2023-area-newsletter-august-2023-es · pre-launch scan 2026-10-06: every page (pdftotext, PyMuPDF, pypdf) + Windows OCR of picture pages; both rule sets (check-media.mjs, scan-documents.py) · re-redacted 2026-10-06 (personal phone numbers removed), then read again"
1wa2tAtclb901pIHRoCZRyqAWw4MCGXh_,2026-10-06,"cleared: not a member's full name (place, group, heading, staff or historic name); public line (central office, hotel, venue or event info line)","document archive-newsletters-2023-area-newsletter-february-2023-en · pre-launch scan 2026-10-06: every page (pdftotext, PyMuPDF, pypdf) + Windows OCR of picture pages; both rule sets (check-media.mjs, scan-documents.py) · re-redacted 2026-10-06 (personal phone numbers removed), then read again"
1ZtCQQqmBr8kPbwe8VIgzOkuziIjyGFQE,2026-10-06,clean,"document archive-newsletters-2023-area-newsletter-february-2023-es-redacted · pre-launch scan 2026-10-06: every page (pdftotext, PyMuPDF, pypdf) + Windows OCR of picture pages; both rule sets (check-media.mjs, scan-documents.py) · re-redacted 2026-10-06 (personal phone numbers removed), then read again"
1gZWnVSjjKOH0EaW-whegq8I9mCbAONKd,2026-10-06,"cleared: General Service Office line; not a member's full name (place, group, heading, staff or historic name)","document archive-newsletters-2023-area-newsletter-january-2023-en · pre-launch scan 2026-10-06: every page (pdftotext, PyMuPDF, pypdf) + Windows OCR of picture pages; both rule sets (check-media.mjs, scan-documents.py) · re-redacted 2026-10-06 (personal phone numbers removed), then read again"
1up5V_uEVqiSJdq-s_kOB2DazwJ4IiqtL,2026-10-06,"cleared: General Service Office line; not a member's full name (place, group, heading, staff or historic name)","document archive-newsletters-2023-area-newsletter-january-2023-es · pre-launch scan 2026-10-06: every page (pdftotext, PyMuPDF, pypdf) + Windows OCR of picture pages; both rule sets (check-media.mjs, scan-documents.py) · re-redacted 2026-10-06 (personal phone numbers removed), then read again"
1g1LrGCTO0B2INpiLBV0MbnxaXep-zGh8,2026-10-06,"cleared: role or event mailbox, or a text-extraction fragment","document archive-newsletters-2023-area-newsletter-july-2023-en · pre-launch scan 2026-10-06: every page (pdftotext, PyMuPDF, pypdf) + Windows OCR of picture pages; both rule sets (check-media.mjs, scan-documents.py) · re-redacted 2026-10-06 (personal phone numbers removed), then read again"
1A7xjVJg0yGmZRtQrgR5xdeVAM5oK0w8J,2026-10-06,"cleared: role or event mailbox, or a text-extraction fragment","document archive-newsletters-2023-area-newsletter-july-2023-es · pre-launch scan 2026-10-06: every page (pdftotext, PyMuPDF, pypdf) + Windows OCR of picture pages; both rule sets (check-media.mjs, scan-documents.py)"
1mxTOcDQ68zAr2VsqE2T1dt8hVHBPGxIt,2026-10-06,"cleared: not a member's full name (place, group, heading, staff or historic name)","document archive-newsletters-2023-area-newsletter-june-2023-en · pre-launch scan 2026-10-06: every page (pdftotext, PyMuPDF, pypdf) + Windows OCR of picture pages; both rule sets (check-media.mjs, scan-documents.py) · re-redacted 2026-10-06 (personal phone numbers removed), then read again"
13lqMQt6DvjOK_pvi3KtqQmgAkZuBmBKn,2026-10-06,"cleared: not a member's full name (place, group, heading, staff or historic name)","document archive-newsletters-2023-area-newsletter-june-2023-es · pre-launch scan 2026-10-06: every page (pdftotext, PyMuPDF, pypdf) + Windows OCR of picture pages; both rule sets (check-media.mjs, scan-documents.py) · re-redacted 2026-10-06 (personal phone numbers removed), then read again"
1sAyJTgQ-1OSbnlLOofPriUYJ9SoMqxwX,2026-10-06,"cleared: not a member's full name (place, group, heading, staff or historic name)","document archive-newsletters-2023-area-newsletter-march-2023-en · pre-launch scan 2026-10-06: every page (pdftotext, PyMuPDF, pypdf) + Windows OCR of picture pages; both rule sets (check-media.mjs, scan-documents.py) · re-redacted 2026-10-06 (personal phone numbers removed), then read again"
122yiiRGzxt-rUV2cMX2V53kCPd2dXhVx,2026-10-06,clean,"document archive-newsletters-2023-area-newsletter-march-2023-es · pre-launch scan 2026-10-06: every page (pdftotext, PyMuPDF, pypdf) + Windows OCR of picture pages; both rule sets (check-media.mjs, scan-documents.py) · re-redacted 2026-10-06 (personal phone numbers removed), then read again"
1W1ez-k5m1WVyX29hlVk_IvapFOU5zFT2,2026-10-06,"cleared: not a member's full name (place, group, heading, staff or historic name)","document archive-newsletters-2023-area-newsletter-may-2023-en · pre-launch scan 2026-10-06: every page (pdftotext, PyMuPDF, pypdf) + Windows OCR of picture pages; both rule sets (check-media.mjs, scan-documents.py) · re-redacted 2026-10-06 (personal phone numbers removed), then read again"
1466ihxgEE2uhTZBWLTSNDuTLDAlSEUFM,2026-10-06,clean,"document archive-newsletters-2023-area-newsletter-may-2023-es · pre-launch scan 2026-10-06: every page (pdftotext, PyMuPDF, pypdf) + Windows OCR of picture pages; both rule sets (check-media.mjs, scan-documents.py) · re-redacted 2026-10-06 (personal phone numbers removed), then read again"
1xid7ehhwUTZPB00tvMUHAoUQKefedGCV,2026-10-06,"cleared: sobriety phrase without a member's date (requirement, heading, total, anonymous sharing or length only)","document archive-newsletters-2023-area-newsletter-november-2023-en · pre-launch scan 2026-10-06: every page (pdftotext, PyMuPDF, pypdf) + Windows OCR of picture pages; both rule sets (check-media.mjs, scan-documents.py)"
1jwQMwwNOmM53owpflf_T6Aylzzw4fib0,2026-10-06,"cleared: sobriety phrase without a member's date (requirement, heading, total, anonymous sharing or length only)","document archive-newsletters-2023-area-newsletter-november-2023-es · pre-launch scan 2026-10-06: every page (pdftotext, PyMuPDF, pypdf) + Windows OCR of picture pages; both rule sets (check-media.mjs, scan-documents.py)"
1HNzsBsmOoXYm17dfwHLVbkzqO1TnZWnz,2026-10-06,"cleared: role mailbox; sobriety phrase without a member's date (requirement, heading, total, anonymous sharing or length only)","document archive-newsletters-2023-area-newsletter-october-2023-es · pre-launch scan 2026-10-06: every page (pdftotext, PyMuPDF, pypdf) + Windows OCR of picture pages; both rule sets (check-media.mjs, scan-documents.py)"
1EhfPBKrP1h2DYJp4J2bmIQHVPXVIOOhc,2026-10-06,"cleared: role or event mailbox, or a text-extraction fragment; sobriety phrase without a member's date (requirement, heading, total, anonymous sharing or length only)","document archive-newsletters-2023-area-newsletter-september-2023-en · pre-launch scan 2026-10-06: every page (pdftotext, PyMuPDF, pypdf) + Windows OCR of picture pages; both rule sets (check-media.mjs, scan-documents.py)"
1XK3dj4T7raB8_eN073BApnYyHWHI-59_,2026-10-06,clean,"document archive-newsletters-2024-area-newsletter-december-2024-en-redacted · pre-launch scan 2026-10-06: every page (pdftotext, PyMuPDF, pypdf) + Windows OCR of picture pages; both rule sets (check-media.mjs, scan-documents.py)"
1Ev2Tuxue2PWOJUAEmgrfOcJQFKfswPjB,2026-10-06,clean,"document archive-newsletters-2024-area-newsletter-february-2024-en · pre-launch scan 2026-10-06: every page (pdftotext, PyMuPDF, pypdf) + Windows OCR of picture pages; both rule sets (check-media.mjs, scan-documents.py)"
13TEgVjl0dqpbCv_Zf5jYyLfB5RGC91M8,2026-10-06,"cleared: sobriety phrase without a member's date (requirement, heading, total, anonymous sharing or length only)","document archive-newsletters-2024-area-newsletter-january-2024-en · pre-launch scan 2026-10-06: every page (pdftotext, PyMuPDF, pypdf) + Windows OCR of picture pages; both rule sets (check-media.mjs, scan-documents.py)"
1sAyu4V7cCPsFa_DhlEsOlZV3ZEQGdWx-,2026-10-06,clean,"document archive-newsletters-2024-area-newsletter-january-2024-es · pre-launch scan 2026-10-06: every page (pdftotext, PyMuPDF, pypdf) + Windows OCR of picture pages; both rule sets (check-media.mjs, scan-documents.py)"
1RJqawAeKArvFERaThKVR53iwGGopSK_W,2026-10-06,"cleared: General Service Office line; public line (central office, hotel, venue or event info line); role or event mailbox, or a text-extraction fragment","document archive-newsletters-2024-area-newsletter-september-2024-en · pre-launch scan 2026-10-06: every page (pdftotext, PyMuPDF, pypdf) + Windows OCR of picture pages; both rule sets (check-media.mjs, scan-documents.py)"
1mz_GMiN8EUhFWU26Tw4qYK3aSKSvVUde,2026-10-06,"cleared: General Service Office line; public line (central office, hotel, venue or event info line); role or event mailbox, or a text-extraction fragment; sobriety phrase without a member's date (requirement, heading, total, anonymous sharing or length only)","document archive-newsletters-2024-area-newsletter-september-2024-es · pre-launch scan 2026-10-06: every page (pdftotext, PyMuPDF, pypdf) + Windows OCR of picture pages; both rule sets (check-media.mjs, scan-documents.py)"
1-86HunKuNFCjO-e43VmmQAZt8Mi4bPyR,2026-10-06,clean,"document archive-newsletters-aa-msca-12-09-newsletter-final-en-redacted · pre-launch scan 2026-10-06: every page (pdftotext, PyMuPDF, pypdf) + Windows OCR of picture pages; both rule sets (check-media.mjs, scan-documents.py)"
1rBfhn3SDS1BzC3sDTPNGfIBEHGOd8fNF,2026-10-06,clean,"document archive-newsletters-augnews09-en-redacted · pre-launch scan 2026-10-06: every page (pdftotext, PyMuPDF, pypdf) + Windows OCR of picture pages; both rule sets (check-media.mjs, scan-documents.py)"
1mVfultiYQoGoy82XGaTCedU_0Jh7Wwkx,2026-10-06,"cleared: not a member's full name (place, group, heading, staff or historic name)","document archive-newsletters-dec09newsspan3-en-redacted · pre-launch scan 2026-10-06: every page (pdftotext, PyMuPDF, pypdf) + Windows OCR of picture pages; both rule sets (check-media.mjs, scan-documents.py)"
1UlYJspAW8BU0UzE5avw-uYkARoCEh05z,2026-10-06,clean,"document archive-newsletters-febnews08v2-en-redacted · pre-launch scan 2026-10-06: every page (pdftotext, PyMuPDF, pypdf) + Windows OCR of picture pages; both rule sets (check-media.mjs, scan-documents.py)"
1zed6iphGqyNG6tCfSY9cvd2_kg1EmMBY,2026-10-06,"cleared: sobriety phrase without a member's date (requirement, heading, total, anonymous sharing or length only)","document archive-newsletters-febnews09-en-redacted · pre-launch scan 2026-10-06: every page (pdftotext, PyMuPDF, pypdf) + Windows OCR of picture pages; both rule sets (check-media.mjs, scan-documents.py)"
12T9dSTtLHl_igyCwiMzF0oy5SoNLujHO,2026-10-06,clean,"document archive-newsletters-gv-news-jan-08-en · pre-launch scan 2026-10-06: every page (pdftotext, PyMuPDF, pypdf) + Windows OCR of picture pages; both rule sets (check-media.mjs, scan-documents.py)"
1AEqEuy7Krq0zo4pEXlAQfppmXz09mvwV,2026-10-06,"cleared: sobriety phrase without a member's date (requirement, heading, total, anonymous sharing or length only)","document archive-newsletters-jannews09v3-en-redacted · pre-launch scan 2026-10-06: every page (pdftotext, PyMuPDF, pypdf) + Windows OCR of picture pages; both rule sets (check-media.mjs, scan-documents.py)"
15NKNFbS0axkhaL2f3mrrEDy3ZXq_crYD,2026-10-06,clean,"document archive-newsletters-junnews08dv2-en-redacted · pre-launch scan 2026-10-06: every page (pdftotext, PyMuPDF, pypdf) + Windows OCR of picture pages; both rule sets (check-media.mjs, scan-documents.py)"
1bb9V6EJAu8TDzP-GH2or58XpOVrfXfXY,2026-10-06,clean,"document archive-newsletters-junnews09v5-en-redacted · pre-launch scan 2026-10-06: every page (pdftotext, PyMuPDF, pypdf) + Windows OCR of picture pages; both rule sets (check-media.mjs, scan-documents.py)"
1wVsf2JUR05fR_2wLNeifjZyFtDp3-rRq,2026-10-06,"cleared: sobriety phrase without a member's date (requirement, heading, total, anonymous sharing or length only)","document archive-newsletters-marnews09v2-en-redacted · pre-launch scan 2026-10-06: every page (pdftotext, PyMuPDF, pypdf) + Windows OCR of picture pages; both rule sets (check-media.mjs, scan-documents.py)"
1pmTErePtAC7wET6yFQpmCmEyoKYzIm50,2026-10-06,"cleared: sobriety phrase without a member's date (requirement, heading, total, anonymous sharing or length only)","document archive-newsletters-marzonewslatter-en-redacted · pre-launch scan 2026-10-06: every page (pdftotext, PyMuPDF, pypdf) + Windows OCR of picture pages; both rule sets (check-media.mjs, scan-documents.py) · re-redacted 2026-10-06 (personal phone numbers removed), then read again"
1I3c_8Q0zU1b_ml5bPHxXVmVryLl4JIHi,2026-10-06,clean,"document archive-newsletters-maynews08v4-en-redacted · pre-launch scan 2026-10-06: every page (pdftotext, PyMuPDF, pypdf) + Windows OCR of picture pages; both rule sets (check-media.mjs, scan-documents.py)"
1JrucjOEv-R7GT9VW-mFkmFiRgU8VFlU-,2026-10-06,clean,"document archive-newsletters-maynews09r2-compatibility-mode-en-redacted · pre-launch scan 2026-10-06: every page (pdftotext, PyMuPDF, pypdf) + Windows OCR of picture pages; both rule sets (check-media.mjs, scan-documents.py)"
1BrLyeUM25DKaaTS5Y6v22_dJkA2_-fYS,2026-10-06,clean,"document archive-newsletters-maynoticiero04-en-redacted · pre-launch scan 2026-10-06: every page (pdftotext, PyMuPDF, pypdf) + Windows OCR of picture pages; both rule sets (check-media.mjs, scan-documents.py) · re-redacted 2026-10-06 (personal phone numbers removed), then read again"
1EyBCJ69u_AohAUvnihmtzZgH64aT4rwY,2026-10-06,"cleared: meeting place, venue, business or map","document archive-newsletters-noticierojunio04-en-redacted · pre-launch scan 2026-10-06: every page (pdftotext, PyMuPDF, pypdf) + Windows OCR of picture pages; both rule sets (check-media.mjs, scan-documents.py)"
1rPfrg_fM3KGmEOtNcTfMnBoeThf2sgtD,2026-10-06,clean,"document archive-newsletters-noticieromayo032-en-redacted · pre-launch scan 2026-10-06: every page (pdftotext, PyMuPDF, pypdf) + Windows OCR of picture pages; both rule sets (check-media.mjs, scan-documents.py) · re-redacted 2026-10-06 (personal phone numbers removed), then read again"
1Dw7va6FUYroswC91cYwvVFP8_qQ3CU38,2026-10-06,clean,"document archive-newsletters-nov09news-en · pre-launch scan 2026-10-06: every page (pdftotext, PyMuPDF, pypdf) + Windows OCR of picture pages; both rule sets (check-media.mjs, scan-documents.py)"
1Al-N7EtT5mp6BsXk1gWR6UNjN7ZhplbJ,2026-10-06,clean,"document archive-newsletters-oct-spannl-08-1-en-redacted · pre-launch scan 2026-10-06: every page (pdftotext, PyMuPDF, pypdf) + Windows OCR of picture pages; both rule sets (check-media.mjs, scan-documents.py)"
16KD-OAD77bZNWYeDcj8dxreWerHP2Xxc,2026-10-06,clean,"document archive-newsletters-octnews08-en-redacted · pre-launch scan 2026-10-06: every page (pdftotext, PyMuPDF, pypdf) + Windows OCR of picture pages; both rule sets (check-media.mjs, scan-documents.py)"
1NeN7oHHC8TSYNf_QwzAcSRzpSvBb1TCP,2026-10-06,clean,"document archive-newsletters-s-website-news-en · pre-launch scan 2026-10-06: every page (pdftotext, PyMuPDF, pypdf) + Windows OCR of picture pages; both rule sets (check-media.mjs, scan-documents.py)"
1ZBEEsZkof9zzOI_Y18Jru59W7F9lPEj9,2026-10-06,clean,"document archive-newsletters-saugnews06-en-redacted · pre-launch scan 2026-10-06: every page (pdftotext, PyMuPDF, pypdf) + Windows OCR of picture pages; both rule sets (check-media.mjs, scan-documents.py)"
1PDsRXZ2XHAEOUPgRrjgDnhBkoIJcduJk,2026-10-06,clean,"document archive-newsletters-sfebnews08-en-redacted · pre-launch scan 2026-10-06: every page (pdftotext, PyMuPDF, pypdf) + Windows OCR of picture pages; both rule sets (check-media.mjs, scan-documents.py)"
1l0h4UCcXdxjf-RsteNy2nCyOSX9YTze9,2026-10-06,"cleared: not a member's full name (place, group, heading, staff or historic name)","document archive-newsletters-sjunenews-en-redacted · pre-launch scan 2026-10-06: every page (pdftotext, PyMuPDF, pypdf) + Windows OCR of picture pages; both rule sets (check-media.mjs, scan-documents.py)"
1i9NEFzf0Vt4sPJrYpW3CFLHbBHI5X114,2026-10-06,clean,"document archive-newsletters-sjunnews081-en-redacted · pre-launch scan 2026-10-06: every page (pdftotext, PyMuPDF, pypdf) + Windows OCR of picture pages; both rule sets (check-media.mjs, scan-documents.py)"
1IdXHOCdcIJdonfDYEn7WvyGGUIzeVe9r,2026-10-06,clean,"document archive-newsletters-smarnews07-en-redacted · pre-launch scan 2026-10-06: every page (pdftotext, PyMuPDF, pypdf) + Windows OCR of picture pages; both rule sets (check-media.mjs, scan-documents.py)"
1NACwTJH-G_2ppY9aD2jqwVzkdT-x4L2_,2026-10-06,"cleared: meeting place, venue, business or map","document archive-newsletters-smaynews07-en-redacted · pre-launch scan 2026-10-06: every page (pdftotext, PyMuPDF, pypdf) + Windows OCR of picture pages; both rule sets (check-media.mjs, scan-documents.py)"
1M8N4cRA46n7aEyGspvM6PhfURw2tYmR8,2026-10-06,clean,"document archive-newsletters-snewsaug04-en-redacted · pre-launch scan 2026-10-06: every page (pdftotext, PyMuPDF, pypdf) + Windows OCR of picture pages; both rule sets (check-media.mjs, scan-documents.py)"
12uKnIpryvQuqiWfxLux4849TGxlIw8he,2026-10-06,"cleared: not a member's full name (place, group, heading, staff or historic name); sobriety phrase without a member's date (requirement, heading, total, anonymous sharing or length only)","document archive-newsletters-snewsjun05-en-redacted · pre-launch scan 2026-10-06: every page (pdftotext, PyMuPDF, pypdf) + Windows OCR of picture pages; both rule sets (check-media.mjs, scan-documents.py)"
1Num4uMkAtwUZH6khMjoUvY58llO8RkDb,2026-10-06,clean,"document archive-newsletters-snov09news-en-redacted · pre-launch scan 2026-10-06: every page (pdftotext, PyMuPDF, pypdf) + Windows OCR of picture pages; both rule sets (check-media.mjs, scan-documents.py)"
1-PUoZMd8d3CDSCfINLGO51kEzkISva5S,2026-10-06,"cleared: meeting place, venue, business or map","document archive-newsletters-snovnews07-en · pre-launch scan 2026-10-06: every page (pdftotext, PyMuPDF, pypdf) + Windows OCR of picture pages; both rule sets (check-media.mjs, scan-documents.py)"
1SxkGX0Y_mclEXZbeFuyaXNgx5SBRa6fH,2026-10-06,"cleared: not a member's full name (place, group, heading, staff or historic name)","document archive-newsletters-soctnews06-en-redacted · pre-launch scan 2026-10-06: every page (pdftotext, PyMuPDF, pypdf) + Windows OCR of picture pages; both rule sets (check-media.mjs, scan-documents.py)"
1O6q3uScBwwS9GIMwGKhvjkpOAmJdUKnw,2026-10-06,clean,"document archive-newsletters-spandecnews081-en-redacted · pre-launch scan 2026-10-06: every page (pdftotext, PyMuPDF, pypdf) + Windows OCR of picture pages; both rule sets (check-media.mjs, scan-documents.py)"
15xtBWMoS6zub8B_fE_LuSk8xnJbK6_im,2026-10-06,clean,"document archive-newsletters-spanish-feb-newsletter-es-redacted · pre-launch scan 2026-10-06: every page (pdftotext, PyMuPDF, pypdf) + Windows OCR of picture pages; both rule sets (check-media.mjs, scan-documents.py) · re-redacted 2026-10-06 (personal phone numbers removed), then read again"
1cDhUuy21Yy51iO8Ptpuy7G4yjEvxNwRf,2026-10-06,clean,"document archive-newsletters-spanishdmarnews0309-es-redacted · pre-launch scan 2026-10-06: every page (pdftotext, PyMuPDF, pypdf) + Windows OCR of picture pages; both rule sets (check-media.mjs, scan-documents.py)"
1Z5bVyW2LbeMHI0ehyYmbPtp6U7bfyrcY,2026-10-06,clean,"document archive-newsletters-ssep08nl-en-redacted · pre-launch scan 2026-10-06: every page (pdftotext, PyMuPDF, pypdf) + Windows OCR of picture pages; both rule sets (check-media.mjs, scan-documents.py)"
1LzgBojOzecrjzG2fTO9uQa0RF9uD1OXM,2026-10-06,clean,"document archive-newsletters-ssepnews09draft2-spanish-es-redacted · pre-launch scan 2026-10-06: every page (pdftotext, PyMuPDF, pypdf) + Windows OCR of picture pages; both rule sets (check-media.mjs, scan-documents.py)"
1dYRIpxZ4C1_zgQbdjR_4jThPREsTTybh,2026-10-06,"cleared: meeting place, venue, business or map; sobriety phrase without a member's date (requirement, heading, total, anonymous sharing or length only)","document archive-newsletters-ssepnwsltr04-en-redacted · pre-launch scan 2026-10-06: every page (pdftotext, PyMuPDF, pypdf) + Windows OCR of picture pages; both rule sets (check-media.mjs, scan-documents.py)"
1KOTZDaGwM6ke0RrkxUG9k8xTWBk5emlu,2026-10-06,clean,"document archive-newsletters-swfebnews07-en-redacted · pre-launch scan 2026-10-06: every page (pdftotext, PyMuPDF, pypdf) + Windows OCR of picture pages; both rule sets (check-media.mjs, scan-documents.py)"
1U6yDTE3bwqTHMJc3GXGgzDQJ9PPrssMz,2026-10-06,"cleared: sobriety phrase without a member's date (requirement, heading, total, anonymous sharing or length only)","document archive-newsletters-swjannews05-en-redacted · pre-launch scan 2026-10-06: every page (pdftotext, PyMuPDF, pypdf) + Windows OCR of picture pages; both rule sets (check-media.mjs, scan-documents.py)"
1XPQcynrhdOjI-RNkfQVhKfT2P83wyGio,2026-10-06,"cleared: public line (central office, hotel, venue or event info line)","document archive-newsletters-swmarnews05-en · pre-launch scan 2026-10-06: every page (pdftotext, PyMuPDF, pypdf) + Windows OCR of picture pages; both rule sets (check-media.mjs, scan-documents.py)"
1PfYwaAySxjIaa6OGsjmhskacvDsD7W2H,2026-10-06,cleared: role mailbox,"document archive-newsletters-waugnews07-en-redacted · pre-launch scan 2026-10-06: every page (pdftotext, PyMuPDF, pypdf) + Windows OCR of picture pages; both rule sets (check-media.mjs, scan-documents.py)"
11wqF_eSppLGW0pWjKmRZGXXEB7BupY_M,2026-10-06,clean,"document archive-newsletters-waugnews3-en-redacted · pre-launch scan 2026-10-06: every page (pdftotext, PyMuPDF, pypdf) + Windows OCR of picture pages; both rule sets (check-media.mjs, scan-documents.py)"
1kDJFHfsJVIHfhM_iSTXjE-HHXEFkc3mr,2026-10-06,clean,"document archive-newsletters-wdecnewsl2-en · pre-launch scan 2026-10-06: every page (pdftotext, PyMuPDF, pypdf) + Windows OCR of picture pages; both rule sets (check-media.mjs, scan-documents.py)"
1NNs2n3YdOjGrOhhelyERQLuTUmd_o0NH,2026-10-06,clean,"document archive-newsletters-wfebnews07-en-redacted · pre-launch scan 2026-10-06: every page (pdftotext, PyMuPDF, pypdf) + Windows OCR of picture pages; both rule sets (check-media.mjs, scan-documents.py)"
1tMzcGcKtYwz_9wHI9g1MJkbcAilS1fGS,2026-10-06,clean,"document archive-newsletters-wjunenews06-en · pre-launch scan 2026-10-06: every page (pdftotext, PyMuPDF, pypdf) + Windows OCR of picture pages; both rule sets (check-media.mjs, scan-documents.py)"
1in7yS-rHg7VHvG9PtQmryVNXYNHpzXgM,2026-10-06,clean,"document archive-newsletters-wjunnews07-en-redacted · pre-launch scan 2026-10-06: every page (pdftotext, PyMuPDF, pypdf) + Windows OCR of picture pages; both rule sets (check-media.mjs, scan-documents.py)"
1cuWMJIxst7_jrNh_11xx8y4XLQxQXjrY,2026-10-06,"cleared: public line (central office, hotel, venue or event info line)","document archive-newsletters-wmarnews05v2-en · pre-launch scan 2026-10-06: every page (pdftotext, PyMuPDF, pypdf) + Windows OCR of picture pages; both rule sets (check-media.mjs, scan-documents.py)"
1IVey8NqqmTVou_r75G2PgxxJ1NZIhEwL,2026-10-06,"cleared: meeting place, venue, business or map","document archive-newsletters-wmarnews06-en · pre-launch scan 2026-10-06: every page (pdftotext, PyMuPDF, pypdf) + Windows OCR of picture pages; both rule sets (check-media.mjs, scan-documents.py)"
1T4tipiFgApMSnynN8nDxqwv4YRCaCqpo,2026-10-06,"cleared: public line (central office, hotel, venue or event info line)","document archive-newsletters-wmarnews07v2-en · pre-launch scan 2026-10-06: every page (pdftotext, PyMuPDF, pypdf) + Windows OCR of picture pages; both rule sets (check-media.mjs, scan-documents.py)"
11E_9Gs-gtr6VDQpi_Qkn1jPdXeUXaQ6b,2026-10-06,clean,"document archive-newsletters-wnewsaug05-en-redacted · pre-launch scan 2026-10-06: every page (pdftotext, PyMuPDF, pypdf) + Windows OCR of picture pages; both rule sets (check-media.mjs, scan-documents.py) · re-redacted 2026-10-06 (personal phone numbers removed), then read again"
1bKOwIR-IZRii-hiFl8c8s3SzjBusvUmj,2026-10-06,"cleared: sobriety phrase without a member's date (requirement, heading, total, anonymous sharing or length only)","document archive-newsletters-wnewsjun05r-en-redacted · pre-launch scan 2026-10-06: every page (pdftotext, PyMuPDF, pypdf) + Windows OCR of picture pages; both rule sets (check-media.mjs, scan-documents.py)"
1qEyZuTiY3daxU_PVBCMaV42QNIRqKvya,2026-10-06,clean,"document archive-newsletters-wnewssep05r2-en · pre-launch scan 2026-10-06: every page (pdftotext, PyMuPDF, pypdf) + Windows OCR of picture pages; both rule sets (check-media.mjs, scan-documents.py)"
1zoRNPyV-RIU6AXX3lAEXJbzq2SrsCnuC,2026-10-06,"cleared: sobriety phrase without a member's date (requirement, heading, total, anonymous sharing or length only)","document archive-newsletters-woctnwsltr04-en-redacted · pre-launch scan 2026-10-06: every page (pdftotext, PyMuPDF, pypdf) + Windows OCR of picture pages; both rule sets (check-media.mjs, scan-documents.py)"
1ebdcFWDx4XQ7XxO5hOX-kSC91GcAF_U1,2026-10-06,"cleared: meeting place, venue, business or map","document archive-newsletters-wsepnews06-en-redacted · pre-launch scan 2026-10-06: every page (pdftotext, PyMuPDF, pypdf) + Windows OCR of picture pages; both rule sets (check-media.mjs, scan-documents.py)"
1DolXoE49jEB3KfyDxEGNuemQKkWJ5vhK,2026-10-06,"cleared: meeting place, venue, business or map; sobriety phrase without a member's date (requirement, heading, total, anonymous sharing or length only)","document archive-newsletters-wsfebnews05-en · pre-launch scan 2026-10-06: every page (pdftotext, PyMuPDF, pypdf) + Windows OCR of picture pages; both rule sets (check-media.mjs, scan-documents.py)"
1ob5pSElnBjZUxUeVOHx4UdeFQHOz8FZw,2026-10-06,clean,"document archive-newsletters-wsnewsaug05-en-redacted · pre-launch scan 2026-10-06: every page (pdftotext, PyMuPDF, pypdf) + Windows OCR of picture pages; both rule sets (check-media.mjs, scan-documents.py)"
1hj0HDAw50lP9eGtq06_2maz6lk37buKJ,2026-10-06,"cleared: meeting place, venue, business or map; role or event mailbox, or a text-extraction fragment","document archive-newsletters-wsnov05-en · pre-launch scan 2026-10-06: every page (pdftotext, PyMuPDF, pypdf) + Windows OCR of picture pages; both rule sets (check-media.mjs, scan-documents.py)"
13aeRzt80SbDB4PDg15MmO9pMYWsWRsH0,2026-10-06,"cleared: meeting place, venue, business or map; role or event mailbox, or a text-extraction fragment","document archive-newsletters-wssep05-en-redacted · pre-launch scan 2026-10-06: every page (pdftotext, PyMuPDF, pypdf) + Windows OCR of picture pages; both rule sets (check-media.mjs, scan-documents.py)"
1cbR-YHZ5PwLi9pgl87mI7BJaiO36Fis2,2026-10-06,clean,"document archive-pages-2020-01-11-january-10-2020-first-contact · pre-launch scan 2026-10-06: every page (pdftotext, PyMuPDF, pypdf) + Windows OCR of picture pages; both rule sets (check-media.mjs, scan-documents.py)"
1qN_7DhNtiLkL009sxbIj-WCmoPCNRd3t,2026-10-06,clean,"document archive-pages-2020-01-14-january-13-2020-welcome-new-chairs · pre-launch scan 2026-10-06: every page (pdftotext, PyMuPDF, pypdf) + Windows OCR of picture pages; both rule sets (check-media.mjs, scan-documents.py)"
1fQ2GWaE4cmuLh7V8mf18nFgWu8ZBNE4E,2026-10-06,clean,"document archive-pages-2020-01-20-january-19-2020-area-highlights · pre-launch scan 2026-10-06: every page (pdftotext, PyMuPDF, pypdf) + Windows OCR of picture pages; both rule sets (check-media.mjs, scan-documents.py)"
1gh3OJHIvtnQ4b9r7WeSHDcU2teGtbkfw,2026-10-06,"cleared: sobriety phrase without a member's date (requirement, heading, total, anonymous sharing or length only)","document archive-pages-2020-02-26-february-25-2020-updating-the-first-164-pages-pros-and-cons · pre-launch scan 2026-10-06: every page (pdftotext, PyMuPDF, pypdf) + Windows OCR of picture pages; both rule sets (check-media.mjs, scan-documents.py)"
1Wq7R7inU2zy6nEi2WC7zvqdtflct7Qfx,2026-10-06,clean,"document archive-pages-2020-02-28-february-27-2020-intergroup-participation-in-the-general-se · pre-launch scan 2026-10-06: every page (pdftotext, PyMuPDF, pypdf) + Windows OCR of picture pages; both rule sets (check-media.mjs, scan-documents.py)"
1klxxnrukJ0_LUDjFGpWIB-FdvRmRjjiy,2026-10-06,clean,"document archive-pages-2020-03-16-march-15-2020-delegate-s-sharing-session · pre-launch scan 2026-10-06: every page (pdftotext, PyMuPDF, pypdf) + Windows OCR of picture pages; both rule sets (check-media.mjs, scan-documents.py)"
1aBp-sNjC209lqe3_y99gpl6sVWPa5LJq,2026-10-06,clean,"document archive-pages-2020-03-24-march-23-2020-invite-me-to-your-district-meeting · pre-launch scan 2026-10-06: every page (pdftotext, PyMuPDF, pypdf) + Windows OCR of picture pages; both rule sets (check-media.mjs, scan-documents.py)"
19Wci9e3_wfLtzH-4VBEBshHLzEn4-23J,2026-10-06,clean,"document archive-pages-2020-03-30-march-29-2020-delegate-s-report-for-virtual-zoom-board-meet · pre-launch scan 2026-10-06: every page (pdftotext, PyMuPDF, pypdf) + Windows OCR of picture pages; both rule sets (check-media.mjs, scan-documents.py)"
1Zdrbq1iC-DoaWOIZhtCbxXpSumxiyiH8,2026-10-06,clean,"document archive-pages-2020-03-31-march-30-2020-making-the-big-book-more-accessible-while-pre · pre-launch scan 2026-10-06: every page (pdftotext, PyMuPDF, pypdf) + Windows OCR of picture pages; both rule sets (check-media.mjs, scan-documents.py)"
1Pk2BDTvC39bR-GKcpFtGJHUrA6ucPZAz,2026-10-06,"cleared: role or event mailbox, or a text-extraction fragment","document archive-pages-2020-04-08-april-7-2020-the-virtual-delegate · pre-launch scan 2026-10-06: every page (pdftotext, PyMuPDF, pypdf) + Windows OCR of picture pages; both rule sets (check-media.mjs, scan-documents.py)"
1AFMBOOR4C2dLGQlRSpW8ZgKlqu-EhH71,2026-10-06,clean,"document archive-pages-2020-04-13-april-12-2020-virtual-zoom-board-meeting · pre-launch scan 2026-10-06: every page (pdftotext, PyMuPDF, pypdf) + Windows OCR of picture pages; both rule sets (check-media.mjs, scan-documents.py)"
1TNOa-PpVOwcQisJAyd6Oil2FdpBKO2RL,2026-10-06,clean,"document archive-pages-2020-04-27-april-26-2020-praasa-para-so · pre-launch scan 2026-10-06: every page (pdftotext, PyMuPDF, pypdf) + Windows OCR of picture pages; both rule sets (check-media.mjs, scan-documents.py)"
17GQ2yL386ONq3J4xjwtjkC18OLJrEC_U,2026-10-06,clean,"document archive-pages-2020-05-03-may-3-2020-remote-communities · pre-launch scan 2026-10-06: every page (pdftotext, PyMuPDF, pypdf) + Windows OCR of picture pages; both rule sets (check-media.mjs, scan-documents.py)"
10lC8UB-Ejdk2gKgdOirdJoSkPXaJSDXf,2026-10-06,clean,"document archive-pages-2020-05-17-may-17-2020-virtual-area-service-assembly · pre-launch scan 2026-10-06: every page (pdftotext, PyMuPDF, pypdf) + Windows OCR of picture pages; both rule sets (check-media.mjs, scan-documents.py)"
12v1Dlhm7jgn2fdGv5xKPoEXOisIPax5o,2026-10-06,clean,"document archive-pages-2020-06-23-june-23-2020-the-heart-and-soul-of-a-a · pre-launch scan 2026-10-06: every page (pdftotext, PyMuPDF, pypdf) + Windows OCR of picture pages; both rule sets (check-media.mjs, scan-documents.py)"
18JtTA2GQaKOq0ELOua-jFz3g9V_BPiMn,2026-10-06,clean,"document archive-pages-2020-07-19-july-19-2020-virtual-zoom-board-meeting · pre-launch scan 2026-10-06: every page (pdftotext, PyMuPDF, pypdf) + Windows OCR of picture pages; both rule sets (check-media.mjs, scan-documents.py)"
19goQz7X-hwGu_u7wNwNJAX-7lT1CEJcO,2026-10-06,clean,"document archive-pages-2020-07-20-july-20-2020-my-reflections-on-concept-2 · pre-launch scan 2026-10-06: every page (pdftotext, PyMuPDF, pypdf) + Windows OCR of picture pages; both rule sets (check-media.mjs, scan-documents.py)"
1KGMJ9-QmUMz4JUQbvOn6mYHWGyYzso-t,2026-10-06,clean,"document archive-pages-2020-08-09-august-9-2020-virtual-area-service-committee · pre-launch scan 2026-10-06: every page (pdftotext, PyMuPDF, pypdf) + Windows OCR of picture pages; both rule sets (check-media.mjs, scan-documents.py)"
1d1CnBuc4AjsQkYodj9WwcgJJj4-3uubi,2026-10-06,clean,"document archive-pages-2020-09-06-september-6-2020-step-7-serenity-prayer · pre-launch scan 2026-10-06: every page (pdftotext, PyMuPDF, pypdf) + Windows OCR of picture pages; both rule sets (check-media.mjs, scan-documents.py)"
1NAUVFRTCZjXLhjviYhCG-gnw9ENEJhnp,2026-10-06,clean,"document archive-pages-2020-09-14-september-13-2020-virtual-area-service-assembly · pre-launch scan 2026-10-06: every page (pdftotext, PyMuPDF, pypdf) + Windows OCR of picture pages; both rule sets (check-media.mjs, scan-documents.py)"
1TUs6lDigNT6YFTHiN3f3WPTsGzh45iuD,2026-10-06,clean,"document archive-pages-2020-10-12-october-11-2020-delegate-s-sharing-session · pre-launch scan 2026-10-06: every page (pdftotext, PyMuPDF, pypdf) + Windows OCR of picture pages; both rule sets (check-media.mjs, scan-documents.py)"
10jI6mT5CByihw6QYiPYDvUG5Pja368I3,2026-10-06,clean,"document archive-pages-2020-11-23-november-22-2020-zoom-board-meeting-report · pre-launch scan 2026-10-06: every page (pdftotext, PyMuPDF, pypdf) + Windows OCR of picture pages; both rule sets (check-media.mjs, scan-documents.py)"
12Iu-o-NvuzUIDln3U-quOSfDtTjSXMPO,2026-10-06,clean,"document archive-pages-2020-12-14-december-13-2020-delegate-s-sharing-session · pre-launch scan 2026-10-06: every page (pdftotext, PyMuPDF, pypdf) + Windows OCR of picture pages; both rule sets (check-media.mjs, scan-documents.py)"
1dOgaBhqZ5sI6s7wEPa8Ko0g74toSluFN,2026-10-06,clean,"document archive-pages-2021-01-02-january-2-2021-hindsight-s-2020 · pre-launch scan 2026-10-06: every page (pdftotext, PyMuPDF, pypdf) + Windows OCR of picture pages; both rule sets (check-media.mjs, scan-documents.py)"
1gSgFjzrpz56wNsktg99Kl2HIVWZk9-s1,2026-10-06,clean,"document archive-pages-2021-02-14-february-14-2021-delegate-s-sharing-session · pre-launch scan 2026-10-06: every page (pdftotext, PyMuPDF, pypdf) + Windows OCR of picture pages; both rule sets (check-media.mjs, scan-documents.py)"
1D6ijUUytGmvrmfGezc2l9dyh7PmX9BPw,2026-10-06,clean,"document archive-pages-2021-03-14-march-14-2021-virtual-asc-meeting · pre-launch scan 2026-10-06: every page (pdftotext, PyMuPDF, pypdf) + Windows OCR of picture pages; both rule sets (check-media.mjs, scan-documents.py)"
1J_Y5lxpTYcSM9ua9Tun8iq1fAJy9k5OL,2026-10-06,"cleared: sobriety phrase without a member's date (requirement, heading, total, anonymous sharing or length only)","document archive-pages-2021-03-23-march-23-2021-gotta-getta-grapevine · pre-launch scan 2026-10-06: every page (pdftotext, PyMuPDF, pypdf) + Windows OCR of picture pages; both rule sets (check-media.mjs, scan-documents.py)"
1-KSyC6Ako3VlRYYA3b5DQa4uK9AQhxjC,2026-10-06,clean,"document archive-pages-2021-04-12-april-12-2021-delegate-s-share · pre-launch scan 2026-10-06: every page (pdftotext, PyMuPDF, pypdf) + Windows OCR of picture pages; both rule sets (check-media.mjs, scan-documents.py)"
1p5cEw54_-AnYF-_c-Jlq8VNWxwI8yr2h,2026-10-06,clean,"document archive-pages-2021-04-18-april-17-2021-can-the-conference-be-perceived-as-a-remote-c · pre-launch scan 2026-10-06: every page (pdftotext, PyMuPDF, pypdf) + Windows OCR of picture pages; both rule sets (check-media.mjs, scan-documents.py)"
1yIMQwlHl79fb7isFggo4O2DD18lPq-XV,2026-10-06,clean,"document archive-pages-2021-05-16-may-16-2021-delegate-s-sharing-session-april-may-2021-virtu · pre-launch scan 2026-10-06: every page (pdftotext, PyMuPDF, pypdf) + Windows OCR of picture pages; both rule sets (check-media.mjs, scan-documents.py)"
1r_ZdLsy_v-6hKY57bBAlbeyauzjQrgvY,2026-10-06,clean,"document archive-pages-2021-05-31-may-31-2021-electronic-kits-and-workbooks · pre-launch scan 2026-10-06: every page (pdftotext, PyMuPDF, pypdf) + Windows OCR of picture pages; both rule sets (check-media.mjs, scan-documents.py)"
1Z2F-gAZLWNLrp2hHXKDHl54aHEH_eeqe,2026-10-06,clean,"document archive-pages-2021-06-13-june-13-2021-delegate-s-sharing-session-virtual-area-servic · pre-launch scan 2026-10-06: every page (pdftotext, PyMuPDF, pypdf) + Windows OCR of picture pages; both rule sets (check-media.mjs, scan-documents.py) · re-redacted 2026-10-06 (sobriety dates / birthday-list years removed), then read again"
1rSdxN-Os6SECwvtZkcTYTbzNzD2UanLF,2026-10-06,clean,"document archive-pages-2021-06-20-june-19-2021-praasa-diversity-in-2022 · pre-launch scan 2026-10-06: every page (pdftotext, PyMuPDF, pypdf) + Windows OCR of picture pages; both rule sets (check-media.mjs, scan-documents.py)"
1SjbJQGj0ec8sSAsVcYxV2xQg5sceIUJ9,2026-10-06,clean,"document archive-pages-2021-07-31-july-7-2021-lessons-from-la-vi-a · pre-launch scan 2026-10-06: every page (pdftotext, PyMuPDF, pypdf) + Windows OCR of picture pages; both rule sets (check-media.mjs, scan-documents.py)"
1TVKdjuuDSNCSPjyRzVonVE4cXuWsQ1TG,2026-10-06,clean,"document archive-pages-2021-08-08-august-8-2021-delegate-s-sharing-session-virtual-area-servi · pre-launch scan 2026-10-06: every page (pdftotext, PyMuPDF, pypdf) + Windows OCR of picture pages; both rule sets (check-media.mjs, scan-documents.py)"
12BOqjKLvv3y4rPFu0sTysOBZkcCf3PWM,2026-10-06,clean,"document archive-pages-2021-09-12-september-12-2021-delegate-s-sharing-session-area-service-a · pre-launch scan 2026-10-06: every page (pdftotext, PyMuPDF, pypdf) + Windows OCR of picture pages; both rule sets (check-media.mjs, scan-documents.py)"
1Z_xGUz7fv0W1K9FY9fAgVTVHqeo1P8G3,2026-10-06,clean,"document archive-pages-2021-11-07-november-7-2021-delegate-s-sharing-session-hybrid-area-serv · pre-launch scan 2026-10-06: every page (pdftotext, PyMuPDF, pypdf) + Windows OCR of picture pages; both rule sets (check-media.mjs, scan-documents.py)"
1bePW6dNCbzOWY3rV4ufRTTvTqJNdmbwX,2026-10-06,clean,"document archive-pages-2021-12-20-december-19-2021-delegate-s-sharing-session-virtual-area-se · pre-launch scan 2026-10-06: every page (pdftotext, PyMuPDF, pypdf) + Windows OCR of picture pages; both rule sets (check-media.mjs, scan-documents.py)"
1fdPuCfIxwWGT2Zz-LTeXTG1AG_n_tvEI,2026-10-06,clean,"document archive-pages-2022-02-14-february-13-2022-delegate-s-sharing-session-virtual-area-se · pre-launch scan 2026-10-06: every page (pdftotext, PyMuPDF, pypdf) + Windows OCR of picture pages; both rule sets (check-media.mjs, scan-documents.py)"
1j223go_wpNhL6aPN-qyjODNOydf_OPBu,2026-10-06,clean,"document archive-pages-2022-02-19-february-18-2022-area-h-i-report-january-2022 · pre-launch scan 2026-10-06: every page (pdftotext, PyMuPDF, pypdf) + Windows OCR of picture pages; both rule sets (check-media.mjs, scan-documents.py)"
1WYHcRyYnyHySDV-GJoj5rmU71uRj4kFq,2026-10-06,cleared: role mailbox,"document archive-pages-2022-03-13-march-13-2022-delegate-s-sharing-session-area-service-commi · pre-launch scan 2026-10-06: every page (pdftotext, PyMuPDF, pypdf) + Windows OCR of picture pages; both rule sets (check-media.mjs, scan-documents.py)"
12Pmi_Y08KRUlhOHtg_7S2kOLL2MrfN4N,2026-10-06,cleared: role mailbox,"document archive-pages-2022-06-20-june-12-2022-delegate-s-sharing-session-area-service-commit · pre-launch scan 2026-10-06: every page (pdftotext, PyMuPDF, pypdf) + Windows OCR of picture pages; both rule sets (check-media.mjs, scan-documents.py)"
1CEe9khMWG1dwqo7WJ4iMpwXMIq1jPCZq,2026-10-06,cleared: role mailbox,"document archive-pages-2022-08-28-august-13-2022-delegate-s-sharing-session-area-committee-me · pre-launch scan 2026-10-06: every page (pdftotext, PyMuPDF, pypdf) + Windows OCR of picture pages; both rule sets (check-media.mjs, scan-documents.py)"
1MMXcOtlxSKGDjaulcdBFVx37QUksy92c,2026-10-06,cleared: role mailbox,"document archive-pages-2022-09-14-september-11-2022-delegate-s-sharing-session-area-assembly · pre-launch scan 2026-10-06: every page (pdftotext, PyMuPDF, pypdf) + Windows OCR of picture pages; both rule sets (check-media.mjs, scan-documents.py)"
1vUNZJ2erf3257h36tVvYiUqsS_A3UKsZ,2026-10-06,cleared: role mailbox,"document archive-pages-2022-10-16-october-9-2022-delegate-s-sharing-session-area-service-comm · pre-launch scan 2026-10-06: every page (pdftotext, PyMuPDF, pypdf) + Windows OCR of picture pages; both rule sets (check-media.mjs, scan-documents.py)"
179NWWmHa_QCxQRbvJkNgbZxohNhy4TI4,2026-10-06,cleared: role mailbox,"document archive-pages-2022-12-12-december-11-2022-delegate-s-sharing-session-area-service-co · pre-launch scan 2026-10-06: every page (pdftotext, PyMuPDF, pypdf) + Windows OCR of picture pages; both rule sets (check-media.mjs, scan-documents.py)"
1DHseFh96qlf5VJWjwO7G-sgNvGzbKyQB,2026-10-06,cleared: role mailbox,"document archive-pages-2023-03-12-march-12-2023-delegate-s-sharing-session-area-service-commi · pre-launch scan 2026-10-06: every page (pdftotext, PyMuPDF, pypdf) + Windows OCR of picture pages; both rule sets (check-media.mjs, scan-documents.py)"
1Vk95Gby3zv4rxSc3ZWemKGdy5ldGlE5N,2026-10-06,cleared: role mailbox,"document archive-pages-2023-06-21-june-11-2023-delegate-s-sharing-session-area-service-commit · pre-launch scan 2026-10-06: every page (pdftotext, PyMuPDF, pypdf) + Windows OCR of picture pages; both rule sets (check-media.mjs, scan-documents.py)"
1k5Kz5m2V0NE7few78Dm5sUTS2hi_wtMe,2026-10-06,cleared: role mailbox,"document archive-pages-2023-08-19-august-13-2023-delegate-s-sharing-session-asc-los-flores-up · pre-launch scan 2026-10-06: every page (pdftotext, PyMuPDF, pypdf) + Windows OCR of picture pages; both rule sets (check-media.mjs, scan-documents.py)"
1lPMlqOQbhANZPknvmjPmKAZHQp3DildT,2026-10-06,cleared: role mailbox,"document archive-pages-2023-12-11-december-10-2023-delegate-sharing-asc-long-beach-updates-fo · pre-launch scan 2026-10-06: every page (pdftotext, PyMuPDF, pypdf) + Windows OCR of picture pages; both rule sets (check-media.mjs, scan-documents.py)"
1I_oVL6Iyxw0Lt14fSdrDJLQmIkZYpnHc,2026-10-06,clean,"document archive-pages-2024-04-18-a-celebration-of-the-big-book-flash-sale-may-1-july-31-2024 · pre-launch scan 2026-10-06: every page (pdftotext, PyMuPDF, pypdf) + Windows OCR of picture pages; both rule sets (check-media.mjs, scan-documents.py)"
1Ze2PKXeyJoTBUV3gLHjWnmrw4Xfv6Dhm,2026-10-06,clean,"document archive-praasa-2010-eng-page12010-en-redacted · pre-launch scan 2026-10-06: every page (pdftotext, PyMuPDF, pypdf) + Windows OCR of picture pages; both rule sets (check-media.mjs, scan-documents.py)"
15h6uwBJQU8ixDbU2T5BUZBg_XjjuiRgj,2026-10-06,clean,"document archive-praasa-2010-eng-page22010-en · pre-launch scan 2026-10-06: every page (pdftotext, PyMuPDF, pypdf) + Windows OCR of picture pages; both rule sets (check-media.mjs, scan-documents.py)"
15_-yDihd-6Cmau7gJFmiliIGoHuQgQz0,2026-10-06,cleared: role mailbox,"document archive-praasa-2010-reg-eng2010-en-redacted · pre-launch scan 2026-10-06: every page (pdftotext, PyMuPDF, pypdf) + Windows OCR of picture pages; both rule sets (check-media.mjs, scan-documents.py)"
1DyVEwzJue11hd-OGuq0zH1GlDMyNvuY7,2026-10-06,cleared: role mailbox,"document archive-praasa-2010-reg-span2010-en-redacted · pre-launch scan 2026-10-06: every page (pdftotext, PyMuPDF, pypdf) + Windows OCR of picture pages; both rule sets (check-media.mjs, scan-documents.py)"
1oTsqFub-lSjGZYcyNF2rkcd2YajxZE9z,2026-10-06,clean,"document archive-praasa-2010-span-pg-12010-en-redacted · pre-launch scan 2026-10-06: every page (pdftotext, PyMuPDF, pypdf) + Windows OCR of picture pages; both rule sets (check-media.mjs, scan-documents.py)"
1dowIRUvILwbfIIp3D6uL8T18roHR-cyB,2026-10-06,clean,"document archive-praasa-2010-span-pg-22010-en · pre-launch scan 2026-10-06: every page (pdftotext, PyMuPDF, pypdf) + Windows OCR of picture pages; both rule sets (check-media.mjs, scan-documents.py)"
1quNn-0sPcOgJAqqT9x8It7sXiVCnpj2R,2026-10-06,clean,"document archive-praasa-2016-corrections-roundtable-praasa-mar-4-2016-en · pre-launch scan 2026-10-06: every page (pdftotext, PyMuPDF, pypdf) + Windows OCR of picture pages; both rule sets (check-media.mjs, scan-documents.py)"
1bLQ1YA_mRtyvLIbLQPiYbotWcBKo8Wcd,2026-10-06,clean,"document archive-praasa-2016-pi-roundtable-minutes-at-praasa-2016-en · pre-launch scan 2026-10-06: every page (pdftotext, PyMuPDF, pypdf) + Windows OCR of picture pages; both rule sets (check-media.mjs, scan-documents.py)"
1wPscNZngY4AixWXBhnLa2rfM9fkY-XUt,2026-10-06,clean,"document archive-praasa-2016-praasa-corrections-minutes-march-5-2016-en-redacted · pre-launch scan 2026-10-06: every page (pdftotext, PyMuPDF, pypdf) + Windows OCR of picture pages; both rule sets (check-media.mjs, scan-documents.py)"
14SYWeFIHGBth-wJk1u3LinB2-ob5IZrC,2026-10-06,clean,"document archive-praasa-2016-praasa-steps-traditions-concepts-does-our-program-have-meaning-t-en · pre-launch scan 2026-10-06: every page (pdftotext, PyMuPDF, pypdf) + Windows OCR of picture pages; both rule sets (check-media.mjs, scan-documents.py)"
1unsQdwnCYIEUV7_N7wEeNaFM9Iizbvgn,2026-10-06,"cleared: sobriety phrase without a member's date (requirement, heading, total, anonymous sharing or length only)","document archive-praasa-2016-praasaspiritualitymeeting-en · pre-launch scan 2026-10-06: every page (pdftotext, PyMuPDF, pypdf) + Windows OCR of picture pages; both rule sets (check-media.mjs, scan-documents.py)"
1c0bB5nsw4w0nVGSkLo0qiF611dmNV0_w,2026-10-06,clean,"document archive-praasa-2016-treasurerroundtablepraasa2016-en · pre-launch scan 2026-10-06: every page (pdftotext, PyMuPDF, pypdf) + Windows OCR of picture pages; both rule sets (check-media.mjs, scan-documents.py)"
1KVExaJDyFrmDSoEq4vVltCnNi2Kexq4t,2026-10-06,clean,"document archive-praasa-2018-archives-roundtable-en-redacted · pre-launch scan 2026-10-06: every page (pdftotext, PyMuPDF, pypdf) + Windows OCR of picture pages; both rule sets (check-media.mjs, scan-documents.py)"
1-UPLNKXo2nc0p4wQKGSl_Hswr88G23SN,2026-10-06,clean,"document archive-praasa-2018-area-chair-round-table-en · pre-launch scan 2026-10-06: every page (pdftotext, PyMuPDF, pypdf) + Windows OCR of picture pages; both rule sets (check-media.mjs, scan-documents.py)"
1bw91Z-XKLuLvuWOTz-x-uVgdmTvB51GT,2026-10-06,clean,"document archive-praasa-2018-bridging-the-gap-round-table-en · pre-launch scan 2026-10-06: every page (pdftotext, PyMuPDF, pypdf) + Windows OCR of picture pages; both rule sets (check-media.mjs, scan-documents.py)"
1lNvnGeRrcnDbEDtFUEJq4qPX3nzFMdZj,2026-10-06,clean,"document archive-praasa-2018-central-office-inter-group-round-table-notes-en · pre-launch scan 2026-10-06: every page (pdftotext, PyMuPDF, pypdf) + Windows OCR of picture pages; both rule sets (check-media.mjs, scan-documents.py)"
1BDMixqBjEEw7fibyqTWW5id9FCm7edhg,2026-10-06,clean,"document archive-praasa-2018-dcm-round-table-en · pre-launch scan 2026-10-06: every page (pdftotext, PyMuPDF, pypdf) + Windows OCR of picture pages; both rule sets (check-media.mjs, scan-documents.py)"
1nunuweuzgBHWkXAcce8sKFUEzwGX1qjx,2026-10-06,"cleared: sobriety phrase without a member's date (requirement, heading, total, anonymous sharing or length only)","document archive-praasa-2018-grapevine-roundtable-en-redacted · pre-launch scan 2026-10-06: every page (pdftotext, PyMuPDF, pypdf) + Windows OCR of picture pages; both rule sets (check-media.mjs, scan-documents.py)"
1Z5ElSShh9_Zrn50zIDoQIngbiO0F_wIz,2026-10-06,"cleared: sobriety phrase without a member's date (requirement, heading, total, anonymous sharing or length only)","document archive-praasa-2018-gsr-round-table-en · pre-launch scan 2026-10-06: every page (pdftotext, PyMuPDF, pypdf) + Windows OCR of picture pages; both rule sets (check-media.mjs, scan-documents.py)"
1vRxp0Kdch-timh_4CBgdGRa43ijVQOCd,2026-10-06,cleared: General Service Office line,"document archive-praasa-2018-h-i-correections-round-table-en · pre-launch scan 2026-10-06: every page (pdftotext, PyMuPDF, pypdf) + Windows OCR of picture pages; both rule sets (check-media.mjs, scan-documents.py)"
1synJGUCAMtHiIqjoPN4qiw3lXRFxL7Gc,2026-10-06,clean,"document archive-praasa-2018-literature-round-table-en-redacted · pre-launch scan 2026-10-06: every page (pdftotext, PyMuPDF, pypdf) + Windows OCR of picture pages; both rule sets (check-media.mjs, scan-documents.py)"
1VpQ7WpGIUULVNyHM4RwVZW3wNej3Flcw,2026-10-06,"cleared: role mailbox; sobriety phrase without a member's date (requirement, heading, total, anonymous sharing or length only)","document archive-praasa-2018-newsletter-round-table-notes-en · pre-launch scan 2026-10-06: every page (pdftotext, PyMuPDF, pypdf) + Windows OCR of picture pages; both rule sets (check-media.mjs, scan-documents.py)"
1JUDtAwXixZ1ycPs2TlTN_T0g45IinYlj,2026-10-06,clean,"document archive-praasa-2018-public-information-round-table-en-redacted · pre-launch scan 2026-10-06: every page (pdftotext, PyMuPDF, pypdf) + Windows OCR of picture pages; both rule sets (check-media.mjs, scan-documents.py)"
1RcDgFfI4x9l8BW_K9139QaR_FKLOms3U,2026-10-06,clean,"document archive-praasa-2018-registration-committee-round-table-notes-en · pre-launch scan 2026-10-06: every page (pdftotext, PyMuPDF, pypdf) + Windows OCR of picture pages; both rule sets (check-media.mjs, scan-documents.py)"
1PVJztD0DCwlRrD840XdveS5zK5XBRSMm,2026-10-06,clean,"document archive-praasa-2018-remote-communities-round-table-en · pre-launch scan 2026-10-06: every page (pdftotext, PyMuPDF, pypdf) + Windows OCR of picture pages; both rule sets (check-media.mjs, scan-documents.py)"
1vzydH8a4Co0giwfFPZCcXCafExxSFHTH,2026-10-06,clean,"document archive-praasa-2018-senior-topics-round-table-en · pre-launch scan 2026-10-06: every page (pdftotext, PyMuPDF, pypdf) + Windows OCR of picture pages; both rule sets (check-media.mjs, scan-documents.py)"
1tLbEPGEZNwUw_WeQQM9gUQwpmUG8J8ZJ,2026-10-06,"cleared: sobriety phrase without a member's date (requirement, heading, total, anonymous sharing or length only)","document archive-praasa-2018-the-god-word-en · pre-launch scan 2026-10-06: every page (pdftotext, PyMuPDF, pypdf) + Windows OCR of picture pages; both rule sets (check-media.mjs, scan-documents.py)"
17ywpBkh13u-scxQUTgcw2y07uabtYfqY,2026-10-06,clean,"document archive-praasa-2018-treasurer-round-table-march-2-2018-en · pre-launch scan 2026-10-06: every page (pdftotext, PyMuPDF, pypdf) + Windows OCR of picture pages; both rule sets (check-media.mjs, scan-documents.py)"
193QNxkLAIGYDqCOG1_vZWyHIG0ZVJtmY,2026-10-06,clean,"document archive-praasa-2018-treatment-and-accessibilities-committee-notes-en-redacted · pre-launch scan 2026-10-06: every page (pdftotext, PyMuPDF, pypdf) + Windows OCR of picture pages; both rule sets (check-media.mjs, scan-documents.py)"
1El395pk7ZgweKDS-XgFVp_TllaXV_60H,2026-10-06,clean,"document archive-praasa-2018-young-people-round-table-en · pre-launch scan 2026-10-06: every page (pdftotext, PyMuPDF, pypdf) + Windows OCR of picture pages; both rule sets (check-media.mjs, scan-documents.py)"
1_ZbjY2g3EPridTBUl_LXd-6zMMNc-von,2026-10-06,cleared: role mailbox,"document archive-praasa-2021-praasa-2023-logo-contest-en · pre-launch scan 2026-10-06: every page (pdftotext, PyMuPDF, pypdf) + Windows OCR of picture pages; both rule sets (check-media.mjs, scan-documents.py)"
1-dYUEED0i9n7Yuer3itpVlNpcsYIlWPv,2026-10-06,cleared: role mailbox,"document archive-praasa-2021-praasa-2023-logo-contest-es · pre-launch scan 2026-10-06: every page (pdftotext, PyMuPDF, pypdf) + Windows OCR of picture pages; both rule sets (check-media.mjs, scan-documents.py)"
1L8IvEt_hNyGEl63_9PSFaBRwr0DHdx_J,2026-10-06,clean,"document archive-praasa-2021-praasa-save-the-date-2021-en-es · pre-launch scan 2026-10-06: every page (pdftotext, PyMuPDF, pypdf) + Windows OCR of picture pages; both rule sets (check-media.mjs, scan-documents.py)"
1XfZM7_lyIVDpex5LIBrzsW0LyR05jlUM,2026-10-06,clean,"document archive-praasa-2023-praasa-2023-los-angeles-save-the-date-en · pre-launch scan 2026-10-06: every page (pdftotext, PyMuPDF, pypdf) + Windows OCR of picture pages; both rule sets (check-media.mjs, scan-documents.py)"
1Hyt4i3UoSwhIqNpswfFm3ljLt7qDS9Ef,2026-10-06,clean,"document archive-praasa-2023-praasa-2023-los-angeles-save-the-date-es · pre-launch scan 2026-10-06: every page (pdftotext, PyMuPDF, pypdf) + Windows OCR of picture pages; both rule sets (check-media.mjs, scan-documents.py)"
1gNqAWVc8D-zGG5no0vqDLiN0nSDIfmzL,2026-10-06,clean,"document archive-praasa-2024-praasa-2024-panel-presentation-by-the-area-09-delegate-en · pre-launch scan 2026-10-06: every page (pdftotext, PyMuPDF, pypdf) + Windows OCR of picture pages; both rule sets (check-media.mjs, scan-documents.py)"
1trMPQQP9BlzK6twJmNhu3QZQ54FmPvTW,2026-10-06,clean,"document archive-praasa-2024-praasa-2024-san-francisco-flyer-en · pre-launch scan 2026-10-06: every page (pdftotext, PyMuPDF, pypdf) + Windows OCR of picture pages; both rule sets (check-media.mjs, scan-documents.py)"
1ZdTVxjQWRtLlRAzkLt8C3AWY9Fa_emq2,2026-10-06,"cleared: public line (central office, hotel, venue or event info line); role mailbox","document archive-praasa-praasa09-flyer-24jan09-en-redacted · pre-launch scan 2026-10-06: every page (pdftotext, PyMuPDF, pypdf) + Windows OCR of picture pages; both rule sets (check-media.mjs, scan-documents.py)"
1qgoHw6EY__SSMs-FQ1MEet9_itcPftqT,2026-10-06,cleared: role mailbox,"document archive-praasa-spraasa09flyers-en-redacted · pre-launch scan 2026-10-06: every page (pdftotext, PyMuPDF, pypdf) + Windows OCR of picture pages; both rule sets (check-media.mjs, scan-documents.py)"
1QxmYs0F3bFkd0MV1-qfMKvtqnWlrWJVC,2026-10-06,clean,"document archive-reports-2009-july-2009-board-report2009spanish-es-redacted · pre-launch scan 2026-10-06: every page (pdftotext, PyMuPDF, pypdf) + Windows OCR of picture pages; both rule sets (check-media.mjs, scan-documents.py)"
1FVy4KJacjbQQIaF_Op9jdMIK-eq0DlmY,2026-10-06,"cleared: General Service Office line; role or event mailbox, or a text-extraction fragment","document archive-reports-2010-2010pcrffinalreport-eng-en · pre-launch scan 2026-10-06: every page (pdftotext, PyMuPDF, pypdf) + Windows OCR of picture pages; both rule sets (check-media.mjs, scan-documents.py)"
1tiFlTIO3zQ7MNWmrke0ykYHw9d3PLIut,2026-10-06,clean,"document archive-reports-2010-d7-minutes-dec-2010-en · pre-launch scan 2026-10-06: every page (pdftotext, PyMuPDF, pypdf) + Windows OCR of picture pages; both rule sets (check-media.mjs, scan-documents.py)"
193NAYPWzKuras8f-3zoxd83R9RcydTyo,2026-10-06,"cleared: General Service Office line; sobriety phrase without a member's date (requirement, heading, total, anonymous sharing or length only)","document archive-reports-2012-2012-pcrf-final-report-eng-en · pre-launch scan 2026-10-06: every page (pdftotext, PyMuPDF, pypdf) + Windows OCR of picture pages; both rule sets (check-media.mjs, scan-documents.py)"
1_-jYcxnO7oGidcGivdqgnEYRC08Sh2Zg,2026-10-06,clean,"document archive-reports-2013-2013-03-15-aaws-highlights-en · pre-launch scan 2026-10-06: every page (pdftotext, PyMuPDF, pypdf) + Windows OCR of picture pages; both rule sets (check-media.mjs, scan-documents.py)"
11hLlLPteebvClQG9BE6pqiLQK5BoSJrk,2026-10-06,clean,"document archive-reports-2013-aa-praasa-2013-sketch-v1-en · pre-launch scan 2026-10-06: every page (pdftotext, PyMuPDF, pypdf) + Windows OCR of picture pages; both rule sets (check-media.mjs, scan-documents.py)"
18gqgLaDFrgcTglrHUg6Dn1eNwHhF0AxY,2026-10-06,clean,"document archive-reports-2018-aaws-highlights-september-2018-spanish-es · pre-launch scan 2026-10-06: every page (pdftotext, PyMuPDF, pypdf) + Windows OCR of picture pages; both rule sets (check-media.mjs, scan-documents.py)"
1HtYJ2_D0bFZNXUCWfwAKvA-vhJLXEl9K,2026-10-06,clean,"document archive-reports-2019-2019-inventory-resultsenglish-en · pre-launch scan 2026-10-06: every page (pdftotext, PyMuPDF, pypdf) + Windows OCR of picture pages; both rule sets (check-media.mjs, scan-documents.py)"
1MgEAkUMT74jqsszNCAX3WocZRdMKKvL3,2026-10-06,clean,"document archive-reports-2019-gsc-69th-blank-casting-ballots-pre-conference-workshops-english-en · pre-launch scan 2026-10-06: every page (pdftotext, PyMuPDF, pypdf) + Windows OCR of picture pages; both rule sets (check-media.mjs, scan-documents.py)"
1oB5RShf_Qb2YyovqnyK0ka_gNeC7CJQu,2026-10-06,clean,"document archive-reports-2019-gsc-69th-final-summary-tables-english-2019-en · pre-launch scan 2026-10-06: every page (pdftotext, PyMuPDF, pypdf) + Windows OCR of picture pages; both rule sets (check-media.mjs, scan-documents.py)"
1IHPLahmvz4lqHWIeScyAnf41AHn5yROV,2026-10-06,clean,"document archive-reports-2019-servathon-roundtable-summaries-2019-11-16-en · pre-launch scan 2026-10-06: every page (pdftotext, PyMuPDF, pypdf) + Windows OCR of picture pages; both rule sets (check-media.mjs, scan-documents.py)"
1ZPa8yYJlvhwZI_1AnNPsHQHR3wirmPk8,2026-10-06,clean,"document archive-reports-2019-summary-ballot-2019-pre-conference-workshops-2019-05-05-en · pre-launch scan 2026-10-06: every page (pdftotext, PyMuPDF, pypdf) + Windows OCR of picture pages; both rule sets (check-media.mjs, scan-documents.py)"
1F3I-C5VqSZ-OArVNhSC-elzCHIm0XCsw,2026-10-06,clean,"document archive-reports-2020-10-11-2020-area09-cpccommitteereport-en-redacted · pre-launch scan 2026-10-06: every page (pdftotext, PyMuPDF, pypdf) + Windows OCR of picture pages; both rule sets (check-media.mjs, scan-documents.py)"
1nmZ_UOfktBKZpwa6wvXiaif4VsSmg0-U,2026-10-06,clean,"document archive-reports-2020-202009-sept-accessibilities-areameetingminutes-en · pre-launch scan 2026-10-06: every page (pdftotext, PyMuPDF, pypdf) + Windows OCR of picture pages; both rule sets (check-media.mjs, scan-documents.py)"
1O476bylRh3y8SgrxhTUI62OsdtUjjx38,2026-10-06,clean,"document archive-reports-2020-202009-sept-cpc-report-area09-9-13-2020-en-redacted · pre-launch scan 2026-10-06: every page (pdftotext, PyMuPDF, pypdf) + Windows OCR of picture pages; both rule sets (check-media.mjs, scan-documents.py)"
1KZMWG3JA3OxgU7Sgx8M1Szr63Hta3sgi,2026-10-06,clean,"document archive-reports-2020-202009-sept-dcm-school-meeting-minutes-en · pre-launch scan 2026-10-06: every page (pdftotext, PyMuPDF, pypdf) + Windows OCR of picture pages; both rule sets (check-media.mjs, scan-documents.py)"
1MljptZCYu5jNxolIMKbOfldPtE23WMw4,2026-10-06,clean,"document archive-reports-2020-202009-sept-literature-minutes-of-the-msca-09-literature-committ-en · pre-launch scan 2026-10-06: every page (pdftotext, PyMuPDF, pypdf) + Windows OCR of picture pages; both rule sets (check-media.mjs, scan-documents.py)"
1NMcbPyW5-YKqIouJEG16YX82oV4EwCQZ,2026-10-06,clean,"document archive-reports-2020-202009-sept-remotecommunities-ad-hoc-committeereport-en · pre-launch scan 2026-10-06: every page (pdftotext, PyMuPDF, pypdf) + Windows OCR of picture pages; both rule sets (check-media.mjs, scan-documents.py)"
1S9h8eLQMbxRUaIerUiTNuJMgBpyWn14I,2026-10-06,clean,"document archive-reports-2020-202010-district12-october-area-report-docx-en-redacted · pre-launch scan 2026-10-06: every page (pdftotext, PyMuPDF, pypdf) + Windows OCR of picture pages; both rule sets (check-media.mjs, scan-documents.py)"
1K5siuq3_N0NeiPCO0KkEVJpA7xoUHeju,2026-10-06,clean,"document archive-reports-2020-202010-district4-report-docx-en · pre-launch scan 2026-10-06: every page (pdftotext, PyMuPDF, pypdf) + Windows OCR of picture pages; both rule sets (check-media.mjs, scan-documents.py)"
1YWP0mQQOZNGCmWpTo6vDZmTwI9K5uszG,2026-10-06,clean,"document archive-reports-2020-202010-district6-dcmcrpt-en · pre-launch scan 2026-10-06: every page (pdftotext, PyMuPDF, pypdf) + Windows OCR of picture pages; both rule sets (check-media.mjs, scan-documents.py)"
1Sbbj553gH8HZGaN_QzvxWIQ8DOqXnGjX,2026-10-06,clean,"document archive-reports-2020-202010-gsrschoolreport-en · pre-launch scan 2026-10-06: every page (pdftotext, PyMuPDF, pypdf) + Windows OCR of picture pages; both rule sets (check-media.mjs, scan-documents.py)"
1jxTp1XvTDmAndnKRmJ8BVtf3uDAWTITf,2026-10-06,clean,"document archive-reports-2020-202010-handi-committeereport-en · pre-launch scan 2026-10-06: every page (pdftotext, PyMuPDF, pypdf) + Windows OCR of picture pages; both rule sets (check-media.mjs, scan-documents.py)"
1W22blz1AUbJ_lDYm8E8pqCqw67MtPD9q,2026-10-06,clean,"document archive-reports-2021-202012-areastandingcommitteereport-cec-en · pre-launch scan 2026-10-06: every page (pdftotext, PyMuPDF, pypdf) + Windows OCR of picture pages; both rule sets (check-media.mjs, scan-documents.py)"
1jEihrc95TmJqwRgi3l_d5VyV0lLRsJuf,2026-10-06,clean,"document archive-reports-2021-202012-areastandingcommitteereport-dcm-school-en · pre-launch scan 2026-10-06: every page (pdftotext, PyMuPDF, pypdf) + Windows OCR of picture pages; both rule sets (check-media.mjs, scan-documents.py)"
1l3og50cYLd0AOEilHfrb2H0IXCuU3_OU,2026-10-06,clean,"document archive-reports-2021-202012-conventionliasionreport-english-en · pre-launch scan 2026-10-06: every page (pdftotext, PyMuPDF, pypdf) + Windows OCR of picture pages; both rule sets (check-media.mjs, scan-documents.py)"
1R4XxrVNSRhXakSrIijDjA6rRlat2Kav6,2026-10-06,clean,"document archive-reports-2021-202012-decemberdistrictreport-combineddistricts-1and3-docx-googl-en-redacted · pre-launch scan 2026-10-06: every page (pdftotext, PyMuPDF, pypdf) + Windows OCR of picture pages; both rule sets (check-media.mjs, scan-documents.py)"
1ZuBhT-m9zW-C-s_WsvglSW6secY2SLLx,2026-10-06,clean,"document archive-reports-2021-202012-decemberreport-district12-en-redacted · pre-launch scan 2026-10-06: every page (pdftotext, PyMuPDF, pypdf) + Windows OCR of picture pages; both rule sets (check-media.mjs, scan-documents.py)"
1aAoD-GQQmZLI09axAU-Jr4p_hC7zTOmK,2026-10-06,clean,"document archive-reports-2021-202012-decemberreport-districto24-en · pre-launch scan 2026-10-06: every page (pdftotext, PyMuPDF, pypdf) + Windows OCR of picture pages; both rule sets (check-media.mjs, scan-documents.py)"
1VnVMMiue1Gdw7w9ochglfbPgQ96qwcgV,2026-10-06,clean,"document archive-reports-2021-2021-april-report-13-en · pre-launch scan 2026-10-06: every page (pdftotext, PyMuPDF, pypdf) + Windows OCR of picture pages; both rule sets (check-media.mjs, scan-documents.py)"
19KvqdnN5aqa09NWrqqs725M3AdpjYCMU,2026-10-06,cleared: Zoom meeting ID or dial-in number,"document archive-reports-2021-2021-feb-report-13-en-redacted · pre-launch scan 2026-10-06: every page (pdftotext, PyMuPDF, pypdf) + Windows OCR of picture pages; both rule sets (check-media.mjs, scan-documents.py)"
1R35yapWu1ytG6qigE362ZLLOpxUgSj__,2026-10-06,clean,"document archive-reports-2021-2021-jan-report-d-13-en-redacted · pre-launch scan 2026-10-06: every page (pdftotext, PyMuPDF, pypdf) + Windows OCR of picture pages; both rule sets (check-media.mjs, scan-documents.py)"
1xYS4tgUjZ28VkcvikhvdUJxZj9iU_nkY,2026-10-06,clean,"document archive-reports-2021-2021-march-report-13-1-en · pre-launch scan 2026-10-06: every page (pdftotext, PyMuPDF, pypdf) + Windows OCR of picture pages; both rule sets (check-media.mjs, scan-documents.py)"
1Hlcmr6Qef3rYvdSEN6HJJA7TkHH0XUF3,2026-10-06,clean,"document archive-reports-2021-2021-may-report-13-en · pre-launch scan 2026-10-06: every page (pdftotext, PyMuPDF, pypdf) + Windows OCR of picture pages; both rule sets (check-media.mjs, scan-documents.py)"
1ULah9s7oINqGpH7aVOVL3EjhcLBUh-FP,2026-10-06,clean,"document archive-reports-2021-august21-area-report-en-redacted · pre-launch scan 2026-10-06: every page (pdftotext, PyMuPDF, pypdf) + Windows OCR of picture pages; both rule sets (check-media.mjs, scan-documents.py)"
1hZWjxcHY2nReBty-YcWcVs-5OwrpSFjA,2026-10-06,clean,"document archive-reports-2021-d12-april21-area-report-en-redacted · pre-launch scan 2026-10-06: every page (pdftotext, PyMuPDF, pypdf) + Windows OCR of picture pages; both rule sets (check-media.mjs, scan-documents.py)"
1wAlFBObp3kPe5ai-6Js8swm7BDLvSbHv,2026-10-06,clean,"document archive-reports-2021-d12-january21-area-report-en-redacted · pre-launch scan 2026-10-06: every page (pdftotext, PyMuPDF, pypdf) + Windows OCR of picture pages; both rule sets (check-media.mjs, scan-documents.py)"
1fRy65LhqY_A0UWfmve7XRDasWaZ5dgsl,2026-10-06,clean,"document archive-reports-2021-d12-july21-area-report-en-redacted · pre-launch scan 2026-10-06: every page (pdftotext, PyMuPDF, pypdf) + Windows OCR of picture pages; both rule sets (check-media.mjs, scan-documents.py)"
1UiD9yAh5Gy3ZR8peDHJ-K3w1GjDapFn9,2026-10-06,clean,"document archive-reports-2021-d12-june21-area-report-en-redacted · pre-launch scan 2026-10-06: every page (pdftotext, PyMuPDF, pypdf) + Windows OCR of picture pages; both rule sets (check-media.mjs, scan-documents.py)"
1hmA8ETAgU3t3O6SduYlg8-SLYG8YVX_x,2026-10-06,clean,"document archive-reports-2021-d12-march21-area-report-en-redacted · pre-launch scan 2026-10-06: every page (pdftotext, PyMuPDF, pypdf) + Windows OCR of picture pages; both rule sets (check-media.mjs, scan-documents.py)"
1dugw-zby1QUelxT9PU6H-PX0EL4VYoZ0,2026-10-06,clean,"document archive-reports-2021-d12-may21-area-report-en-redacted · pre-launch scan 2026-10-06: every page (pdftotext, PyMuPDF, pypdf) + Windows OCR of picture pages; both rule sets (check-media.mjs, scan-documents.py)"
1F-e7Q5LpQPPQWX7Zepbeg4HZaseNHGcL,2026-10-06,clean,"document archive-reports-2021-d12-november-area-report-2020-en-redacted · pre-launch scan 2026-10-06: every page (pdftotext, PyMuPDF, pypdf) + Windows OCR of picture pages; both rule sets (check-media.mjs, scan-documents.py)"
1FA3uuLnFqOw5swJVhlOtT-qofpt6KF2t,2026-10-06,clean,"document archive-reports-2021-d19-report-to-area09-13jun21-en · pre-launch scan 2026-10-06: every page (pdftotext, PyMuPDF, pypdf) + Windows OCR of picture pages; both rule sets (check-media.mjs, scan-documents.py)"
12EV5x8HVYoK_Z-RSSkfXe8NeXQKrqCM8,2026-10-06,"cleared: role or event mailbox, or a text-extraction fragment","document archive-reports-2021-dcmc-report-june-2021-en · pre-launch scan 2026-10-06: every page (pdftotext, PyMuPDF, pypdf) + Windows OCR of picture pages; both rule sets (check-media.mjs, scan-documents.py)"
14uLM3eTDLfH_XXrbfuwgAB_1ZLp4T_aa,2026-10-06,clean,"document archive-reports-2021-district-24-report-en · pre-launch scan 2026-10-06: every page (pdftotext, PyMuPDF, pypdf) + Windows OCR of picture pages; both rule sets (check-media.mjs, scan-documents.py)"
1tMDvTR0v_mfz1kA82Ys0eVJ24mDln91G,2026-10-06,clean,"document archive-reports-2021-district-report-april-2021-en · pre-launch scan 2026-10-06: every page (pdftotext, PyMuPDF, pypdf) + Windows OCR of picture pages; both rule sets (check-media.mjs, scan-documents.py)"
1cFpZOE3XdUnfeXawQoe3tR-CsmCHAJ5U,2026-10-06,"cleared: role or event mailbox, or a text-extraction fragment","document archive-reports-2021-district-report-july-2021-en · pre-launch scan 2026-10-06: every page (pdftotext, PyMuPDF, pypdf) + Windows OCR of picture pages; both rule sets (check-media.mjs, scan-documents.py)"
1HvsXFLFy71URlP9xmjc3Lqq_4jx9UUxd,2026-10-06,"cleared: role or event mailbox, or a text-extraction fragment","document archive-reports-2021-district-report-march-2021-en · pre-launch scan 2026-10-06: every page (pdftotext, PyMuPDF, pypdf) + Windows OCR of picture pages; both rule sets (check-media.mjs, scan-documents.py)"
1KLH7ywiUQ_g-SU8zke2jld7wdAnsknza,2026-10-06,clean,"document archive-reports-2021-district-report-may-2021-1-en · pre-launch scan 2026-10-06: every page (pdftotext, PyMuPDF, pypdf) + Windows OCR of picture pages; both rule sets (check-media.mjs, scan-documents.py)"
1uSsvUygHw2Z1-c4fRfrNdK3jk5JaA4P_,2026-10-06,"cleared: role or event mailbox, or a text-extraction fragment","document archive-reports-2021-district-report-may-2021-en · pre-launch scan 2026-10-06: every page (pdftotext, PyMuPDF, pypdf) + Windows OCR of picture pages; both rule sets (check-media.mjs, scan-documents.py)"
1KMxoY0-rVrABikglznMjwmUnbjMqzvsf,2026-10-06,clean,"document archive-reports-2021-feb-report-en · pre-launch scan 2026-10-06: every page (pdftotext, PyMuPDF, pypdf) + Windows OCR of picture pages; both rule sets (check-media.mjs, scan-documents.py)"
1VL7ClTzFzLLJ-XGkJGIhDy4Oy0Q_p87n,2026-10-06,clean,"document archive-reports-2021-february21-area-report-en-redacted · pre-launch scan 2026-10-06: every page (pdftotext, PyMuPDF, pypdf) + Windows OCR of picture pages; both rule sets (check-media.mjs, scan-documents.py)"
168gbrLa8MBHTgnG89m9m-34xGlkdDRYH,2026-10-06,clean,"document archive-reports-2021-gsr-school-committee-report-august-8th-2021-en · pre-launch scan 2026-10-06: every page (pdftotext, PyMuPDF, pypdf) + Windows OCR of picture pages; both rule sets (check-media.mjs, scan-documents.py)"
1D-bwndqal9F7xXGgXTGJWZ2KbS9tP2Cm,2026-10-06,clean,"document archive-reports-2021-gsr-school-meeting-report-02-14-2021-en · pre-launch scan 2026-10-06: every page (pdftotext, PyMuPDF, pypdf) + Windows OCR of picture pages; both rule sets (check-media.mjs, scan-documents.py)"
1HUCgGwoJ3bmDdS1ZuePG0GgWkQVfxESS,2026-10-06,clean,"document archive-reports-2021-jan-report-en · pre-launch scan 2026-10-06: every page (pdftotext, PyMuPDF, pypdf) + Windows OCR of picture pages; both rule sets (check-media.mjs, scan-documents.py)"
1_RiYAktuXlEZQoVVd5dWLFS-3sx43HXW,2026-10-06,clean,"document archive-reports-2021-nov-combined-districts-1-and-3-report-docx-en-redacted · pre-launch scan 2026-10-06: every page (pdftotext, PyMuPDF, pypdf) + Windows OCR of picture pages; both rule sets (check-media.mjs, scan-documents.py)"
1Foz-VsE5B8O_h0N40dES5irXh2ljYz-r,2026-10-06,clean,"document archive-reports-2021-november-2020-district-8-report-docx-en · pre-launch scan 2026-10-06: every page (pdftotext, PyMuPDF, pypdf) + Windows OCR of picture pages; both rule sets (check-media.mjs, scan-documents.py)"
17lycvGrCblAgM9iwHdoER7SaAHRN0pGs,2026-10-06,clean,"document archive-reports-2021-october-2020-district-8-report-docx-en · pre-launch scan 2026-10-06: every page (pdftotext, PyMuPDF, pypdf) + Windows OCR of picture pages; both rule sets (check-media.mjs, scan-documents.py)"
1Uy0gYdyUHGGnQRWNZgbKEP2R5whbIfGO,2026-10-06,clean,"document archive-reports-69th-gsc-proposed-agenda-items-en-en · pre-launch scan 2026-10-06: every page (pdftotext, PyMuPDF, pypdf) + Windows OCR of picture pages; both rule sets (check-media.mjs, scan-documents.py)"
1qPnZ1QFMrvx1R0q-JzhZjGdhu6hBCocw,2026-10-06,clean,"document archive-reports-69th-gsc-proposed-agenda-items-sp-es · pre-launch scan 2026-10-06: every page (pdftotext, PyMuPDF, pypdf) + Windows OCR of picture pages; both rule sets (check-media.mjs, scan-documents.py)"
1NCs--J13OMMVSYvzKUZMiAKC1spPfRb5,2026-10-06,cleared: role mailbox,"document archive-reports-aa-praasa-technologyasservice-notes-en · pre-launch scan 2026-10-06: every page (pdftotext, PyMuPDF, pypdf) + Windows OCR of picture pages; both rule sets (check-media.mjs, scan-documents.py)"
13HK9BYLoJxCYQFkoBCg7-g03Y2T_yXrw,2026-10-06,clean,"document archive-reports-comrpt-en · pre-launch scan 2026-10-06: every page (pdftotext, PyMuPDF, pypdf) + Windows OCR of picture pages; both rule sets (check-media.mjs, scan-documents.py)"
1P0iJOMeav15vwG7ngA0ZAk-bpjWZzgIn,2026-10-06,clean,"document archive-reports-dcmcrpt-en · pre-launch scan 2026-10-06: every page (pdftotext, PyMuPDF, pypdf) + Windows OCR of picture pages; both rule sets (check-media.mjs, scan-documents.py)"
1KOdQdD_nl1kpxoQTn8NL800WF8Bf23Hf,2026-10-06,"cleared: sobriety phrase without a member's date (requirement, heading, total, anonymous sharing or length only)","document archive-reports-gs-bjan-06-en · pre-launch scan 2026-10-06: every page (pdftotext, PyMuPDF, pypdf) + Windows OCR of picture pages; both rule sets (check-media.mjs, scan-documents.py)"
1pG4DMZqGqA7oXEqTl4VoVDwivdxb4FPV,2026-10-06,clean,"document archive-reports-jan-board-report-07-en · pre-launch scan 2026-10-06: every page (pdftotext, PyMuPDF, pypdf) + Windows OCR of picture pages; both rule sets (check-media.mjs, scan-documents.py)"
1J2iGzKaf8BLMf5ZzUrjnutA3pwcoHE1y,2026-10-06,clean,"document archive-reports-nov-08-board-report-s-1-en · pre-launch scan 2026-10-06: every page (pdftotext, PyMuPDF, pypdf) + Windows OCR of picture pages; both rule sets (check-media.mjs, scan-documents.py)"
1YBSNWzzvi3CwIItRuQy9-onPGf7O9kgT,2026-10-06,clean,"document archive-reports-nov-08-board-report1-en · pre-launch scan 2026-10-06: every page (pdftotext, PyMuPDF, pypdf) + Windows OCR of picture pages; both rule sets (check-media.mjs, scan-documents.py)"
1VlmDMx4xLeMqhh7M5-Zudd06yzelqOKe,2026-10-06,clean,"document archive-reports-october-district-1-and-3-report-en-redacted · pre-launch scan 2026-10-06: every page (pdftotext, PyMuPDF, pypdf) + Windows OCR of picture pages; both rule sets (check-media.mjs, scan-documents.py)"
10SLzfVAuKp-e_gY_eAvW3yUncK6R4hMK,2026-10-06,"cleared: not a phone number (figures in a table, receipt or ID number)","document archive-reports-regional-forums-to-date-list-en · pre-launch scan 2026-10-06: every page (pdftotext, PyMuPDF, pypdf) + Windows OCR of picture pages; both rule sets (check-media.mjs, scan-documents.py)"
1Z56CTpWn8WXQdgvshI8F1zbB8BO8hXPz,2026-10-06,clean,"document archive-reports-s-g-s-o-quarterly-report-s-7-08-en · pre-launch scan 2026-10-06: every page (pdftotext, PyMuPDF, pypdf) + Windows OCR of picture pages; both rule sets (check-media.mjs, scan-documents.py)"
1vzJ4VJkzcfyo-R0Bn6dNnyqmnGLH4WZ9,2026-10-06,"cleared: sobriety phrase without a member's date (requirement, heading, total, anonymous sharing or length only)","document archive-reports-s-gs-orpt-2-en · pre-launch scan 2026-10-06: every page (pdftotext, PyMuPDF, pypdf) + Windows OCR of picture pages; both rule sets (check-media.mjs, scan-documents.py)"
1NElfF-MIMV8V8aXIlQfuSii416Svk28w,2026-10-06,"cleared: sobriety phrase without a member's date (requirement, heading, total, anonymous sharing or length only)","document archive-reports-s-gsb-report-nov-04-en-redacted · pre-launch scan 2026-10-06: every page (pdftotext, PyMuPDF, pypdf) + Windows OCR of picture pages; both rule sets (check-media.mjs, scan-documents.py)"
16g5_tuYz3PRwC3_5UzIF4tyhMWwr6jBn,2026-10-06,clean,"document archive-reports-safetyand-aa-en · pre-launch scan 2026-10-06: every page (pdftotext, PyMuPDF, pypdf) + Windows OCR of picture pages; both rule sets (check-media.mjs, scan-documents.py)"
1cYLDJxe3qSf-B7WKzFTGwd-2ey6ZTmvv,2026-10-06,clean,"document archive-reports-scomrpt-en · pre-launch scan 2026-10-06: every page (pdftotext, PyMuPDF, pypdf) + Windows OCR of picture pages; both rule sets (check-media.mjs, scan-documents.py)"
1Xi-gVmT2WaZo4LRkBfccmocSg-DfmRdI,2026-10-06,clean,"document archive-reports-sdcmrpt-en · pre-launch scan 2026-10-06: every page (pdftotext, PyMuPDF, pypdf) + Windows OCR of picture pages; both rule sets (check-media.mjs, scan-documents.py)"
11PmmLBfhBpwfM4gERpttK1TjWm2m-ga0,2026-10-06,"cleared: sobriety phrase without a member's date (requirement, heading, total, anonymous sharing or length only)","document archive-reports-w-gs-board-report-nov-04-r-en · pre-launch scan 2026-10-06: every page (pdftotext, PyMuPDF, pypdf) + Windows OCR of picture pages; both rule sets (check-media.mjs, scan-documents.py)"
1MSADlIhxu1CFM19Jkp86aFK43s1icbPA,2026-10-06,"cleared: role mailbox; role or event mailbox, or a text-extraction fragment","document archive-service-2021-cooperation-with-the-elder-community-presentation-2021-12-en · pre-launch scan 2026-10-06: every page (pdftotext, PyMuPDF, pypdf) + Windows OCR of picture pages; both rule sets (check-media.mjs, scan-documents.py)"
1ecYalhqg_keGC-hDj6twP5StIQkB-6Q0,2026-10-06,clean,"document archive-service-2021-four-area-dcm-sharing-session-areas-05-08-09-93-july-31-2021-en · pre-launch scan 2026-10-06: every page (pdftotext, PyMuPDF, pypdf) + Windows OCR of picture pages; both rule sets (check-media.mjs, scan-documents.py)"
1guwQ7vZAKqnVDEdmkFLP5tlND2ba4MRV,2026-10-06,clean,"document archive-service-2021-four-area-dcm-sharing-session-areas-05-08-09-93-july-31-2021-es · pre-launch scan 2026-10-06: every page (pdftotext, PyMuPDF, pypdf) + Windows OCR of picture pages; both rule sets (check-media.mjs, scan-documents.py)"
16diyUkAXlCfwQr5n6Anl4xNBWlH4FrEK,2026-10-06,clean,"document archive-service-2021-what-is-a-foro-quick-reference-2021-foro-table-1-en-es · pre-launch scan 2026-10-06: every page (pdftotext, PyMuPDF, pypdf) + Windows OCR of picture pages; both rule sets (check-media.mjs, scan-documents.py)"
1FJsYMNsg9eWvSTUAZ0KLLFQD9OFjplZv,2026-10-06,cleared: role mailbox,"document archive-service-2022-committee-chair-orientation-panel-72-2022-03-en-redacted · pre-launch scan 2026-10-06: every page (pdftotext, PyMuPDF, pypdf) + Windows OCR of picture pages; both rule sets (check-media.mjs, scan-documents.py)"
1VgIPUunzgtsLEfjcZDHRmgEN5fTNue1u,2026-10-06,"cleared: role or event mailbox, or a text-extraction fragment","document archive-service-2022-d8-and-11-gsr-school-flyer-en-redacted · pre-launch scan 2026-10-06: every page (pdftotext, PyMuPDF, pypdf) + Windows OCR of picture pages; both rule sets (check-media.mjs, scan-documents.py)"
1v1xZLOTtmvpArpyINDOzweNhK1XDOh1p,2026-10-06,cleared: role mailbox,"document archive-service-2022-dcmc-orientation-panel-72-2022-03-en-redacted · pre-launch scan 2026-10-06: every page (pdftotext, PyMuPDF, pypdf) + Windows OCR of picture pages; both rule sets (check-media.mjs, scan-documents.py)"
1BStKbM6DM824P3IslWGxp2A9m6edLG8v,2026-10-06,clean,"document archive-service-2022-grapevine-and-la-vina-resource-links-2022-en · pre-launch scan 2026-10-06: every page (pdftotext, PyMuPDF, pypdf) + Windows OCR of picture pages; both rule sets (check-media.mjs, scan-documents.py)"
1TCfqFX6bBqOERNPC6_0ghmxUeSHHbuL5,2026-10-06,clean,"document archive-service-2023-the-gsr-preamble-2023-10-en · pre-launch scan 2026-10-06: every page (pdftotext, PyMuPDF, pypdf) + Windows OCR of picture pages; both rule sets (check-media.mjs, scan-documents.py)"
1cH26sh4sFpRisrluUJ2AzATnSt4m6S9C,2026-10-06,clean,"document archive-workbooks-2009-english-print-one-whats-it-all-about-2009-en · pre-launch scan 2026-10-06: every page (pdftotext, PyMuPDF, pypdf) + Windows OCR of picture pages; both rule sets (check-media.mjs, scan-documents.py)"
1jzACRGjKovTgLXi1txdiZmrwSb5Z-IE3,2026-10-06,clean,"document archive-workbooks-2009-english-print-two-whats-it-all-about-2009-en · pre-launch scan 2026-10-06: every page (pdftotext, PyMuPDF, pypdf) + Windows OCR of picture pages; both rule sets (check-media.mjs, scan-documents.py)"
1637Sq6WEq6CiyFTD0_6Eb2SPTbQrJi_4,2026-10-06,"cleared: not a member's full name (place, group, heading, staff or historic name); role mailbox","document archive-workbooks-2010-libro-de-trabajo-del-2010-spanishworkbook-es-redacted · pre-launch scan 2026-10-06: every page (pdftotext, PyMuPDF, pypdf) + Windows OCR of picture pages; both rule sets (check-media.mjs, scan-documents.py)"
1UzUL2-I7y3ll2iw4SIbSLumZ3PyxwdCW,2026-10-06,cleared: role mailbox,"document archive-workbooks-2012-2012workbook-englishjan-en-redacted · pre-launch scan 2026-10-06: every page (pdftotext, PyMuPDF, pypdf) + Windows OCR of picture pages; both rule sets (check-media.mjs, scan-documents.py)"
1s-Qo6_DazkdC0FnqYeS5dmkMeYm98Y0R,2026-10-06,"cleared: public line (central office, hotel, venue or event info line); role mailbox","document archive-workbooks-2012-area-workbook-2012-es-redacted · pre-launch scan 2026-10-06: every page (pdftotext, PyMuPDF, pypdf) + Windows OCR of picture pages; both rule sets (check-media.mjs, scan-documents.py)"
1CNmk5JUxxGsjdysO1SSg097FMjjFrMkd,2026-10-06,"cleared: public line (central office, hotel, venue or event info line); role mailbox; role or event mailbox, or a text-extraction fragment","document archive-workbooks-2013-2013workbook-en-redacted · pre-launch scan 2026-10-06: every page (pdftotext, PyMuPDF, pypdf) + Windows OCR of picture pages; both rule sets (check-media.mjs, scan-documents.py)"
1u7--iyijwazO4u93JK5YmWDqULn-vdvG,2026-10-06,cleared: role mailbox,"document archive-workbooks-2014-2014workbook-english-en-redacted · pre-launch scan 2026-10-06: every page (pdftotext, PyMuPDF, pypdf) + Windows OCR of picture pages; both rule sets (check-media.mjs, scan-documents.py)"
1GkQV1TltkrFCNFDiDpJe_KCiPdA1Edxw,2026-10-06,cleared: role mailbox,"document archive-workbooks-2014-libro-de-trabajo-del-2014-en-redacted · pre-launch scan 2026-10-06: every page (pdftotext, PyMuPDF, pypdf) + Windows OCR of picture pages; both rule sets (check-media.mjs, scan-documents.py)"
1Ft2uHzikgxdapNY_lus-01tQBtBJ0wOT,2026-10-06,clean,"document archive-workbooks-2017-area-workbook-2017-es · pre-launch scan 2026-10-06: every page (pdftotext, PyMuPDF, pypdf) + Windows OCR of picture pages; both rule sets (check-media.mjs, scan-documents.py)"
1-483j-vWkZOgxEKr3qd5CTlwxQ2EO7-6,2026-10-06,clean,"document archive-workbooks-2019-area-workbook-2019-es · pre-launch scan 2026-10-06: every page (pdftotext, PyMuPDF, pypdf) + Windows OCR of picture pages; both rule sets (check-media.mjs, scan-documents.py)"
1OUElrMX3sghLmgKORmc4O9QD6Gq869v4,2026-10-06,clean,"document archive-workbooks-2020-area-workbook-2020-es · pre-launch scan 2026-10-06: every page (pdftotext, PyMuPDF, pypdf) + Windows OCR of picture pages; both rule sets (check-media.mjs, scan-documents.py)"
1A4QWyb-ab68xDmiH58_f50MVcmESUkJx,2026-10-06,clean,"document archive-workbooks-2022-mock-conference-workbook-archives-report-and-charter-trustees-panel-72-2022-03-en · pre-launch scan 2026-10-06: every page (pdftotext, PyMuPDF, pypdf) + Windows OCR of picture pages; both rule sets (check-media.mjs, scan-documents.py)"
1qRY_H7BXiexeIy9TVSUrH1X8VFQbQjIu,2026-10-06,clean,"document archive-workbooks-2022-mock-conference-workbook-cpc-and-public-information-panel-72-2022-03-en · pre-launch scan 2026-10-06: every page (pdftotext, PyMuPDF, pypdf) + Windows OCR of picture pages; both rule sets (check-media.mjs, scan-documents.py)"
19QI3K5lN-9IxwJ4VtF9bTj4kIhqRQwti,2026-10-06,clean,"document archive-workbooks-2022-mock-conference-workbook-finance-grapevine-and-la-vina-panel-72-en · pre-launch scan 2026-10-06: every page (pdftotext, PyMuPDF, pypdf) + Windows OCR of picture pages; both rule sets (check-media.mjs, scan-documents.py)"
1vGaNxKK1ZM7md7OR_fmd-lAGkgJfvPv7,2026-10-06,clean,"document archive-workbooks-2022-mock-conference-workbook-literature-panel-72-2022-03-en · pre-launch scan 2026-10-06: every page (pdftotext, PyMuPDF, pypdf) + Windows OCR of picture pages; both rule sets (check-media.mjs, scan-documents.py)"
173mR1hhCxGeX_AtEm7Amcf6hS1v2Faas,2026-10-06,clean,"document archive-workbooks-importante-leer-antes-de-imprimir-en · pre-launch scan 2026-10-06: every page (pdftotext, PyMuPDF, pypdf) + Windows OCR of picture pages; both rule sets (check-media.mjs, scan-documents.py)"
15mZG3-i-v8yogCmDrclpXetYMeeSqAJ0,2026-10-06,clean,"document archive-workbooks-to-print-and-create-your-own-en · pre-launch scan 2026-10-06: every page (pdftotext, PyMuPDF, pypdf) + Windows OCR of picture pages; both rule sets (check-media.mjs, scan-documents.py)"
1-4z5qDLNM5zXbP3P2nQ1BIcea9g6VNA1,2026-10-06,clean,"document calendars-2026-approved-msca09-calendar-en · pre-launch scan 2026-10-06: every page (pdftotext, PyMuPDF, pypdf) + Windows OCR of picture pages; both rule sets (check-media.mjs, scan-documents.py)"
1nDwvcpvjnq8WaR4CGgxWCjuJr4P9ekxi,2026-10-06,clean,"document committee-guidelines-archives-guidelines-revision-g-revision-span-june-2024 · pre-launch scan 2026-10-06: every page (pdftotext, PyMuPDF, pypdf) + Windows OCR of picture pages; both rule sets (check-media.mjs, scan-documents.py)"
1Ahs63o_Q4Zy68WCQ77ovR5JLI-KR8c4B,2026-10-06,clean,"document committee-guidelines-archivesguidemsca09 · pre-launch scan 2026-10-06: every page (pdftotext, PyMuPDF, pypdf) + Windows OCR of picture pages; both rule sets (check-media.mjs, scan-documents.py)"
1HAk6XxnVufed4392tjDonGoSMgdE16VL,2026-10-06,clean,"document committee-guidelines-area-9-h-and-i-committees · pre-launch scan 2026-10-06: every page (pdftotext, PyMuPDF, pypdf) + Windows OCR of picture pages; both rule sets (check-media.mjs, scan-documents.py)"
13DtoCH7a5U4BorihYGmIYZ1bHIWdBEqA,2026-10-06,clean,"document committee-guidelines-conventionliasionguidelines · pre-launch scan 2026-10-06: every page (pdftotext, PyMuPDF, pypdf) + Windows OCR of picture pages; both rule sets (check-media.mjs, scan-documents.py)"
1XeK6HwV1zGHftAtE37hB9o12Pp_Su5Iv,2026-10-06,clean,"document committee-guidelines-cpc-guidelines · pre-launch scan 2026-10-06: every page (pdftotext, PyMuPDF, pypdf) + Windows OCR of picture pages; both rule sets (check-media.mjs, scan-documents.py)"
1oe29hbmJ0SNbuA_X641ieJ559jcHVrqe,2026-10-06,clean,"document committee-guidelines-gsr-school-guidelines-january-2022-en · pre-launch scan 2026-10-06: every page (pdftotext, PyMuPDF, pypdf) + Windows OCR of picture pages; both rule sets (check-media.mjs, scan-documents.py)"
1m_mO-v45pO0HlPpjTYZopsYWdoJgg5dt,2026-10-06,clean,"document committee-guidelines-gsr-school-guidelines-january-2022-es · pre-launch scan 2026-10-06: every page (pdftotext, PyMuPDF, pypdf) + Windows OCR of picture pages; both rule sets (check-media.mjs, scan-documents.py)"
1aZy8qiQpq8WwQx--viWv3prpSJFdQaYY,2026-10-06,clean,"document committee-guidelines-guidelines-gsr-school-english · pre-launch scan 2026-10-06: every page (pdftotext, PyMuPDF, pypdf) + Windows OCR of picture pages; both rule sets (check-media.mjs, scan-documents.py)"
1ObsLVqhg0gvdcEPp-uDZfL7ZHiIlPzMR,2026-10-06,clean,"document committee-guidelines-guidelines-special-needs-msca-2003-09 · pre-launch scan 2026-10-06: every page (pdftotext, PyMuPDF, pypdf) + Windows OCR of picture pages; both rule sets (check-media.mjs, scan-documents.py)"
16DnDFBTXWaOWQP6nWPlo9Tg_4zg6m0bR,2026-10-06,clean,"document committee-guidelines-pi-guidelines · pre-launch scan 2026-10-06: every page (pdftotext, PyMuPDF, pypdf) + Windows OCR of picture pages; both rule sets (check-media.mjs, scan-documents.py)"
1oFbECb2qJBasgIErAlQBnEH7Y9ryYTBg,2026-10-06,clean,"document committee-guidelines-registration-guidelines · pre-launch scan 2026-10-06: every page (pdftotext, PyMuPDF, pypdf) + Windows OCR of picture pages; both rule sets (check-media.mjs, scan-documents.py)"
1slaEx2mt3_o-NMz7KknSzNaWoDnf28Ut,2026-10-06,clean,"document committee-guidelines-treatment-committee-guidelines · pre-launch scan 2026-10-06: every page (pdftotext, PyMuPDF, pypdf) + Windows OCR of picture pages; both rule sets (check-media.mjs, scan-documents.py)"
14Gf8TPNUZn6pSPNoZ_wYjzVvrZ9slrRy,2026-10-06,clean,"document conference-2025-74th-gsc-quick-reference-guide-2025-es-redacted · pre-launch scan 2026-10-06: every page (pdftotext, PyMuPDF, pypdf) + Windows OCR of picture pages; both rule sets (check-media.mjs, scan-documents.py)"
1U1RPweVzRf6xRlXxJWWotGEykiQkZUTH,2026-10-06,clean,"document conference-2025-75th-gsc-final-agenda-change-history-february-11-2025-en · pre-launch scan 2026-10-06: every page (pdftotext, PyMuPDF, pypdf) + Windows OCR of picture pages; both rule sets (check-media.mjs, scan-documents.py)"
1myxUta9qAiEYLLKDhvUWYalXgfS0V0LW,2026-10-06,clean,"document conference-2025-75th-gsc-handout-es-redacted · pre-launch scan 2026-10-06: every page (pdftotext, PyMuPDF, pypdf) + Windows OCR of picture pages; both rule sets (check-media.mjs, scan-documents.py)"
1T7QHznfre22HfXCWa2opkgDS-yOIuYvQ,2026-10-06,clean,"document conference-2025-75th-gsc-quick-reference-guide-2025-05-en · pre-launch scan 2026-10-06: every page (pdftotext, PyMuPDF, pypdf) + Windows OCR of picture pages; both rule sets (check-media.mjs, scan-documents.py)"
15NZayOnMWCmaOpcceV5QEXnzp-IZ02UI,2026-10-06,clean,"document conference-2025-advisory-actions-of-the-74th-gsc-2025-en-redacted · pre-launch scan 2026-10-06: every page (pdftotext, PyMuPDF, pypdf) + Windows OCR of picture pages; both rule sets (check-media.mjs, scan-documents.py)"
1XgBBpdfh-ZEtOIOvBub8fMqjFiy2MPV4,2026-10-06,"cleared: role or event mailbox, or a text-extraction fragment","document conference-2025-delegate-s-report-highlights-3rd-quarter-2025-en-redacted · pre-launch scan 2026-10-06: every page (pdftotext, PyMuPDF, pypdf) + Windows OCR of picture pages; both rule sets (check-media.mjs, scan-documents.py)"
1yTbeljpPMFrf1bsFSt9gWAH-UajyoSiF,2026-10-06,clean,"document conference-2025-delegate-s-report-highlights-3rd-quarter-2025-es-redacted · pre-launch scan 2026-10-06: every page (pdftotext, PyMuPDF, pypdf) + Windows OCR of picture pages; both rule sets (check-media.mjs, scan-documents.py)"
1Ui9Ij2lxsvpDXlR1Hr4f7g9V0Gpfn2hB,2026-10-06,"cleared: sobriety phrase without a member's date (requirement, heading, total, anonymous sharing or length only)","document conference-2025-final-list-of-agenda-items-75th-gsc-february-11-2025-en · pre-launch scan 2026-10-06: every page (pdftotext, PyMuPDF, pypdf) + Windows OCR of picture pages; both rule sets (check-media.mjs, scan-documents.py)"
1_39bxqyNK4W55dEyHL_ukc6OtROuQKWA,2026-10-06,clean,"document conference-2025-final-list-of-agenda-items-75th-gsc-february-11-2025-es · pre-launch scan 2026-10-06: every page (pdftotext, PyMuPDF, pypdf) + Windows OCR of picture pages; both rule sets (check-media.mjs, scan-documents.py)"
15ej7-dvkD6HxxOYySD-DRG1zs8RUfavO,2026-10-06,clean,"document conference-2026-advisory-actions-of-the-76th-gsc-2026-05-en · pre-launch scan 2026-10-06: every page (pdftotext, PyMuPDF, pypdf) + Windows OCR of picture pages; both rule sets (check-media.mjs, scan-documents.py)"
1uR-aws6xWCKGDnae0nXZWq9GpPI0I-Ho,2026-10-06,clean,"document conference-2026-committee-considerations-76th-gsc-2026-05-en · pre-launch scan 2026-10-06: every page (pdftotext, PyMuPDF, pypdf) + Windows OCR of picture pages; both rule sets (check-media.mjs, scan-documents.py)"
1GTcHsinK74t8qvwx8g_VdqKqNNyKeaGD,2026-10-06,clean,"document conference-2026-conference-committee-on-corrections-report-76th-gsc-2026-04-es-redacted · pre-launch scan 2026-10-06: every page (pdftotext, PyMuPDF, pypdf) + Windows OCR of picture pages; both rule sets (check-media.mjs, scan-documents.py)"
1YmYnx3pIOiCTYd-6Cl2Fxz6efEZHFysN,2026-10-06,clean,"document conference-2026-conference-committee-on-finance-report-76th-gsc-2026-04-en · pre-launch scan 2026-10-06: every page (pdftotext, PyMuPDF, pypdf) + Windows OCR of picture pages; both rule sets (check-media.mjs, scan-documents.py)"
14NAcDdMZ_-VZr3SbIpDfAFc85JPUpdNn,2026-10-06,clean,"document conference-2026-conference-committee-on-finance-report-76th-gsc-2026-04-es · pre-launch scan 2026-10-06: every page (pdftotext, PyMuPDF, pypdf) + Windows OCR of picture pages; both rule sets (check-media.mjs, scan-documents.py)"
13sKfKZzTOrWJR-nU6gY1sJR_CLYlndR8,2026-10-06,clean,"document conference-2026-conference-committee-on-inventory-implementation-report-76th-gsc-2026-04-en · pre-launch scan 2026-10-06: every page (pdftotext, PyMuPDF, pypdf) + Windows OCR of picture pages; both rule sets (check-media.mjs, scan-documents.py)"
1yr1bd8H0P3JFEJgl-Me_77HGCsKLHmSI,2026-10-06,clean,"document conference-2026-conference-committee-on-literature-report-76th-gsc-2026-04-en · pre-launch scan 2026-10-06: every page (pdftotext, PyMuPDF, pypdf) + Windows OCR of picture pages; both rule sets (check-media.mjs, scan-documents.py)"
1oNTqu1oCXtcwOgbfBwv5dm0jXZMZT0Qx,2026-10-06,clean,"document conference-2026-conference-committee-on-literature-report-76th-gsc-2026-04-es · pre-launch scan 2026-10-06: every page (pdftotext, PyMuPDF, pypdf) + Windows OCR of picture pages; both rule sets (check-media.mjs, scan-documents.py)"
14ZLw5Qm8uE36QbGppKqldNOQYzbQNiHD,2026-10-06,clean,"document conference-2026-conference-committee-on-policy-admissions-report-76th-gsc-2026-04-es-redacted · pre-launch scan 2026-10-06: every page (pdftotext, PyMuPDF, pypdf) + Windows OCR of picture pages; both rule sets (check-media.mjs, scan-documents.py)"
1EXPmSM_JcE1Gv-laKS3ytIKkVV8A7Ty0,2026-10-06,clean,"document conference-2026-conference-committee-on-report-and-charter-report-76th-gsc-2026-04-es · pre-launch scan 2026-10-06: every page (pdftotext, PyMuPDF, pypdf) + Windows OCR of picture pages; both rule sets (check-media.mjs, scan-documents.py)"
1iI7JN9P6dRqR1GxckMMRfn--3AvBcGTs,2026-10-06,clean,"document conference-2026-conference-committee-on-the-aa-grapevine-and-la-vina-report-76th-gsc-2026-04-en · pre-launch scan 2026-10-06: every page (pdftotext, PyMuPDF, pypdf) + Windows OCR of picture pages; both rule sets (check-media.mjs, scan-documents.py)"
114iusCVyKiI3a1Sb9HlGU1Df9n5UjEyf,2026-10-06,clean,"document conference-2026-conference-committee-on-the-aa-grapevine-and-la-vina-report-76th-gsc-2026-04-es · pre-launch scan 2026-10-06: every page (pdftotext, PyMuPDF, pypdf) + Windows OCR of picture pages; both rule sets (check-media.mjs, scan-documents.py)"
1oKqS_ykEpG4OK8BMAKJfSrO2fCADaEM8,2026-10-06,clean,"document conference-2026-delegate-s-report-highlights-3rd-quarter-2026-en-redacted · pre-launch scan 2026-10-06: every page (pdftotext, PyMuPDF, pypdf) + Windows OCR of picture pages; both rule sets (check-media.mjs, scan-documents.py)"
13aM8C4g8t6JWWcXLqgyiB29k3GLGKMzU,2026-10-06,clean,"document conference-2026-final-list-of-agenda-items-76th-gsc-2026-02-en · pre-launch scan 2026-10-06: every page (pdftotext, PyMuPDF, pypdf) + Windows OCR of picture pages; both rule sets (check-media.mjs, scan-documents.py)"
1oEoKelH9itm4HX_O3mG2xZQHY6mFTquy,2026-10-06,clean,"document conference-2026-final-list-of-agenda-items-76th-gsc-2026-02-es · pre-launch scan 2026-10-06: every page (pdftotext, PyMuPDF, pypdf) + Windows OCR of picture pages; both rule sets (check-media.mjs, scan-documents.py)"
1fgiueEoMADTa0SM_3GMG_VCC0g_8wzkp,2026-10-06,clean,"document conference-2026-floor-actions-1-3-76th-gsc-2026-04-en-redacted · pre-launch scan 2026-10-06: every page (pdftotext, PyMuPDF, pypdf) + Windows OCR of picture pages; both rule sets (check-media.mjs, scan-documents.py)"
1WJHSIs42XKGIj8nxuVuXfWIGdIDEFW37,2026-10-06,clean,"document conference-2026-floor-actions-4-76th-gsc-2026-05-en-redacted · pre-launch scan 2026-10-06: every page (pdftotext, PyMuPDF, pypdf) + Windows OCR of picture pages; both rule sets (check-media.mjs, scan-documents.py)"
1C1w7-EKdZvrr-wOLuV3WL8d0LGxmxKWO,2026-10-06,clean,"document conference-2026-floor-actions-5-6-76th-gsc-2026-05-en-redacted · pre-launch scan 2026-10-06: every page (pdftotext, PyMuPDF, pypdf) + Windows OCR of picture pages; both rule sets (check-media.mjs, scan-documents.py)"
1Nce7TjWKymDLe7hFvebTpUR1ateOVarL,2026-10-06,clean,"document conference-2026-floor-actions-76th-gsc-2026-04-es-redacted · pre-launch scan 2026-10-06: every page (pdftotext, PyMuPDF, pypdf) + Windows OCR of picture pages; both rule sets (check-media.mjs, scan-documents.py)"
1hArmA7sPEwDzcHf-VktZA-rAEcDoJw4p,2026-10-06,clean,"document conference-extractos-del-informe-final-de-la-conferencia-sobre-el-plbb-es · pre-launch scan 2026-10-06: every page (pdftotext, PyMuPDF, pypdf) + Windows OCR of picture pages; both rule sets (check-media.mjs, scan-documents.py)"
1nDEHdVxRk0Lb2ORvbgBWQrPrZQ18IeSS,2026-10-06,clean,"document conference-final-conference-report-plbb-excerpts-en · pre-launch scan 2026-10-06: every page (pdftotext, PyMuPDF, pypdf) + Windows OCR of picture pages; both rule sets (check-media.mjs, scan-documents.py)"
1M1hUeQBfNXxqcgCS0WbWEvDJCHnElrTa,2026-10-06,clean,"document conference-plbb-faqs-2024-en · pre-launch scan 2026-10-06: every page (pdftotext, PyMuPDF, pypdf) + Windows OCR of picture pages; both rule sets (check-media.mjs, scan-documents.py)"
1js9T4-CBP103URHnjfnoEQKOIT0oCkIB,2026-10-06,clean,"document conference-plbb-preguntas-frecuentes-2024-es · pre-launch scan 2026-10-06: every page (pdftotext, PyMuPDF, pypdf) + Windows OCR of picture pages; both rule sets (check-media.mjs, scan-documents.py)"
1DQkfYXcZq4GiySoXIamXcn4AaaXly0Cp,2026-10-06,clean,"document contributions-7th-tradition-contributions-how-groups-can-contribute-flyer-2026-08-en · pre-launch scan 2026-10-06: every page (pdftotext, PyMuPDF, pypdf) + Windows OCR of picture pages; both rule sets (check-media.mjs, scan-documents.py)"
1pp9iqyE-FBw8KgXaZYDLDq2JBfXJIva7,2026-10-06,clean,"document contributions-7th-tradition-contributions-how-groups-can-contribute-flyer-2026-08-es · pre-launch scan 2026-10-06: every page (pdftotext, PyMuPDF, pypdf) + Windows OCR of picture pages; both rule sets (check-media.mjs, scan-documents.py)"
10i3Jzb5W5Egy-zlUuaGJXAoGsoKPpapF,2026-10-06,clean,"document contributions-f-203-the-seventh-tradition-carry-the-message-en · pre-launch scan 2026-10-06: every page (pdftotext, PyMuPDF, pypdf) + Windows OCR of picture pages; both rule sets (check-media.mjs, scan-documents.py)"
1xdNyEd_5-knsDaUgwylDpaGywdYf6Nx3,2026-10-06,clean,"document finances-2020-gsb-signed-financial-statements-eng-2020-12-2021-21-en-redacted · pre-launch scan 2026-10-06: every page (pdftotext, PyMuPDF, pypdf) + Windows OCR of picture pages; both rule sets (check-media.mjs, scan-documents.py)"
1Ma_rh5MR2W617ukP37PW-pcAPIUYGkxo,2026-10-06,clean,"document finances-2021-annual-budget-request-form-es · pre-launch scan 2026-10-06: every page (pdftotext, PyMuPDF, pypdf) + Windows OCR of picture pages; both rule sets (check-media.mjs, scan-documents.py)"
1Q_BKRvZ0qX4cJ12Rr__4kVk0LlhkkKlb,2026-10-06,clean,"document finances-2021-area-budget-2022-revised-december-12-2021-en · pre-launch scan 2026-10-06: every page (pdftotext, PyMuPDF, pypdf) + Windows OCR of picture pages; both rule sets (check-media.mjs, scan-documents.py)"
1mhF9-Zz8vbBM3R_YL4jcY3GVL-kXbA5m,2026-10-06,clean,"document finances-2022-quarterly-statement-04-msca-09-contributions-by-district-2021-10-01-12-31-en-redacted · pre-launch scan 2026-10-06: every page (pdftotext, PyMuPDF, pypdf) + Windows OCR of picture pages; both rule sets (check-media.mjs, scan-documents.py)"
1VMeXU9WGxVIaFueZufWuZ8tWk6hfLWnY,2026-10-06,clean,"document finances-2023-area-budget-2023-final-revised-february-12-2023-en · pre-launch scan 2026-10-06: every page (pdftotext, PyMuPDF, pypdf) + Windows OCR of picture pages; both rule sets (check-media.mjs, scan-documents.py)"
1bGFIv-1X7NBBrI2uFZHqaMPJxb6rVV3t,2026-10-06,clean,"document finances-2023-area-budget-2024-en-redacted · pre-launch scan 2026-10-06: every page (pdftotext, PyMuPDF, pypdf) + Windows OCR of picture pages; both rule sets (check-media.mjs, scan-documents.py)"
1-8YNhfX6KXGRF0fAPl6BjkuM3zfKfsBs,2026-10-06,"cleared: not a member's full name (place, group, heading, staff or historic name); sobriety phrase without a member's date (requirement, heading, total, anonymous sharing or length only)","document finances-2023-group-contributions-to-gso-2nd-quarter-2023-en-redacted · pre-launch scan 2026-10-06: every page (pdftotext, PyMuPDF, pypdf) + Windows OCR of picture pages; both rule sets (check-media.mjs, scan-documents.py)"
1Oc0BzazSFVMs3rwD-aJ0bbuHC4OnpB5R,2026-10-06,"cleared: not a member's full name (place, group, heading, staff or historic name); sobriety phrase without a member's date (requirement, heading, total, anonymous sharing or length only)","document finances-2023-group-contributions-to-gso-3rd-quarter-2023-en-redacted · pre-launch scan 2026-10-06: every page (pdftotext, PyMuPDF, pypdf) + Windows OCR of picture pages; both rule sets (check-media.mjs, scan-documents.py)"
1c8pjvrpP759WM5ikTAtnPBw1eebS022j,2026-10-06,clean,"document finances-2023-proposed-area-budget-for-2024-revised-november-14-2023-en · pre-launch scan 2026-10-06: every page (pdftotext, PyMuPDF, pypdf) + Windows OCR of picture pages; both rule sets (check-media.mjs, scan-documents.py)"
1kQbKe1L319wnqhowoJKDK0f5U4ulYfsJ,2026-10-06,clean,"document finances-2024-complete-with-docusign-dist-8-financials-dec-2024-12-en-redacted · pre-launch scan 2026-10-06: every page (pdftotext, PyMuPDF, pypdf) + Windows OCR of picture pages; both rule sets (check-media.mjs, scan-documents.py) · re-redacted 2026-10-06 (personal phone numbers removed), then read again"
1oNNm4OH7XuyprY9UvfT5fBH-NZrDpu0Z,2026-10-06,clean,"document finances-2025-area-budget-2025-revised-april-20-2025-en · pre-launch scan 2026-10-06: every page (pdftotext, PyMuPDF, pypdf) + Windows OCR of picture pages; both rule sets (check-media.mjs, scan-documents.py)"
1vFtux7l4ZcseYPFzk5_nXt0-p7H-mWGg,2026-10-06,clean,"document finances-2025-proposed-area-budget-for-2025-january-12-2025-en · pre-launch scan 2026-10-06: every page (pdftotext, PyMuPDF, pypdf) + Windows OCR of picture pages; both rule sets (check-media.mjs, scan-documents.py)"
1T2kqwevAUK8EqxqkdfaYo-8dN-7a76OV,2026-10-06,clean,"document finances-2025-proposed-area-budget-for-2026-revised-november-30-2025-not-yet-approved-en · pre-launch scan 2026-10-06: every page (pdftotext, PyMuPDF, pypdf) + Windows OCR of picture pages; both rule sets (check-media.mjs, scan-documents.py)"
1JHwv90iIs1rb5X2alE4d27UOdQDY12MJ,2026-10-06,clean,"document flyers-7th-tradition-contributions-en-sp · pre-launch scan 2026-10-06: every page (pdftotext, PyMuPDF, pypdf) + Windows OCR of picture pages; both rule sets (check-media.mjs, scan-documents.py)"
14BEJqa90-kHXYeVKfvSbXtGvVDfg2glM,2026-10-06,clean,"document flyers-msca09-service-meetings-calendar · pre-launch scan 2026-10-06: every page (pdftotext, PyMuPDF, pypdf) + Windows OCR of picture pages; both rule sets (check-media.mjs, scan-documents.py)"
1qINMABsL97NxPQn_wrremoZBgZkaoFed,2026-10-06,clean,"document forms-annual-budget-request-form-2027-en · pre-launch scan 2026-10-06: every page (pdftotext, PyMuPDF, pypdf) + Windows OCR of picture pages; both rule sets (check-media.mjs, scan-documents.py)"
1Y7bTmljUTUelAf7BHC5OG6fi79AfiYFp,2026-10-06,clean,"document forms-annual-budget-request-form-2027-es · pre-launch scan 2026-10-06: every page (pdftotext, PyMuPDF, pypdf) + Windows OCR of picture pages; both rule sets (check-media.mjs, scan-documents.py)"
1QZQn1c7JwnWC_CNt6sq6NjfsVaccFwyH,2026-10-06,clean,"document forms-annual-budget-request-form-2027-fillable-word-en · pre-launch scan 2026-10-06: every page (pdftotext, PyMuPDF, pypdf) + Windows OCR of picture pages; both rule sets (check-media.mjs, scan-documents.py)"
1u8OLcwy0y91md23oAKmr94_Lz4Ihmqmu,2026-10-06,clean,"document forms-annual-budget-request-form-2027-fillable-word-es · pre-launch scan 2026-10-06: every page (pdftotext, PyMuPDF, pypdf) + Windows OCR of picture pages; both rule sets (check-media.mjs, scan-documents.py)"
1RKSMjuDLNyAnRkEPNO3hcbEbzyoI79yp,2026-10-06,clean,"document forms-expense-reimbursement-request-form-2026-en · pre-launch scan 2026-10-06: every page (pdftotext, PyMuPDF, pypdf) + Windows OCR of picture pages; both rule sets (check-media.mjs, scan-documents.py)"
1gP6Z1gpp0OA-1eB2vj9v8moKInGfzYef,2026-10-06,clean,"document forms-expense-reimbursement-request-form-2026-es · pre-launch scan 2026-10-06: every page (pdftotext, PyMuPDF, pypdf) + Windows OCR of picture pages; both rule sets (check-media.mjs, scan-documents.py)"
1mifx9CN_z7equz0-JkruUvB0NB3UQaZW,2026-10-06,clean,"document forms-submission-form-gso-2025-en · pre-launch scan 2026-10-06: every page (pdftotext, PyMuPDF, pypdf) + Windows OCR of picture pages; both rule sets (check-media.mjs, scan-documents.py)"
1b18FCdxDhk0RDw-aSqRd844mA-1hEWmg,2026-10-06,clean,"document gso-2025-general-service-board-quarterly-report-1st-quarter-2025-f-14-en · pre-launch scan 2026-10-06: every page (pdftotext, PyMuPDF, pypdf) + Windows OCR of picture pages; both rule sets (check-media.mjs, scan-documents.py)"
11jcF5rCIkDy-42ns-tP8B080Gjlf47Tx,2026-10-06,clean,"document gso-2025-general-service-board-quarterly-report-1st-quarter-2025-f-14-es · pre-launch scan 2026-10-06: every page (pdftotext, PyMuPDF, pypdf) + Windows OCR of picture pages; both rule sets (check-media.mjs, scan-documents.py)"
1Nc-tYm4hJBDW5Eorod8QGGJxgYplVSvD,2026-10-06,clean,"document gso-2025-general-service-board-quarterly-report-august-2025-en-redacted · pre-launch scan 2026-10-06: every page (pdftotext, PyMuPDF, pypdf) + Windows OCR of picture pages; both rule sets (check-media.mjs, scan-documents.py)"
1n6fNoC5inC-U2PadTrtRb857bEIOjYmC,2026-10-06,clean,"document gso-2025-general-service-board-quarterly-report-august-2025-es-redacted · pre-launch scan 2026-10-06: every page (pdftotext, PyMuPDF, pypdf) + Windows OCR of picture pages; both rule sets (check-media.mjs, scan-documents.py)"
1_wdfeEh8VFZxHn2xInfqrcbJR-V2qfdX,2026-10-06,clean,"document gso-2025-gso-quarterly-financial-report-1st-quarter-2025-en · pre-launch scan 2026-10-06: every page (pdftotext, PyMuPDF, pypdf) + Windows OCR of picture pages; both rule sets (check-media.mjs, scan-documents.py)"
1w9u_ie-9fQJHR07Ucu5oBMUVIkjc3pRP,2026-10-06,clean,"document gso-2025-gso-quarterly-financial-report-3rd-quarter-2025-en · pre-launch scan 2026-10-06: every page (pdftotext, PyMuPDF, pypdf) + Windows OCR of picture pages; both rule sets (check-media.mjs, scan-documents.py)"
1z43Wj8fPUbzfZD0Sxc8b3GzGHoz9W5Ys,2026-10-06,clean,"document gso-2025-gso-quarterly-financial-report-3rd-quarter-2025-es · pre-launch scan 2026-10-06: every page (pdftotext, PyMuPDF, pypdf) + Windows OCR of picture pages; both rule sets (check-media.mjs, scan-documents.py)"
1v7GgmnI5cy1544dPEqDYKJduyRnjehTf,2026-10-06,clean,"document gso-2025-memo-on-eligibility-for-regional-trustee-candidates-june-2025-en · pre-launch scan 2026-10-06: every page (pdftotext, PyMuPDF, pypdf) + Windows OCR of picture pages; both rule sets (check-media.mjs, scan-documents.py)"
12J8aKRQE0Jv79sfmXXw_AAfZtYwkTYUD,2026-10-06,clean,"document gso-2025-message-from-the-gso-general-manager-building-retrofit-update-december-2025-es · pre-launch scan 2026-10-06: every page (pdftotext, PyMuPDF, pypdf) + Windows OCR of picture pages; both rule sets (check-media.mjs, scan-documents.py)"
1xT1kDQsozMcHGv6txlDd8OWBJVP0gZqB,2026-10-06,cleared: General Service Office line,"document gso-2025-pacific-and-eastern-canada-regional-trustee-elections-announcement-2025-06-en · pre-launch scan 2026-10-06: every page (pdftotext, PyMuPDF, pypdf) + Windows OCR of picture pages; both rule sets (check-media.mjs, scan-documents.py)"
1bEgHeoRMb4qnMuFOYhH7A7BoBoWldp4j,2026-10-06,clean,"document guidelines-area-bylaws-revised-may-2022-en · pre-launch scan 2026-10-06: every page (pdftotext, PyMuPDF, pypdf) + Windows OCR of picture pages; both rule sets (check-media.mjs, scan-documents.py)"
1TwVkrL1x3WA3HN_Iff6TOlIo8LNzee25,2026-10-06,"cleared: not a member's full name (place, group, heading, staff or historic name)","document guidelines-area-bylaws-revised-may-2022-es · pre-launch scan 2026-10-06: every page (pdftotext, PyMuPDF, pypdf) + Windows OCR of picture pages; both rule sets (check-media.mjs, scan-documents.py)"
1d0WxkAcfmFUrWMYq6n2tqdvEGjh7qbef,2026-10-06,clean,"document guidelines-area-guidelines-revision-p-september-2023-en · pre-launch scan 2026-10-06: every page (pdftotext, PyMuPDF, pypdf) + Windows OCR of picture pages; both rule sets (check-media.mjs, scan-documents.py)"
1QMdgLPMtbKEmpgSaN3GZMsbarB6pGUcz,2026-10-06,"cleared: sobriety phrase without a member's date (requirement, heading, total, anonymous sharing or length only)","document guidelines-area-guidelines-revision-p-september-2023-es · pre-launch scan 2026-10-06: every page (pdftotext, PyMuPDF, pypdf) + Windows OCR of picture pages; both rule sets (check-media.mjs, scan-documents.py)"
1J2s5ZKdx5zRXD_2bLqdvDGlSUCl8LNef,2026-10-06,clean,"document guidelines-guidelines-and-policies-committee-guidelines-january-2022-en · pre-launch scan 2026-10-06: every page (pdftotext, PyMuPDF, pypdf) + Windows OCR of picture pages; both rule sets (check-media.mjs, scan-documents.py)"
19rzOy3Ab-eS2Wg6lZbqcKpPHv6H8GqW-,2026-10-06,clean,"document guidelines-guidelines-and-policies-committee-guidelines-january-2022-es · pre-launch scan 2026-10-06: every page (pdftotext, PyMuPDF, pypdf) + Windows OCR of picture pages; both rule sets (check-media.mjs, scan-documents.py)"
1cxwMR7p84aMScuYdAjAIUJ-jd22VpyQ8,2026-10-06,clean,"document minutes-2018-jun-2018-asc-minutes-en-redacted · pre-launch scan 2026-10-06: every page (pdftotext, PyMuPDF, pypdf) + Windows OCR of picture pages; both rule sets (check-media.mjs, scan-documents.py)"
1E9b-QxgO37q77mWMAKSPxlwbYzEcFqg5,2026-10-06,clean,"document minutes-2018-jun-2018-asc-minutes-es-redacted · pre-launch scan 2026-10-06: every page (pdftotext, PyMuPDF, pypdf) + Windows OCR of picture pages; both rule sets (check-media.mjs, scan-documents.py)"
1SsN4ONBP43F7Q97G1873nBNc_bpcb_gs,2026-10-06,clean,"document minutes-2019-apr-2019-asa-minutes-en-redacted · pre-launch scan 2026-10-06: every page (pdftotext, PyMuPDF, pypdf) + Windows OCR of picture pages; both rule sets (check-media.mjs, scan-documents.py)"
1hz4EP2fPt1cjB1GVKa_hp6O1cWzBj3Lb,2026-10-06,clean,"document minutes-2020-aug-2020-asc-minutes-es · pre-launch scan 2026-10-06: every page (pdftotext, PyMuPDF, pypdf) + Windows OCR of picture pages; both rule sets (check-media.mjs, scan-documents.py)"
1P5j7xUBhVixyN23gUFvGVV8unamzgZ5Z,2026-10-06,clean,"document minutes-2020-jan-2020-asc-minutes-en · pre-launch scan 2026-10-06: every page (pdftotext, PyMuPDF, pypdf) + Windows OCR of picture pages; both rule sets (check-media.mjs, scan-documents.py)"
1sm62V7hqQuwnmEu1uWYL23X4eaHA7WII,2026-10-06,clean,"document minutes-2020-jan-2020-asc-minutes-es · pre-launch scan 2026-10-06: every page (pdftotext, PyMuPDF, pypdf) + Windows OCR of picture pages; both rule sets (check-media.mjs, scan-documents.py)"
19FuW_9bflcBylpzvbL7VYW7-pR-yoc9s,2026-10-06,clean,"document minutes-2020-mar-2020-asc-minutes-en · pre-launch scan 2026-10-06: every page (pdftotext, PyMuPDF, pypdf) + Windows OCR of picture pages; both rule sets (check-media.mjs, scan-documents.py)"
1fCydBluogXluoEk0Hhh9_Bt-FpBPYh2-,2026-10-06,clean,"document minutes-2020-may-2020-asa-minutes-en · pre-launch scan 2026-10-06: every page (pdftotext, PyMuPDF, pypdf) + Windows OCR of picture pages; both rule sets (check-media.mjs, scan-documents.py)"
12y1UvJNc4gr1rVILF1rchD-WSHE5N7Oh,2026-10-06,clean,"document minutes-2020-may-2020-asa-minutes-es · pre-launch scan 2026-10-06: every page (pdftotext, PyMuPDF, pypdf) + Windows OCR of picture pages; both rule sets (check-media.mjs, scan-documents.py)"
14O0QAApxQpkITrGnEIuWnCC-pyorMos5,2026-10-06,clean,"document minutes-2020-oct-2020-asc-minutes-es · pre-launch scan 2026-10-06: every page (pdftotext, PyMuPDF, pypdf) + Windows OCR of picture pages; both rule sets (check-media.mjs, scan-documents.py)"
1bIF5CFYScNfF4sfQSHUZWvjwbecwJk_6,2026-10-06,clean,"document minutes-2021-board-minutes-april-2021-en · pre-launch scan 2026-10-06: every page (pdftotext, PyMuPDF, pypdf) + Windows OCR of picture pages; both rule sets (check-media.mjs, scan-documents.py)"
1_AC-CTLcnXf8r8xXfiET1CJq7iibPqtE,2026-10-06,clean,"document minutes-2021-board-minutes-august-2021-en · pre-launch scan 2026-10-06: every page (pdftotext, PyMuPDF, pypdf) + Windows OCR of picture pages; both rule sets (check-media.mjs, scan-documents.py)"
1ifM_wPtoBUQZe0Rk3-KJe7JTmHfSaGqJ,2026-10-06,clean,"document minutes-2021-board-minutes-december-19-2021-en · pre-launch scan 2026-10-06: every page (pdftotext, PyMuPDF, pypdf) + Windows OCR of picture pages; both rule sets (check-media.mjs, scan-documents.py)"
1Yc211tdVMHUOA-tCUrhdTVsPLy1vxTLg,2026-10-06,clean,"document minutes-2021-board-minutes-february-2021-en · pre-launch scan 2026-10-06: every page (pdftotext, PyMuPDF, pypdf) + Windows OCR of picture pages; both rule sets (check-media.mjs, scan-documents.py)"
16j_X79TwZqB_IQvfLLAimA7BYUCqVv0d,2026-10-06,clean,"document minutes-2021-board-minutes-july-2021-en · pre-launch scan 2026-10-06: every page (pdftotext, PyMuPDF, pypdf) + Windows OCR of picture pages; both rule sets (check-media.mjs, scan-documents.py)"
1wy2FsUKAvV-4B5LyXcTRMEXv5WSxZAwO,2026-10-06,clean,"document minutes-2021-board-minutes-june-2021-en-redacted · pre-launch scan 2026-10-06: every page (pdftotext, PyMuPDF, pypdf) + Windows OCR of picture pages; both rule sets (check-media.mjs, scan-documents.py)"
1dZPDUGvgJ4iR3nhXySdXA-bvpSnGKf8p,2026-10-06,clean,"document minutes-2021-board-minutes-march-2021-en · pre-launch scan 2026-10-06: every page (pdftotext, PyMuPDF, pypdf) + Windows OCR of picture pages; both rule sets (check-media.mjs, scan-documents.py)"
1nETbN3sqEf7UlWXhJ_KFVqyXG8nXNiKj,2026-10-06,clean,"document minutes-2021-board-minutes-may-2021-en-redacted · pre-launch scan 2026-10-06: every page (pdftotext, PyMuPDF, pypdf) + Windows OCR of picture pages; both rule sets (check-media.mjs, scan-documents.py)"
1xe3IyJoK-KTonyPf1yUHRNRrJVfdELw3,2026-10-06,clean,"document minutes-2021-board-minutes-november-21-2021-en · pre-launch scan 2026-10-06: every page (pdftotext, PyMuPDF, pypdf) + Windows OCR of picture pages; both rule sets (check-media.mjs, scan-documents.py)"
1mu4gN6c15yfT4dwkNH1cR7dHteDQPDiQ,2026-10-06,clean,"document minutes-2021-board-minutes-october-17-2021-en · pre-launch scan 2026-10-06: every page (pdftotext, PyMuPDF, pypdf) + Windows OCR of picture pages; both rule sets (check-media.mjs, scan-documents.py)"
1Q-tOc71Opxv7yGHLaOhI0oHoyT1cb6UE,2026-10-06,clean,"document minutes-2021-board-minutes-september-2021-en · pre-launch scan 2026-10-06: every page (pdftotext, PyMuPDF, pypdf) + Windows OCR of picture pages; both rule sets (check-media.mjs, scan-documents.py)"
199UM5kPOhSrTW-Ci2M-9yPnXiEiz8Sx_,2026-10-06,clean,"document minutes-2021-dec-2021-asc-minutes-en · pre-launch scan 2026-10-06: every page (pdftotext, PyMuPDF, pypdf) + Windows OCR of picture pages; both rule sets (check-media.mjs, scan-documents.py)"
11FkMm4oYQTEdbR9vN_CA6xivK4QDRQFG,2026-10-06,clean,"document minutes-2021-dec-2021-asc-minutes-es · pre-launch scan 2026-10-06: every page (pdftotext, PyMuPDF, pypdf) + Windows OCR of picture pages; both rule sets (check-media.mjs, scan-documents.py)"
1GgRFYudddD2WoTtq_BnygD0Mx9xD2eEc,2026-10-06,clean,"document minutes-2021-feb-2021-asc-minutes-en-redacted · pre-launch scan 2026-10-06: every page (pdftotext, PyMuPDF, pypdf) + Windows OCR of picture pages; both rule sets (check-media.mjs, scan-documents.py)"
1dI1qFO0Kqsi4cuDa8W7gdr9V3zpjNnYo,2026-10-06,clean,"document minutes-2021-feb-2021-asc-minutes-es-redacted · pre-launch scan 2026-10-06: every page (pdftotext, PyMuPDF, pypdf) + Windows OCR of picture pages; both rule sets (check-media.mjs, scan-documents.py)"
1tXNJ-oSlV4ESLUonH6jfScEKX3_sAk5K,2026-10-06,clean,"document minutes-2021-may-2021-asa-minutes-en · pre-launch scan 2026-10-06: every page (pdftotext, PyMuPDF, pypdf) + Windows OCR of picture pages; both rule sets (check-media.mjs, scan-documents.py)"
12A7u2iFzgVBi2vPLPTu9AqIlTIAvz2r4,2026-10-06,clean,"document minutes-2021-may-2021-asa-minutes-es · pre-launch scan 2026-10-06: every page (pdftotext, PyMuPDF, pypdf) + Windows OCR of picture pages; both rule sets (check-media.mjs, scan-documents.py)"
1tiwVLmXRHNObNzqUDbmDFZlK2C2yGT9y,2026-10-06,clean,"document minutes-2021-nov-2021-asc-minutes-en-redacted · pre-launch scan 2026-10-06: every page (pdftotext, PyMuPDF, pypdf) + Windows OCR of picture pages; both rule sets (check-media.mjs, scan-documents.py)"
1w03M3bMiq3PJGPtO_v85Ou0m64JuCdy-,2026-10-06,clean,"document minutes-2021-nov-2021-asc-minutes-es-redacted · pre-launch scan 2026-10-06: every page (pdftotext, PyMuPDF, pypdf) + Windows OCR of picture pages; both rule sets (check-media.mjs, scan-documents.py)"
1znoh9qvXBeFa-0T88zj9hy2hWAqRquYY,2026-10-06,clean,"document minutes-2021-oct-2021-asc-minutes-en-redacted · pre-launch scan 2026-10-06: every page (pdftotext, PyMuPDF, pypdf) + Windows OCR of picture pages; both rule sets (check-media.mjs, scan-documents.py)"
1pOJ1NlIdHvxNOfZvRBJoSaB7n-Eh1UMh,2026-10-06,clean,"document minutes-2021-oct-2021-asc-minutes-es · pre-launch scan 2026-10-06: every page (pdftotext, PyMuPDF, pypdf) + Windows OCR of picture pages; both rule sets (check-media.mjs, scan-documents.py)"
1-6XUQ_aRN2y5SPC6nwM3x7bPBwk-FznM,2026-10-06,cleared: role mailbox,"document minutes-2022-asc-minutes-march-2022-es-redacted · pre-launch scan 2026-10-06: every page (pdftotext, PyMuPDF, pypdf) + Windows OCR of picture pages; both rule sets (check-media.mjs, scan-documents.py)"
1XDCXiO3IYsHecRzXG6QXAPP6PBEdhZTp,2026-10-06,cleared: role mailbox,"document minutes-2022-aug-2022-asc-minutes-en-redacted · pre-launch scan 2026-10-06: every page (pdftotext, PyMuPDF, pypdf) + Windows OCR of picture pages; both rule sets (check-media.mjs, scan-documents.py)"
1oRT38zXZrkiH76KNoltzYI75QJ3tVred,2026-10-06,cleared: role mailbox,"document minutes-2022-aug-2022-asc-minutes-es-redacted · pre-launch scan 2026-10-06: every page (pdftotext, PyMuPDF, pypdf) + Windows OCR of picture pages; both rule sets (check-media.mjs, scan-documents.py)"
1c7ArzWD66eDS5ynRN3n-d4dWRZ-TBRsV,2026-10-06,clean,"document minutes-2022-board-minutes-april-2022-en · pre-launch scan 2026-10-06: every page (pdftotext, PyMuPDF, pypdf) + Windows OCR of picture pages; both rule sets (check-media.mjs, scan-documents.py)"
1DOQF6B0AFq2l6XR-g0EH_MDDmKmJomUz,2026-10-06,"cleared: sobriety phrase without a member's date (requirement, heading, total, anonymous sharing or length only)","document minutes-2022-board-minutes-june-2022-en · pre-launch scan 2026-10-06: every page (pdftotext, PyMuPDF, pypdf) + Windows OCR of picture pages; both rule sets (check-media.mjs, scan-documents.py)"
1uJHy8of2CDPPJM3Tf1LMJcThbnNA5GOh,2026-10-06,clean,"document minutes-2022-executive-board-minutes-january-16-2022-en · pre-launch scan 2026-10-06: every page (pdftotext, PyMuPDF, pypdf) + Windows OCR of picture pages; both rule sets (check-media.mjs, scan-documents.py)"
1zK_DZI6u24pZQLuz2zyd_HLQ5QpsgPf2,2026-10-06,"cleared: role or event mailbox, or a text-extraction fragment","document minutes-2022-feb-2022-asc-minutes-en-redacted · pre-launch scan 2026-10-06: every page (pdftotext, PyMuPDF, pypdf) + Windows OCR of picture pages; both rule sets (check-media.mjs, scan-documents.py)"
1rG5VAuDf9Ma6mS0ojzRXYTS1oi4idkGv,2026-10-06,"cleared: role mailbox; role or event mailbox, or a text-extraction fragment","document minutes-2022-feb-2022-asc-minutes-es-redacted · pre-launch scan 2026-10-06: every page (pdftotext, PyMuPDF, pypdf) + Windows OCR of picture pages; both rule sets (check-media.mjs, scan-documents.py)"
1_LxYquUt8EA_JJD_8Iq6JWWkYOhkIRPb,2026-10-06,cleared: role mailbox,"document minutes-2022-mar-2022-asc-minutes-en · pre-launch scan 2026-10-06: every page (pdftotext, PyMuPDF, pypdf) + Windows OCR of picture pages; both rule sets (check-media.mjs, scan-documents.py)"
1cHIsI6YOpEk2HbWbPDlUUG1YEYqSeBhK,2026-10-06,clean,"document minutes-2022-may-2022-asa-minutes-en-redacted · pre-launch scan 2026-10-06: every page (pdftotext, PyMuPDF, pypdf) + Windows OCR of picture pages; both rule sets (check-media.mjs, scan-documents.py)"
1aVykqG4AtD3JbvA-e7W3a6f2JxbptcMl,2026-10-06,cleared: Zoom meeting ID or dial-in number,"document minutes-2022-may-2022-asa-minutes-es-redacted · pre-launch scan 2026-10-06: every page (pdftotext, PyMuPDF, pypdf) + Windows OCR of picture pages; both rule sets (check-media.mjs, scan-documents.py)"
1PR55vObrsvt2pPdudbUXsTVAilZx-vey,2026-10-06,cleared: role mailbox,"document minutes-2022-oct-2022-asc-minutes-en-redacted · pre-launch scan 2026-10-06: every page (pdftotext, PyMuPDF, pypdf) + Windows OCR of picture pages; both rule sets (check-media.mjs, scan-documents.py)"
1lnNgQhioH8Qq3Tdg1k9muDwg8YVF95G2,2026-10-06,cleared: role mailbox,"document minutes-2022-oct-2022-asc-minutes-es-redacted · pre-launch scan 2026-10-06: every page (pdftotext, PyMuPDF, pypdf) + Windows OCR of picture pages; both rule sets (check-media.mjs, scan-documents.py)"
1uue2ybrcXp5P_4TB-W4HZvHpcfCKXhr9,2026-10-06,cleared: role mailbox,"document minutes-2022-officers-directors-board-minutes-august-28-2022-en-redacted · pre-launch scan 2026-10-06: every page (pdftotext, PyMuPDF, pypdf) + Windows OCR of picture pages; both rule sets (check-media.mjs, scan-documents.py)"
1Vq58fcKmvlHt3YcHR0TCSd44XCbT0Mso,2026-10-06,"cleared: role or event mailbox, or a text-extraction fragment","document minutes-2022-officers-directors-board-minutes-february-20-2022-en · pre-launch scan 2026-10-06: every page (pdftotext, PyMuPDF, pypdf) + Windows OCR of picture pages; both rule sets (check-media.mjs, scan-documents.py)"
1mMAfIiWaC8wX3cIBMEpaw8Sw7PhV3LfM,2026-10-06,cleared: role mailbox,"document minutes-2022-officers-directors-board-minutes-july-17-2022-en · pre-launch scan 2026-10-06: every page (pdftotext, PyMuPDF, pypdf) + Windows OCR of picture pages; both rule sets (check-media.mjs, scan-documents.py)"
1Tc5JTDiwCumuLOf4M3hgqH_tFQSkHaTt,2026-10-06,clean,"document minutes-2022-officers-directors-board-minutes-march-20-2022-en · pre-launch scan 2026-10-06: every page (pdftotext, PyMuPDF, pypdf) + Windows OCR of picture pages; both rule sets (check-media.mjs, scan-documents.py)"
1QGk6cdoAnTASiBNsuhjDhiL3gjPEPEpF,2026-10-06,clean,"document minutes-2022-officers-directors-board-minutes-may-2022-en-redacted · pre-launch scan 2026-10-06: every page (pdftotext, PyMuPDF, pypdf) + Windows OCR of picture pages; both rule sets (check-media.mjs, scan-documents.py)"
1IdeBUwJ6pRCphWfqfIdNYJvEhO6JOdjB,2026-10-06,clean,"document minutes-2022-sept-2022-asa-minutes-en-redacted · pre-launch scan 2026-10-06: every page (pdftotext, PyMuPDF, pypdf) + Windows OCR of picture pages; both rule sets (check-media.mjs, scan-documents.py) · re-redacted 2026-10-06 (personal phone numbers removed), then read again"
1_sqs2xYD7WkklHT45W-ByYWZBFs_dGrI,2026-10-06,clean,"document minutes-2022-sept-2022-asa-minutes-es-redacted · pre-launch scan 2026-10-06: every page (pdftotext, PyMuPDF, pypdf) + Windows OCR of picture pages; both rule sets (check-media.mjs, scan-documents.py) · re-redacted 2026-10-06 (personal phone numbers removed), then read again"
1DZxymKCNntT5bQ3Kqk8CgQU7Do4FOtb_,2026-10-06,cleared: role mailbox,"document minutes-2023-asc-minutes-december-10-2023-es-redacted · pre-launch scan 2026-10-06: every page (pdftotext, PyMuPDF, pypdf) + Windows OCR of picture pages; both rule sets (check-media.mjs, scan-documents.py)"
1FSoyAQZIMHpnuy5RydJgxEeYE7ZbrYyR,2026-10-06,clean,"document minutes-2023-asc-minutes-december-2023-en-redacted · pre-launch scan 2026-10-06: every page (pdftotext, PyMuPDF, pypdf) + Windows OCR of picture pages; both rule sets (check-media.mjs, scan-documents.py)"
1BdQDYrBxrkhdXzk0wck2nXh3ODURbZb1,2026-10-06,cleared: role mailbox,"document minutes-2023-asc-minutes-november-12-2023-es-redacted · pre-launch scan 2026-10-06: every page (pdftotext, PyMuPDF, pypdf) + Windows OCR of picture pages; both rule sets (check-media.mjs, scan-documents.py)"
10Wruww-BZKIqqDKnlzj7QIYuyj2xfOoe,2026-10-06,"cleared: not a member's full name (place, group, heading, staff or historic name)","document minutes-2023-aug-2023-asc-minutes-en-redacted · pre-launch scan 2026-10-06: every page (pdftotext, PyMuPDF, pypdf) + Windows OCR of picture pages; both rule sets (check-media.mjs, scan-documents.py) · re-redacted 2026-10-06 (personal phone numbers removed), then read again"
1gcry9g6lYFZI4in-ANgtwC3UFsljI_5t,2026-10-06,clean,"document minutes-2023-aug-2023-asc-minutes-es-redacted · pre-launch scan 2026-10-06: every page (pdftotext, PyMuPDF, pypdf) + Windows OCR of picture pages; both rule sets (check-media.mjs, scan-documents.py)"
1EvzcyCgDhuelJRPbZ2Z2Nvfvok9xVgpB,2026-10-06,clean,"document minutes-2023-feb-2023-asc-minutes-en-redacted · pre-launch scan 2026-10-06: every page (pdftotext, PyMuPDF, pypdf) + Windows OCR of picture pages; both rule sets (check-media.mjs, scan-documents.py)"
1Rn_DjD-whwXHJe98UERr54qboVsy5Sts,2026-10-06,clean,"document minutes-2023-feb-2023-asc-minutes-es-redacted · pre-launch scan 2026-10-06: every page (pdftotext, PyMuPDF, pypdf) + Windows OCR of picture pages; both rule sets (check-media.mjs, scan-documents.py)"
1AzFsZ-5FEy7sAAOCYTWuiAvz4YV3Deux,2026-10-06,"cleared: sobriety phrase without a member's date (requirement, heading, total, anonymous sharing or length only)","document minutes-2023-jan-2023-asa-minutes-en-redacted · pre-launch scan 2026-10-06: every page (pdftotext, PyMuPDF, pypdf) + Windows OCR of picture pages; both rule sets (check-media.mjs, scan-documents.py)"
1T1xi8povWSdkzLg4Ccgpcshm4WEHKdUW,2026-10-06,"cleared: sobriety phrase without a member's date (requirement, heading, total, anonymous sharing or length only)","document minutes-2023-jan-2023-asa-minutes-es-redacted · pre-launch scan 2026-10-06: every page (pdftotext, PyMuPDF, pypdf) + Windows OCR of picture pages; both rule sets (check-media.mjs, scan-documents.py)"
17O3Sn6Dxu1NlCsA7eCBgLSmzZdFmmlqp,2026-10-06,clean,"document minutes-2023-jun-2023-asc-minutes-en-redacted · pre-launch scan 2026-10-06: every page (pdftotext, PyMuPDF, pypdf) + Windows OCR of picture pages; both rule sets (check-media.mjs, scan-documents.py) · re-redacted 2026-10-06 (personal e-mail addresses removed), then read again"
1XKxoYPjG9t8y7cdwm7nsUpU-g4YS5jUz,2026-10-06,clean,"document minutes-2023-mar-2023-asc-minutes-en-redacted · pre-launch scan 2026-10-06: every page (pdftotext, PyMuPDF, pypdf) + Windows OCR of picture pages; both rule sets (check-media.mjs, scan-documents.py)"
1adWUC138ex9SPbAGVsGIsHbtnv4hM6ji,2026-10-06,clean,"document minutes-2023-mar-2023-asc-minutes-es-redacted · pre-launch scan 2026-10-06: every page (pdftotext, PyMuPDF, pypdf) + Windows OCR of picture pages; both rule sets (check-media.mjs, scan-documents.py) · re-redacted 2026-10-06 (personal phone numbers removed), then read again"
1hnyHf9pvk-AuJODgv-7lVkI-zaSAt-SB,2026-10-06,clean,"document minutes-2023-may-2023-asa-minutes-en-redacted · pre-launch scan 2026-10-06: every page (pdftotext, PyMuPDF, pypdf) + Windows OCR of picture pages; both rule sets (check-media.mjs, scan-documents.py) · re-redacted 2026-10-06 (personal phone numbers, personal e-mail addresses removed), then read again"
133VMOUmsEoOIMFhPrxiweuvh-fFzc4kg,2026-10-06,cleared: role mailbox,"document minutes-2023-may-2023-asa-minutes-es-redacted · pre-launch scan 2026-10-06: every page (pdftotext, PyMuPDF, pypdf) + Windows OCR of picture pages; both rule sets (check-media.mjs, scan-documents.py)"
1tQ-HvZyj613YMFFK6QvQZxOlLUIECmiD,2026-10-06,clean,"document minutes-2023-nov-2023-asc-minutes-en-redacted · pre-launch scan 2026-10-06: every page (pdftotext, PyMuPDF, pypdf) + Windows OCR of picture pages; both rule sets (check-media.mjs, scan-documents.py) · re-redacted 2026-10-06 (personal e-mail addresses removed), then read again"
1u7uhPXHxXtG52xgGcU-752Ggpzav-It4,2026-10-06,"cleared: role or event mailbox, or a text-extraction fragment","document minutes-2023-nov-2023-asc-minutes-es-redacted · pre-launch scan 2026-10-06: every page (pdftotext, PyMuPDF, pypdf) + Windows OCR of picture pages; both rule sets (check-media.mjs, scan-documents.py) · re-redacted 2026-10-06 (personal e-mail addresses removed), then read again"
1J4OlKhugnlsSFsvkApbPjAc49uOTUy1h,2026-10-06,clean,"document minutes-2023-oct-2023-asa-minutes-en · pre-launch scan 2026-10-06: every page (pdftotext, PyMuPDF, pypdf) + Windows OCR of picture pages; both rule sets (check-media.mjs, scan-documents.py)"
1DtdEMAkTmoWbqUTZWYTxYiNpySu9IuZ5,2026-10-06,clean,"document minutes-2024-aug-2024-asc-minutes-en-redacted · pre-launch scan 2026-10-06: every page (pdftotext, PyMuPDF, pypdf) + Windows OCR of picture pages; both rule sets (check-media.mjs, scan-documents.py)"
1o1A1X0DesqScZ1a3iSbgIvaHDORdABQa,2026-10-06,clean,"document minutes-2024-aug-2024-asc-minutes-es-redacted · pre-launch scan 2026-10-06: every page (pdftotext, PyMuPDF, pypdf) + Windows OCR of picture pages; both rule sets (check-media.mjs, scan-documents.py)"
1SshDgKLBhDoePUOHYkm2_HGDdHuz9-bF,2026-10-06,clean,"document minutes-2024-dec-2024-asc-minutes-en-redacted · pre-launch scan 2026-10-06: every page (pdftotext, PyMuPDF, pypdf) + Windows OCR of picture pages; both rule sets (check-media.mjs, scan-documents.py)"
1ze215-Z1fcaR8tPodYU_y1P2WlpA4mt6,2026-10-06,"cleared: not a member's full name (place, group, heading, staff or historic name)","document minutes-2024-dec-2024-asc-minutes-es-redacted · pre-launch scan 2026-10-06: every page (pdftotext, PyMuPDF, pypdf) + Windows OCR of picture pages; both rule sets (check-media.mjs, scan-documents.py)"
1PpKxnL_HlOmpiaBHbx8tCDywpWt1rO5r,2026-10-06,clean,"document minutes-2024-feb-2024-asc-minutes-en-redacted · pre-launch scan 2026-10-06: every page (pdftotext, PyMuPDF, pypdf) + Windows OCR of picture pages; both rule sets (check-media.mjs, scan-documents.py)"
1qdzN6VfiQwBIA3fW2rt6VujxfdvMJwUt,2026-10-06,"cleared: not a member's full name (place, group, heading, staff or historic name)","document minutes-2024-feb-2024-asc-minutes-es-redacted · pre-launch scan 2026-10-06: every page (pdftotext, PyMuPDF, pypdf) + Windows OCR of picture pages; both rule sets (check-media.mjs, scan-documents.py)"
1jhSsusaO6uMZwXoL_wTLWuny74fMqJtb,2026-10-06,clean,"document minutes-2024-jan-2024-asa-minutes-es · pre-launch scan 2026-10-06: every page (pdftotext, PyMuPDF, pypdf) + Windows OCR of picture pages; both rule sets (check-media.mjs, scan-documents.py)"
14_3z1Oj0FWpMd1M9KHxdKd4g44TErSB-,2026-10-06,clean,"document minutes-2024-mar-2024-asc-minutes-en-redacted · pre-launch scan 2026-10-06: every page (pdftotext, PyMuPDF, pypdf) + Windows OCR of picture pages; both rule sets (check-media.mjs, scan-documents.py)"
1SJP7Y-RPzd82cqP9k1pk6ON_M-pzLcgA,2026-10-06,clean,"document minutes-2024-mar-2024-asc-minutes-es-redacted · pre-launch scan 2026-10-06: every page (pdftotext, PyMuPDF, pypdf) + Windows OCR of picture pages; both rule sets (check-media.mjs, scan-documents.py)"
1ScaqkEP2WISNg2mTRm0KWkpDq5vacLpX,2026-10-06,"cleared: not a member's full name (place, group, heading, staff or historic name)","document minutes-2024-may-2024-asc-minutes-en-redacted · pre-launch scan 2026-10-06: every page (pdftotext, PyMuPDF, pypdf) + Windows OCR of picture pages; both rule sets (check-media.mjs, scan-documents.py)"
1lPD6vrv7afT2dcmcWMkHAnXM_UFc2iUc,2026-10-06,"cleared: not a member's full name (place, group, heading, staff or historic name)","document minutes-2024-may-2024-asc-minutes-es-redacted · pre-launch scan 2026-10-06: every page (pdftotext, PyMuPDF, pypdf) + Windows OCR of picture pages; both rule sets (check-media.mjs, scan-documents.py)"
1dgoUa2ZYBjhXYZR1josryeWEjNPFx6Wf,2026-10-06,clean,"document minutes-2024-oct-2024-asc-minutes-en-redacted · pre-launch scan 2026-10-06: every page (pdftotext, PyMuPDF, pypdf) + Windows OCR of picture pages; both rule sets (check-media.mjs, scan-documents.py)"
1NZEQuVhySRnwLqpmn6omAyT2X-FKJTK8,2026-10-06,clean,"document minutes-2024-oct-2024-asc-minutes-es-redacted · pre-launch scan 2026-10-06: every page (pdftotext, PyMuPDF, pypdf) + Windows OCR of picture pages; both rule sets (check-media.mjs, scan-documents.py)"
1n4_jDcXlCjemkTp8J-bDYrveOA9DgU2N,2026-10-06,clean,"document minutes-2024-sep-2024-asa-minutes-es-redacted · pre-launch scan 2026-10-06: every page (pdftotext, PyMuPDF, pypdf) + Windows OCR of picture pages; both rule sets (check-media.mjs, scan-documents.py)"
1xhyI3LquBbUSAP3OJyblDuiSfWgPGbUt,2026-10-06,clean,"document minutes-2024-sept-2024-asa-minutes-en-redacted · pre-launch scan 2026-10-06: every page (pdftotext, PyMuPDF, pypdf) + Windows OCR of picture pages; both rule sets (check-media.mjs, scan-documents.py)"
1KaiCbV4sa9EwDsYZ202-nXXSK-U1cvHt,2026-10-06,clean,"document minutes-2026-es-mayo-2026-docx · pre-launch scan 2026-10-06: every page (pdftotext, PyMuPDF, pypdf) + Windows OCR of picture pages; both rule sets (check-media.mjs, scan-documents.py)"
11Q1KozzKgm7FxZCuDyZvZGr0mOTM8rs3,2026-10-06,"cleared: not a member's full name (place, group, heading, staff or historic name); sobriety phrase without a member's date (requirement, heading, total, anonymous sharing or length only)","document minutes-2026-may-2026-area-assembly-approved-minutes-docx · pre-launch scan 2026-10-06: every page (pdftotext, PyMuPDF, pypdf) + Windows OCR of picture pages; both rule sets (check-media.mjs, scan-documents.py)"
1SZjUZHNVAOTz-4lPO4VaV98nS8sNGTdV,2026-10-06,"cleared: not a member's full name (place, group, heading, staff or historic name)","document motions-2018-area-motions-2010-2018-en-redacted · pre-launch scan 2026-10-06: every page (pdftotext, PyMuPDF, pypdf) + Windows OCR of picture pages; both rule sets (check-media.mjs, scan-documents.py)"
1va4jnnmttSWA5aVGBEFGYpm_IASgSnRX,2026-10-06,clean,"document motions-2021-area-motions-2021-panel-70-en · pre-launch scan 2026-10-06: every page (pdftotext, PyMuPDF, pypdf) + Windows OCR of picture pages; both rule sets (check-media.mjs, scan-documents.py)"
1J-uSHnQE5wQV7N8gIJTjc6BU1XEMwhWI,2026-10-06,clean,"document motions-2022-area-motions-2022-panel-72-en · pre-launch scan 2026-10-06: every page (pdftotext, PyMuPDF, pypdf) + Windows OCR of picture pages; both rule sets (check-media.mjs, scan-documents.py)"
1R0WT3AfgOg_k6Vz7xc-YHkPuPc3qCsMu,2026-10-06,clean,"document motions-2023-area-motions-2023-panel-72-en · pre-launch scan 2026-10-06: every page (pdftotext, PyMuPDF, pypdf) + Windows OCR of picture pages; both rule sets (check-media.mjs, scan-documents.py)"
1kdy_lVi-8yRcxl9dN1JAnBnhq2COT5-1,2026-10-06,clean,"document motions-2023-district-15-motion-to-change-the-a-a-preamble-read-at-area-meetings-2023-06-en · pre-launch scan 2026-10-06: every page (pdftotext, PyMuPDF, pypdf) + Windows OCR of picture pages; both rule sets (check-media.mjs, scan-documents.py)"
1yBAJ2c5uySJzjwPClfrp-8NtITwNIbsy,2026-10-06,clean,"document motions-2023-district-15-motion-to-change-the-a-a-preamble-read-at-area-meetings-2023-06-es · pre-launch scan 2026-10-06: every page (pdftotext, PyMuPDF, pypdf) + Windows OCR of picture pages; both rule sets (check-media.mjs, scan-documents.py)"
1u_f7OKxfRb16U_jR9k_rlrRzUbkQg8R2,2026-10-06,clean,"document motions-2023-district-23-motion-la-vina-grapevine-event-2024-en · pre-launch scan 2026-10-06: every page (pdftotext, PyMuPDF, pypdf) + Windows OCR of picture pages; both rule sets (check-media.mjs, scan-documents.py)"
1shCqsZlRMcoBJNnNIYoymshKWdzjcX-2,2026-10-06,clean,"document motions-2023-district-23-motion-la-vina-grapevine-event-2024-es · pre-launch scan 2026-10-06: every page (pdftotext, PyMuPDF, pypdf) + Windows OCR of picture pages; both rule sets (check-media.mjs, scan-documents.py)"
1k630W30xK7uuoYmILydHb8fxPGpKNBUl,2026-10-06,clean,"document motions-2023-motion-a-create-an-lgbtqia-standing-committee-june-2023-en · pre-launch scan 2026-10-06: every page (pdftotext, PyMuPDF, pypdf) + Windows OCR of picture pages; both rule sets (check-media.mjs, scan-documents.py)"
156T09LInwqIItyJFS27le8TKbO0XJhkL,2026-10-06,clean,"document motions-2023-motion-a-create-an-lgbtqia-standing-committee-june-2023-es · pre-launch scan 2026-10-06: every page (pdftotext, PyMuPDF, pypdf) + Windows OCR of picture pages; both rule sets (check-media.mjs, scan-documents.py)"
1_bSW5di6isFbi5LYRQSAdRo4dLyGy9Ft,2026-10-06,clean,"document motions-2023-motion-biannual-area-inventory-2023-06-en · pre-launch scan 2026-10-06: every page (pdftotext, PyMuPDF, pypdf) + Windows OCR of picture pages; both rule sets (check-media.mjs, scan-documents.py)"
1h4aMfFuMb5z0IRjyP_D9OAeCC3Pdh1DU,2026-10-06,clean,"document motions-2023-motion-biannual-area-inventory-2023-06-es · pre-launch scan 2026-10-06: every page (pdftotext, PyMuPDF, pypdf) + Windows OCR of picture pages; both rule sets (check-media.mjs, scan-documents.py)"
1hOLsRxOTmW2DGid0WMJaMfiqetg4fmab,2026-10-06,clean,"document motions-2023-motion-c-dcm-school-committee-guidelines-august-2023-en · pre-launch scan 2026-10-06: every page (pdftotext, PyMuPDF, pypdf) + Windows OCR of picture pages; both rule sets (check-media.mjs, scan-documents.py)"
16Fs1x8QL5Ykx9ZGRjfp3WnJLTPiW_gCv,2026-10-06,"cleared: sobriety phrase without a member's date (requirement, heading, total, anonymous sharing or length only)","document motions-2023-motion-c-dcm-school-committee-guidelines-august-2023-es · pre-launch scan 2026-10-06: every page (pdftotext, PyMuPDF, pypdf) + Windows OCR of picture pages; both rule sets (check-media.mjs, scan-documents.py)"
1AS99j0x0aWHi7D_76DUsaMgLYoCC14cT,2026-10-06,clean,"document motions-2023-motion-c-revised-area-guidelines-eligibility-section-august-2023-en · pre-launch scan 2026-10-06: every page (pdftotext, PyMuPDF, pypdf) + Windows OCR of picture pages; both rule sets (check-media.mjs, scan-documents.py)"
1sF0TSazvQTm8ImecwsJ7oP3BozKRGSLs,2026-10-06,clean,"document motions-2023-motion-c-revised-area-guidelines-eligibility-section-august-2023-es · pre-launch scan 2026-10-06: every page (pdftotext, PyMuPDF, pypdf) + Windows OCR of picture pages; both rule sets (check-media.mjs, scan-documents.py)"
1z5WAsaoa_10JfnxGcFdvPG1SCgKsDVNj,2026-10-06,clean,"document motions-2023-motion-d-create-a-hispanic-women-s-standing-committee-september-2023-en · pre-launch scan 2026-10-06: every page (pdftotext, PyMuPDF, pypdf) + Windows OCR of picture pages; both rule sets (check-media.mjs, scan-documents.py)"
1hgnSTJ3mnrihj_va-GnqgtEz0OTUbIME,2026-10-06,clean,"document motions-2023-motion-d-create-a-hispanic-women-s-standing-committee-september-2023-es · pre-launch scan 2026-10-06: every page (pdftotext, PyMuPDF, pypdf) + Windows OCR of picture pages; both rule sets (check-media.mjs, scan-documents.py)"
1DMy8gyta-sxAubuh04_bJTkR5G-db1BG,2026-10-06,clean,"document motions-2023-motion-e-make-the-delegate-s-share-back-a-stand-alone-event-districts-1-and-3-2023-06-en · pre-launch scan 2026-10-06: every page (pdftotext, PyMuPDF, pypdf) + Windows OCR of picture pages; both rule sets (check-media.mjs, scan-documents.py)"
1jyQtb3YzNghCSyXZAXSrGKX7KVzT2t3w,2026-10-06,clean,"document motions-2023-motion-e-make-the-delegate-s-share-back-a-stand-alone-event-districts-1-and-3-2023-06-es · pre-launch scan 2026-10-06: every page (pdftotext, PyMuPDF, pypdf) + Windows OCR of picture pages; both rule sets (check-media.mjs, scan-documents.py)"
1Tv3JAgoH-ZWtAX5dAULiGFg6THfHHQM9,2026-10-06,clean,"document motions-2023-motion-f-revised-literature-committee-guidelines-october-2023-en · pre-launch scan 2026-10-06: every page (pdftotext, PyMuPDF, pypdf) + Windows OCR of picture pages; both rule sets (check-media.mjs, scan-documents.py)"
1eDKqYvJC3ncM0Ld74anl8hrYLUtADCRN,2026-10-06,clean,"document motions-2023-motion-f-revised-literature-committee-guidelines-october-2023-es · pre-launch scan 2026-10-06: every page (pdftotext, PyMuPDF, pypdf) + Windows OCR of picture pages; both rule sets (check-media.mjs, scan-documents.py)"
1zwG6IHe_SLc6TCHSqfcB5zX23TnDOewf,2026-10-06,clean,"document motions-2023-motion-g-adopt-an-official-area-logo-2023-10-en · pre-launch scan 2026-10-06: every page (pdftotext, PyMuPDF, pypdf) + Windows OCR of picture pages; both rule sets (check-media.mjs, scan-documents.py)"
1qkvRyp2tYafwSm4zuPb107EqJOusvkAQ,2026-10-06,clean,"document motions-2023-motion-g-adopt-an-official-area-logo-2023-10-es · pre-launch scan 2026-10-06: every page (pdftotext, PyMuPDF, pypdf) + Windows OCR of picture pages; both rule sets (check-media.mjs, scan-documents.py)"
1BGhLtVoBtOUnUym7sgGlwJ6_jK5TW_b9,2026-10-06,clean,"document motions-2023-motion-g-area-meeting-locations-december-2023-asc-en · pre-launch scan 2026-10-06: every page (pdftotext, PyMuPDF, pypdf) + Windows OCR of picture pages; both rule sets (check-media.mjs, scan-documents.py)"
1b6VmkLImwnEk-QuxQv1atshMrmJkYoPZ,2026-10-06,clean,"document motions-2023-motion-g-area-meeting-locations-december-2023-asc-es · pre-launch scan 2026-10-06: every page (pdftotext, PyMuPDF, pypdf) + Windows OCR of picture pages; both rule sets (check-media.mjs, scan-documents.py)"
1shWQd3MsfqtdcZqXkZ5iZ51ZRc-HZXaz,2026-10-06,clean,"document motions-2023-motion-h-floor-motion-from-the-archives-committee-november-2023-en · pre-launch scan 2026-10-06: every page (pdftotext, PyMuPDF, pypdf) + Windows OCR of picture pages; both rule sets (check-media.mjs, scan-documents.py)"
1BtwmmcPf3wM8sw79f3RDdLtJEoHNiYDC,2026-10-06,clean,"document motions-2023-motion-h-floor-motion-from-the-archives-committee-november-2023-es · pre-launch scan 2026-10-06: every page (pdftotext, PyMuPDF, pypdf) + Windows OCR of picture pages; both rule sets (check-media.mjs, scan-documents.py)"
1m-UoVlnlj9xdydI8yH9vKQJXpfB4hwcQ,2026-10-06,clean,"document motions-2023-motion-on-event-scheduling-no-competing-area-events-in-the-same-month-2023-10-en · pre-launch scan 2026-10-06: every page (pdftotext, PyMuPDF, pypdf) + Windows OCR of picture pages; both rule sets (check-media.mjs, scan-documents.py)"
1p5XncXCjEFtL9zKSUFUBj7uuBpXr6uBI,2026-10-06,clean,"document motions-2023-motion-on-event-scheduling-no-competing-area-events-in-the-same-month-2023-10-es · pre-launch scan 2026-10-06: every page (pdftotext, PyMuPDF, pypdf) + Windows OCR of picture pages; both rule sets (check-media.mjs, scan-documents.py)"
1K2b4-In75gCa6GaD7UiOhAHEmpJa46T-,2026-10-06,clean,"document motions-2023-motions-for-the-august-2023-asc-es · pre-launch scan 2026-10-06: every page (pdftotext, PyMuPDF, pypdf) + Windows OCR of picture pages; both rule sets (check-media.mjs, scan-documents.py)"
1itHnHNpqhzK-WbuC9fA2M2tMttb03mLQ,2026-10-06,clean,"document motions-2023-motions-for-the-december-2023-asc-en · pre-launch scan 2026-10-06: every page (pdftotext, PyMuPDF, pypdf) + Windows OCR of picture pages; both rule sets (check-media.mjs, scan-documents.py)"
1Oo36Vbu2U05aDvbkj_MmUTNL7XFg30C0,2026-10-06,clean,"document motions-2023-motions-for-the-december-2023-asc-es · pre-launch scan 2026-10-06: every page (pdftotext, PyMuPDF, pypdf) + Windows OCR of picture pages; both rule sets (check-media.mjs, scan-documents.py)"
1ViTXWqKhAYK61hCIoL6x_c8QeCaZQ_y7,2026-10-06,clean,"document motions-2023-motions-for-the-june-2023-asc-en · pre-launch scan 2026-10-06: every page (pdftotext, PyMuPDF, pypdf) + Windows OCR of picture pages; both rule sets (check-media.mjs, scan-documents.py)"
13iapgzcdIqKH--3eZLMhhmseR-UVzv3Q,2026-10-06,clean,"document motions-2023-motions-for-the-june-2023-asc-es · pre-launch scan 2026-10-06: every page (pdftotext, PyMuPDF, pypdf) + Windows OCR of picture pages; both rule sets (check-media.mjs, scan-documents.py)"
1nLL2gtfJFDcSuQgYMCQBld-UQKEmAWct,2026-10-06,clean,"document motions-2024-area-budget-2024-en-redacted · pre-launch scan 2026-10-06: every page (pdftotext, PyMuPDF, pypdf) + Windows OCR of picture pages; both rule sets (check-media.mjs, scan-documents.py)"
1WxS_yUboZleBakUsLiOPzae2Y4AL98bv,2026-10-06,clean,"document motions-2024-area-budget-2024-es-redacted · pre-launch scan 2026-10-06: every page (pdftotext, PyMuPDF, pypdf) + Windows OCR of picture pages; both rule sets (check-media.mjs, scan-documents.py)"
1Ry85Z4KUIGdwIDex4JL6-4Grd2o1PivG,2026-10-06,clean,"document motions-2024-area-motions-2024-panel-74-en · pre-launch scan 2026-10-06: every page (pdftotext, PyMuPDF, pypdf) + Windows OCR of picture pages; both rule sets (check-media.mjs, scan-documents.py)"
1FlBMDhpBOjvgcZ-lFlg6d6b6w5wh-Bq2,2026-10-06,clean,"document motions-2024-communications-committee-motion-600-budget-increase-for-a-lead-translator-at-2024-04-en · pre-launch scan 2026-10-06: every page (pdftotext, PyMuPDF, pypdf) + Windows OCR of picture pages; both rule sets (check-media.mjs, scan-documents.py)"
13VT8JOfag-2yNxMrfqni58Oxm5plfdGQ,2026-10-06,clean,"document motions-2024-communications-committee-motion-600-budget-increase-for-a-lead-translator-at-2024-04-es · pre-launch scan 2026-10-06: every page (pdftotext, PyMuPDF, pypdf) + Windows OCR of picture pages; both rule sets (check-media.mjs, scan-documents.py)"
1FlCeHlMdznEqbHJl4fpxloeBeSvXhePq,2026-10-06,clean,"document motions-2024-motion-a-area-meeting-locations-february-2024-asc-en · pre-launch scan 2026-10-06: every page (pdftotext, PyMuPDF, pypdf) + Windows OCR of picture pages; both rule sets (check-media.mjs, scan-documents.py)"
1wmdEIOt570rV2qVSRtEHkeEs76P5Wt_1,2026-10-06,clean,"document motions-2024-motion-a-area-meeting-locations-february-2024-asc-es · pre-launch scan 2026-10-06: every page (pdftotext, PyMuPDF, pypdf) + Windows OCR of picture pages; both rule sets (check-media.mjs, scan-documents.py)"
1JxfwiWpivMnGRd5S33mDPrZeFW2FoVOs,2026-10-06,clean,"document motions-2024-motion-d-mileage-reimbursement-increase-august-2024-en-es · pre-launch scan 2026-10-06: every page (pdftotext, PyMuPDF, pypdf) + Windows OCR of picture pages; both rule sets (check-media.mjs, scan-documents.py)"
1_Crr7UEMV8b-j7ACm_bo-SkTPTXHfLzU,2026-10-06,clean,"document motions-2024-motion-letter-of-support-for-lacypaa-2024-10-en-es · pre-launch scan 2026-10-06: every page (pdftotext, PyMuPDF, pypdf) + Windows OCR of picture pages; both rule sets (check-media.mjs, scan-documents.py)"
1tnRg2-BBNwmlbGLS7nojbk6KV2CdT2BS,2026-10-06,clean,"document motions-2024-motion-to-fully-fund-the-delegate-s-expenses-for-the-2024-gsc-en-redacted · pre-launch scan 2026-10-06: every page (pdftotext, PyMuPDF, pypdf) + Windows OCR of picture pages; both rule sets (check-media.mjs, scan-documents.py)"
1ttdhHprc5YH4g43daxGCB2ORXxwvXuaX,2026-10-06,clean,"document motions-2024-motion-to-fully-fund-the-delegate-s-expenses-for-the-2024-gsc-es · pre-launch scan 2026-10-06: every page (pdftotext, PyMuPDF, pypdf) + Windows OCR of picture pages; both rule sets (check-media.mjs, scan-documents.py)"
16j_JYQWjUUr3diEX5vVSj0azUcfTXrsX,2026-10-06,clean,"document motions-2024-motions-for-the-february-2024-asc-en · pre-launch scan 2026-10-06: every page (pdftotext, PyMuPDF, pypdf) + Windows OCR of picture pages; both rule sets (check-media.mjs, scan-documents.py)"
17KCynngUNckSmUgWvIhCAddLlH1RNHwu,2026-10-06,clean,"document motions-2024-motions-for-the-february-2024-asc-es · pre-launch scan 2026-10-06: every page (pdftotext, PyMuPDF, pypdf) + Windows OCR of picture pages; both rule sets (check-media.mjs, scan-documents.py)"
1scRBBAupQ9GU3yaQbB9NRLJRxqur5Om2,2026-10-06,clean,"document motions-2024-motions-for-the-january-2024-assembly-en · pre-launch scan 2026-10-06: every page (pdftotext, PyMuPDF, pypdf) + Windows OCR of picture pages; both rule sets (check-media.mjs, scan-documents.py)"
1KsfL-qLMPhqLkQpIo51FIYGMruZpHvF3,2026-10-06,clean,"document motions-2024-motions-for-the-january-2024-assembly-es · pre-launch scan 2026-10-06: every page (pdftotext, PyMuPDF, pypdf) + Windows OCR of picture pages; both rule sets (check-media.mjs, scan-documents.py)"
1ovKLFcFDYidIZKLO22lCf9hm0vuhK8Ca,2026-10-06,clean,"document motions-2025-area-motions-2025-through-august-draft-en · pre-launch scan 2026-10-06: every page (pdftotext, PyMuPDF, pypdf) + Windows OCR of picture pages; both rule sets (check-media.mjs, scan-documents.py)"
1SRnAsxEpWNcpYBnl9fcbV1ScVZrvPDZd,2026-10-06,clean,"document motions-2025-motion-b-district-22-proposal-to-rescind-the-four-corners-motion-2025-05-en · pre-launch scan 2026-10-06: every page (pdftotext, PyMuPDF, pypdf) + Windows OCR of picture pages; both rule sets (check-media.mjs, scan-documents.py)"
12qTLXxFPNcelFpk1UgX4qMua3wHArY3X,2026-10-06,clean,"document motions-2025-motion-d-area-assembly-support-motion-2025-en · pre-launch scan 2026-10-06: every page (pdftotext, PyMuPDF, pypdf) + Windows OCR of picture pages; both rule sets (check-media.mjs, scan-documents.py)"
1sHwoEpI7DiKvFgjIe_GFsM3URj3V0g9n,2026-10-06,clean,"document motions-2025-motion-plain-language-big-book-in-spanish-2025-en · pre-launch scan 2026-10-06: every page (pdftotext, PyMuPDF, pypdf) + Windows OCR of picture pages; both rule sets (check-media.mjs, scan-documents.py)"
1Yq5FWRDj5qU4489lpx6LJ2FkRKnI-pxj,2026-10-06,clean,"document motions-motion-a-background-en · pre-launch scan 2026-10-06: every page (pdftotext, PyMuPDF, pypdf) + Windows OCR of picture pages; both rule sets (check-media.mjs, scan-documents.py)"
1KV7c789qjBX8jPTnjGDka_IbDxvL3Bpo,2026-10-06,clean,"document motions-motion-c-background-en · pre-launch scan 2026-10-06: every page (pdftotext, PyMuPDF, pypdf) + Windows OCR of picture pages; both rule sets (check-media.mjs, scan-documents.py)"
1j0AqwY6r6NFb0hhw3JwUy6wbXNXYIqs0,2026-10-06,clean,"document motions-motion-e-background-en · pre-launch scan 2026-10-06: every page (pdftotext, PyMuPDF, pypdf) + Windows OCR of picture pages; both rule sets (check-media.mjs, scan-documents.py)"
19oSHGLggdtoYmpFB4ru43iHgswydKBif,2026-10-06,clean,"document reports-2018-area-foro-2018-round-table-summaries-en · pre-launch scan 2026-10-06: every page (pdftotext, PyMuPDF, pypdf) + Windows OCR of picture pages; both rule sets (check-media.mjs, scan-documents.py)"
159VL5DZGNGhAk3GNl926p4ccn2CEsrNf,2026-10-06,clean,"document reports-2018-area-foro-2018-round-table-summaries-es · pre-launch scan 2026-10-06: every page (pdftotext, PyMuPDF, pypdf) + Windows OCR of picture pages; both rule sets (check-media.mjs, scan-documents.py)"
1kKL5ZdkzbM6kkN2q5bfppurIqB9Jnu_X,2026-10-06,"cleared: sobriety phrase without a member's date (requirement, heading, total, anonymous sharing or length only)","document reports-2019-area-foro-2019-round-table-summaries-es · pre-launch scan 2026-10-06: every page (pdftotext, PyMuPDF, pypdf) + Windows OCR of picture pages; both rule sets (check-media.mjs, scan-documents.py)"
1jdTZ2yI2rvjMuOJAwK0Dwlaa7hdFV39a,2026-10-06,clean,"document reports-2020-area-foro-2020-round-table-summaries-en · pre-launch scan 2026-10-06: every page (pdftotext, PyMuPDF, pypdf) + Windows OCR of picture pages; both rule sets (check-media.mjs, scan-documents.py)"
1UyXQCN5EIgZQbvxunU23T4VLZYGBs_Cz,2026-10-06,"cleared: sobriety phrase without a member's date (requirement, heading, total, anonymous sharing or length only)","document reports-2020-corrections-correspondence-cec-committee-minutes-december-13-2020-en · pre-launch scan 2026-10-06: every page (pdftotext, PyMuPDF, pypdf) + Windows OCR of picture pages; both rule sets (check-media.mjs, scan-documents.py)"
1cipIrGklX1uWHmZ-nGXHk6V9moYHQi-X,2026-10-06,clean,"document reports-2020-corrections-correspondence-cec-committee-minutes-december-6-2020-en · pre-launch scan 2026-10-06: every page (pdftotext, PyMuPDF, pypdf) + Windows OCR of picture pages; both rule sets (check-media.mjs, scan-documents.py)"
1cMOqLWwKzxUzeyegvsJ5vvcrDsL2Yomd,2026-10-06,clean,"document reports-2020-corrections-correspondence-cec-committee-minutes-september-13-2020-en · pre-launch scan 2026-10-06: every page (pdftotext, PyMuPDF, pypdf) + Windows OCR of picture pages; both rule sets (check-media.mjs, scan-documents.py)"
19mXq4wiPyRdz-bRnV3lTsVN-rJZQSC9U,2026-10-06,clean,"document reports-2020-corrections-correspondence-cec-committee-report-december-6-2020-en · pre-launch scan 2026-10-06: every page (pdftotext, PyMuPDF, pypdf) + Windows OCR of picture pages; both rule sets (check-media.mjs, scan-documents.py)"
1Cq-7FNHLve_GxfRO6Y6PUE3bzAvNHmhs,2026-10-06,clean,"document reports-2020-district-25-report-to-the-area-october-2020-en · pre-launch scan 2026-10-06: every page (pdftotext, PyMuPDF, pypdf) + Windows OCR of picture pages; both rule sets (check-media.mjs, scan-documents.py)"
1IdjGWnTURjjUb95zf70iIGrBQZ5dGlx3,2026-10-06,clean,"document reports-2020-district-8-report-to-the-area-december-2020-en · pre-launch scan 2026-10-06: every page (pdftotext, PyMuPDF, pypdf) + Windows OCR of picture pages; both rule sets (check-media.mjs, scan-documents.py)"
1eabx0D6TP2Mtd4zZcjuJJn6-2E9fU1mf,2026-10-06,clean,"document reports-2021-30th-area-foro-2021-round-table-summaries-en · pre-launch scan 2026-10-06: every page (pdftotext, PyMuPDF, pypdf) + Windows OCR of picture pages; both rule sets (check-media.mjs, scan-documents.py)"
1K5VJSjg1UE1hgYFCGseiPeDqk5p7Bn6V,2026-10-06,clean,"document reports-2021-30th-area-foro-2021-round-table-summaries-es · pre-launch scan 2026-10-06: every page (pdftotext, PyMuPDF, pypdf) + Windows OCR of picture pages; both rule sets (check-media.mjs, scan-documents.py)"
1EX0fFwiPjYTHqxLb968al2-UeFuXbJFk,2026-10-06,cleared: role mailbox,"document reports-2021-area-report-december-2021-en-redacted · pre-launch scan 2026-10-06: every page (pdftotext, PyMuPDF, pypdf) + Windows OCR of picture pages; both rule sets (check-media.mjs, scan-documents.py)"
1cWkSykKVlmFD8OA4Wq6QgpVhtkBj0IeL,2026-10-06,cleared: role mailbox,"document reports-2021-area-report-july-2021-en-redacted · pre-launch scan 2026-10-06: every page (pdftotext, PyMuPDF, pypdf) + Windows OCR of picture pages; both rule sets (check-media.mjs, scan-documents.py)"
1d2tsB2-34U-OOCASTi9fVPOmC98dsb_T,2026-10-06,cleared: role mailbox,"document reports-2021-area-report-june-en-redacted · pre-launch scan 2026-10-06: every page (pdftotext, PyMuPDF, pypdf) + Windows OCR of picture pages; both rule sets (check-media.mjs, scan-documents.py)"
1GotciZQ-bNp6KjOGLIBCz23EH30pNj8N,2026-10-06,cleared: role mailbox,"document reports-2021-area-report-november-en-redacted · pre-launch scan 2026-10-06: every page (pdftotext, PyMuPDF, pypdf) + Windows OCR of picture pages; both rule sets (check-media.mjs, scan-documents.py)"
1OdXi5oEY1anlgyBPovVAuEJ-LrUATqC0,2026-10-06,cleared: role mailbox,"document reports-2021-area-report-october-en-redacted · pre-launch scan 2026-10-06: every page (pdftotext, PyMuPDF, pypdf) + Windows OCR of picture pages; both rule sets (check-media.mjs, scan-documents.py)"
1K4MdsnWM09zA5G_ohxbJ2O3Hf4t_J8II,2026-10-06,cleared: role mailbox,"document reports-2021-area-report-september-2021-en-redacted · pre-launch scan 2026-10-06: every page (pdftotext, PyMuPDF, pypdf) + Windows OCR of picture pages; both rule sets (check-media.mjs, scan-documents.py)"
1IzHdmzKbpHCKaKnExq0lvHiFb5lH41u1,2026-10-06,clean,"document reports-2021-corrections-correspondence-cec-committee-minutes-december-12-2021-en · pre-launch scan 2026-10-06: every page (pdftotext, PyMuPDF, pypdf) + Windows OCR of picture pages; both rule sets (check-media.mjs, scan-documents.py)"
1bh1_gg4dMd3xUanr_Ux0ZAmcMnfMfmlw,2026-10-06,clean,"document reports-2021-corrections-correspondence-cec-committee-minutes-february-14-2021-en · pre-launch scan 2026-10-06: every page (pdftotext, PyMuPDF, pypdf) + Windows OCR of picture pages; both rule sets (check-media.mjs, scan-documents.py)"
18y_-xJ26t6NatuSJY_ShA2E5Toa-toOa,2026-10-06,cleared: General Service Office line,"document reports-2021-corrections-correspondence-cec-committee-minutes-january-10-2021-en · pre-launch scan 2026-10-06: every page (pdftotext, PyMuPDF, pypdf) + Windows OCR of picture pages; both rule sets (check-media.mjs, scan-documents.py)"
1pTVTHg_5RcNi1UzR74GC_6OOlMqW9WFQ,2026-10-06,clean,"document reports-2021-corrections-correspondence-cec-committee-minutes-january-27-2021-en · pre-launch scan 2026-10-06: every page (pdftotext, PyMuPDF, pypdf) + Windows OCR of picture pages; both rule sets (check-media.mjs, scan-documents.py)"
1Kyqtc6n4OmPmhAbOe8URUq14G_f5jxNN,2026-10-06,clean,"document reports-2021-corrections-correspondence-cec-committee-minutes-june-13-2021-en · pre-launch scan 2026-10-06: every page (pdftotext, PyMuPDF, pypdf) + Windows OCR of picture pages; both rule sets (check-media.mjs, scan-documents.py)"
1ezE1q9mNMljs-pWH5QU8gdQLZp5RxByr,2026-10-06,clean,"document reports-2021-corrections-correspondence-cec-committee-minutes-march-14-2021-en · pre-launch scan 2026-10-06: every page (pdftotext, PyMuPDF, pypdf) + Windows OCR of picture pages; both rule sets (check-media.mjs, scan-documents.py)"
11o4P1QIDC0DoEChpcvUvBRtxjS2W7nI5,2026-10-06,clean,"document reports-2021-corrections-correspondence-cec-committee-minutes-may-2-2021-en · pre-launch scan 2026-10-06: every page (pdftotext, PyMuPDF, pypdf) + Windows OCR of picture pages; both rule sets (check-media.mjs, scan-documents.py)"
1C7NC3ozKQI4gbf5D2QDwz-H8MIyiqrpL,2026-10-06,clean,"document reports-2021-corrections-correspondence-cec-committee-minutes-november-27-2021-en · pre-launch scan 2026-10-06: every page (pdftotext, PyMuPDF, pypdf) + Windows OCR of picture pages; both rule sets (check-media.mjs, scan-documents.py)"
1qrFmXqx2crfIKu9opSs_etlnhOZFzBnX,2026-10-06,clean,"document reports-2021-corrections-correspondence-cec-committee-minutes-november-7-2021-en · pre-launch scan 2026-10-06: every page (pdftotext, PyMuPDF, pypdf) + Windows OCR of picture pages; both rule sets (check-media.mjs, scan-documents.py)"
1wayNDLg1TWfRgOAFvFc11KXbot_r0hjf,2026-10-06,clean,"document reports-2021-district-12-report-to-the-area-december-2021-en-redacted · pre-launch scan 2026-10-06: every page (pdftotext, PyMuPDF, pypdf) + Windows OCR of picture pages; both rule sets (check-media.mjs, scan-documents.py)"
1L9wYXbTxMrtIiSOuZdc4yiBFq2iJC97Q,2026-10-06,clean,"document reports-2021-district-12-report-to-the-area-november-2021-en-redacted · pre-launch scan 2026-10-06: every page (pdftotext, PyMuPDF, pypdf) + Windows OCR of picture pages; both rule sets (check-media.mjs, scan-documents.py)"
19HyeyJH_vdub62BLXS4sI3GNSO5Obn7s,2026-10-06,clean,"document reports-2021-district-12-report-to-the-area-october-2021-en-redacted · pre-launch scan 2026-10-06: every page (pdftotext, PyMuPDF, pypdf) + Windows OCR of picture pages; both rule sets (check-media.mjs, scan-documents.py)"
17r_ohUE-YvvsjGCKjHh4EZZ32LIgsTSm,2026-10-06,clean,"document reports-2021-district-12-report-to-the-area-september-2021-en-redacted · pre-launch scan 2026-10-06: every page (pdftotext, PyMuPDF, pypdf) + Windows OCR of picture pages; both rule sets (check-media.mjs, scan-documents.py)"
19WXrYZrrmWcLHllG_hOfowngdM-kPSrj,2026-10-06,"cleared: role or event mailbox, or a text-extraction fragment","document reports-2021-district-8-report-to-the-area-august-2021-en · pre-launch scan 2026-10-06: every page (pdftotext, PyMuPDF, pypdf) + Windows OCR of picture pages; both rule sets (check-media.mjs, scan-documents.py)"
1oPxYnKJn_u99CLne_7C-bzb5hDCX1zZ9,2026-10-06,"cleared: role or event mailbox, or a text-extraction fragment","document reports-2021-district-8-report-to-the-area-december-2021-en · pre-launch scan 2026-10-06: every page (pdftotext, PyMuPDF, pypdf) + Windows OCR of picture pages; both rule sets (check-media.mjs, scan-documents.py)"
1v4rOUawmNNAA4tL9wY1x0jsXYjVL02dU,2026-10-06,"cleared: role or event mailbox, or a text-extraction fragment","document reports-2021-district-8-report-to-the-area-december-2021-revised-en · pre-launch scan 2026-10-06: every page (pdftotext, PyMuPDF, pypdf) + Windows OCR of picture pages; both rule sets (check-media.mjs, scan-documents.py)"
1TPFgVhfy62vRsSV126fQtEER3JRuFp-T,2026-10-06,"cleared: role or event mailbox, or a text-extraction fragment","document reports-2021-district-8-report-to-the-area-november-2021-en · pre-launch scan 2026-10-06: every page (pdftotext, PyMuPDF, pypdf) + Windows OCR of picture pages; both rule sets (check-media.mjs, scan-documents.py)"
1llnLRslNOxWuiEz6Ajsmr4oGwLueOMo2,2026-10-06,"cleared: role or event mailbox, or a text-extraction fragment","document reports-2021-district-8-report-to-the-area-october-2021-en · pre-launch scan 2026-10-06: every page (pdftotext, PyMuPDF, pypdf) + Windows OCR of picture pages; both rule sets (check-media.mjs, scan-documents.py)"
1nNTAmS5OWD61n2lG04V_QVuFt8p2tGG6,2026-10-06,"cleared: role or event mailbox, or a text-extraction fragment","document reports-2021-district-8-report-to-the-area-september-2021-en · pre-launch scan 2026-10-06: every page (pdftotext, PyMuPDF, pypdf) + Windows OCR of picture pages; both rule sets (check-media.mjs, scan-documents.py)"
1WKUzoVf-sAH0s2yNm-O-rdKZy559FXCL,2026-10-06,clean,"document reports-2021-gsr-school-committee-report-august-8-2021-en · pre-launch scan 2026-10-06: every page (pdftotext, PyMuPDF, pypdf) + Windows OCR of picture pages; both rule sets (check-media.mjs, scan-documents.py)"
1NCdzVSBYBz9eB-zKeiKunPFQihSWPBFd,2026-10-06,clean,"document reports-2021-summary-of-panel-70-cec-committee-actions-2021-12-en · pre-launch scan 2026-10-06: every page (pdftotext, PyMuPDF, pypdf) + Windows OCR of picture pages; both rule sets (check-media.mjs, scan-documents.py)"
1qdkjMNehOkwCo0Wz-BigkOeOU7_cLbui,2026-10-06,clean,"document reports-2022-31st-area-foro-2022-round-table-summaries-en · pre-launch scan 2026-10-06: every page (pdftotext, PyMuPDF, pypdf) + Windows OCR of picture pages; both rule sets (check-media.mjs, scan-documents.py)"
1OJnSehlz1xB_VGYC8OiESwt3ZjqdmpMM,2026-10-06,"cleared: sobriety phrase without a member's date (requirement, heading, total, anonymous sharing or length only)","document reports-2022-31st-area-foro-2022-round-table-summaries-es · pre-launch scan 2026-10-06: every page (pdftotext, PyMuPDF, pypdf) + Windows OCR of picture pages; both rule sets (check-media.mjs, scan-documents.py)"
19ma1DVfbG2D3HLii42K3LsrNO-1xRUnP,2026-10-06,clean,"document reports-2022-archives-committee-meeting-agenda-august-20-2022-en · pre-launch scan 2026-10-06: every page (pdftotext, PyMuPDF, pypdf) + Windows OCR of picture pages; both rule sets (check-media.mjs, scan-documents.py)"
16D2txaEyi7wBRIk2-2bgh2wMrxL6sEMG,2026-10-06,clean,"document reports-2022-archives-committee-report-june-12-2022-en · pre-launch scan 2026-10-06: every page (pdftotext, PyMuPDF, pypdf) + Windows OCR of picture pages; both rule sets (check-media.mjs, scan-documents.py)"
1EKFTcXs5pfM7QaKs7exs2fLktLaJ4x3-,2026-10-06,clean,"document reports-2022-area-09-february-2022-district-report-en-redacted · pre-launch scan 2026-10-06: every page (pdftotext, PyMuPDF, pypdf) + Windows OCR of picture pages; both rule sets (check-media.mjs, scan-documents.py)"
1jsNt7LRBQvH_xRKrjjnW-CfesPXvvZ3C,2026-10-06,cleared: Zoom meeting ID or dial-in number,"document reports-2022-ca-you-update-district-11-information-on-area09-website-en-redacted · pre-launch scan 2026-10-06: every page (pdftotext, PyMuPDF, pypdf) + Windows OCR of picture pages; both rule sets (check-media.mjs, scan-documents.py) · re-redacted 2026-10-06 (personal phone numbers, personal e-mail addresses removed), then read again"
1UPgq9ZZtM8gA3Dzp7K1tvpalxPdzhQn2,2026-10-06,clean,"document reports-2022-communications-committee-report-december-2022-en · pre-launch scan 2026-10-06: every page (pdftotext, PyMuPDF, pypdf) + Windows OCR of picture pages; both rule sets (check-media.mjs, scan-documents.py)"
1v_EV5hEk4htIhaa1T5U67lQCK8M91HNc,2026-10-06,clean,"document reports-2022-district-10-report-to-the-area-october-2022-en · pre-launch scan 2026-10-06: every page (pdftotext, PyMuPDF, pypdf) + Windows OCR of picture pages; both rule sets (check-media.mjs, scan-documents.py)"
1ZbvhEr9q1R7OR5SV6mtHmcK605y-Dx-g,2026-10-06,clean,"document reports-2022-district-17-report-to-the-area-august-9-2022-en · pre-launch scan 2026-10-06: every page (pdftotext, PyMuPDF, pypdf) + Windows OCR of picture pages; both rule sets (check-media.mjs, scan-documents.py)"
1Th6KzmiZOvEmvFfZxRWUg0c74XlkUq8N,2026-10-06,clean,"document reports-2022-district-17-report-to-the-area-march-2022-en · pre-launch scan 2026-10-06: every page (pdftotext, PyMuPDF, pypdf) + Windows OCR of picture pages; both rule sets (check-media.mjs, scan-documents.py)"
1A2AvBTO9CYIiaRA3jZZwItR_qP3ytv1s,2026-10-06,clean,"document reports-2022-district-17-report-to-the-area-november-8-2022-en · pre-launch scan 2026-10-06: every page (pdftotext, PyMuPDF, pypdf) + Windows OCR of picture pages; both rule sets (check-media.mjs, scan-documents.py)"
1EZDjh7Xpuh3cUpO1kJfL3USUMFcVq8m5,2026-10-06,clean,"document reports-2022-district-17-report-to-the-area-october-9-2022-en · pre-launch scan 2026-10-06: every page (pdftotext, PyMuPDF, pypdf) + Windows OCR of picture pages; both rule sets (check-media.mjs, scan-documents.py)"
18wXjTL-Hz2LwYiTYS6BtQokRVpD45T2V,2026-10-06,clean,"document reports-2022-district-18-report-to-the-area-april-2022-en · pre-launch scan 2026-10-06: every page (pdftotext, PyMuPDF, pypdf) + Windows OCR of picture pages; both rule sets (check-media.mjs, scan-documents.py)"
14j-d6TWJvMBar155Va1wTgT478iTLT_4,2026-10-06,clean,"document reports-2022-district-18-report-to-the-area-august-2022-en · pre-launch scan 2026-10-06: every page (pdftotext, PyMuPDF, pypdf) + Windows OCR of picture pages; both rule sets (check-media.mjs, scan-documents.py)"
1n9txXZvcnys7_WSN1cheM8bJkiibbjvG,2026-10-06,clean,"document reports-2022-district-18-report-to-the-area-december-2022-en · pre-launch scan 2026-10-06: every page (pdftotext, PyMuPDF, pypdf) + Windows OCR of picture pages; both rule sets (check-media.mjs, scan-documents.py)"
1_qgjqPSb6AARUrF6uIEMc2FTwLEMlur8,2026-10-06,clean,"document reports-2022-district-18-report-to-the-area-january-2022-en · pre-launch scan 2026-10-06: every page (pdftotext, PyMuPDF, pypdf) + Windows OCR of picture pages; both rule sets (check-media.mjs, scan-documents.py)"
1s_MAyDFT2eiI2lJ3jh7tVEWjPi4_htOx,2026-10-06,clean,"document reports-2022-district-18-report-to-the-area-may-2022-en · pre-launch scan 2026-10-06: every page (pdftotext, PyMuPDF, pypdf) + Windows OCR of picture pages; both rule sets (check-media.mjs, scan-documents.py)"
13clTBqvoGNTWrA1bgzjb5RMLjb_nqiF9,2026-10-06,clean,"document reports-2022-district-25-report-to-the-area-april-10-2022-es · pre-launch scan 2026-10-06: every page (pdftotext, PyMuPDF, pypdf) + Windows OCR of picture pages; both rule sets (check-media.mjs, scan-documents.py)"
1QuIpF7mY7FenS1qvhHjnXEdMwumCtd6N,2026-10-06,clean,"document reports-2022-district-25-report-to-the-area-january-9-2022-es · pre-launch scan 2026-10-06: every page (pdftotext, PyMuPDF, pypdf) + Windows OCR of picture pages; both rule sets (check-media.mjs, scan-documents.py)"
1Uc_PlrVuHFzSabYjHlyh2-XjtqSoCMj4,2026-10-06,clean,"document reports-2022-district-25-report-to-the-area-may-14-2022-es · pre-launch scan 2026-10-06: every page (pdftotext, PyMuPDF, pypdf) + Windows OCR of picture pages; both rule sets (check-media.mjs, scan-documents.py)"
1ZL5E52Zt-vFUmtLtutPqs7D5yqyortx8,2026-10-06,clean,"document reports-2022-district-5-report-to-the-area-july-2022-en · pre-launch scan 2026-10-06: every page (pdftotext, PyMuPDF, pypdf) + Windows OCR of picture pages; both rule sets (check-media.mjs, scan-documents.py)"
1lz4GDDmdGITOK8XiNXijQIFCGgYWLElr,2026-10-06,"cleared: sobriety phrase without a member's date (requirement, heading, total, anonymous sharing or length only)","document reports-2022-district-6-dcmc-report-june-12-2022-en-redacted · pre-launch scan 2026-10-06: every page (pdftotext, PyMuPDF, pypdf) + Windows OCR of picture pages; both rule sets (check-media.mjs, scan-documents.py)"
143_h4cIpM4bLaD0QfN3WtCOeaH30bpOw,2026-10-06,clean,"document reports-2022-district-6-report-to-the-area-december-6-2022-en-redacted · pre-launch scan 2026-10-06: every page (pdftotext, PyMuPDF, pypdf) + Windows OCR of picture pages; both rule sets (check-media.mjs, scan-documents.py)"
19qizXu0fbl5vQBPYFALaLad3ZcG8vGsv,2026-10-06,clean,"document reports-2022-district-6-report-to-the-area-july-2022-en · pre-launch scan 2026-10-06: every page (pdftotext, PyMuPDF, pypdf) + Windows OCR of picture pages; both rule sets (check-media.mjs, scan-documents.py)"
1-wVqWqawS_528HUqcQ53okoMCEnTBbvJ,2026-10-06,clean,"document reports-2022-district-6-report-to-the-area-september-6-2022-en · pre-launch scan 2026-10-06: every page (pdftotext, PyMuPDF, pypdf) + Windows OCR of picture pages; both rule sets (check-media.mjs, scan-documents.py)"
1QiTmoxFbXMlRm0_sAHk4ilxRZnao8j5Z,2026-10-06,clean,"document reports-2022-district-8-report-to-the-area-april-2022-en · pre-launch scan 2026-10-06: every page (pdftotext, PyMuPDF, pypdf) + Windows OCR of picture pages; both rule sets (check-media.mjs, scan-documents.py)"
191Y79GeTPhZKJgeMvAyYTCtV4JaNWc8_,2026-10-06,clean,"document reports-2022-district-8-report-to-the-area-august-2022-en-redacted · pre-launch scan 2026-10-06: every page (pdftotext, PyMuPDF, pypdf) + Windows OCR of picture pages; both rule sets (check-media.mjs, scan-documents.py)"
1Gq2mw7V3_65oABpvV63aPUwiuk6IjDku,2026-10-06,"cleared: sobriety phrase without a member's date (requirement, heading, total, anonymous sharing or length only)","document reports-2022-district-8-report-to-the-area-december-2022-en-redacted · pre-launch scan 2026-10-06: every page (pdftotext, PyMuPDF, pypdf) + Windows OCR of picture pages; both rule sets (check-media.mjs, scan-documents.py)"
1aSqIkTKeRqI1G9PhPrWsDhck8uV8kkGc,2026-10-06,"cleared: role or event mailbox, or a text-extraction fragment","document reports-2022-district-8-report-to-the-area-february-2022-en · pre-launch scan 2026-10-06: every page (pdftotext, PyMuPDF, pypdf) + Windows OCR of picture pages; both rule sets (check-media.mjs, scan-documents.py)"
1fPrGQb10EZYbyy392kG40vzIHCD7biKm,2026-10-06,"cleared: role or event mailbox, or a text-extraction fragment","document reports-2022-district-8-report-to-the-area-january-2022-en · pre-launch scan 2026-10-06: every page (pdftotext, PyMuPDF, pypdf) + Windows OCR of picture pages; both rule sets (check-media.mjs, scan-documents.py)"
1sswYSOyd_1WLDC2t6C8ahMX0YDBLfFzo,2026-10-06,clean,"document reports-2022-district-8-report-to-the-area-july-2022-en-redacted · pre-launch scan 2026-10-06: every page (pdftotext, PyMuPDF, pypdf) + Windows OCR of picture pages; both rule sets (check-media.mjs, scan-documents.py)"
1HhKcE8XX8HYFqRo43iqqvbxhPNnJYk-q,2026-10-06,clean,"document reports-2022-district-8-report-to-the-area-june-2022-en · pre-launch scan 2026-10-06: every page (pdftotext, PyMuPDF, pypdf) + Windows OCR of picture pages; both rule sets (check-media.mjs, scan-documents.py)"
1EIh9UFfdUiP2cKf3NV9Y4ZAcj57Mbe0L,2026-10-06,clean,"document reports-2022-district-8-report-to-the-area-march-2022-en · pre-launch scan 2026-10-06: every page (pdftotext, PyMuPDF, pypdf) + Windows OCR of picture pages; both rule sets (check-media.mjs, scan-documents.py)"
126z2NLyTHKmW9fU1IPF5OSGWe_nPQwAG,2026-10-06,clean,"document reports-2022-district-8-report-to-the-area-may-2022-en-redacted · pre-launch scan 2026-10-06: every page (pdftotext, PyMuPDF, pypdf) + Windows OCR of picture pages; both rule sets (check-media.mjs, scan-documents.py)"
1UKMMGfa5AyHgB7SZc9DRnR3Gp7SrsQWi,2026-10-06,clean,"document reports-2022-district-8-report-to-the-area-november-2022-en-redacted · pre-launch scan 2026-10-06: every page (pdftotext, PyMuPDF, pypdf) + Windows OCR of picture pages; both rule sets (check-media.mjs, scan-documents.py)"
1ooGt9hMAidBn6JsvK1VcfpkohwpGcvyf,2026-10-06,clean,"document reports-2022-district-8-report-to-the-area-september-2022-en · pre-launch scan 2026-10-06: every page (pdftotext, PyMuPDF, pypdf) + Windows OCR of picture pages; both rule sets (check-media.mjs, scan-documents.py)"
1JB4MFmZTAcvGYFS0RYn4GDDOt5MnbbZ4,2026-10-06,clean,"document reports-2022-district-9-report-to-the-area-may-15-2022-en · pre-launch scan 2026-10-06: every page (pdftotext, PyMuPDF, pypdf) + Windows OCR of picture pages; both rule sets (check-media.mjs, scan-documents.py)"
1quezM2vaPgFaGykg55PFIWltbqExLunD,2026-10-06,clean,"document reports-2022-districts-1-and-3-report-to-the-area-march-2022-en · pre-launch scan 2026-10-06: every page (pdftotext, PyMuPDF, pypdf) + Windows OCR of picture pages; both rule sets (check-media.mjs, scan-documents.py)"
16PlSyEMTyybXWqwMDuZ_qixB_LHHNPPt,2026-10-06,clean,"document reports-2022-districts-1-and-3-report-to-the-area-may-2022-en · pre-launch scan 2026-10-06: every page (pdftotext, PyMuPDF, pypdf) + Windows OCR of picture pages; both rule sets (check-media.mjs, scan-documents.py)"
1Q_ZwkRAlW9wW7mHkDXS1mmE-RM9z481M,2026-10-06,"cleared: General Service Office line; not a member's full name (place, group, heading, staff or historic name); sobriety phrase without a member's date (requirement, heading, total, anonymous sharing or length only)","document reports-2022-final-report-of-the-72nd-general-service-conference-anonymity-protected-edition-2022-04-es-redacted · pre-launch scan 2026-10-06: every page (pdftotext, PyMuPDF, pypdf) + Windows OCR of picture pages; both rule sets (check-media.mjs, scan-documents.py)"
11uTAcF6lUNsp7csiZl6IXzxuEPxeTuLC,2026-10-06,"cleared: General Service Office line; not a member's full name (place, group, heading, staff or historic name)","document reports-2022-final-report-of-the-72nd-general-service-conference-anonymity-protected-edition-2022-en-redacted · pre-launch scan 2026-10-06: every page (pdftotext, PyMuPDF, pypdf) + Windows OCR of picture pages; both rule sets (check-media.mjs, scan-documents.py)"
1cSvwRMk41zVLMTXXXR-m0GgbVfaJFsTe,2026-10-06,"cleared: meeting place, venue, business or map","document reports-2022-hispanic-women-s-workshop-committee-report-december-2022-en · pre-launch scan 2026-10-06: every page (pdftotext, PyMuPDF, pypdf) + Windows OCR of picture pages; both rule sets (check-media.mjs, scan-documents.py)"
1HTa1trbM9w-0L8_bFl5agZ_3S_TZFLIu,2026-10-06,clean,"document reports-2022-hispanic-women-s-workshop-committee-report-may-15-2022-en · pre-launch scan 2026-10-06: every page (pdftotext, PyMuPDF, pypdf) + Windows OCR of picture pages; both rule sets (check-media.mjs, scan-documents.py)"
10YAfLxvdKab9ah_LK96GnwmAOUiJb5pt,2026-10-06,clean,"document reports-2022-standing-committee-report-july-8-2022-en · pre-launch scan 2026-10-06: every page (pdftotext, PyMuPDF, pypdf) + Windows OCR of picture pages; both rule sets (check-media.mjs, scan-documents.py)"
125GuohGIBJWsvGuaiLDQQ838UoVOvnl2,2026-10-06,clean,"document reports-2022-standing-committee-reports-december-2022-en · pre-launch scan 2026-10-06: every page (pdftotext, PyMuPDF, pypdf) + Windows OCR of picture pages; both rule sets (check-media.mjs, scan-documents.py)"
1-n6-Y2wr1IM9-AFviGcs8EeggfCXjZOk,2026-10-06,clean,"document reports-2022-treatment-committee-report-october-9-2022-en · pre-launch scan 2026-10-06: every page (pdftotext, PyMuPDF, pypdf) + Windows OCR of picture pages; both rule sets (check-media.mjs, scan-documents.py)"
1L3L7NNQYqQUAx_KYne4Ivsq_uzMRymxa,2026-10-06,clean,"document reports-2022-treatment-committee-report-september-2022-en · pre-launch scan 2026-10-06: every page (pdftotext, PyMuPDF, pypdf) + Windows OCR of picture pages; both rule sets (check-media.mjs, scan-documents.py)"
1QIGo_RlIm_c4QdT9EQ_qUyl65GQBz9MJ,2026-10-06,clean,"document reports-2023-communications-committee-minutes-february-12-2023-en · pre-launch scan 2026-10-06: every page (pdftotext, PyMuPDF, pypdf) + Windows OCR of picture pages; both rule sets (check-media.mjs, scan-documents.py)"
1hM18vlSaxVbkfULCMF1QFUBT1RNiAoIA,2026-10-06,clean,"document reports-2023-communications-committee-minutes-february-12-2023-es · pre-launch scan 2026-10-06: every page (pdftotext, PyMuPDF, pypdf) + Windows OCR of picture pages; both rule sets (check-media.mjs, scan-documents.py)"
1MWFQdB9gw6xPEZh4dkyqsLk29Sgqr20T,2026-10-06,clean,"document reports-2023-communications-committee-minutes-june-11-2023-en · pre-launch scan 2026-10-06: every page (pdftotext, PyMuPDF, pypdf) + Windows OCR of picture pages; both rule sets (check-media.mjs, scan-documents.py)"
1PqyxYHsbOA-PD5irJo87aEEh9YRDsq6W,2026-10-06,clean,"document reports-2023-communications-committee-minutes-june-11-2023-es · pre-launch scan 2026-10-06: every page (pdftotext, PyMuPDF, pypdf) + Windows OCR of picture pages; both rule sets (check-media.mjs, scan-documents.py)"
1wF5S4aA1QkRVdDom3Z9GYuJT_hfYVAN3,2026-10-06,clean,"document reports-2023-communications-committee-report-january-2023-en · pre-launch scan 2026-10-06: every page (pdftotext, PyMuPDF, pypdf) + Windows OCR of picture pages; both rule sets (check-media.mjs, scan-documents.py)"
1SZ3e06ue8tygdHvuVwSz764SWNextneq,2026-10-06,clean,"document reports-2023-communications-committee-report-june-2023-en · pre-launch scan 2026-10-06: every page (pdftotext, PyMuPDF, pypdf) + Windows OCR of picture pages; both rule sets (check-media.mjs, scan-documents.py)"
1K0LHPB0I7l9i-ECS0VPHObgJRjiXV7sC,2026-10-06,clean,"document reports-2023-communications-committee-report-june-2023-es · pre-launch scan 2026-10-06: every page (pdftotext, PyMuPDF, pypdf) + Windows OCR of picture pages; both rule sets (check-media.mjs, scan-documents.py)"
15RW9-ZpVRO_wY88AllNVV3PYmpqsjJdv,2026-10-06,clean,"document reports-2023-dcmc-report-to-the-area-scan-may-2023-en · pre-launch scan 2026-10-06: every page (pdftotext, PyMuPDF, pypdf) + Windows OCR of picture pages; both rule sets (check-media.mjs, scan-documents.py)"
10LLqmbXc6HsngIYaZGS1e6R3i7FHRi1E,2026-10-06,clean,"document reports-2023-district-17-report-to-the-area-january-2023-en · pre-launch scan 2026-10-06: every page (pdftotext, PyMuPDF, pypdf) + Windows OCR of picture pages; both rule sets (check-media.mjs, scan-documents.py)"
1QqukA60kmQgX3EU3MuitAlFP5LzVYisy,2026-10-06,clean,"document reports-2023-district-17-report-to-the-area-june-2023-en · pre-launch scan 2026-10-06: every page (pdftotext, PyMuPDF, pypdf) + Windows OCR of picture pages; both rule sets (check-media.mjs, scan-documents.py)"
1zJxSdO33l5ekhUzXegsm0-TqhDfkl_DY,2026-10-06,clean,"document reports-2023-district-17-report-to-the-area-march-2023-en · pre-launch scan 2026-10-06: every page (pdftotext, PyMuPDF, pypdf) + Windows OCR of picture pages; both rule sets (check-media.mjs, scan-documents.py)"
1TSiPTZdH6uskm8YlmqJvkFaql-YouaCO,2026-10-06,clean,"document reports-2023-district-18-report-to-the-area-december-2023-en · pre-launch scan 2026-10-06: every page (pdftotext, PyMuPDF, pypdf) + Windows OCR of picture pages; both rule sets (check-media.mjs, scan-documents.py)"
1mjahVVuMwHrMGjvBBl5nYON7VmawUy07,2026-10-06,clean,"document reports-2023-district-18-report-to-the-area-march-2023-en · pre-launch scan 2026-10-06: every page (pdftotext, PyMuPDF, pypdf) + Windows OCR of picture pages; both rule sets (check-media.mjs, scan-documents.py)"
1j4ha2TbMocNL-F8HKC7UKd_Y-U8-FRSp,2026-10-06,clean,"document reports-2023-district-19-report-to-the-area-january-8-2023-en · pre-launch scan 2026-10-06: every page (pdftotext, PyMuPDF, pypdf) + Windows OCR of picture pages; both rule sets (check-media.mjs, scan-documents.py)"
1q9tk_UgoCMBplgdpswV8aYJ6N5JpwXez,2026-10-06,clean,"document reports-2023-district-25-report-to-the-area-january-8-2023-es · pre-launch scan 2026-10-06: every page (pdftotext, PyMuPDF, pypdf) + Windows OCR of picture pages; both rule sets (check-media.mjs, scan-documents.py)"
1dUsvjJAu4Eh-tEA0dlpPJqOHIPNDKeEc,2026-10-06,clean,"document reports-2023-literature-committee-minutes-june-11-2023-en-redacted · pre-launch scan 2026-10-06: every page (pdftotext, PyMuPDF, pypdf) + Windows OCR of picture pages; both rule sets (check-media.mjs, scan-documents.py) · re-redacted 2026-10-06 (personal e-mail addresses removed), then read again"
1_TVpmEGI9IxyRqZlHMCIBANs_T8k_Qpq,2026-10-06,clean,"document reports-2023-literature-committee-minutes-november-12-2023-en-redacted · pre-launch scan 2026-10-06: every page (pdftotext, PyMuPDF, pypdf) + Windows OCR of picture pages; both rule sets (check-media.mjs, scan-documents.py) · re-redacted 2026-10-06 (personal e-mail addresses removed), then read again"
1VY9OKnaGqxhDdvji22yxLc3qq1tmXDJo,2026-10-06,clean,"document reports-2023-literature-committee-report-february-12-2023-en · pre-launch scan 2026-10-06: every page (pdftotext, PyMuPDF, pypdf) + Windows OCR of picture pages; both rule sets (check-media.mjs, scan-documents.py)"
1ld4PfMns84HM1LRa2cxdNFUNtwVEB1zq,2026-10-06,clean,"document reports-2023-literature-committee-report-january-7-2023-en · pre-launch scan 2026-10-06: every page (pdftotext, PyMuPDF, pypdf) + Windows OCR of picture pages; both rule sets (check-media.mjs, scan-documents.py)"
1Lu9dn5pYueHfQ8ykt6JksCE2LFxP4T9-,2026-10-06,clean,"document reports-2023-literature-committee-report-january-8-2023-en-redacted · pre-launch scan 2026-10-06: every page (pdftotext, PyMuPDF, pypdf) + Windows OCR of picture pages; both rule sets (check-media.mjs, scan-documents.py)"
11MMRDBcmXCtTf1mg6ESTRNmxxFduable,2026-10-06,clean,"document reports-2023-panel-72-ad-hoc-committee-on-area-meeting-locations-memo-october-2023-en · pre-launch scan 2026-10-06: every page (pdftotext, PyMuPDF, pypdf) + Windows OCR of picture pages; both rule sets (check-media.mjs, scan-documents.py)"
1CLYhEZNq9US_K7cxoALGNUkOlzaKQuTk,2026-10-06,clean,"document reports-2023-panel-72-ad-hoc-committee-on-area-meeting-locations-memo-october-2023-es · pre-launch scan 2026-10-06: every page (pdftotext, PyMuPDF, pypdf) + Windows OCR of picture pages; both rule sets (check-media.mjs, scan-documents.py)"
16z9nMUF049a_I_0iJJsVS3zcSC2nsCUz,2026-10-06,clean,"document reports-2023-standing-committee-report-december-10-2023-en · pre-launch scan 2026-10-06: every page (pdftotext, PyMuPDF, pypdf) + Windows OCR of picture pages; both rule sets (check-media.mjs, scan-documents.py)"
1DaNYS4L3Ar1gRkJVvbEwB37bYg5V-NZu,2026-10-06,clean,"document reports-2023-treatment-committee-report-august-13-2023-en · pre-launch scan 2026-10-06: every page (pdftotext, PyMuPDF, pypdf) + Windows OCR of picture pages; both rule sets (check-media.mjs, scan-documents.py)"
19zcTXj1BDynwUkWgl-ARXNKBYPu2lMjZ,2026-10-06,clean,"document reports-2023-treatment-committee-report-february-2023-en · pre-launch scan 2026-10-06: every page (pdftotext, PyMuPDF, pypdf) + Windows OCR of picture pages; both rule sets (check-media.mjs, scan-documents.py)"
1_5m1TQhr0ZDpRvkZiSqHI4PvkJNXU-Nw,2026-10-06,clean,"document reports-2023-treatment-committee-report-january-8-2023-en · pre-launch scan 2026-10-06: every page (pdftotext, PyMuPDF, pypdf) + Windows OCR of picture pages; both rule sets (check-media.mjs, scan-documents.py)"
1sY2bEzC1JjM82OmbBNjoI0qKJoNpRMU9,2026-10-06,clean,"document reports-2023-treatment-committee-report-june-2023-en · pre-launch scan 2026-10-06: every page (pdftotext, PyMuPDF, pypdf) + Windows OCR of picture pages; both rule sets (check-media.mjs, scan-documents.py)"
1FAlFAAtgKn-bu-bbbOkkCYD30Q4aYoz3,2026-10-06,clean,"document reports-2023-treatment-committee-report-march-12-2023-en · pre-launch scan 2026-10-06: every page (pdftotext, PyMuPDF, pypdf) + Windows OCR of picture pages; both rule sets (check-media.mjs, scan-documents.py)"
1K7EhEZUcHTkMZEk2YAYJRwNb3i4o88Gw,2026-10-06,clean,"document reports-2023-treatment-committee-report-may-21-2023-en · pre-launch scan 2026-10-06: every page (pdftotext, PyMuPDF, pypdf) + Windows OCR of picture pages; both rule sets (check-media.mjs, scan-documents.py)"
1VzLkX12Wu_F4YbFvA5sFpvbJH_YqqmjO,2026-10-06,clean,"document reports-2023-treatment-committee-report-september-2023-en · pre-launch scan 2026-10-06: every page (pdftotext, PyMuPDF, pypdf) + Windows OCR of picture pages; both rule sets (check-media.mjs, scan-documents.py)"
1RjcqKxDjtWyFSkeqf10aUhe7SDmcZ2EQ,2026-10-06,clean,"document reports-2024-archives-repository-lease-renewal-proposal-june-2024-en · pre-launch scan 2026-10-06: every page (pdftotext, PyMuPDF, pypdf) + Windows OCR of picture pages; both rule sets (check-media.mjs, scan-documents.py)"
1vJzb0zZ7JzzvoEaSGwTZat2y5gZTDdcp,2026-10-06,clean,"document reports-2024-archives-repository-lease-renewal-proposal-june-2024-es · pre-launch scan 2026-10-06: every page (pdftotext, PyMuPDF, pypdf) + Windows OCR of picture pages; both rule sets (check-media.mjs, scan-documents.py)"
1MFVqH60OhW_Lygk_xFHI2TFMHnFiDuRi,2026-10-06,clean,"document reports-2024-area-09-bid-to-host-the-2028-pacific-regional-forum-en-es · pre-launch scan 2026-10-06: every page (pdftotext, PyMuPDF, pypdf) + Windows OCR of picture pages; both rule sets (check-media.mjs, scan-documents.py)"
1bp4atDpXPBlanLh_5SUQbCXYBVIhyEUy,2026-10-06,"cleared: role or event mailbox, or a text-extraction fragment","document reports-2024-dcm-school-report-february-2024-en · pre-launch scan 2026-10-06: every page (pdftotext, PyMuPDF, pypdf) + Windows OCR of picture pages; both rule sets (check-media.mjs, scan-documents.py)"
1OtAKg_Sx6SbSS-WsZ0m4Lw64rS-q8lvC,2026-10-06,clean,"document reports-2024-dcmc-report-january-2024-en-redacted · pre-launch scan 2026-10-06: every page (pdftotext, PyMuPDF, pypdf) + Windows OCR of picture pages; both rule sets (check-media.mjs, scan-documents.py)"
1p8sMwxL_aAL1avVh6PBOXqTsMwj9oElf,2026-10-06,clean,"document reports-2024-dcmc-report-to-the-area-august-2024-en · pre-launch scan 2026-10-06: every page (pdftotext, PyMuPDF, pypdf) + Windows OCR of picture pages; both rule sets (check-media.mjs, scan-documents.py)"
1xJmvGIWdAy0tTMAizeb4fjjv6Z4_Es75,2026-10-06,clean,"document reports-2024-dcmc-report-to-the-area-october-2024-en · pre-launch scan 2026-10-06: every page (pdftotext, PyMuPDF, pypdf) + Windows OCR of picture pages; both rule sets (check-media.mjs, scan-documents.py)"
1zqb1I_DcUt6UDJDoAQ73s4kq6FL26AKv,2026-10-06,cleared: role mailbox,"document reports-2024-district-12-report-to-the-area-february-2024-en · pre-launch scan 2026-10-06: every page (pdftotext, PyMuPDF, pypdf) + Windows OCR of picture pages; both rule sets (check-media.mjs, scan-documents.py)"
1yz6Od5T1zEMelT7OL85hUia8WWbGNYbp,2026-10-06,clean,"document reports-2024-district-12-report-to-the-area-january-2024-en-redacted · pre-launch scan 2026-10-06: every page (pdftotext, PyMuPDF, pypdf) + Windows OCR of picture pages; both rule sets (check-media.mjs, scan-documents.py)"
1bw-OEXWjtnXE8eXj3LEJgaWbwmaiDSrf,2026-10-06,clean,"document reports-2024-district-17-report-to-the-area-december-8-2024-en · pre-launch scan 2026-10-06: every page (pdftotext, PyMuPDF, pypdf) + Windows OCR of picture pages; both rule sets (check-media.mjs, scan-documents.py)"
1_M_UKFNyl85-xzd-dDbeSLto_uiuz9x4,2026-10-06,clean,"document reports-2024-district-22-report-to-the-area-october-2024-es · pre-launch scan 2026-10-06: every page (pdftotext, PyMuPDF, pypdf) + Windows OCR of picture pages; both rule sets (check-media.mjs, scan-documents.py)"
1GTzIiHe5V9qAotelkom9Cz860epWQIaC,2026-10-06,"cleared: General Service Office line; sobriety phrase without a member's date (requirement, heading, total, anonymous sharing or length only)","document reports-2024-pacific-regional-forum-2024-las-vegas-final-report-en · pre-launch scan 2026-10-06: every page (pdftotext, PyMuPDF, pypdf) + Windows OCR of picture pages; both rule sets (check-media.mjs, scan-documents.py)"
10BPVw0FEwMUdYXjwV5SZFdJDyDEy9POO,2026-10-06,"cleared: General Service Office line; sobriety phrase without a member's date (requirement, heading, total, anonymous sharing or length only)","document reports-2024-pacific-regional-forum-2024-las-vegas-final-report-es · pre-launch scan 2026-10-06: every page (pdftotext, PyMuPDF, pypdf) + Windows OCR of picture pages; both rule sets (check-media.mjs, scan-documents.py)"
1JDu5cM5z_l0NTBiHjn7QNoer8uSqldCw,2026-10-06,clean,"document reports-2024-pacific-regional-forum-bid-updated-oct-12th-en-redacted · pre-launch scan 2026-10-06: every page (pdftotext, PyMuPDF, pypdf) + Windows OCR of picture pages; both rule sets (check-media.mjs, scan-documents.py)"
1Lo7qWt1LWWM9HQVtiz-9b_tTPjnY-IuG,2026-10-06,clean,"document reports-2024-treatment-committee-report-april-2024-en · pre-launch scan 2026-10-06: every page (pdftotext, PyMuPDF, pypdf) + Windows OCR of picture pages; both rule sets (check-media.mjs, scan-documents.py)"
1Sa56WmdTUqkxfM6L21JbYCxwA2Meafjo,2026-10-06,clean,"document reports-2024-treatment-committee-report-march-2024-en · pre-launch scan 2026-10-06: every page (pdftotext, PyMuPDF, pypdf) + Windows OCR of picture pages; both rule sets (check-media.mjs, scan-documents.py)"
1gAJWai85GbqcD85ymliyMyVJcokjDGvH,2026-10-06,"cleared: not a member's full name (place, group, heading, staff or historic name)","document reports-2025-district-8-report-to-the-area-march-2025-en-redacted · pre-launch scan 2026-10-06: every page (pdftotext, PyMuPDF, pypdf) + Windows OCR of picture pages; both rule sets (check-media.mjs, scan-documents.py) · re-redacted 2026-10-06 (personal phone numbers, full names removed), then read again"
1Bnga6JcflKJyKuwPsKaUZZxM3AqYtVEd,2026-10-06,clean,"document reports-2026-conference-committee-on-agenda-report-76th-gsc-2026-04-en-redacted · pre-launch scan 2026-10-06: every page (pdftotext, PyMuPDF, pypdf) + Windows OCR of picture pages; both rule sets (check-media.mjs, scan-documents.py)"
1G-4Ps4UzeVzyR35b9FgMzPekBw4gQ3UD,2026-10-06,clean,"document reports-2026-conference-committee-on-cooperation-with-the-professional-community-report-76th-2026-04-en-redacted · pre-launch scan 2026-10-06: every page (pdftotext, PyMuPDF, pypdf) + Windows OCR of picture pages; both rule sets (check-media.mjs, scan-documents.py)"
1ocX23JrYD1ZmGZGAzHPUulo7ME7A23ts,2026-10-06,clean,"document reports-2026-conference-committee-on-corrections-report-76th-gsc-2026-04-en-redacted · pre-launch scan 2026-10-06: every page (pdftotext, PyMuPDF, pypdf) + Windows OCR of picture pages; both rule sets (check-media.mjs, scan-documents.py)"
1oP72WPgN_9m-akHfbkOGScl4QLZj0mLu,2026-10-06,clean,"document reports-2026-conference-committee-on-policy-admissions-report-76th-gsc-2026-04-en-redacted · pre-launch scan 2026-10-06: every page (pdftotext, PyMuPDF, pypdf) + Windows OCR of picture pages; both rule sets (check-media.mjs, scan-documents.py)"
1aDks1_WECDmZdzrkqUy_qasc-whi_tWJ,2026-10-06,clean,"document reports-2026-conference-committee-on-public-information-report-76th-gsc-2026-04-en-redacted · pre-launch scan 2026-10-06: every page (pdftotext, PyMuPDF, pypdf) + Windows OCR of picture pages; both rule sets (check-media.mjs, scan-documents.py)"
1oHvCwSXc2JTmh7ZFx3oFchotSXbYflkp,2026-10-06,clean,"document reports-2026-conference-committee-on-report-and-charter-report-76th-gsc-2026-04-en-redacted · pre-launch scan 2026-10-06: every page (pdftotext, PyMuPDF, pypdf) + Windows OCR of picture pages; both rule sets (check-media.mjs, scan-documents.py)"
1dbu_JHWhidSOJA-NzZp5fHmeoqsPjlo6,2026-10-06,clean,"document reports-2026-conference-committee-on-treatment-and-accessibilities-report-76th-gsc-2026-04-en-redacted · pre-launch scan 2026-10-06: every page (pdftotext, PyMuPDF, pypdf) + Windows OCR of picture pages; both rule sets (check-media.mjs, scan-documents.py)"
1uQQMt-1cdCnWC17E5uds-3b6Km7i0Y21,2026-10-06,cleared: role mailbox,"document reports-delegate-2021-shareback-flyer-2021-05-en-redacted · pre-launch scan 2026-10-06: every page (pdftotext, PyMuPDF, pypdf) + Windows OCR of picture pages; both rule sets (check-media.mjs, scan-documents.py)"
1DfRtJA0VkzcQIKobkyitxEPjBnCTERko,2026-10-06,clean,"document reports-delegate-2022-delegate-s-report-back-on-the-72nd-gsc-transcript-may-15-2022-en · pre-launch scan 2026-10-06: every page (pdftotext, PyMuPDF, pypdf) + Windows OCR of picture pages; both rule sets (check-media.mjs, scan-documents.py)"
1F9ODb3BsreiaxCKAOJd3bXWesFla6lDs,2026-10-06,clean,"document reports-delegate-2022-delegate-s-report-back-on-the-72nd-gsc-transcript-may-15-2022-es · pre-launch scan 2026-10-06: every page (pdftotext, PyMuPDF, pypdf) + Windows OCR of picture pages; both rule sets (check-media.mjs, scan-documents.py)"
14Gn_80RuNf7xoNs9BaP2SwJB13IEc0Lc,2026-10-06,cleared: role mailbox,"document reports-delegate-2023-delegate-sharing-asc-thousand-palms-2023-11-12-en-redacted · pre-launch scan 2026-10-06: every page (pdftotext, PyMuPDF, pypdf) + Windows OCR of picture pages; both rule sets (check-media.mjs, scan-documents.py)"
1UTkKXGvZiphSdDl6H-cTnKR7larIll6W,2026-10-06,clean,"document reports-delegate-2024-74th-gsc-pre-conference-presentation-by-the-panel-74-delegate-2024-04-en · pre-launch scan 2026-10-06: every page (pdftotext, PyMuPDF, pypdf) + Windows OCR of picture pages; both rule sets (check-media.mjs, scan-documents.py) · re-redacted 2026-10-06 (personal phone numbers removed), then read again"
1dejNNNDhuk2Xxc6kLZRHVPZ7R-zDd1EM,2026-10-06,clean,"document reports-delegate-2024-74th-gsc-summary-of-area-09-group-conscience-feedback-2024-04-en · pre-launch scan 2026-10-06: every page (pdftotext, PyMuPDF, pypdf) + Windows OCR of picture pages; both rule sets (check-media.mjs, scan-documents.py)"
1j3gyXADC3FkPrFbwIZ0Q8P74peA6i75K,2026-10-06,"cleared: sobriety phrase without a member's date (requirement, heading, total, anonymous sharing or length only)","document reports-delegate-2026-delegate-s-report-highlights-december-2026-en-redacted · pre-launch scan 2026-10-06: every page (pdftotext, PyMuPDF, pypdf) + Windows OCR of picture pages; both rule sets (check-media.mjs, scan-documents.py)"
1iRdeCaBlh5Z9OJfXBBCluwaNaRLk_V8h,2026-10-06,"cleared: role or event mailbox, or a text-extraction fragment","document reports-delegate-2026-delegate-s-share-back-on-the-76th-gsc-may-2026-en · pre-launch scan 2026-10-06: every page (pdftotext, PyMuPDF, pypdf) + Windows OCR of picture pages; both rule sets (check-media.mjs, scan-documents.py)"
1surbdUllued7-ccSnV_Y_0x5tJTupdZz,2026-10-06,clean,"document reports-delegate-2026-delegate-s-share-back-on-the-76th-gsc-may-2026-es · pre-launch scan 2026-10-06: every page (pdftotext, PyMuPDF, pypdf) + Windows OCR of picture pages; both rule sets (check-media.mjs, scan-documents.py)"
1oHtUa6HF7UCMcl0z7Ebb3CdGLhcd9WkA,2026-10-06,clean,"document reports-treasurer-ap-08-p76-treasurer-ap-rpt-2026-09-13-asa-en-sp · pre-launch scan 2026-10-06: every page (pdftotext, PyMuPDF, pypdf) + Windows OCR of picture pages; both rule sets (check-media.mjs, scan-documents.py)"
1deVuzaPa1RVLyjFzX9PNhOW3sAwB4FA4,2026-10-06,"cleared: not a member's full name (place, group, heading, staff or historic name)","document reports-treasurer-ap-2019-budget-vs-actual-through-september-13-2019-en · pre-launch scan 2026-10-06: every page (pdftotext, PyMuPDF, pypdf) + Windows OCR of picture pages; both rule sets (check-media.mjs, scan-documents.py)"
1FnC09Iims1-WdFEsfJliTs1rf4Ix4DQJ,2026-10-06,clean,"document reports-treasurer-ap-2020-budget-vs-actual-2nd-quarter-2020-en · pre-launch scan 2026-10-06: every page (pdftotext, PyMuPDF, pypdf) + Windows OCR of picture pages; both rule sets (check-media.mjs, scan-documents.py)"
12PdC52eZ4vXyfdCZ5J8u2mz2biv6eu4q,2026-10-06,clean,"document reports-treasurer-ap-2020-budget-vs-actual-full-year-2019-en · pre-launch scan 2026-10-06: every page (pdftotext, PyMuPDF, pypdf) + Windows OCR of picture pages; both rule sets (check-media.mjs, scan-documents.py)"
1B4CRiFMb6ttEhI98vxEdJwgdrIsVYQhs,2026-10-06,clean,"document reports-treasurer-ap-2020-income-and-expense-4th-quarter-2020-en · pre-launch scan 2026-10-06: every page (pdftotext, PyMuPDF, pypdf) + Windows OCR of picture pages; both rule sets (check-media.mjs, scan-documents.py)"
1xJAUpGraElSUw-BilQ0Hxzqws_iwpFuK,2026-10-06,clean,"document reports-treasurer-ap-2020-statement-of-activity-profit-and-loss-1st-quarter-2020-en · pre-launch scan 2026-10-06: every page (pdftotext, PyMuPDF, pypdf) + Windows OCR of picture pages; both rule sets (check-media.mjs, scan-documents.py)"
1H_8qXQLB7PNzoa__y3Lz_oWKjKY5N7Hz,2026-10-06,clean,"document reports-treasurer-ap-2021-budget-vs-actual-3rd-quarter-2021-en · pre-launch scan 2026-10-06: every page (pdftotext, PyMuPDF, pypdf) + Windows OCR of picture pages; both rule sets (check-media.mjs, scan-documents.py)"
1DAh28Z827At8UpFpJFosdwVwY1LHkXBY,2026-10-06,clean,"document reports-treasurer-ap-2021-budget-vs-actual-full-year-2021-en · pre-launch scan 2026-10-06: every page (pdftotext, PyMuPDF, pypdf) + Windows OCR of picture pages; both rule sets (check-media.mjs, scan-documents.py)"
10_SYMIRie8-zHaK2_LcK_y68HwUrm-xM,2026-10-06,clean,"document reports-treasurer-ap-2022-budget-vs-actual-1st-quarter-2022-en · pre-launch scan 2026-10-06: every page (pdftotext, PyMuPDF, pypdf) + Windows OCR of picture pages; both rule sets (check-media.mjs, scan-documents.py)"
1pwGtIYdeXykgsrENgZkbb1ej5Gfr3PkZ,2026-10-06,clean,"document reports-treasurer-ap-2022-statement-of-activity-profit-and-loss-1st-quarter-2022-en · pre-launch scan 2026-10-06: every page (pdftotext, PyMuPDF, pypdf) + Windows OCR of picture pages; both rule sets (check-media.mjs, scan-documents.py)"
1yp1j_gu5pqtkmOWofuCeE3GE_W8mskU7,2026-10-06,clean,"document reports-treasurer-ap-2022-statement-of-activity-profit-and-loss-2nd-quarter-2022-en · pre-launch scan 2026-10-06: every page (pdftotext, PyMuPDF, pypdf) + Windows OCR of picture pages; both rule sets (check-media.mjs, scan-documents.py)"
1lfR1O6-e2DWUDG0C4JUm-YIrpOcX5uB2,2026-10-06,clean,"document reports-treasurer-ap-2022-statement-of-activity-profit-and-loss-3rd-quarter-2022-en · pre-launch scan 2026-10-06: every page (pdftotext, PyMuPDF, pypdf) + Windows OCR of picture pages; both rule sets (check-media.mjs, scan-documents.py)"
1_V67PJpZ0iUFFBQcvUQMoPUOBp8e8k9-,2026-10-06,clean,"document reports-treasurer-ap-2022-statement-of-activity-profit-and-loss-4th-quarter-2022-en · pre-launch scan 2026-10-06: every page (pdftotext, PyMuPDF, pypdf) + Windows OCR of picture pages; both rule sets (check-media.mjs, scan-documents.py)"
1RJIXu8eGHgG5bztVORoBu8yShUkDXi0I,2026-10-06,clean,"document reports-treasurer-ap-2023-budget-vs-actual-3rd-quarter-2023-en · pre-launch scan 2026-10-06: every page (pdftotext, PyMuPDF, pypdf) + Windows OCR of picture pages; both rule sets (check-media.mjs, scan-documents.py)"
1OrYVKLG7X0-wU32UG1-nCcVf2SijRu49,2026-10-06,clean,"document reports-treasurer-ap-2023-statement-of-activity-profit-and-loss-1st-quarter-2023-en · pre-launch scan 2026-10-06: every page (pdftotext, PyMuPDF, pypdf) + Windows OCR of picture pages; both rule sets (check-media.mjs, scan-documents.py)"
1gZTh7bTL_NbL5qA19CDzE7VV-oIDJ2-0,2026-10-06,clean,"document reports-treasurer-ap-2023-statement-of-activity-profit-and-loss-2nd-quarter-2023-en · pre-launch scan 2026-10-06: every page (pdftotext, PyMuPDF, pypdf) + Windows OCR of picture pages; both rule sets (check-media.mjs, scan-documents.py)"
1G_MhL13tvzZlIu3-Aq3Msf0Ng9A4Nytk,2026-10-06,clean,"document reports-treasurer-ap-2023-statement-of-activity-profit-and-loss-3rd-quarter-2023-en · pre-launch scan 2026-10-06: every page (pdftotext, PyMuPDF, pypdf) + Windows OCR of picture pages; both rule sets (check-media.mjs, scan-documents.py)"
1RAopxK8IJXh7dc8IegWnd-nzLKr_-rql,2026-10-06,clean,"document reports-treasurer-ap-2024-balance-sheet-as-of-december-31-2024-en · pre-launch scan 2026-10-06: every page (pdftotext, PyMuPDF, pypdf) + Windows OCR of picture pages; both rule sets (check-media.mjs, scan-documents.py)"
13HB1lECwWqxc3wSC0Osh_g1iOEi9gr3e,2026-10-06,clean,"document reports-treasurer-ap-2024-balance-sheet-as-of-june-30-2024-en · pre-launch scan 2026-10-06: every page (pdftotext, PyMuPDF, pypdf) + Windows OCR of picture pages; both rule sets (check-media.mjs, scan-documents.py)"
1MpjqmWD8ISAe3H1IVZr9k22IIK3Txxil,2026-10-06,clean,"document reports-treasurer-ap-2024-balance-sheet-as-of-march-31-2024-en · pre-launch scan 2026-10-06: every page (pdftotext, PyMuPDF, pypdf) + Windows OCR of picture pages; both rule sets (check-media.mjs, scan-documents.py)"
1sQrD8dkSyx09Zl7fzqR0fnY7KBHmfFMM,2026-10-06,clean,"document reports-treasurer-ap-2024-balance-sheet-as-of-october-2-2024-en · pre-launch scan 2026-10-06: every page (pdftotext, PyMuPDF, pypdf) + Windows OCR of picture pages; both rule sets (check-media.mjs, scan-documents.py)"
16ZiwMQPGePAbmx84nN8VjkFQzZ2_C4aG,2026-10-06,clean,"document reports-treasurer-ap-2024-budget-vs-actual-1st-quarter-2024-en · pre-launch scan 2026-10-06: every page (pdftotext, PyMuPDF, pypdf) + Windows OCR of picture pages; both rule sets (check-media.mjs, scan-documents.py)"
1eKKNM51GGHWNsVVzuMMaOaV__0eUJyWi,2026-10-06,clean,"document reports-treasurer-ap-2024-budget-vs-actual-3rd-quarter-2024-en · pre-launch scan 2026-10-06: every page (pdftotext, PyMuPDF, pypdf) + Windows OCR of picture pages; both rule sets (check-media.mjs, scan-documents.py)"
14luNqaL2X1iRDl4ZBsF3iqldJo9-aNEx,2026-10-06,clean,"document reports-treasurer-ap-2024-statement-of-activity-profit-and-loss-1st-quarter-2024-en-2 · pre-launch scan 2026-10-06: every page (pdftotext, PyMuPDF, pypdf) + Windows OCR of picture pages; both rule sets (check-media.mjs, scan-documents.py)"
19cH1vcatN-78np4ZVfSWhMNYyDnyGPkn,2026-10-06,clean,"document reports-treasurer-ap-2024-statement-of-activity-profit-and-loss-1st-quarter-2024-en-redacted · pre-launch scan 2026-10-06: every page (pdftotext, PyMuPDF, pypdf) + Windows OCR of picture pages; both rule sets (check-media.mjs, scan-documents.py)"
17lkfOArk7epp46RQauEm92KztQJ9grKQ,2026-10-06,clean,"document reports-treasurer-ap-2024-statement-of-activity-profit-and-loss-2nd-quarter-2024-en · pre-launch scan 2026-10-06: every page (pdftotext, PyMuPDF, pypdf) + Windows OCR of picture pages; both rule sets (check-media.mjs, scan-documents.py)"
1FVx864essHquQDEKYfZfx1NG5dvswNZ6,2026-10-06,clean,"document reports-treasurer-ap-2024-statement-of-activity-profit-and-loss-july-october-2024-en · pre-launch scan 2026-10-06: every page (pdftotext, PyMuPDF, pypdf) + Windows OCR of picture pages; both rule sets (check-media.mjs, scan-documents.py)"
1lNl7HsOVolKGo1DkxML2Pcby1weg2iHo,2026-10-06,clean,"document reports-treasurer-ap-2025-balance-sheet-as-of-june-30-2025-en · pre-launch scan 2026-10-06: every page (pdftotext, PyMuPDF, pypdf) + Windows OCR of picture pages; both rule sets (check-media.mjs, scan-documents.py)"
1DsEEzKix3CDDtE-zMv194313BtWfInSA,2026-10-06,clean,"document reports-treasurer-ap-2025-balance-sheet-as-of-march-31-2025-en · pre-launch scan 2026-10-06: every page (pdftotext, PyMuPDF, pypdf) + Windows OCR of picture pages; both rule sets (check-media.mjs, scan-documents.py)"
1yx2EZKlfK0DaPi7ajifow_cpbhSZQ6qk,2026-10-06,clean,"document reports-treasurer-ap-2025-budget-vs-actual-1st-quarter-2025-en · pre-launch scan 2026-10-06: every page (pdftotext, PyMuPDF, pypdf) + Windows OCR of picture pages; both rule sets (check-media.mjs, scan-documents.py)"
1_KGjAR81NkBsMH9xeh-OGhxDIbdvvLxz,2026-10-06,clean,"document reports-treasurer-ap-2025-budget-vs-actual-2nd-quarter-2025-en · pre-launch scan 2026-10-06: every page (pdftotext, PyMuPDF, pypdf) + Windows OCR of picture pages; both rule sets (check-media.mjs, scan-documents.py)"
1ays0yclk-Er8uNn6TPuWRFuu19jaeymQ,2026-10-06,clean,"document reports-treasurer-ap-2025-budget-vs-actual-3rd-quarter-2025-en · pre-launch scan 2026-10-06: every page (pdftotext, PyMuPDF, pypdf) + Windows OCR of picture pages; both rule sets (check-media.mjs, scan-documents.py)"
1PJzxGmaH7jOZQFbBaiuego4TnD9J4gI8,2026-10-06,clean,"document reports-treasurer-ap-2025-statement-of-activity-profit-and-loss-1st-quarter-2025-en · pre-launch scan 2026-10-06: every page (pdftotext, PyMuPDF, pypdf) + Windows OCR of picture pages; both rule sets (check-media.mjs, scan-documents.py)"
1h3zTVEvDo1Blx8xitv4-ndK1vSRveknD,2026-10-06,clean,"document reports-treasurer-ap-2025-statement-of-activity-profit-and-loss-4th-quarter-2024-en · pre-launch scan 2026-10-06: every page (pdftotext, PyMuPDF, pypdf) + Windows OCR of picture pages; both rule sets (check-media.mjs, scan-documents.py)"
1m8vO2rLQrLisuo5mWSkJi7x1ZalCZR18,2026-10-06,clean,"document reports-treasurer-ap-2025-statement-of-activity-profit-and-loss-january-june-2025-en · pre-launch scan 2026-10-06: every page (pdftotext, PyMuPDF, pypdf) + Windows OCR of picture pages; both rule sets (check-media.mjs, scan-documents.py)"
1YMjTaBrIwLP9HQ5O2nhrI_uATmopteGr,2026-10-06,clean,"document reports-treasurer-ap-2025-statement-of-activity-profit-and-loss-january-september-2025-en · pre-launch scan 2026-10-06: every page (pdftotext, PyMuPDF, pypdf) + Windows OCR of picture pages; both rule sets (check-media.mjs, scan-documents.py)"
1kBCjHiP8p7kkqlIo2vNpdaiUUDIrqOWm,2026-10-06,clean,"document reports-treasurer-ap-2025-statement-of-activity-profit-and-loss-january-september-2025-en-2 · pre-launch scan 2026-10-06: every page (pdftotext, PyMuPDF, pypdf) + Windows OCR of picture pages; both rule sets (check-media.mjs, scan-documents.py)"
1dRos5JPZVlNc4k7mzyBrSbyXw4ZprKTi,2026-10-06,clean,"document reports-treasurer-ap-2026-statement-of-activity-profit-and-loss-1st-quarter-2026-en-es · pre-launch scan 2026-10-06: every page (pdftotext, PyMuPDF, pypdf) + Windows OCR of picture pages; both rule sets (check-media.mjs, scan-documents.py)"
1Cd0zDmQ_vgzr0m06eC8vRDd4eXVSb_Wy,2026-10-06,clean,"document reports-treasurer-ap-2026-treasurer-a-p-report-june-14-2026-en-es · pre-launch scan 2026-10-06: every page (pdftotext, PyMuPDF, pypdf) + Windows OCR of picture pages; both rule sets (check-media.mjs, scan-documents.py)"
1Qux6IEwh2LNmrZk8KP2vbBGdDMcWo72E,2026-10-06,clean,"document reports-treasurer-ap-2026-treasurer-a-p-report-march-8-2026-en-es · pre-launch scan 2026-10-06: every page (pdftotext, PyMuPDF, pypdf) + Windows OCR of picture pages; both rule sets (check-media.mjs, scan-documents.py)"
16ZyCZbpFE0L2Cwjd-UTQ0Xrya2l1y-S1,2026-10-06,clean,"document reports-treasurer-ap-2026-treasurer-a-p-report-may-17-2026-en-es · pre-launch scan 2026-10-06: every page (pdftotext, PyMuPDF, pypdf) + Windows OCR of picture pages; both rule sets (check-media.mjs, scan-documents.py)"
1OiMIO0x4tZH7l2VD03sbcB1shCEDhzFV,2026-10-06,clean,"document reports-treasurer-ap-msca09-stmt-of-activity-p-amp-l-2026-1st-amp-2nd-qtrs-rev-2026-09 · pre-launch scan 2026-10-06: every page (pdftotext, PyMuPDF, pypdf) + Windows OCR of picture pages; both rule sets (check-media.mjs, scan-documents.py)"
1EWQZqSC7ZMumA_upc7zfQeMcpg49I5IT,2026-10-06,"cleared: not a phone number (figures in a table, receipt or ID number)","document reports-treasurer-ar-2023-group-contributions-to-the-area-january-march-2023-en · pre-launch scan 2026-10-06: every page (pdftotext, PyMuPDF, pypdf) + Windows OCR of picture pages; both rule sets (check-media.mjs, scan-documents.py)"
1fOQlIuCbeIFT0u8UDVGN8xOiRhzzBDXW,2026-10-06,"cleared: not a phone number (figures in a table, receipt or ID number)","document reports-treasurer-ar-2023-group-contributions-to-the-area-october-december-2023-en · pre-launch scan 2026-10-06: every page (pdftotext, PyMuPDF, pypdf) + Windows OCR of picture pages; both rule sets (check-media.mjs, scan-documents.py)"
16mrtXPb-GpuIkxoHMHx9jBwuin0w1pMD,2026-10-06,cleared: General Service Office line,"document reports-treasurer-ar-2024-gso-cover-letter-for-the-quarterly-contribution-statement-2024-04-en · pre-launch scan 2026-10-06: every page (pdftotext, PyMuPDF, pypdf) + Windows OCR of picture pages; both rule sets (check-media.mjs, scan-documents.py)"
15x9CVz-DpspBJlc42VdFGFHSZL91PkQf,2026-10-06,cleared: General Service Office line,"document reports-treasurer-ar-2024-gso-cover-letter-for-the-quarterly-contribution-statement-2024-05-en · pre-launch scan 2026-10-06: every page (pdftotext, PyMuPDF, pypdf) + Windows OCR of picture pages; both rule sets (check-media.mjs, scan-documents.py)"
1cRN1pMewBpHpFK5Gleya7mZKBWkvqZEV,2026-10-06,clean,"document reports-treasurer-ar-2024-gso-quarterly-contribution-statement-for-area-09-by-district-2024-04-en · pre-launch scan 2026-10-06: every page (pdftotext, PyMuPDF, pypdf) + Windows OCR of picture pages; both rule sets (check-media.mjs, scan-documents.py)"
1gZ5l9r8pAsOeTNqveVNceJRC-yJ8w2Na,2026-10-06,clean,"document reports-treasurer-ar-2024-gso-quarterly-contribution-statement-for-area-09-by-district-2024-05-en · pre-launch scan 2026-10-06: every page (pdftotext, PyMuPDF, pypdf) + Windows OCR of picture pages; both rule sets (check-media.mjs, scan-documents.py)"
1QPVQuKssPTQCL4YQXictkaMqQySP7OtZ,2026-10-06,clean,"document reports-treasurer-ar-2024-gso-quarterly-contribution-statement-for-area-09-by-district-with-group-detail-2024-04-en · pre-launch scan 2026-10-06: every page (pdftotext, PyMuPDF, pypdf) + Windows OCR of picture pages; both rule sets (check-media.mjs, scan-documents.py)"
1bq5yLuU7TVFkV2R7kJTy3llzCar1LxHb,2026-10-06,clean,"document reports-treasurer-ar-2024-gso-quarterly-contribution-statement-for-area-09-by-district-with-group-detail-2024-05-en · pre-launch scan 2026-10-06: every page (pdftotext, PyMuPDF, pypdf) + Windows OCR of picture pages; both rule sets (check-media.mjs, scan-documents.py)"
1z2iM1FfvdxbDt77FmAXwI2Ajr7wFeV4U,2026-10-06,clean,"document service-2024-committee-chair-orientation-panel-74-2024-02-en · pre-launch scan 2026-10-06: every page (pdftotext, PyMuPDF, pypdf) + Windows OCR of picture pages; both rule sets (check-media.mjs, scan-documents.py)"
1tvZESHwPM4Jv3W5yqjIU65_Qe_fwt4gc,2026-10-06,clean,"document service-2024-committee-chair-orientation-panel-74-2024-02-es-redacted · pre-launch scan 2026-10-06: every page (pdftotext, PyMuPDF, pypdf) + Windows OCR of picture pages; both rule sets (check-media.mjs, scan-documents.py)"
1ov39THOFAzRyWJxIJnsp8Y9c7GAbZM0s,2026-10-06,clean,"document service-2024-contact-on-release-information-page-draft-2024-09-en · pre-launch scan 2026-10-06: every page (pdftotext, PyMuPDF, pypdf) + Windows OCR of picture pages; both rule sets (check-media.mjs, scan-documents.py)"
1GD9tgneE-MeOcwrlBq1zA5-IAZ8lumOR,2026-10-06,"cleared: role or event mailbox, or a text-extraction fragment","document service-2024-dcmc-orientation-panel-74-2024-02-en-redacted · pre-launch scan 2026-10-06: every page (pdftotext, PyMuPDF, pypdf) + Windows OCR of picture pages; both rule sets (check-media.mjs, scan-documents.py)"
1-XXAa1pgWihqo6pwVed1dcGgj7SORYCT,2026-10-06,clean,"document service-2024-dcmc-orientation-panel-74-2024-02-es-redacted · pre-launch scan 2026-10-06: every page (pdftotext, PyMuPDF, pypdf) + Windows OCR of picture pages; both rule sets (check-media.mjs, scan-documents.py)"
18VAiNG8odKvyvnOB8rWVcmbYsrF3cNw-,2026-10-06,clean,"document service-2024-panel-74-dcmc-orientation-february-2024-en · pre-launch scan 2026-10-06: every page (pdftotext, PyMuPDF, pypdf) + Windows OCR of picture pages; both rule sets (check-media.mjs, scan-documents.py)"
1OL9H2LGi5dBOVV3yDN5YMpxia-qC0v54,2026-10-06,clean,"document service-2024-third-legacy-procedure-election-flowchart-2024-08-en · pre-launch scan 2026-10-06: every page (pdftotext, PyMuPDF, pypdf) + Windows OCR of picture pages; both rule sets (check-media.mjs, scan-documents.py)"
1Lmp38UNTogw1zE4TLejRJ2safY6LNvtL,2026-10-06,clean,"document workbooks-2023-area-09-workbook-2023-24-en · pre-launch scan 2026-10-06: every page (pdftotext, PyMuPDF, pypdf) + Windows OCR of picture pages; both rule sets (check-media.mjs, scan-documents.py)"
1YO0TYMSUt3_bjT_SBdI7lJDXc32Ftt84,2026-10-06,clean,"document workbooks-2023-dcmc-workbook-november-2023-en · pre-launch scan 2026-10-06: every page (pdftotext, PyMuPDF, pypdf) + Windows OCR of picture pages; both rule sets (check-media.mjs, scan-documents.py)"
1VjC4yV6iYFT0n6rEWJPhiTL9cS7gTidI,2026-10-06,clean,"document workbooks-2026-panel-76-committee-chair-tool-kit-2026-02-en-redacted · pre-launch scan 2026-10-06: every page (pdftotext, PyMuPDF, pypdf) + Windows OCR of picture pages; both rule sets (check-media.mjs, scan-documents.py)"
14RYijxsxaQS4_ln5yybdWDzA-_B31ZMf,2026-10-06,"cleared: role or event mailbox, or a text-extraction fragment","document workbooks-2026-panel-76-committee-chair-tool-kit-2026-02-es-redacted · pre-launch scan 2026-10-06: every page (pdftotext, PyMuPDF, pypdf) + Windows OCR of picture pages; both rule sets (check-media.mjs, scan-documents.py)"
1qQYXAvbievoSILrExbMfzdj_EjDdFk4_,2026-10-06,clean,"document workbooks-2026-panel-76-dcmc-tool-kit-2026-02-en-redacted · pre-launch scan 2026-10-06: every page (pdftotext, PyMuPDF, pypdf) + Windows OCR of picture pages; both rule sets (check-media.mjs, scan-documents.py)"
1JEQVYpkdSzAZV7y1A2KwOQ3464NyIM5e,2026-10-06,"cleared: role or event mailbox, or a text-extraction fragment","document workbooks-2026-panel-76-dcmc-tool-kit-2026-02-es-redacted · pre-launch scan 2026-10-06: every page (pdftotext, PyMuPDF, pypdf) + Windows OCR of picture pages; both rule sets (check-media.mjs, scan-documents.py)"
11HLCAK83iRTPXUps13-7SbxfHQUGtsiJ,2026-10-06,clean,committee-resources.csv url (archives) · read as pdf text
1btZH6DAqWChYbWWcCW8FDUH8ebfJHUm2,2026-10-06,clean,committee-resources.csv url (communications) · read as pdf text
1VvdB1-5bEFPM0Nc-xwSn4FPS0JxlqF9z,2026-10-06,clean,committee-resources.csv url (communications) · read as pdf text
133htjajE-ss6KtSLxXqjiFzGRgbyW9o4,2026-10-06,"cleared: 'two years of sobriety' is a service requirement, not a member's date (2026-10-06)",committee-resources.csv url (cec) · read as pdf text
1-SNKwS7hBIrQE9HSlq04M8bBsT80sc-X,2026-10-06,clean,committee-resources.csv url (corrections) · read as pdf text
1NeeegoBjr9689rbEKZ0Vf1d4NtGzwcOY,2026-10-06,clean,committee-resources.csv url (corrections) · read as pdf text
1PuA4ntPgVTWbiK_4LQUn-T26uACipAIV,2026-10-06,clean,committee-resources.csv url (dcm-school) · read as pdf text
1dawzHa_B4_35s8MYqReT64LptfTkorwq,2026-10-06,clean,committee-resources.csv url (finance) · read as pdf text
1_mnKrvQrC0igjJ897zCNOPd5kbO3AtG5,2026-10-06,cleared: 'two years sobriety' is a service requirement; the e-mail is Grapevine's role address (2026-10-06),committee-resources.csv url (grapevine-la-vina) · read as pdf text
1LEXcrnlb3oltso6vIedSnNhgICVdaH9i,2026-10-06,clean,committee-resources.csv url (literature) · read as pdf text
1q0-5Q8zwq6JeONMaLNFhg1CLgrWjJooH,2026-10-06,clean,committee-resources.csv url (technology) · read as pdf text
1ef88zLyS6c1VEK_vkZJXGD312L6pewca,2026-10-06,clean,committee-resources.csv url (technology) · read as pdf text
1_ed1UfJ4BpGIsZxJcUWKRt8vSV3xlvNx,2026-10-06,cleared: G.S.O.'s public number and a made-up sample address in G.S.O. guidance (2026-10-06),committee-resources.csv url (technology) · read as pdf text
13T-WxTEiqFG4Jo7QJsZ0ekvqKS-0ux8G,2026-10-06,cleared: the Al-Anon World Service Office public number printed in G.S.O. guidelines (2026-10-06),committee-resources.csv url (treatment) · read as pdf text
1a6zf3attsQd19SbBI5zRFFknWj9QnZuD,2026-10-06,clean,committee-resources.csv url (ypaa) · read as pdf text
1aIOeaUyBBYeNmNTXzA7J8FLXnTys0qVM,2026-10-06,clean,motions.csv background_url (76-1) · read as pdf text
1ZtZvzKDxBSumpd_aZ1-WCQvWnbKOQiBB,2026-10-06,clean,districts.csv meetings_link (d30) · read as pdf text
12HxoYnubLRmN5eCujTBlaJJUPa-5x4wU,2026-10-07,clean,"agendas · read in the intake review 2026-10-07 (two reviewers + scanner; file properties cleared)"
1Z9yYmb5ZlbdiUOoZfHFNsHn1dUCskKS-,2026-10-07,clean,"agendas · read in the intake review 2026-10-07 (two reviewers + scanner; file properties cleared)"
1bFC4-Pao2obLJDrJYUIQCNTCTjtGvfvg,2026-10-07,clean,"finances · read in the intake review 2026-10-07 (two reviewers + scanner; file properties cleared)"
1HuV5nQI4RPAg2CJ7t4YvThfA6CLB2I5t,2026-10-07,clean,"finances · read in the intake review 2026-10-07 (two reviewers + scanner; file properties cleared); 12 names redacted before upload"
1pX31znP7XRWA1AR45fu4eackSHDtVHTu,2026-10-07,clean,"finances · read in the intake review 2026-10-07 (two reviewers + scanner; file properties cleared)"
1x97dlWWIK0CNHX0jX57150sM7t19hiZ5,2026-10-07,clean,"finances · read in the intake review 2026-10-07 (two reviewers + scanner; file properties cleared)"
1MH9F5n9h9Gzxdr6hOgSGc2jprTOINJBd,2026-10-07,cleared,"draft minutes (public copy) · read in the intake review 2026-10-07 (two reviewers + scanner); the scanner's 'sobriety' hit is the heading 'Sobriety Anniversaries' next to an event date — the members' anniversary list was removed from this copy"
1x6Jshz6AxqgKu4hQcr3GUPLQiYcOM7Vw,2026-10-07,cleared,"draft minutes (public copy) · read in the intake review 2026-10-07 (two reviewers + scanner); the scanner's 'sobriety' hit is the heading 'Sobriety Anniversaries' next to an event date — the members' anniversary list was removed from this copy"
1JT132iG8VMq6TTL0bd0SgudSwegTLgij,2026-10-07,clean,"Zelle QR code (contribute page) · decoded 2026-10-07: Area Zelle destination only, no personal details"
1MXoi2_h1BAIsCW-Bq3et5PEYvXA1k40l,2026-10-07,clean,"calendar flyer (Oct 17 General Service Panel) · read 2026-10-07; first names + initials only"
130CH8e_WccFF-fUvtMSTFeQdKczjTong,2026-10-07,clean,"calendar flyer (Dec 12 Hispanic Women's Workshop, ES) · cleaned copy 2026-10-07: personal phone numbers blanked; event mailbox allowlisted"
16-3xRI9LDR9RcuOIxkGRr03G3Sz62WW2,2026-10-07,clean,"calendar flyer (Dec 12 Hispanic Women's Workshop, EN) · cleaned copy 2026-10-07: personal phone numbers blanked; event mailbox allowlisted"
12qClq30WsLre40HCUWC1olRvfZtZprkA,2026-10-07,clean,"calendar flyer (ROCYPAA business meeting) · cleaned copy 2026-10-07: contact phone blanked"
1VuMh4DBc44bB8TnJwAsuXGTTwNqY33xd,2026-10-07,clean,"calendar flyer (Monthly Service Study & Sharing Session) · cleaned copy 2026-10-07: old-site recordings link and page password blanked"
1oCNbSMKlP8E7m9riscM1Qwof8wMFKdVC,2026-10-07,clean,"delegate report slides · read 2026-10-07 (two reviewers); phone, old page password and flyer phones removed"
12PqlEwysoKHyswd-b0hSsgBeKruO69fV,2026-10-07,clean,"G.S.O. activity update · read 2026-10-07 (two reviewers + scanner)"
1XwFa6rhjj-gK-j8dJw-VSe5vyDxEdUB8,2026-10-07,clean,"G.S.O. activity update · read 2026-10-07 (two reviewers + scanner)"
1PiUmWPa_LMPMDbsBHU2Z8cJtn92XN-Mr,2026-10-07,clean,"G.S.O. activity update · read 2026-10-07 (two reviewers + scanner)"
1tHpozwRMFYnYxRzWLonjUb3pl7Kv6WLp,2026-10-07,clean,"Grapevine pricing letter · read 2026-10-07; signer shortened"
1Oe2KaXsqfwde4kTVIE57TByZbMpkJzkm,2026-10-07,clean,"G.S.O. letter · read 2026-10-07 (two reviewers + scanner)"
1LeNmgKtFYRs1yFBwe9mhhuBoq6dpVN0_,2026-10-07,clean,"G.S.O. survey letter EN · read 2026-10-07; signer shortened"
1eQYZeHKpK7coBfyaeWJAHThPTFzy1UvE,2026-10-07,clean,"G.S.O. survey letter ES · read 2026-10-07; signer shortened"
1zJ9Cp2j93OxUATQDyL-wkWgr54isa064,2026-10-07,clean,"Ad Hoc Website Committee report (public PDF) · read 2026-10-07 (two reviewers); personal-drive link removed"
16DOhFdlk2Sz6tKmlDEJK5S4vgKyrNIcx,2026-10-08,clean,"The Chronicles of MSCA Area 09 History (Revision U, December 2023) · saved from msca09aa-archives.org, where the Area 09 Archives publish it; the owner chose (2026-10-08) not to re-check Archives-published material — file properties cleared"
129Lvz75a_O-YAOETOdWa0Nul8xbCpJru,2026-10-08,clean,"The Chronicles of Area 09 History (Revision D, Spanish) · saved from msca09aa-archives.org, where the Area 09 Archives publish it; the owner chose (2026-10-08) not to re-check Archives-published material — file properties cleared"
1YTfDlvMKSezwoqgK8Q1eXnuUiW5hdX4U,2026-10-08,clean,"Commemorating Area 09's 45th anniversary (1959–2004) · saved from msca09aa-archives.org, where the Area 09 Archives publish it; the owner chose (2026-10-08) not to re-check Archives-published material — file properties cleared"
1BfGfBGVSKk3AFPmRlKwgCYmTEgBA9Nw7,2026-10-08,clean,"Commemorating Area 09's 45th anniversary (1959–2004, Spanish) · saved from msca09aa-archives.org, where the Area 09 Archives publish it; the owner chose (2026-10-08) not to re-check Archives-published material — file properties cleared"
180446B09r3cplJc6igCt-eGy0qpB2iKV,2026-10-08,clean,"History of the Hispanic districts in Southern California (Spanish) · saved from msca09aa-archives.org, where the Area 09 Archives publish it; the owner chose (2026-10-08) not to re-check Archives-published material — file properties cleared"
1Xx7GRFkOsZKoCW1NqufrgwriPtRvjN8_,2026-10-08,clean,"How A.A. Came to Los Angeles (1986) · saved from msca09aa-archives.org, where the Area 09 Archives publish it; the owner chose (2026-10-08) not to re-check Archives-published material — file properties cleared"
19rVVE6VN9Pf2dv64TAYhkMa2zbG4oXpU,2026-10-08,clean,"How A.A. Came to Los Angeles (1985, Spanish) · saved from msca09aa-archives.org, where the Area 09 Archives publish it; the owner chose (2026-10-08) not to re-check Archives-published material — file properties cleared"
13RpdEZk5Es1c9QnfxSxBMEonuyBxn3AG,2026-10-08,clean,"The Story of Court Cards in A.A. in Southern California (Heritage Day 2003) · saved from msca09aa-archives.org, where the Area 09 Archives publish it; the owner chose (2026-10-08) not to re-check Archives-published material — file properties cleared"
1PW0wUeHnj_I1HlMqzowZnRuCRAj9lL4h,2026-10-08,clean,"The Story of A.A. and Court Cards (Spanish) · saved from msca09aa-archives.org, where the Area 09 Archives publish it; the owner chose (2026-10-08) not to re-check Archives-published material — file properties cleared"
15GLSfkHBCFj3bCNvUIsZbCukqmVWDv4L,2026-10-08,clean,"The first A.A. pamphlet · saved from msca09aa-archives.org, where the Area 09 Archives publish it; the owner chose (2026-10-08) not to re-check Archives-published material — file properties cleared"
1nAQMTnVZTydFIenupDB0H3STDWtOp0ko,2026-10-08,clean,"A New Pair of Glasses (brochure, 2018) · saved from msca09aa-archives.org, where the Area 09 Archives publish it; the owner chose (2026-10-08) not to re-check Archives-published material — file properties cleared"
1XJ4C3U3MRtfYgY1xlvrmmkMi0SIl9M8d,2026-10-08,clean,"“What's It All About?” – Welcome GSRs (Area 09 pamphlet, revised 2017) · saved from msca09aa-archives.org, where the Area 09 Archives publish it; the owner chose (2026-10-08) not to re-check Archives-published material — file properties cleared"
14-v9gqMn4DbDNGdBj2c_7fletMDIMgjm,2026-10-08,clean,"“So You've Been Told to Go to A.A.” (Area 09 pamphlet) · saved from msca09aa-archives.org, where the Area 09 Archives publish it; the owner chose (2026-10-08) not to re-check Archives-published material — file properties cleared"
1Mr_5XRdWCkf3OD15t-jGBrBWPO85fQNw,2026-10-08,clean,"29th National A.A. Archives Workshop 2027 – registration form · saved from msca09aa-archives.org, where the Area 09 Archives publish it; the owner chose (2026-10-08) not to re-check Archives-published material — file properties cleared"
1-M3WK51_n7Nt2OXW7ajeRsnypdRzf166,2026-10-08,clean,"29th National A.A. Archives Workshop 2027 – registration form (Spanish) · saved from msca09aa-archives.org, where the Area 09 Archives publish it; the owner chose (2026-10-08) not to re-check Archives-published material — file properties cleared"
1kVt_94NLm0mRJp5tZ8QOcaP-rT_1T_7r,2026-10-08,clean,"Archives Open House Apr 25, 2026 flyer (docs/events/2026/) · read 2026-10-08: only the Archives repository line, no names; image metadata removed"
